name	n_tested	n_mwu_sig	n_fisher_sig	mean_delta	mean_abs_delta	frac_mwu_sig	frac_fisher_sig	pip	stratum	nearest_gene	neglogp
chr10:101652095	428	78	106	-0.0025747663551401	0.0227710280373831	0.1822429906542056	0.2476635514018691	0.73027354	PIP_0.5-0.9	RNU2-43P	10.28588182797928
chr10:102687687	437	47	102	-0.0003569794050343	0.0250755148741418	0.1075514874141876	0.2334096109839817	0.6877815	PIP_0.5-0.9	ARL3	19.049324317062183
chr10:104480757	446	7	121	1.345291479820629e-05	0.0430627802690583	0.0156950672645739	0.2713004484304933	0.9730497	PIP>0.9	LINC02620	30.5493716022358
chr10:104925793	424	14	98	1.4150943396226608e-05	0.0468632075471698	0.0330188679245283	0.2311320754716981	0.8121613	PIP_0.5-0.9	SORCS3-AS1	12.082821398729946
chr10:105169240	428	1	75	0.0016565420560747	0.0559789719626168	0.0023364485981308	0.175233644859813	0.9747531	PIP>0.9	RNU6-463P	49.10259424160668
chr10:105503063	421	6	82	-0.0031638954869358	0.0552256532066508	0.014251781472684	0.1947743467933491	0.040465534	PIP<0.1	RNU6-463P	15.223924605658008
chr10:105952581	425	10	106	-0.0036282352941176	0.05584	0.0235294117647058	0.2494117647058823	0.27821445	PIP_0.1-0.5	ENSG00000286609	10.18087636043084
chr10:106017812	447	38	153	0.0012863534675615	0.0446778523489933	0.0850111856823266	0.3422818791946309	0.99628305	PIP>0.9	ENSG00000286609	30.373351538563984
chr10:106183184	437	10	89	-0.0025491990846681	0.0524530892448512	0.022883295194508	0.2036613272311213	0.9198278	PIP>0.9	LINC02624	11.92867455533725
chr10:107046481	444	7	111	-0.0006373873873873	0.0392905405405405	0.0157657657657657	0.25	0.99513334	PIP>0.9	RNA5SP325	19.41208934554151
chr10:107804453	442	4	87	-0.0022760180995475	0.0560135746606334	0.0090497737556561	0.1968325791855203	0.7914081	PIP_0.5-0.9	RNA5SP326	14.204441147620418
chr10:108355983	430	17	120	-0.0028674418604651	0.0441325581395348	0.0395348837209302	0.2790697674418604	0.0063682795	PIP<0.1	ENSG00000203434	23.05589522765649
chr10:109026553	430	4	68	0.0018930232558139	0.0472	0.0093023255813953	0.1581395348837209	0.8757336	PIP_0.5-0.9	RN7SKP278	16.34176172707437
chr10:109245373	436	3	100	0.0011720183486238	0.0638738532110091	0.0068807339449541	0.2293577981651376	0.037680507	PIP<0.1	RNU6-839P	12.487492842164563
chr10:111240964	448	32	82	0.0036227678571428	0.0440959821428571	0.0714285714285714	0.1830357142857142	0.032860637	PIP<0.1	BTBD7P2	17.683812749557944
chr10:111567176	441	3	84	0.0027777777777777	0.0517755102040816	0.0068027210884353	0.1904761904761904	1.0	PIP>0.9	RPS6P15	16.922673907461718
chr10:112292395	445	4	90	-0.0006089887640449	0.0409999999999999	0.0089887640449438	0.2022471910112359	0.78076667	PIP_0.5-0.9	MIR6715A	11.367553604619795
chr10:112601461	444	16	112	-0.0044662162162162	0.045304054054054	0.036036036036036	0.2522522522522522	0.6398991	PIP_0.5-0.9	MIR4295	19.463881771589225
chr10:113402484	437	9	101	0.0013729977116704	0.0426315789473684	0.0205949656750572	0.2311212814645309	0.9760455	PIP>0.9	RNU7-165P	34.30169319280134
chr10:115888375	435	7	105	-0.0004344827586206	0.0488436781609195	0.0160919540229885	0.2413793103448276	0.12896997	PIP_0.1-0.5	NTAN1P1	21.330293556207447
chr10:116176309	447	6	115	0.0011856823266219	0.0452080536912751	0.0134228187919463	0.2572706935123042	0.6655868	PIP_0.5-0.9	ENSG00000285587	17.45911354730911
chr10:11900214	442	27	158	0.0015904977375565	0.027576923076923	0.0610859728506787	0.3574660633484163	0.39083624	PIP_0.1-0.5	PROSER2-AS1	11.058130118414322
chr10:120024138	434	9	79	-0.0013087557603686	0.0469216589861751	0.02073732718894	0.1820276497695852	0.1068666	PIP_0.1-0.5	NACAP2	22.378876239682697
chr10:121111121	443	5	92	0.0009548532731376	0.0518261851015801	0.0112866817155756	0.2076749435665914	0.85303944	PIP_0.5-0.9	RPL19P16	34.06845583426778
chr10:123708096	448	12	136	0.0018035714285714	0.0477232142857142	0.0267857142857142	0.3035714285714285	0.99471384	PIP>0.9	GPR26	10.017526362243505
chr10:124953913	446	45	94	-0.0018587443946188	0.0224372197309417	0.100896860986547	0.210762331838565	0.5378116	PIP_0.5-0.9	ENSG00000226899	15.393330292920623
chr10:125308381	425	1	59	-0.0061270588235294	0.0586635294117647	0.0023529411764705	0.1388235294117647	0.14584196	PIP_0.1-0.5	RPS27P18	12.762432632311404
chr10:126058339	445	18	147	-0.0054426966292134	0.0493842696629213	0.0404494382022471	0.3303370786516854	1.0	PIP>0.9	RNA5SP328	20.86567500621633
chr10:126236301	445	23	143	-0.0009595505617977	0.043067415730337	0.0516853932584269	0.3213483146067415	0.49998236	PIP_0.1-0.5	SAR1AP2	37.47831294298851
chr10:127447180	445	46	152	-0.0011955056179775	0.038	0.1033707865168539	0.3415730337078652	1.0	PIP>0.9	NPS	24.09026495898206
chr10:127898769	445	1	104	-0.0070786516853932	0.0523235955056179	0.0022471910112359	0.2337078651685393	0.5873159	PIP_0.5-0.9	PTPRE	12.514037719428275
chr10:128344757	446	3	111	6.502242152466385e-05	0.0530426008968609	0.0067264573991031	0.2488789237668161	0.99999887	PIP>0.9	ENSG00000234640	18.33741950211669
chr10:128351378	443	11	80	-0.0016591422121896	0.0632618510158013	0.0248306997742663	0.1805869074492099	0.045223475	PIP<0.1	ENSG00000234640	43.59304438203474
chr10:129113711	441	28	139	0.0002834467120181	0.0401519274376417	0.0634920634920634	0.3151927437641723	0.21330929	PIP_0.1-0.5	ENSG00000289400	37.09349427887344
chr10:129579369	440	123	173	3.636363636363637e-05	0.0262136363636363	0.2795454545454545	0.3931818181818182	0.1770826	PIP_0.1-0.5	ENSG00000287466	18.44936522369018
chr10:130737866	442	32	141	-0.0004004524886877	0.0404638009049773	0.0723981900452488	0.3190045248868778	0.8990546	PIP_0.5-0.9	ENSG00000285529	19.860786852770083
chr10:131523777	443	25	145	-0.0006388261851015	0.0475869074492099	0.0564334085778781	0.327313769751693	0.40613866	PIP_0.1-0.5	TCERG1L	23.949484114023853
chr10:132089450	441	8	97	0.0041836734693877	0.046015873015873	0.0181405895691609	0.2199546485260771	0.13719654	PIP_0.1-0.5	JAKMIP3	13.423933325988914
chr10:132152514	449	28	143	-0.0037126948775055	0.0386124721603563	0.0623608017817371	0.3184855233853007	0.9999938	PIP>0.9	JAKMIP3-AS1	17.097582618909332
chr10:133005373	449	97	212	-0.0027906458797327	0.0359487750556792	0.2160356347438752	0.4721603563474387	1.0	PIP>0.9	ENSG00000289633	33.51459340450742
chr10:133034174	450	31	152	0.0012866666666666	0.0332511111111111	0.0688888888888888	0.3377777777777778	0.9987392	PIP>0.9	ENSG00000289039	30.325440232751045
chr10:133065819	448	68	168	-0.0028883928571428	0.0348392857142857	0.1517857142857142	0.375	0.85093284	PIP_0.5-0.9	ADGRA1	15.662205417236748
chr10:133128816	450	138	286	-0.0003799999999999	0.0461577777777777	0.3066666666666666	0.6355555555555555	0.701159	PIP_0.5-0.9	RPL5P28	25.727122199976225
chr10:1409683	447	39	229	-0.0071834451901565	0.0415055928411633	0.087248322147651	0.5123042505592841	0.916319	PIP>0.9	ENSG00000233052	15.143860072829284
chr10:15491451	444	10	122	-0.0001509009009009	0.0375518018018018	0.0225225225225225	0.2747747747747748	0.44047856	PIP_0.1-0.5	FAM171A1	12.798211530147022
chr10:15509306	436	18	105	-0.0008509174311926	0.0373646788990825	0.0412844036697247	0.2408256880733945	0.08475453	PIP<0.1	FAM171A1	49.462212848587725
chr10:15534829	437	38	160	0.0011647597254004	0.0311006864988558	0.0869565217391304	0.3661327231121281	0.013376355	PIP<0.1	FAM171A1	46.061052682512624
chr10:1574410	446	43	158	-0.0007174887892376	0.0457668161434977	0.0964125560538116	0.3542600896860987	0.83196473	PIP_0.5-0.9	ADARB2-AS1	16.7645830087768
chr10:16263151	440	10	88	0.0017522727272727	0.0407704545454545	0.0227272727272727	0.2	0.5418489	PIP_0.5-0.9	LINC02654	11.459068392520209
chr10:16828798	442	6	103	0.0002149321266968	0.0318800904977375	0.0135746606334841	0.2330316742081448	0.60920215	PIP_0.5-0.9	RSU1	15.783702344346043
chr10:18232099	445	22	130	0.0025842696629213	0.0360719101123595	0.049438202247191	0.2921348314606741	1.0	PIP>0.9	ENSG00000235020	14.659690089103874
chr10:18908742	439	1	82	-0.0077425968109339	0.0435193621867881	0.0022779043280182	0.1867881548974943	0.6493083	PIP_0.5-0.9	ENSG00000234813	12.06245668427959
chr10:19047902	444	17	109	-0.0016126126126126	0.0319009009009009	0.0382882882882882	0.2454954954954954	1.0	PIP>0.9	MALRD1	47.5843926228401
chr10:19175440	437	47	114	0.0016727688787185	0.0320800915331807	0.1075514874141876	0.2608695652173913	0.12495148	PIP_0.1-0.5	UBE2V2P1	21.634928526409254
chr10:1936534	446	51	205	-0.0024013452914798	0.0401950672645739	0.1143497757847533	0.4596412556053811	0.9665601	PIP>0.9	ENSG00000287653	13.860409662737773
chr10:20090624	432	7	104	0.0049050925925925	0.0511967592592592	0.0162037037037037	0.2407407407407407	0.11657053	PIP_0.1-0.5	ENSG00000238246	11.923606375958958
chr10:20856591	429	1	60	0.0006503496503496	0.0426969696969697	0.0023310023310023	0.1398601398601398	0.8862316	PIP_0.5-0.9	ENSG00000230112	14.295555524904229
chr10:21463453	434	24	106	-0.0005391705069124	0.0296175115207373	0.0552995391705069	0.2442396313364055	0.8726637	PIP_0.5-0.9	Metazoa_SRP	36.64465126415889
chr10:23855007	422	12	124	0.0029834123222748	0.0364383886255924	0.0284360189573459	0.2938388625592417	0.9866268	PIP>0.9	KIAA1217	14.551778374889576
chr10:25370750	432	3	90	7.407407407407409e-05	0.0483657407407407	0.0069444444444444	0.2083333333333333	0.042954803	PIP<0.1	RN7SKP220	19.02380049682083
chr10:25574848	436	9	118	-0.0001100917431192	0.0511009174311926	0.0206422018348623	0.2706422018348624	0.090020776	PIP<0.1	GPN3P1	21.464941056020216
chr10:2607063	444	17	137	0.0033175675675675	0.0416373873873873	0.0382882882882882	0.3085585585585585	0.5715656	PIP_0.5-0.9	LINC02645	21.0483162022685
chr10:26652343	442	25	138	-0.0014027149321266	0.0283755656108597	0.0565610859728506	0.3122171945701357	0.16095006	PIP_0.1-0.5	FAM238B	20.39970218680172
chr10:27378550	444	6	98	-0.0024144144144144	0.0393648648648648	0.0135135135135135	0.2207207207207207	1.0	PIP>0.9	TRIAP1P1	45.50796685641877
chr10:27951488	433	4	85	0.0023441108545034	0.0465427251732101	0.0092378752886836	0.1963048498845265	0.8392481	PIP_0.5-0.9	ODAD2	13.25029376416941
chr10:28051811	438	19	112	-0.0006187214611872	0.0443858447488584	0.0433789954337899	0.2557077625570776	0.0453794	PIP<0.1	MRPS21P5	28.639875042665697
chr10:28654532	443	16	114	0.001706546275395	0.0361173814898419	0.0361173814898419	0.2573363431151241	0.9531043	PIP>0.9	TPRKBP1	24.0939908806639
chr10:28967359	447	10	128	-0.0024250559284116	0.0361700223713646	0.0223713646532438	0.2863534675615212	0.7389895	PIP_0.5-0.9	RPL21P93	12.00310156228256
chr10:29516361	441	51	154	0.0002902494331065	0.0386802721088435	0.1156462585034013	0.3492063492063492	0.9998767	PIP>0.9	MIR604	47.147031660800266
chr10:29664091	444	34	151	0.0002567567567567	0.0517657657657657	0.0765765765765765	0.3400900900900901	0.557583	PIP_0.5-0.9	CKS1BP2	28.917378648191075
chr10:29928895	448	5	88	-0.0013794642857142	0.0386071428571428	0.0111607142857142	0.1964285714285714	0.04080552	PIP<0.1	ENSG00000289616	28.963974975497205
chr10:30113840	446	38	172	-0.0006614349775784	0.0466569506726457	0.085201793721973	0.3856502242152466	0.90033895	PIP>0.9	JCAD	27.33284826354655
chr10:30723792	446	7	129	0.0036614349775784	0.0294417040358744	0.0156950672645739	0.289237668161435	0.4172724	PIP_0.1-0.5	LINC02644	24.54121305898429
chr10:31413466	435	37	66	-0.003271264367816	0.0295655172413793	0.0850574712643678	0.1517241379310344	0.012895465	PIP<0.1	SPTLC1P1	13.206717914206603
chr10:3205446	444	44	194	0.0029842342342342	0.0389977477477477	0.0990990990990991	0.4369369369369369	0.99999565	PIP>0.9	ENSG00000288566	29.90198221271905
chr10:32889920	428	19	95	-0.0045607476635514	0.037733644859813	0.0443925233644859	0.2219626168224299	0.109445274	PIP_0.1-0.5	C1DP1	15.6698829243648
chr10:34294241	432	14	138	0.0010578703703703	0.0498356481481481	0.0324074074074074	0.3194444444444444	0.0627588	PIP<0.1	Y_RNA	13.978905505812756
chr10:34821074	442	25	130	0.0014095022624434	0.0408438914027149	0.0565610859728506	0.2941176470588235	0.13616794	PIP_0.1-0.5	PARD3-DT	10.478002534903576
chr10:35776293	445	3	105	0.0049797752808988	0.0400808988764044	0.0067415730337078	0.2359550561797752	0.99999994	PIP>0.9	PCAT5	20.17903113519688
chr10:36029458	438	4	96	-0.0024200913242009	0.0468173515981735	0.0091324200913242	0.2191780821917808	0.21384722	PIP_0.1-0.5	ENSG00000227475	37.00726721782153
chr10:36494621	436	3	80	-0.0018119266055045	0.0477614678899082	0.0068807339449541	0.1834862385321101	0.74920505	PIP_0.5-0.9	NAMPTP1	10.759671973115248
chr10:36631358	446	13	120	-0.0008609865470852	0.0382735426008968	0.0291479820627802	0.2690582959641255	0.048028827	PIP<0.1	Y_RNA	13.313592497321608
chr10:36768704	437	15	132	0.0028558352402745	0.0515652173913043	0.034324942791762	0.3020594965675057	0.017871737	PIP<0.1	Y_RNA	36.02225640212477
chr10:37357530	421	2	52	0.0033942992874109	0.0727909738717339	0.004750593824228	0.1235154394299287	0.2040503	PIP_0.1-0.5	VN1R53P	35.51357202773787
chr10:37726522	431	32	156	0.0051577726218097	0.0441647331786542	0.074245939675174	0.3619489559164733	0.0028485656	PIP<0.1	ENSG00000226578	14.91236805281544
chr10:38105266	429	90	93	-0.0008624708624708	0.0242284382284382	0.2097902097902098	0.2167832167832167	0.0030004978	PIP<0.1	FXYD6P2	22.0351293433728
chr10:38821318	445	66	160	-0.0004831460674157	0.0335483146067415	0.148314606741573	0.3595505617977528	0.0068590045	PIP<0.1	ENSG00000233832	21.783132214064537
chr10:38935411	452	2	193	0.0003185840707964	0.0444778761061946	0.0044247787610619	0.4269911504424779	0.22892499	PIP_0.1-0.5	SEPTIN7P9	11.606176557465446
chr10:39380392	442	9	94	0.0039479638009049	0.0590067873303167	0.0203619909502262	0.2126696832579185	0.17339432	PIP_0.1-0.5	ENSG00000233832	21.853226528552565
chr10:39454560	438	16	125	-0.0014543378995433	0.0459337899543378	0.0365296803652968	0.2853881278538813	0.14023203	PIP_0.1-0.5	ENSG00000233832	19.101923672967807
chr10:39550154	449	28	121	0.0011469933184855	0.0437305122494432	0.0623608017817371	0.2694877505567928	0.67662114	PIP_0.5-0.9	ENSG00000233832	38.50994639581091
chr10:42105158	447	309	386	0.0003780760626398	0.1261275167785235	0.6912751677852349	0.8635346756152126	0.13626754	PIP_0.1-0.5	KSR1P1	12.240662605045795
chr10:42234375	448	13	83	-0.002484375	0.033234375	0.0290178571428571	0.1852678571428571	0.22344238	PIP_0.1-0.5	ENSG00000290458	31.5882988999279
chr10:43579116	442	5	94	-0.0016425339366515	0.0504886877828054	0.0113122171945701	0.2126696832579185	0.06362033	PIP<0.1	ZNF239	16.115574207194598
chr10:44061586	432	3	93	-0.0048958333333333	0.0406504629629629	0.0069444444444444	0.2152777777777778	1.0	PIP>0.9	ENSG00000227029	18.95592396551571
chr10:44190640	432	8	103	-0.0058287037037037	0.0488981481481481	0.0185185185185185	0.2384259259259259	0.9989493	PIP>0.9	ENSG00000237590	40.638635637028656
chr10:46281388	445	63	202	0.0001505617977528	0.0245505617977528	0.1415730337078651	0.4539325842696629	0.9989572	PIP>0.9	ANTXRL	24.012131257992262
chr10:46561558	452	2	104	-0.0008650442477876	0.0345907079646017	0.0044247787610619	0.2300884955752212	0.9140164	PIP>0.9	GPRIN2	12.99129335204549
chr10:47670905	440	4	109	-0.0004681818181818	0.0456227272727272	0.009090909090909	0.2477272727272727	0.7199289	PIP_0.5-0.9	SHLD2P3	18.56370704789524
chr10:47707914	428	11	109	-0.0013247663551401	0.0627593457943925	0.0257009345794392	0.2546728971962617	0.6215484	PIP_0.5-0.9	RHEBP2	11.2670801602923
chr10:49112657	430	74	186	0.0044186046511627	0.0410976744186046	0.1720930232558139	0.4325581395348837	0.059977055	PIP<0.1	VSTM4	13.62573629946426
chr10:50141963	447	1	59	0.0029239373601789	0.0366196868008948	0.0022371364653243	0.1319910514541387	0.9997359	PIP>0.9	SLC9A3P1	15.131610564382976
chr10:50633013	440	9	70	0.000975	0.0369113636363636	0.0204545454545454	0.1590909090909091	0.12945896	PIP_0.1-0.5	NUTM2HP	15.167953177419692
chr10:50676387	449	27	137	0.0007483296213808	0.0319510022271714	0.0601336302895322	0.3051224944320713	0.11482686	PIP_0.1-0.5	NUTM2HP	14.927953724909564
chr10:5099354	445	13	123	0.0012112359550561	0.0383573033707865	0.0292134831460674	0.2764044943820224	0.13161618	PIP_0.1-0.5	U8	32.267735861728866
chr10:51766020	437	7	71	0.0008924485125858	0.0496155606407322	0.0160183066361556	0.1624713958810068	0.21598303	PIP_0.1-0.5	CSTF2T	12.883768635473569
chr10:51894864	440	3	74	-0.0010340909090909	0.0610613636363636	0.0068181818181818	0.1681818181818181	0.59585774	PIP_0.5-0.9	ENSG00000289527	15.770788058389355
chr10:5258555	441	12	135	-0.0018843537414965	0.0434126984126984	0.0272108843537414	0.3061224489795918	0.2389642	PIP_0.1-0.5	LINC02561	12.181824085748936
chr10:52798610	444	2	81	0.0007004504504504	0.0964752252252252	0.0045045045045045	0.1824324324324324	0.0016394854	PIP<0.1	MBL2	9.99968216584614
chr10:52860030	438	12	97	-0.0007260273972602	0.0709269406392694	0.0273972602739726	0.2214611872146118	0.26039803	PIP_0.1-0.5	Y_RNA	19.32883423273288
chr10:5366850	450	89	203	0.0013622222222222	0.0362377777777777	0.1977777777777777	0.4511111111111111	0.92477506	PIP>0.9	UCN3	26.46436258449816
chr10:56221771	443	0	72	-0.0032099322799097	0.0540857787810383	0.0	0.1625282167042889	0.008426666	PIP<0.1	ZWINT	44.69974193921196
chr10:56323587	427	6	100	0.0005925058548009	0.0492201405152224	0.0140515222482435	0.234192037470726	0.6579477	PIP_0.5-0.9	ZWINT	29.0395970800255
chr10:56916909	431	4	88	0.0009211136890951	0.0447262180974477	0.0092807424593967	0.2041763341067285	0.06247723	PIP<0.1	ENSG00000289158	14.788920782041387
chr10:57242434	433	1	80	-0.0031316397228637	0.0674226327944572	0.0023094688221709	0.184757505773672	0.002537012	PIP<0.1	ENSG00000289158	33.490596600999915
chr10:58920589	441	2	74	0.0049614512471655	0.0485850340136054	0.0045351473922902	0.1678004535147392	0.048923433	PIP<0.1	RN7SKP196	9.943327190657454
chr10:59256631	416	4	89	-0.000264423076923	0.061625	0.0096153846153846	0.2139423076923076	0.14240587	PIP_0.1-0.5	ENSG00000236556	37.88740356701037
chr10:5976138	446	62	134	0.0016233183856502	0.011304932735426	0.1390134529147982	0.3004484304932735	0.188514	PIP_0.1-0.5	IL15RA	11.489285673425632
chr10:60770462	446	1	62	-0.0010044843049327	0.0424887892376681	0.0022421524663677	0.1390134529147982	0.3326534	PIP_0.1-0.5	CDK1	15.178103757227229
chr10:62701345	438	16	81	0.0015022831050228	0.0314383561643835	0.0365296803652968	0.184931506849315	0.86383003	PIP_0.5-0.9	ALDH7A1P4	20.396437807906786
chr10:6311137	447	47	125	0.0008478747203579	0.0292013422818791	0.105145413870246	0.2796420581655481	0.8759282	PIP_0.5-0.9	SDCBPP1	27.41700507550993
chr10:6698931	446	29	138	0.0023699551569506	0.0382488789237668	0.0650224215246636	0.3094170403587444	0.04710275	PIP<0.1	LINP1	10.680564664933488
chr10:6799858	442	18	176	0.0019117647058823	0.0472601809954751	0.0407239819004524	0.3981900452488687	0.15917009	PIP_0.1-0.5	ENSG00000285845	11.617405956013895
chr10:6922780	448	16	132	-0.0039330357142857	0.0438660714285714	0.0357142857142857	0.2946428571428571	0.81990874	PIP_0.5-0.9	ENSG00000291288	12.012800441794155
chr10:70695494	443	4	98	0.0013589164785553	0.0383792325056433	0.0090293453724604	0.2212189616252821	1.0	PIP>0.9	ADAMTS14	18.58352792581593
chr10:71775545	451	12	93	-0.0004678492239467	0.0271685144124168	0.0266075388026607	0.2062084257206208	0.40939224	PIP_0.1-0.5	VSIR	18.08769700320068
chr10:71974399	445	76	207	-0.0045191011235955	0.049314606741573	0.1707865168539326	0.4651685393258427	0.96620804	PIP>0.9	CHST3	19.74449493181565
chr10:72479361	428	55	92	0.001483644859813	0.0237827102803738	0.1285046728971962	0.2149532710280373	0.005649507	PIP<0.1	ENSG00000226163	18.800581512434388
chr10:73064873	416	71	64	-0.0022692307692307	0.0210096153846153	0.1706730769230769	0.1538461538461538	0.0008163452	PIP<0.1	RNU6-833P	12.856685799454606
chr10:73658356	434	45	122	0.0004953917050691	0.032126728110599	0.1036866359447004	0.2811059907834101	0.52417725	PIP_0.5-0.9	SYNPO2L	11.364943606956832
chr10:76733900	434	5	96	0.0048341013824884	0.0549861751152073	0.0115207373271889	0.2211981566820276	0.88337153	PIP_0.5-0.9	ENSG00000252888	23.626426605426506
chr10:77902855	439	21	161	0.0007129840546697	0.0370637813211845	0.0478359908883826	0.3667425968109339	0.12780488	PIP_0.1-0.5	RN7SL284P	24.18914627111312
chr10:78099222	433	18	116	0.0022817551963048	0.0334364896073903	0.0415704387990762	0.2678983833718245	0.8097023	PIP_0.5-0.9	RPS24	22.456639693574783
chr10:78425814	442	25	98	-0.0071153846153846	0.0652330316742081	0.0565610859728506	0.2217194570135746	0.99526036	PIP>0.9	SNORA71	18.86484290615433
chr10:79674684	444	43	131	-0.0053738738738738	0.0559459459459459	0.0968468468468468	0.295045045045045	0.67861724	PIP_0.5-0.9	BEND3P3	41.90128469327933
chr10:79863309	442	7	110	0.002076923076923	0.0416334841628959	0.0158371040723981	0.248868778280543	0.7399685	PIP_0.5-0.9	NPAP1P2	16.513562626721765
chr10:80783381	445	1	57	-0.0001999999999999	0.0418629213483146	0.0022471910112359	0.1280898876404494	0.8887481	PIP_0.5-0.9	FARSBP1	38.66048814577641
chr10:81262146	441	22	133	-0.0013219954648526	0.0349863945578231	0.0498866213151927	0.3015873015873015	0.11218536	PIP_0.1-0.5	RPA2P2	34.87359458935662
chr10:83318822	439	1	71	0.0068542141230068	0.0670683371298405	0.0022779043280182	0.1617312072892938	0.49964392	PIP_0.1-0.5	MARK2P15	20.77422453758113
chr10:83836323	427	11	95	-0.0059555035128805	0.044288056206089	0.0257611241217798	0.2224824355971897	0.99999684	PIP>0.9	RNU6-129P	11.465091061765753
chr10:84040882	433	1	81	-0.000459584295612	0.0429769053117782	0.0023094688221709	0.1870669745958429	0.28765595	PIP_0.1-0.5	RNU1-65P	18.382285602260712
chr10:8468249	445	18	142	0.0012966292134831	0.0401820224719101	0.0404494382022471	0.3191011235955056	1.0	PIP>0.9	ENSG00000271251	45.691280320058816
chr10:84702896	445	1	87	0.0037483146067415	0.0448044943820224	0.0022471910112359	0.195505617977528	0.8727236	PIP_0.5-0.9	RPS3AP5	12.466224074424208
chr10:84820103	443	2	91	-0.0023995485327313	0.0455553047404063	0.0045146726862302	0.2054176072234763	0.21221155	PIP_0.1-0.5	RPS3AP5	35.02333474768323
chr10:85192425	430	5	73	-5.348837209302306e-05	0.0493744186046511	0.0116279069767441	0.1697674418604651	0.044906676	PIP<0.1	LINC01519	40.38305282377269
chr10:85352799	433	32	141	0.0010484988452655	0.0345866050808314	0.0739030023094688	0.325635103926097	0.14651084	PIP_0.1-0.5	LINC02647	15.43758411482274
chr10:8618443	438	13	127	0.0016689497716894	0.0447785388127853	0.0296803652968036	0.2899543378995434	0.8673309	PIP_0.5-0.9	CHCHD3P1	23.31298607005641
chr10:86206202	446	30	149	-0.0017600896860986	0.0338094170403587	0.0672645739910313	0.3340807174887892	0.87809783	PIP_0.5-0.9	MIR346	42.43939390403818
chr10:8652729	445	4	93	0.0008516853932584	0.0494629213483146	0.0089887640449438	0.2089887640449438	0.10285914	PIP_0.1-0.5	RNA5SP299	15.380715006989425
chr10:87490140	437	47	95	0.006578947368421	0.07141647597254	0.1075514874141876	0.217391304347826	0.7704048	PIP_0.5-0.9	NUTM2A	14.136453794203351
chr10:8972284	440	15	107	-0.0024318181818181	0.0539954545454545	0.034090909090909	0.2431818181818182	0.27616262	PIP_0.1-0.5	ENSG00000223808	43.25683169575567
chr10:91296485	446	9	149	-0.0015717488789237	0.0450739910313901	0.0201793721973094	0.3340807174887892	0.99999994	PIP>0.9	HECTD2	22.5289350221548
chr10:92542375	445	12	88	0.0009730337078651	0.0357235955056179	0.0269662921348314	0.197752808988764	0.9425862	PIP>0.9	IDE	26.85475753080899
chr10:92564664	443	30	112	-4.514672686230374e-06	0.0293047404063205	0.0677200902934537	0.2528216704288939	0.945411	PIP>0.9	IDE	11.37477354449804
chr10:92783774	438	17	123	0.0013675799086757	0.0391849315068493	0.0388127853881278	0.2808219178082192	0.75213057	PIP_0.5-0.9	EXOC6	44.23007343594653
chr10:92817165	437	16	94	0.0027139588100686	0.0348009153318077	0.0366132723112128	0.2151029748283753	0.48622227	PIP_0.1-0.5	EXOC6	19.77530282170653
chr10:93528340	438	53	66	0.001269406392694	0.02162100456621	0.1210045662100456	0.1506849315068493	0.09707266	PIP<0.1	FFAR4	13.299235101615416
chr10:95504954	439	17	133	-0.0016378132118451	0.0397927107061503	0.0387243735763098	0.3029612756264236	1.0	PIP>0.9	SORBS1	31.243805888477706
chr10:9557144	443	7	80	0.0011309255079006	0.056765237020316	0.0158013544018058	0.1805869074492099	0.08485657	PIP<0.1	ENSG00000287120	10.195676476216065
chr10:95572122	444	14	121	0.0007342342342342	0.0451171171171171	0.0315315315315315	0.2725225225225225	0.97181135	PIP>0.9	SORBS1	21.895710491139408
chr10:95659517	432	38	73	0.0004953703703703	0.0279861111111111	0.0879629629629629	0.1689814814814814	0.009819746	PIP<0.1	ENTPD1	12.553178179849638
chr10:95685730	437	36	78	-0.0004553775743707	0.023649885583524	0.0823798627002288	0.1784897025171624	0.14137071	PIP_0.1-0.5	ENTPD1	18.240173223380577
chr10:97944567	430	6	88	0.0044186046511627	0.0523255813953488	0.013953488372093	0.2046511627906976	0.06510699	PIP<0.1	CRTAC1	10.365098300282266
chr10:9831139	439	6	97	-0.0024214123006833	0.0487403189066059	0.0136674259681093	0.2209567198177676	0.15195692	PIP_0.1-0.5	LINC02663	30.558127202897253
chr11:100660214	439	17	118	-0.0042346241457858	0.0440660592255125	0.0387243735763098	0.2687927107061503	0.7997891	PIP_0.5-0.9	PPIAP43	18.113696055212017
chr11:102600203	444	58	156	0.0012432432432432	0.0263423423423423	0.1306306306306306	0.3513513513513513	0.0639621	PIP<0.1	MMP20-AS1	17.365638664010664
chr11:102817871	444	4	114	-0.0001509009009009	0.0432229729729729	0.009009009009009	0.2567567567567567	0.9295235	PIP>0.9	ENSG00000256035	46.94088645105512
chr11:102848214	443	0	78	0.0048306997742663	0.0469074492099322	0.0	0.1760722347629796	0.9851706	PIP>0.9	MMP3	42.859377027496095
chr11:103006481	443	7	70	-0.00441309255079	0.0590541760722347	0.0158013544018058	0.1580135440180587	0.99512947	PIP>0.9	ENSG00000276521	16.903564358261296
chr11:103597429	447	15	105	0.0040335570469798	0.0542259507829977	0.0335570469798657	0.2348993288590604	0.1998924	PIP_0.1-0.5	ENSG00000254824	19.454683073743176
chr11:104915334	437	5	137	-0.0023981693363844	0.0728924485125858	0.011441647597254	0.3135011441647597	0.1252892	PIP_0.1-0.5	CASP4LP	26.192659746137306
chr11:105375811	428	2	69	0.0054626168224299	0.0585467289719626	0.0046728971962616	0.161214953271028	0.07064134	PIP<0.1	Metazoa_SRP	18.99220623323687
chr11:105493517	437	7	104	0.0002860411899313	0.05741647597254	0.0160183066361556	0.2379862700228833	0.14409149	PIP_0.1-0.5	CARD18	25.271113439545275
chr11:106428812	442	8	99	0.0052895927601809	0.0601085972850678	0.0180995475113122	0.2239819004524887	0.99999976	PIP>0.9	ENSG00000287802	15.550868307834316
chr11:107470035	429	1	73	-0.0004941724941724	0.0514871794871794	0.0023310023310023	0.1701631701631701	0.23268777	PIP_0.1-0.5	CWF19L2	40.08365891653385
chr11:108453671	436	36	104	-0.0011582568807339	0.0319564220183486	0.0825688073394495	0.2385321100917431	0.16787356	PIP_0.1-0.5	C11orf65	11.930376929406233
chr11:1089453	451	52	173	-0.0006585365853658	0.0281529933481153	0.1152993348115299	0.3835920177383592	0.89753276	PIP_0.5-0.9	MUC2	10.75723646237003
chr11:109027345	445	4	46	-0.0011393258426966	0.0377640449438202	0.0089887640449438	0.1033707865168539	0.004018545	PIP<0.1	ENSG00000255528	13.628571200446798
chr11:10938231	445	14	130	-0.0011213483146067	0.0497595505617977	0.0314606741573033	0.2921348314606741	1.0	PIP>0.9	ENSG00000289919	18.042290062603502
chr11:109693910	434	0	50	0.0090921658986175	0.0463640552995391	0.0	0.1152073732718894	0.4499607	PIP_0.1-0.5	ENSG00000254482	50.46437243910011
chr11:110498696	433	7	98	0.0020739030023094	0.0428683602771362	0.0161662817551963	0.2263279445727482	0.9999955	PIP>0.9	FDX1	42.49341482026253
chr11:11065268	450	13	117	0.0032355555555555	0.04668	0.0288888888888888	0.26	0.63149893	PIP_0.5-0.9	LINC02752	11.047178661456998
chr11:11090750	448	1	74	0.003515625	0.0435290178571428	0.0022321428571428	0.1651785714285714	1.0	PIP>0.9	ENSG00000254957	13.020048163680372
chr11:110919009	439	12	92	0.003134396355353	0.0521640091116173	0.0273348519362186	0.2095671981776765	0.59986013	PIP_0.5-0.9	ENSG00000255149	20.210287892010047
chr11:111494358	431	4	88	-0.0024733178654292	0.0406403712296983	0.0092807424593967	0.2041763341067285	0.44389498	PIP_0.1-0.5	MIR34BHG	26.28218182231573
chr11:113811313	429	63	82	0.0006993006993006	0.0226200466200466	0.1468531468531468	0.1911421911421911	0.012055457	PIP<0.1	RNU6-1107P	10.124688797805144
chr11:11448646	449	25	141	-0.0006369710467706	0.0425835189309576	0.0556792873051225	0.3140311804008908	0.9999885	PIP>0.9	CSNK2A3	12.25913564194568
chr11:114931619	438	6	71	-0.0037100456621004	0.0514908675799086	0.0136986301369863	0.1621004566210045	0.01653248	PIP<0.1	ENSG00000252870	11.291250028886012
chr11:115092014	439	19	154	-0.0020523917995444	0.0765125284738041	0.0432801822323462	0.3507972665148063	0.65828127	PIP_0.5-0.9	ENSG00000252870	10.09432564031867
chr11:115211155	438	61	170	-0.0030890410958904	0.0476643835616438	0.139269406392694	0.3881278538812785	0.9735934	PIP>0.9	ENSG00000252870	11.166944495038935
chr11:117490711	444	63	243	-0.0001936936936936	0.0613603603603603	0.1418918918918918	0.5472972972972973	0.9989742	PIP>0.9	ENSG00000279586	10.498142277039154
chr11:118087989	444	17	127	-0.0014099099099099	0.0375990990990991	0.0382882882882882	0.286036036036036	0.9999445	PIP>0.9	SMIM35	33.683412241223
chr11:118226471	431	5	129	0.0042969837587006	0.0429280742459396	0.0116009280742459	0.2993039443155452	0.15048444	PIP_0.1-0.5	HSPE1P18	11.102495407078395
chr11:119528107	445	22	137	0.0034943820224719	0.0418404494382022	0.049438202247191	0.3078651685393258	1.0	PIP>0.9	ENSG00000289553	36.63810754032321
chr11:119602629	442	48	164	-0.0022149321266968	0.0376538461538461	0.1085972850678733	0.3710407239819004	0.47716856	PIP_0.1-0.5	KRT8P7	20.83474480691109
chr11:120365825	435	57	126	-0.0004574712643678	0.0302735632183908	0.1310344827586207	0.2896551724137931	0.14755231	PIP_0.1-0.5	7SK	11.264416749256972
chr11:121580810	439	39	143	-0.0005261958997722	0.0380478359908883	0.0888382687927107	0.3257403189066059	0.13034177	PIP_0.1-0.5	ENSG00000286044	12.760314616452725
chr11:123116607	449	5	102	-0.0034944320712694	0.0369420935412026	0.0111358574610244	0.2271714922048997	0.98159355	PIP>0.9	ENSG00000255342	20.21277657018529
chr11:123349101	440	28	130	0.0022068181818181	0.0386386363636363	0.0636363636363636	0.2954545454545454	0.48010468	PIP_0.1-0.5	PHB1P17	33.00708175910416
chr11:123899068	439	6	90	0.001134396355353	0.0546150341685649	0.0136674259681093	0.20501138952164	1.0	PIP>0.9	OR8D4	41.4068016230795
chr11:1245378	451	142	181	-0.0006075388026607	0.0213835920177383	0.3148558758314856	0.401330376940133	1.0	PIP>0.9	MUC5B-AS1	27.094746072692345
chr11:124815722	445	12	119	-0.0033325842696629	0.0367662921348314	0.0269662921348314	0.2674157303370786	0.049735427	PIP<0.1	ENSG00000254941	14.56930067667341
chr11:125696950	428	14	118	0.0043341121495327	0.0484088785046729	0.0327102803738317	0.2757009345794392	0.06171328	PIP<0.1	ACRV1	25.184005702183416
chr11:126474947	447	16	169	-0.0037583892617449	0.03648322147651	0.0357941834451901	0.378076062639821	0.9627701	PIP>0.9	KIRREL3-AS1	16.968715938349245
chr11:127312141	445	6	87	4.9438202247190976e-05	0.0626561797752808	0.0134831460674157	0.195505617977528	0.076665044	PIP<0.1	LINC02712	12.28763192219972
chr11:12788809	430	2	56	-0.0006813953488372	0.0440813953488372	0.0046511627906976	0.1302325581395348	0.51509124	PIP_0.5-0.9	ENSG00000254688	24.3561768828574
chr11:128915535	450	6	117	-0.0011377777777777	0.0425155555555555	0.0133333333333333	0.26	0.5266504	PIP_0.5-0.9	KCNJ5-AS1	29.46297400035376
chr11:129086852	434	19	120	-0.0051820276497695	0.0566059907834101	0.0437788018433179	0.2764976958525346	0.8773861	PIP_0.5-0.9	Y_RNA	20.093603311982456
chr11:129607280	447	7	123	0.0003512304250559	0.0383154362416107	0.0156599552572706	0.2751677852348993	0.97602546	PIP>0.9	LINC01395	38.208214544638935
chr11:131129507	446	10	114	0.005652466367713	0.0471905829596412	0.0224215246636771	0.2556053811659193	0.7849049	PIP_0.5-0.9	ENSG00000236129	11.701780461060729
chr11:131721561	440	24	134	0.0027477272727272	0.0426659090909091	0.0545454545454545	0.3045454545454545	0.31917953	PIP_0.1-0.5	NTM-AS1	12.98492556199723
chr11:134585705	445	39	154	4.494382022471902e-05	0.0384539325842696	0.0876404494382022	0.346067415730337	0.89347446	PIP_0.5-0.9	ENSG00000254573	41.199338938812666
chr11:13504827	437	7	99	0.0043432494279176	0.0536750572082379	0.0160183066361556	0.2265446224256292	0.02464515	PIP<0.1	HMGN2P36	32.3138491322883
chr11:14382554	443	14	85	-0.0038803611738148	0.0375191873589164	0.0316027088036117	0.1918735891647855	0.3829013	PIP_0.1-0.5	RRAS2	17.125654486999586
chr11:16481419	434	17	138	0.006573732718894	0.0610299539170506	0.0391705069124423	0.3179723502304147	0.9783779	PIP>0.9	AKR1B1P3	28.822647258458
chr11:16639562	435	16	115	-0.0022436781609195	0.0450252873563218	0.0367816091954023	0.264367816091954	0.11149347	PIP_0.1-0.5	C11orf58	13.521463935124748
chr11:17398872	443	11	193	-0.003941309255079	0.0492144469525959	0.0248306997742663	0.435665914221219	0.8704406	PIP_0.5-0.9	KCNJ11	14.590839501832738
chr11:1814461	447	23	157	-0.0012438478747203	0.041324384787472	0.0514541387024608	0.3512304250559284	0.13274616	PIP_0.1-0.5	ENSG00000230080	17.20845478897911
chr11:19040019	437	28	127	0.0023203661327231	0.0531487414187643	0.0640732265446224	0.2906178489702517	0.017336726	PIP<0.1	MRGPRX9P	11.38051039400707
chr11:20027396	447	20	130	0.0016778523489932	0.0468903803131991	0.0447427293064877	0.29082774049217	0.9999877	PIP>0.9	NAV2-AS2	26.359560036451445
chr11:21507738	447	4	107	0.0058434004474272	0.0547785234899328	0.0089485458612975	0.2393736017897091	0.08034599	PIP<0.1	RNA5SP337	16.594178249354044
chr11:2157542	451	68	201	-0.0030266075388026	0.038410199556541	0.1507760532150776	0.4456762749445676	0.65712416	PIP_0.5-0.9	INS-IGF2	12.541203780255277
chr11:22094093	440	11	120	-0.0028113636363636	0.0549159090909091	0.025	0.2727272727272727	0.33333302	PIP_0.1-0.5	ENSG00000254820	18.45344927981765
chr11:22755938	442	72	168	0.0030452488687782	0.0603122171945701	0.1628959276018099	0.3800904977375565	0.81173533	PIP_0.5-0.9	RNA5SP338	13.706065744299838
chr11:2322660	440	12	104	-0.0002522727272727	0.0414886363636363	0.0272727272727272	0.2363636363636363	0.7393721	PIP_0.5-0.9	RNU6-878P	37.08866510442511
chr11:2596400	444	10	86	-0.0008468468468468	0.0567567567567567	0.0225225225225225	0.1936936936936936	0.99805194	PIP>0.9	ENSG00000275666	22.085469754534586
chr11:26374677	433	18	101	0.0004665127020785	0.066	0.0415704387990762	0.2332563510392609	0.015542388	PIP<0.1	ENSG00000255505	13.050855672175778
chr11:27630053	437	32	145	-0.0011441647597254	0.037858123569794	0.0732265446224256	0.3318077803203661	0.53444505	PIP_0.5-0.9	LINC00678	26.365046474468087
chr11:28359642	425	9	64	0.0026235294117647	0.0330141176470588	0.0211764705882352	0.1505882352941176	0.046406567	PIP<0.1	MIR8068	25.94338124285533
chr11:29895395	440	2	63	0.0017022727272727	0.0510568181818181	0.0045454545454545	0.1431818181818182	0.021403134	PIP<0.1	LINC01616	28.378601803784704
chr11:30081970	419	0	55	0.00236276849642	0.0485584725536992	0.0	0.1312649164677804	0.10222566	PIP_0.1-0.5	KCNA4	24.906463453083763
chr11:3183035	452	21	159	0.0017610619469026	0.0443982300884955	0.0464601769911504	0.3517699115044247	1.0	PIP>0.9	ENSG00000234791	38.37548852923124
chr11:31921591	437	1	72	-0.0008764302059496	0.0425194508009153	0.0022883295194508	0.1647597254004576	0.20443404	PIP_0.1-0.5	PAX6	12.664212248503937
chr11:33586196	441	6	90	9.297052154194993e-05	0.0404058956916099	0.0136054421768707	0.2040816326530612	0.04100269	PIP<0.1	ENSG00000255202	22.990708328381395
chr11:35844804	444	2	98	-0.004831081081081	0.0450563063063063	0.0045045045045045	0.2207207207207207	0.99999994	PIP>0.9	KRT18P14	26.28319982361083
chr11:36078270	447	7	107	0.0013534675615212	0.035662192393736	0.0156599552572706	0.2393736017897091	0.99962	PIP>0.9	MIR3973	27.626652782033684
chr11:36137629	444	7	100	-0.0006193693693693	0.0361824324324324	0.0157657657657657	0.2252252252252252	0.62097543	PIP_0.5-0.9	ENSG00000280321	14.809307166028889
chr11:3629386	450	37	141	0.0002177777777777	0.0332666666666666	0.0822222222222222	0.3133333333333333	1.0	PIP>0.9	TRPC2	38.86263796615053
chr11:3647198	451	70	222	-0.0008425720620842	0.0494013303769401	0.155210643015521	0.4922394678492239	0.98055947	PIP>0.9	ART1	22.610258577563272
chr11:37110968	449	14	114	0.0020267260579064	0.0573452115812917	0.0311804008908685	0.2538975501113585	0.9999989	PIP>0.9	ENSG00000254498	11.564632398830751
chr11:37267702	427	26	146	0.0041124121779859	0.085367681498829	0.0608899297423887	0.3419203747072599	0.034561157	PIP<0.1	ENSG00000251838	23.3833066227742
chr11:3831911	446	1	86	-0.0015089686098654	0.0402354260089686	0.0022421524663677	0.1928251121076233	0.1459167	PIP_0.1-0.5	RHOG	18.528596436409284
chr11:38809248	427	21	123	5.85480093676812e-05	0.0436510538641686	0.0491803278688524	0.2880562060889929	0.015158594	PIP<0.1	LINC01493	13.130361740109132
chr11:38925528	427	6	88	-0.0019297423887587	0.0449227166276346	0.0140515222482435	0.2060889929742388	0.0020133853	PIP<0.1	LINC01493	10.057005194204688
chr11:41728012	438	8	113	0.002093607305936	0.0414954337899543	0.0182648401826484	0.2579908675799087	0.6167028	PIP_0.5-0.9	LINC01499	12.978129886052294
chr11:41784962	430	34	134	0.0027837209302325	0.0371418604651162	0.0790697674418604	0.3116279069767442	0.95897645	PIP>0.9	ENSG00000254668	31.634054342482383
chr11:41829070	426	11	106	0.0012511737089201	0.0616173708920187	0.0258215962441314	0.2488262910798122	0.7272547	PIP_0.5-0.9	ENSG00000255279	10.811037711311998
chr11:42915264	436	18	77	0.0023646788990825	0.0647821100917431	0.0412844036697247	0.1766055045871559	0.013945341	PIP<0.1	ENSG00000254914	17.128651827039484
chr11:43151435	434	54	140	9.907834101382512e-05	0.0351958525345622	0.1244239631336405	0.3225806451612903	0.0033919811	PIP<0.1	HNRNPKP3	21.91748570866101
chr11:43752931	426	53	90	-0.0003122065727699	0.0251619718309859	0.1244131455399061	0.2112676056338028	0.0037903786	PIP<0.1	ENSG00000283483	12.050954365238866
chr11:4450763	448	1	81	0.001421875	0.053078125	0.0022321428571428	0.1808035714285714	0.30395198	PIP_0.1-0.5	OR52K2	17.23418447316268
chr11:44625572	447	3	102	-0.0011096196868008	0.0436062639821029	0.0067114093959731	0.2281879194630872	0.93429905	PIP>0.9	RPL34P22	11.202632284269352
chr11:4707497	445	2	99	-0.000952808988764	0.0532449438202247	0.0044943820224719	0.2224719101123595	0.9999944	PIP>0.9	ENSG00000290647	20.30415922766192
chr11:47317132	437	16	211	-0.0039999999999999	0.0525446224256292	0.0366132723112128	0.482837528604119	0.78505456	PIP_0.5-0.9	ENSG00000283338	19.105632299167915
chr11:48801100	438	10	120	-0.0011027397260273	0.048810502283105	0.0228310502283105	0.273972602739726	0.20794022	PIP_0.1-0.5	ENSG00000255551	22.698922549312545
chr11:49386651	432	21	106	0.0007037037037037	0.0585277777777777	0.0486111111111111	0.2453703703703703	0.046838462	PIP<0.1	FOLH1	17.574582617056482
chr11:5162168	446	24	151	0.0018878923766816	0.0413632286995515	0.0538116591928251	0.3385650224215246	0.12619448	PIP_0.1-0.5	OR51A1P	33.5354562688453
chr11:5416861	442	7	126	-0.0012556561085972	0.0514592760180995	0.0158371040723981	0.2850678733031674	0.04577267	PIP<0.1	OR51Q1	14.908149010784514
chr11:54570778	437	3	86	0.0045491990846681	0.0545354691075514	0.0068649885583524	0.1967963386727688	0.01776588	PIP<0.1	OR4C46	19.950824179169828
chr11:54592419	435	2	95	0.0058160919540229	0.0480919540229885	0.0045977011494252	0.2183908045977011	0.0013403893	PIP<0.1	TRIM48	40.587775886255
chr11:54936104	440	10	106	0.0015431818181818	0.0528522727272727	0.0227272727272727	0.2409090909090909	0.0073640943	PIP<0.1	TRIM48	11.611051943998737
chr11:55520410	439	9	108	0.0032801822323462	0.0483690205011389	0.020501138952164	0.2460136674259681	0.010764778	PIP<0.1	OR4S2	14.324119982377148
chr11:55791525	428	4	67	-0.0061822429906542	0.0702710280373831	0.0093457943925233	0.1565420560747663	0.014336407	PIP<0.1	OR5D14	16.599326122371778
chr11:5734330	446	11	108	-0.0027892376681614	0.0645560538116592	0.0246636771300448	0.242152466367713	0.27655566	PIP_0.1-0.5	OR52P1	29.1321491744406
chr11:58679073	440	4	80	0.0025840909090909	0.0470568181818181	0.009090909090909	0.1818181818181818	0.16286051	PIP_0.1-0.5	ENSG00000197254	10.45264270115714
chr11:59018559	440	5	102	0.0020568181818181	0.0438568181818181	0.0113636363636363	0.2318181818181818	0.0077965856	PIP<0.1	GLYATL1P4	11.939572309773132
chr11:61835743	442	65	116	-0.0010135746606334	0.0253031674208144	0.1470588235294117	0.2624434389140271	0.7062795	PIP_0.5-0.9	FADS1	12.71222508574015
chr11:62110402	411	33	129	-0.0021897810218978	0.0334160583941605	0.0802919708029197	0.3138686131386861	0.5	PIP_0.5-0.9	ENSG00000285656	24.86566738779327
chr11:63606018	449	74	167	0.001456570155902	0.0297728285077951	0.1648106904231625	0.3719376391982182	0.6223222	PIP_0.5-0.9	ENSG00000203520	14.755641644322807
chr11:64406557	442	19	142	-0.0015588235294117	0.0320882352941176	0.0429864253393665	0.3212669683257919	0.9962561	PIP>0.9	ENSG00000231492	11.13810541404724
chr11:65486118	433	7	147	-0.0018729792147806	0.0430554272517321	0.0161662817551963	0.3394919168591224	0.99998397	PIP>0.9	ENSG00000286756	11.921321156153745
chr11:65982293	444	56	131	0.0017342342342342	0.0263108108108108	0.1261261261261261	0.295045045045045	0.10850364	PIP_0.1-0.5	ENSG00000254867	13.145501495046982
chr11:6635971	449	5	82	0.0020244988864142	0.0399977728285078	0.0111358574610244	0.1826280623608017	0.99999017	PIP>0.9	ENSG00000255410	25.137366163560344
chr11:68348144	429	107	189	0.0003589743589743	0.0265174825174825	0.2494172494172494	0.4405594405594406	0.06244141	PIP<0.1	LRP5	11.954680977290764
chr11:68622909	435	52	146	0.0052252873563218	0.0328528735632183	0.1195402298850574	0.335632183908046	0.084759474	PIP<0.1	ENSG00000260808	15.735770518996024
chr11:69039363	448	11	96	0.0010446428571428	0.0341517857142857	0.0245535714285714	0.2142857142857142	1.0	PIP>0.9	TPCN2	24.101350270270142
chr11:69417887	445	34	152	-0.0007078651685393	0.0324741573033707	0.0764044943820224	0.3415730337078652	0.044250846	PIP<0.1	LINC02953	33.59887681913517
chr11:69459615	442	8	115	-0.0031809954751131	0.0402850678733031	0.0180995475113122	0.2601809954751131	0.25122416	PIP_0.1-0.5	ENSG00000261347	12.384073684511645
chr11:69674860	440	20	209	0.0059477272727272	0.035415909090909	0.0454545454545454	0.475	0.23021156	PIP_0.1-0.5	FGF19	18.9449569328303
chr11:72075171	427	54	116	-0.0005737704918032	0.0270281030444964	0.126463700234192	0.2716627634660422	0.15582907	PIP_0.1-0.5	IL18BP	9.93684503870145
chr11:72563925	446	5	118	-0.0030784753363228	0.0368901345291479	0.0112107623318385	0.2645739910313901	0.12777251	PIP_0.1-0.5	ENSG00000274664	21.084513709882227
chr11:72621950	441	7	115	0.0004625850340136	0.0368798185941043	0.0158730158730158	0.2607709750566893	0.9963385	PIP>0.9	RNU7-105P	14.150740889756266
chr11:73643084	446	35	164	-0.0016950672645739	0.0327174887892376	0.0784753363228699	0.3677130044843049	0.66471	PIP_0.5-0.9	PLEKHB1	16.273577551250888
chr11:73983565	434	12	149	0.0002350230414746	0.0360552995391705	0.0276497695852534	0.3433179723502304	0.46166414	PIP_0.1-0.5	DPPA4P3	10.882902550361475
chr11:74283629	433	5	86	-0.0033741339491916	0.0510554272517321	0.0115473441108545	0.1986143187066974	0.06371635	PIP<0.1	P4HA3-AS1	17.640262394614698
chr11:74910052	419	35	92	-0.0024105011933174	0.0313365155131264	0.0835322195704057	0.2195704057279236	0.013178647	PIP<0.1	ENSG00000286943	13.637130928129167
chr11:75012820	430	30	84	-0.0038883720930232	0.0301441860465116	0.0697674418604651	0.1953488372093023	0.16025883	PIP_0.1-0.5	NEU3	48.4226227570602
chr11:75060206	439	5	112	0.0013097949886104	0.0470911161731207	0.0113895216400911	0.255125284738041	0.04168892	PIP<0.1	OR2AT2P	13.043949321474749
chr11:77924524	432	55	84	-0.0009282407407407	0.0229560185185185	0.1273148148148148	0.1944444444444444	0.0012063384	PIP<0.1	ENSG00000254691	10.444122135290009
chr11:79225673	450	8	128	-0.0021488888888888	0.0474244444444444	0.0177777777777777	0.2844444444444444	0.9999662	PIP>0.9	ENSG00000254885	26.054280545127877
chr11:79388580	444	13	138	0.0096554054054054	0.0711283783783783	0.0292792792792792	0.3108108108108108	0.079156876	PIP<0.1	MIR708	46.61245868866045
chr11:79618726	440	4	79	-2.954545454545432e-05	0.0472840909090909	0.009090909090909	0.1795454545454545	0.024794519	PIP<0.1	ENSG00000255209	20.446288622299885
chr11:80005742	440	3	83	-0.0016727272727272	0.0496772727272727	0.0068181818181818	0.1886363636363636	0.877168	PIP_0.5-0.9	ENSG00000254471	23.478636260912577
chr11:80102263	442	8	102	0.0025429864253393	0.0459502262443438	0.0180995475113122	0.2307692307692307	0.35251176	PIP_0.1-0.5	ENSG00000254471	49.81330255030063
chr11:80141794	433	6	74	0.0040346420323325	0.0516235565819861	0.0138568129330254	0.1709006928406466	0.7665208	PIP_0.5-0.9	ENSG00000254471	11.739095106915444
chr11:80877914	435	8	101	-0.0025126436781609	0.0515425287356321	0.0183908045977011	0.232183908045977	0.08565247	PIP<0.1	COX6A1P4	16.359360283423857
chr11:81232769	434	1	55	-0.0029907834101382	0.0618801843317972	0.0023041474654377	0.1267281105990783	0.15826827	PIP_0.1-0.5	ENSG00000287912	27.22257950353965
chr11:81688542	436	1	67	0.0019816513761467	0.0597385321100917	0.0022935779816513	0.1536697247706422	0.12438154	PIP_0.1-0.5	MTND6P25	10.425311595779794
chr11:82500238	436	51	146	0.000947247706422	0.0283555045871559	0.1169724770642201	0.3348623853211009	0.99991524	PIP>0.9	ENSG00000255246	45.54523927827757
chr11:83281911	429	4	128	-0.0026713286713286	0.0258414918414918	0.0093240093240093	0.2983682983682983	0.4801826	PIP_0.1-0.5	ENSG00000254551	35.36886027587063
chr11:83335138	434	3	77	0.0042857142857142	0.0453778801843318	0.0069124423963133	0.1774193548387097	0.018494904	PIP<0.1	CYCSP28	14.521056146226146
chr11:8370622	448	110	230	0.0015290178571428	0.067859375	0.2455357142857142	0.5133928571428571	1.0	PIP>0.9	LMO1	27.68464835488884
chr11:85872530	425	9	78	0.0045929411764705	0.0487905882352941	0.0211764705882352	0.1835294117647058	0.019131064	PIP<0.1	ENSG00000279742	18.179697126199056
chr11:86248124	437	44	211	-0.0042219679633867	0.0757826086956521	0.1006864988558352	0.482837528604119	0.10865778	PIP_0.1-0.5	ENSG00000288809	13.41816696797145
chr11:86526765	441	7	103	-0.0063900226757369	0.0465351473922902	0.0158730158730158	0.2335600907029478	0.10549939	PIP_0.1-0.5	ENSG00000278989	20.718165019650296
chr11:87070626	433	71	145	-0.0021408775981524	0.0264780600461893	0.1639722863741339	0.3348729792147806	0.14293027	PIP_0.1-0.5	XIAPP2	13.832280105776851
chr11:88008719	439	8	74	-0.0022984054669703	0.0436195899772209	0.0182232346241457	0.1685649202733485	1.0	PIP>0.9	ENSG00000285835	35.820248377052614
chr11:88890161	431	0	67	0.0031183294663573	0.0618700696055684	0.0	0.1554524361948956	0.7519344	PIP_0.5-0.9	GRM5	22.70074467788274
chr11:89367495	434	1	40	0.0003271889400921	0.0479216589861751	0.0023041474654377	0.0921658986175115	0.49975955	PIP_0.1-0.5	ENSG00000279603	24.175088568666094
chr11:90413675	421	23	109	-0.0013824228028503	0.0808598574821852	0.0546318289786223	0.2589073634204275	0.16972995	PIP_0.1-0.5	TUBAP2	20.378017837519984
chr11:91786867	434	16	94	0.0056682027649769	0.0541981566820276	0.0368663594470046	0.216589861751152	0.416049	PIP_0.1-0.5	LINC02756	24.533491131485903
chr11:9545338	448	93	125	-0.0024665178571428	0.0170334821428571	0.2075892857142857	0.2790178571428571	0.15313452	PIP_0.1-0.5	WEE1	42.2535900235517
chr11:95629821	444	34	93	0.0006801801801801	0.0232162162162162	0.0765765765765765	0.2094594594594594	0.07771325	PIP<0.1	ENSG00000285842	11.6726710816318
chr11:95936843	442	27	83	0.0003348416289592	0.0285972850678733	0.0610859728506787	0.1877828054298642	0.22396666	PIP_0.1-0.5	MTMR2	25.805761673361733
chr11:97111606	440	8	91	0.0044772727272727	0.0441363636363636	0.0181818181818181	0.2068181818181818	1.0	PIP>0.9	ENSG00000270753	43.71088122091362
chr11:97434856	441	0	72	-0.0082607709750566	0.0516303854875283	0.0	0.1632653061224489	0.9455149	PIP>0.9	LINC02553	13.266072122430808
chr11:97494610	434	2	67	-0.0046428571428571	0.051089861751152	0.0046082949308755	0.1543778801843318	0.5209575	PIP_0.5-0.9	RNA5SP347	12.992523462468704
chr11:97969795	431	11	118	-0.0007819025522041	0.0501647331786542	0.025522041763341	0.2737819025522042	0.034071743	PIP<0.1	LINC02713	16.678860118191547
chr11:97987287	433	10	114	-0.0072286374133949	0.0691870669745958	0.023094688221709	0.2632794457274827	0.029905856	PIP<0.1	LINC02713	15.02328299300217
chr11:98180883	439	5	101	-0.0034738041002277	0.0467767653758542	0.0113895216400911	0.2300683371298405	0.17231202	PIP_0.1-0.5	ENSG00000255380	11.228848563703064
chr11:98207391	428	10	77	-0.0005303738317757	0.0426939252336448	0.0233644859813084	0.1799065420560747	0.027626574	PIP<0.1	ENSG00000255380	14.919656606822947
chr11:98326644	434	19	140	0.0010691244239631	0.0458986175115207	0.0437788018433179	0.3225806451612903	0.5159651	PIP_0.5-0.9	ENSG00000255380	27.503022147673537
chr11:99584191	444	14	119	-0.0050427927927927	0.0513445945945946	0.0315315315315315	0.268018018018018	0.17386633	PIP_0.1-0.5	RN7SKP53	19.11862768649096
chr12:10092862	440	0	94	-0.0011636363636363	0.0597318181818181	0.0	0.2136363636363636	0.18122232	PIP_0.1-0.5	CLEC1A	13.599615132395668
chr12:101170107	448	22	129	0.0001049107142857	0.041328125	0.0491071428571428	0.2879464285714285	1.0	PIP>0.9	RNU6-768P	40.964336452015466
chr12:101887666	445	38	109	-0.0009617977528089	0.0240494382022471	0.0853932584269663	0.2449438202247191	0.3913468	PIP_0.1-0.5	ENSG00000257202	22.096900634374688
chr12:103166021	437	10	79	0.0002265446224256	0.0483958810068649	0.022883295194508	0.1807780320366132	0.24406123	PIP_0.1-0.5	ENSG00000257703	9.98597180840993
chr12:10373734	443	38	161	0.0036162528216704	0.0552866817155756	0.0857787810383747	0.3634311512415349	1.0	PIP>0.9	KLRK1-AS1	50.188225959795865
chr12:104424958	447	3	58	-0.0014586129753914	0.0349888143176733	0.0067114093959731	0.1297539149888143	1.0	PIP>0.9	CHST11	14.122926874322616
chr12:105030226	445	37	59	0.0013415730337078	0.022905617977528	0.0831460674157303	0.1325842696629213	0.10974133	PIP_0.1-0.5	NOPCHAP1	21.935155964337188
chr12:105285408	442	5	93	-0.0108710407239819	0.0603597285067873	0.0113122171945701	0.2104072398190045	0.19411063	PIP_0.1-0.5	C12orf75-AS1	23.83145528520544
chr12:105442538	446	5	116	0.0001322869955156	0.044719730941704	0.0112107623318385	0.2600896860986547	0.59881145	PIP_0.5-0.9	C12orf75-AS1	14.07273399749497
chr12:105655682	445	7	95	-0.0010629213483146	0.0485460674157303	0.0157303370786516	0.2134831460674157	0.5	PIP_0.5-0.9	ENSG00000286520	43.371449282121226
chr12:105660024	444	17	107	0.0030405405405405	0.0423693693693693	0.0382882882882882	0.240990990990991	0.912463	PIP>0.9	ENSG00000286520	11.454854903371626
chr12:105981670	440	12	132	0.0021772727272727	0.0451863636363636	0.0272727272727272	0.3	0.16144729	PIP_0.1-0.5	ST13P3	17.241585359398478
chr12:106572549	440	7	100	0.0024068181818181	0.0401568181818181	0.0159090909090909	0.2272727272727272	0.51864535	PIP_0.5-0.9	RFX4	30.496846192521755
chr12:10657828	445	2	69	-0.0031033707865168	0.046914606741573	0.0044943820224719	0.1550561797752809	0.019677162	PIP<0.1	STYK1	23.949001174388705
chr12:107405480	433	37	143	-0.0023510392609699	0.0470623556581986	0.0854503464203233	0.3302540415704388	0.083795786	PIP<0.1	ENSG00000200897	34.42205319086456
chr12:107722855	433	48	93	-0.0008614318706697	0.0261039260969976	0.1108545034642032	0.2147806004618937	0.0161255	PIP<0.1	RPL17P38	17.993006825497552
chr12:108068725	440	5	92	-0.0006318181818181	0.0400045454545454	0.0113636363636363	0.209090909090909	0.26507354	PIP_0.1-0.5	WSCD2	10.716828794394754
chr12:108131784	444	19	152	0.0016689189189189	0.0442635135135135	0.0427927927927927	0.3423423423423423	0.99426615	PIP>0.9	WSCD2	13.362046026360025
chr12:109411681	437	21	127	0.0051441647597254	0.0366224256292906	0.0480549199084668	0.2906178489702517	0.7230725	PIP_0.5-0.9	ENSG00000255655	17.813132168658967
chr12:109969919	427	37	98	0.0017423887587822	0.0242903981264637	0.0866510538641686	0.2295081967213114	0.006950021	PIP<0.1	ENSG00000249094	10.447399084235794
chr12:110443991	438	81	121	0.0003424657534246	0.0188812785388127	0.184931506849315	0.2762557077625571	0.5025499	PIP_0.5-0.9	ARPC3	12.074856211258767
chr12:112146558	422	26	138	0.0017701421800947	0.0413104265402843	0.0616113744075829	0.3270142180094786	0.0045767426	PIP<0.1	ENSG00000258323	12.610685312933215
chr12:112624985	432	3	76	-0.0002708333333333	0.0391458333333333	0.0069444444444444	0.1759259259259259	0.08381605	PIP<0.1	MIR1302-1	12.186063473304536
chr12:114336381	442	5	103	-0.0002986425339366	0.0433800904977375	0.0113122171945701	0.2330316742081448	0.6044155	PIP_0.5-0.9	TBX5-AS1	20.767660346351565
chr12:116441919	446	11	112	0.002854260089686	0.0321367713004484	0.0246636771300448	0.2511210762331838	0.99999994	PIP>0.9	MIR4472-2	11.110775702632775
chr12:117192221	441	21	120	0.0004104308390022	0.0304285714285714	0.0476190476190476	0.272108843537415	0.6439672	PIP_0.5-0.9	FBXO21	13.90330437001216
chr12:11721175	450	38	206	0.0007377777777777	0.06592	0.0844444444444444	0.4577777777777778	0.03277731	PIP<0.1	ETV6	10.862304831953049
chr12:117548981	446	8	111	0.0026457399103139	0.051609865470852	0.0179372197309417	0.2488789237668161	1.0	PIP>0.9	ENSG00000255686	49.8631985751383
chr12:119183453	435	10	104	0.0030252873563218	0.0380689655172413	0.0229885057471264	0.2390804597701149	0.7459836	PIP_0.5-0.9	ENSG00000213144	10.984996497584048
chr12:119935058	440	2	84	0.0026840909090909	0.0291022727272727	0.0045454545454545	0.1909090909090909	0.56665874	PIP_0.5-0.9	RPL35AP30	12.898878420517963
chr12:119954574	436	10	98	-0.002697247706422	0.0336284403669724	0.0229357798165137	0.2247706422018348	0.49987936	PIP_0.1-0.5	RPL35AP30	31.780230079212604
chr12:120264043	429	37	136	-0.0013216783216783	0.0236993006993007	0.0862470862470862	0.317016317016317	0.87665224	PIP_0.5-0.9	PXN	28.785108737443878
chr12:12055451	450	27	133	0.0002977777777777	0.0269155555555555	0.06	0.2955555555555555	0.29337215	PIP_0.1-0.5	BCL2L14	12.24350713655222
chr12:121896808	433	108	134	0.001	0.01429792147806	0.2494226327944572	0.3094688221709007	0.12747604	PIP_0.1-0.5	HPD	11.212963635580913
chr12:121921120	434	59	139	0.0006405529953917	0.0250967741935483	0.1359447004608295	0.3202764976958525	0.1801976	PIP_0.1-0.5	CFAP251	14.92814089336145
chr12:122082705	437	52	139	-0.0015354691075514	0.0260846681922196	0.1189931350114416	0.3180778032036613	0.108876646	PIP_0.1-0.5	MLXIP	13.484174023136775
chr12:123191263	444	92	119	0.0014099099099099	0.018518018018018	0.2072072072072072	0.268018018018018	0.027735353	PIP<0.1	ENSG00000280120	21.14426719343691
chr12:125185254	438	130	215	0.0004885844748858	0.0152100456621004	0.2968036529680365	0.4908675799086758	0.5478049	PIP_0.5-0.9	TMEM132B	22.06705860300053
chr12:125700099	443	3	97	0.0027720090293453	0.0363972911963882	0.0067720090293453	0.218961625282167	0.008911729	PIP<0.1	ENSG00000280125	18.38871565985274
chr12:125724715	444	5	116	0.0015337837837837	0.0459436936936936	0.0112612612612612	0.2612612612612612	0.07457721	PIP<0.1	ENSG00000280125	34.276453479313425
chr12:126885519	446	13	100	-0.0025896860986547	0.0570291479820627	0.0291479820627802	0.2242152466367713	0.6517309	PIP_0.5-0.9	ENSG00000256286	17.029213411113915
chr12:126991281	443	24	135	-0.0001670428893905	0.0437878103837471	0.0541760722347629	0.3047404063205418	0.037402213	PIP<0.1	LINC02405	13.068351744079406
chr12:128154511	449	6	104	0.0044877505567928	0.0428440979955456	0.0133630289532293	0.2316258351893095	0.99552006	PIP>0.9	ENSG00000276487	11.83040680515788
chr12:128160872	448	6	108	0.000421875	0.0420379464285714	0.0133928571428571	0.2410714285714285	0.96606636	PIP>0.9	ENSG00000276487	11.030802059918992
chr12:128598692	451	15	145	0.0016984478935698	0.0342838137472283	0.0332594235033259	0.3215077605321508	0.99945426	PIP>0.9	ENSG00000256630	18.447862775956025
chr12:129014992	450	18	113	-0.0006933333333333	0.04164	0.04	0.2511111111111111	0.21587467	PIP_0.1-0.5	NLRP9P1	30.96722195391191
chr12:129323985	447	8	123	0.0043579418344519	0.0407606263982102	0.017897091722595	0.2751677852348993	0.6451966	PIP_0.5-0.9	ENSG00000280051	12.387048956240774
chr12:129723367	446	13	137	-0.0010784753363228	0.0483699551569506	0.0291479820627802	0.3071748878923767	0.02662772	PIP<0.1	ENSG00000256137	38.06794960337503
chr12:130384172	448	10	92	0.0039084821428571	0.0526986607142857	0.0223214285714285	0.2053571428571428	0.14211297	PIP_0.1-0.5	ENSG00000279478	22.187910634314598
chr12:130607046	450	29	185	0.0016088888888888	0.03436	0.0644444444444444	0.4111111111111111	0.5138751	PIP_0.5-0.9	ENSG00000256343	16.708736064643354
chr12:130784475	447	110	141	0.0012997762863534	0.0165973154362416	0.2460850111856823	0.3154362416107382	0.7154863	PIP_0.5-0.9	RIMBP2	10.50834227290378
chr12:131410187	446	21	149	0.0016614349775784	0.0371950672645739	0.0470852017937219	0.3340807174887892	0.009150803	PIP<0.1	ENSG00000287792	15.98807083231456
chr12:131440456	446	54	163	0.0001479820627802	0.0316591928251121	0.1210762331838565	0.3654708520179372	0.109157324	PIP_0.1-0.5	ENSG00000280319	26.46446274812405
chr12:131818015	445	58	233	-0.0019325842696629	0.0426651685393258	0.1303370786516854	0.5235955056179775	0.7296641	PIP_0.5-0.9	RNU6-1017P	21.521171556918134
chr12:13255207	442	4	92	-0.0003823529411764	0.0308122171945701	0.0090497737556561	0.2081447963800905	0.9965568	PIP>0.9	ENSG00000286869	11.993091340719282
chr12:1329971	431	75	155	0.0057587006960556	0.0380835266821345	0.1740139211136891	0.3596287703016241	0.03695035	PIP<0.1	ENSG00000267285	16.609762901031488
chr12:13588296	445	3	79	-0.0026471910112359	0.0464089887640449	0.0067415730337078	0.1775280898876404	0.6105867	PIP_0.5-0.9	ENSG00000287928	13.375932661405043
chr12:13850161	441	2	55	-0.0022675736961451	0.0457913832199546	0.0045351473922902	0.1247165532879818	0.13379174	PIP_0.1-0.5	GRIN2B	18.8070742214971
chr12:15520212	444	7	150	0.0013918918918918	0.0538468468468468	0.0157657657657657	0.3378378378378378	0.09653664	PIP<0.1	ENSG00000243916	16.208199982256414
chr12:1860352	446	29	134	0.0043834080717488	0.032786995515695	0.0650224215246636	0.3004484304932735	0.9975482	PIP>0.9	LRTM2	13.392998125053165
chr12:19055575	430	8	102	-0.0032186046511627	0.0475767441860465	0.0186046511627906	0.2372093023255814	0.8335129	PIP_0.5-0.9	RPL7P6	13.100309503661409
chr12:19221791	440	1	86	-0.0015181818181818	0.0485681818181818	0.0022727272727272	0.1954545454545454	0.93605304	PIP>0.9	RN7SL459P	11.51113549056287
chr12:20029860	428	18	113	0.0028247663551401	0.052268691588785	0.0420560747663551	0.264018691588785	0.02259177	PIP<0.1	LINC02398	31.388279987139008
chr12:20631210	441	14	124	-0.0027551020408163	0.0534126984126984	0.0317460317460317	0.2811791383219955	0.3277396	PIP_0.1-0.5	SLCO1C1	26.382038992590743
chr12:20703351	441	7	90	-0.0005691609977324	0.056891156462585	0.0158730158730158	0.2040816326530612	0.60486525	PIP_0.5-0.9	SLCO1C1	14.944736728904314
chr12:22119158	435	8	100	-0.0051816091954023	0.0472137931034482	0.0183908045977011	0.2298850574712643	0.9934982	PIP>0.9	SULT6B2P	40.71064043320344
chr12:2313108	446	13	102	0.002372197309417	0.0360807174887892	0.0291479820627802	0.2286995515695067	0.9590407	PIP>0.9	ENSG00000285555	11.661000458936272
chr12:2498108	450	7	138	0.0015133333333333	0.03462	0.0155555555555555	0.3066666666666666	1.0	PIP>0.9	ENSG00000285734	20.03840518613771
chr12:2555294	440	7	104	0.0010522727272727	0.0383522727272727	0.0159090909090909	0.2363636363636363	0.07673496	PIP<0.1	CACNA1C-AS3	34.12495020459853
chr12:25822284	439	15	101	0.0025626423690205	0.0374555808656036	0.0341685649202733	0.2300683371298405	0.99856013	PIP>0.9	ENSG00000256440	20.963976634537868
chr12:261954	444	12	115	-0.0020045045045045	0.0381216216216216	0.027027027027027	0.259009009009009	0.9981245	PIP>0.9	SLC6A13	12.386529604501051
chr12:28196436	426	31	63	0.0003779342723004	0.0279882629107981	0.0727699530516431	0.1478873239436619	0.008249402	PIP<0.1	ENSG00000247934	11.263307787780034
chr12:29454109	432	5	96	-0.0040486111111111	0.0509976851851851	0.011574074074074	0.2222222222222222	0.18293303	PIP_0.1-0.5	OVCH1	15.7603764527052
chr12:31016632	444	20	169	-0.0023626126126126	0.0462094594594594	0.045045045045045	0.3806306306306306	0.24567235	PIP_0.1-0.5	ENSG00000256984	19.039081314037396
chr12:39568204	433	53	122	-0.0020877598152424	0.0337782909930716	0.1224018475750577	0.2817551963048499	0.7054267	PIP_0.5-0.9	ENSG00000270273	10.710246036646458
chr12:41061849	430	9	90	-0.0041581395348837	0.0354279069767441	0.0209302325581395	0.2093023255813953	0.113885105	PIP_0.1-0.5	ENSG00000274682	34.17900080597477
chr12:4132056	442	12	179	0.0055361990950226	0.040445701357466	0.0271493212669683	0.4049773755656108	0.99952865	PIP>0.9	ENSG00000242444	11.593931180769689
chr12:41845467	425	3	85	0.001915294117647	0.055675294117647	0.0070588235294117	0.2	0.9999994	PIP>0.9	ENSG00000257128	35.9736173752838
chr12:43709487	440	4	85	0.0043386363636363	0.0506113636363636	0.009090909090909	0.1931818181818181	0.67952853	PIP_0.5-0.9	ENSG00000291253	14.21578716998002
chr12:44152654	423	18	83	0.0028297872340425	0.0506501182033097	0.0425531914893617	0.1962174940898345	0.023472667	PIP<0.1	ZNF75BP	13.107577128283644
chr12:4423034	448	35	141	-0.0021160714285714	0.0283348214285714	0.078125	0.3147321428571428	0.13942629	PIP_0.1-0.5	FGF6	15.967236122399685
chr12:4673319	440	71	91	-0.0004	0.0221954545454545	0.1613636363636363	0.2068181818181818	0.007010281	PIP<0.1	GAU1	10.288633865768528
chr12:4778948	442	10	139	-0.0015610859728506	0.0412126696832579	0.0226244343891402	0.3144796380090497	0.13284165	PIP_0.1-0.5	KCNA6	12.509232354338742
chr12:48379579	443	4	111	0.0013814898419864	0.0480135440180587	0.0090293453724604	0.2505643340857788	0.97190535	PIP>0.9	OR5BT1P	39.11647117861118
chr12:48483791	440	33	192	0.0021090909090909	0.0703454545454545	0.075	0.4363636363636363	0.0115843415	PIP<0.1	ANP32D	12.604748185879096
chr12:48523876	440	9	104	-0.0002068181818181	0.0383931818181818	0.0204545454545454	0.2363636363636363	0.2025289	PIP_0.1-0.5	OR8S1	29.06733117206887
chr12:49731287	427	13	95	8.665105386416863e-05	0.0306861826697892	0.0304449648711943	0.2224824355971897	0.047378957	PIP<0.1	ENSG00000257570	45.51702884984599
chr12:49881346	448	15	140	0.0010535714285714	0.0356339285714285	0.0334821428571428	0.3125	0.19066268	PIP_0.1-0.5	RPL35AP28	12.989252240701104
chr12:51312540	445	107	129	0.0002898876404494	0.0165325842696629	0.2404494382022471	0.2898876404494382	0.32017922	PIP_0.1-0.5	BIN2	18.81752213806769
chr12:51524480	447	38	136	0.0016890380313199	0.0299395973154362	0.0850111856823266	0.3042505592841163	0.5086463	PIP_0.5-0.9	SCN8A	10.15838254490246
chr12:51655767	434	1	50	0.0098087557603686	0.0630483870967742	0.0023041474654377	0.1152073732718894	0.0715698	PIP<0.1	HNRNPA3P10	27.47813676751442
chr12:51898702	443	36	153	-0.0012595936794582	0.0273408577878103	0.0812641083521444	0.345372460496614	0.53714603	PIP_0.5-0.9	ENSG00000258021	11.801596757315124
chr12:52203311	450	23	156	-0.0006155555555555	0.0440511111111111	0.0511111111111111	0.3466666666666667	0.9999895	PIP>0.9	LINC02874	36.486435862268266
chr12:52341561	442	25	101	0.0007466063348416	0.0347149321266968	0.0565610859728506	0.2285067873303167	0.33497715	PIP_0.1-0.5	KRT89P	14.917943593928078
chr12:52743717	446	10	95	-0.0006278026905829	0.0447847533632287	0.0224215246636771	0.2130044843049327	0.9998242	PIP>0.9	ENSG00000257616	14.155415939793096
chr12:52918949	443	1	102	-7.449209932279923e-05	0.0435462753950338	0.0022573363431151	0.2302483069977426	0.22306633	PIP_0.1-0.5	KRT18	11.546844184257248
chr12:52964747	445	76	266	0.0053438202247191	0.0507325842696629	0.1707865168539326	0.597752808988764	0.5587469	PIP_0.5-0.9	KRT8	23.394142375180383
chr12:53660771	436	77	125	0.0005229357798165	0.0161146788990825	0.1766055045871559	0.286697247706422	0.0980463	PIP<0.1	ATP5MC2	13.392516711017748
chr12:54882604	439	13	98	-0.0003280182232346	0.0480318906605922	0.0296127562642369	0.2232346241457858	0.41966105	PIP_0.1-0.5	MUCL1	27.016198650033115
chr12:55268083	433	1	60	-0.0010092378752886	0.0491478060046189	0.0023094688221709	0.138568129330254	0.30883807	PIP_0.1-0.5	OR6C72P	11.72322818077721
chr12:55353438	432	9	95	-0.0038703703703703	0.0460046296296296	0.0208333333333333	0.2199074074074074	0.023902774	PIP<0.1	OR6C75	20.35804604947574
chr12:55391072	427	7	87	0.0002833723653395	0.0389953161592505	0.0163934426229508	0.2037470725995316	0.007458985	PIP<0.1	OR6C75	19.948765488269792
chr12:55474092	168	0	5	-0.007047619047619	0.0843928571428571	0.0	0.0297619047619047	0.02252984	PIP<0.1	OR6C68	19.939874526125667
chr12:56024081	430	40	92	0.0010790697674418	0.025060465116279	0.0930232558139534	0.213953488372093	0.02455169	PIP<0.1	ERBB3	11.25395674305673
chr12:56657756	435	16	157	-0.0018229885057471	0.045583908045977	0.0367816091954023	0.360919540229885	0.10331088	PIP_0.1-0.5	PTGES3	15.175976518296618
chr12:58002075	430	1	78	0.004713953488372	0.0524720930232558	0.0023255813953488	0.1813953488372093	0.048781693	PIP<0.1	ENSG00000257668	35.4784944040567
chr12:58377597	441	4	94	-0.0027414965986394	0.0569773242630385	0.0090702947845804	0.2131519274376417	0.15272886	PIP_0.1-0.5	ENSG00000258133	25.63715123168414
chr12:5877854	440	10	103	0.005165909090909	0.0489477272727272	0.0227272727272727	0.2340909090909091	0.17621529	PIP_0.1-0.5	ANO2	47.44166407698502
chr12:59325362	438	87	203	0.0005319634703196	0.0544360730593607	0.1986301369863013	0.4634703196347032	0.9977907	PIP>0.9	ENSG00000286279	17.217873045559866
chr12:5988683	446	3	91	0.0006008968609865	0.0374843049327354	0.0067264573991031	0.2040358744394619	0.6035214	PIP_0.5-0.9	ANO2	11.116628223632826
chr12:61071402	438	3	57	0.0005730593607305	0.0792305936073059	0.0068493150684931	0.1301369863013698	0.007513821	PIP<0.1	ENSG00000257308	26.523585787786995
chr12:61969463	444	4	78	-0.004509009009009	0.0534279279279279	0.009009009009009	0.1756756756756756	0.99900454	PIP>0.9	RPS3P6	13.898869875232013
chr12:62194356	430	0	51	0.0009418604651162	0.0572488372093023	0.0	0.1186046511627907	0.981156	PIP>0.9	KLF17P1	16.671395232790626
chr12:63358997	429	3	81	-0.0065058275058275	0.0501328671328671	0.0069930069930069	0.1888111888111888	0.06961405	PIP<0.1	LINC03056	10.436635669363136
chr12:63559250	444	37	134	0.0078288288288288	0.0636351351351351	0.0833333333333333	0.3018018018018018	0.70092505	PIP_0.5-0.9	ENSG00000257005	27.15352460468509
chr12:64275257	430	3	94	-0.0054116279069767	0.0599418604651162	0.0069767441860465	0.2186046511627907	0.16886806	PIP_0.1-0.5	OOEPP2	25.94146658648394
chr12:64543376	445	69	206	9.438202247190966e-05	0.0370112359550561	0.1550561797752809	0.4629213483146067	0.060018778	PIP<0.1	ENSG00000256199	26.429640283526982
chr12:66295503	431	5	104	0.0040487238979118	0.0446844547563805	0.0116009280742459	0.2412993039443155	0.11106944	PIP_0.1-0.5	RN7SKP166	16.517880033155148
chr12:66514759	444	5	84	-0.0020495495495495	0.0413738738738738	0.0112612612612612	0.1891891891891892	0.5998169	PIP_0.5-0.9	OSBPL9P5	26.768875779060703
chr12:66935261	438	3	86	-0.0006301369863013	0.0422100456621004	0.0068493150684931	0.1963470319634703	0.031491995	PIP<0.1	ENSG00000279310	13.284331500146545
chr12:6748864	448	51	159	-0.0011517857142857	0.0176919642857142	0.1138392857142857	0.3549107142857143	0.40956116	PIP_0.1-0.5	ENSG00000269892	12.222049942430294
chr12:70055390	440	25	118	0.0003431818181818	0.0380204545454545	0.0568181818181818	0.2681818181818182	0.16666663	PIP_0.1-0.5	ENSG00000257241	31.30253804998746
chr12:71410008	432	13	88	0.0004722222222222	0.0607962962962963	0.0300925925925925	0.2037037037037037	0.038410246	PIP<0.1	LGR5	22.008717116376012
chr12:71976621	439	8	119	0.0009954441913439	0.0427813211845102	0.0182232346241457	0.2710706150341685	0.85692054	PIP_0.5-0.9	TPH2	30.077175673156397
chr12:72301290	443	8	84	-0.0061083521444695	0.0525553047404063	0.0180586907449209	0.1896162528216704	1.0	PIP>0.9	TRHDE-AS1	31.193025199367494
chr12:72788547	435	0	56	-0.0024804597701149	0.0569770114942528	0.0	0.128735632183908	0.011850774	PIP<0.1	ENSG00000258235	17.28270379736336
chr12:73703037	442	0	48	0.0003303167420814	0.0481674208144796	0.0	0.1085972850678733	0.1632188	PIP_0.1-0.5	RNU6-1012P	48.979002896903545
chr12:74662235	441	16	97	0.0010340136054421	0.0364399092970521	0.0362811791383219	0.2199546485260771	0.99999654	PIP>0.9	ENSG00000257998	13.933909738912712
chr12:75420148	430	19	94	-0.0021162790697674	0.0421023255813953	0.0441860465116279	0.2186046511627907	0.0123381615	PIP<0.1	GLIPR1L2	38.05277463212168
chr12:75441609	436	12	117	0.0054220183486238	0.0564541284403669	0.0275229357798165	0.268348623853211	0.02579093	PIP<0.1	GLIPR1	19.766245024336964
chr12:78600652	428	0	72	0.0007663551401869	0.0522663551401869	0.0	0.1682242990654205	0.026062787	PIP<0.1	ENSG00000257165	21.737106154296303
chr12:78856493	441	13	111	0.0008843537414965	0.0407120181405895	0.0294784580498866	0.2517006802721088	0.11887777	PIP_0.1-0.5	SYT1	27.43313061114253
chr12:80824723	428	19	132	0.0011962616822429	0.0566915887850467	0.0443925233644859	0.308411214953271	0.11419809	PIP_0.1-0.5	MIR617	12.712502128455045
chr12:81091216	438	5	77	0.0015981735159817	0.0470776255707762	0.0114155251141552	0.1757990867579908	0.6065224	PIP_0.5-0.9	ENSG00000258026	10.317118006193454
chr12:82100793	445	9	94	-0.002714606741573	0.0425617977528089	0.0202247191011235	0.2112359550561797	0.55053055	PIP_0.5-0.9	ENSG00000258193	10.760860050427384
chr12:8275634	448	35	146	-0.0023816964285714	0.0444575892857142	0.078125	0.3258928571428571	0.10947031	PIP_0.1-0.5	ENSG00000286504	12.0777090756361
chr12:84882687	425	5	68	0.0019011764705882	0.048955294117647	0.0117647058823529	0.16	0.006141484	PIP<0.1	SLC6A15	31.99373096165412
chr12:8536109	444	68	220	-0.0062117117117117	0.0565990990990991	0.1531531531531531	0.4954954954954955	0.9397474	PIP>0.9	CLEC4E	16.181328106977432
chr12:86826298	368	2	40	-0.0031385869565217	0.0616657608695652	0.0054347826086956	0.108695652173913	0.043231964	PIP<0.1	MGAT4C	47.63406409730224
chr12:86841989	264	4	42	-0.0094318181818181	0.0731969696969697	0.0151515151515151	0.1590909090909091	0.032925546	PIP<0.1	MGAT4C	25.45159945262973
chr12:87403426	435	2	62	0.0031149425287356	0.0498735632183908	0.0045977011494252	0.1425287356321839	0.26619387	PIP_0.1-0.5	RPL23AP68	31.429461579863226
chr12:87603261	435	2	58	-0.0013264367816091	0.0493218390804597	0.0045977011494252	0.1333333333333333	0.029403985	PIP<0.1	ENSG00000258205	13.710542374272508
chr12:87780241	436	22	124	0.0018715596330275	0.040045871559633	0.0504587155963302	0.2844036697247706	0.9299699	PIP>0.9	MKRN9P	23.46923421641464
chr12:8798804	449	13	110	0.0021469933184855	0.0437371937639198	0.0289532293986636	0.2449888641425389	0.69296026	PIP_0.5-0.9	LINC02972	43.04374136864011
chr12:90817990	443	2	68	0.0033092550790067	0.0439503386004514	0.0045146726862302	0.1534988713318284	0.72116464	PIP_0.5-0.9	ENSG00000288102	11.279180596539067
chr12:92187080	441	45	122	-0.0006802721088435	0.033437641723356	0.1020408163265306	0.2766439909297052	0.1234203	PIP_0.1-0.5	Y_RNA	11.262237692339612
chr12:92672890	445	7	92	-0.0045168539325842	0.0330247191011236	0.0157303370786516	0.2067415730337078	0.11347246	PIP_0.1-0.5	PLEKHG7	17.798816615386656
chr12:9308761	445	74	217	0.0042157303370786	0.0328898876404494	0.1662921348314607	0.4876404494382022	0.45564342	PIP_0.1-0.5	ENSG00000255753	12.112660746169553
chr12:94549707	449	42	109	0.0014632516703786	0.0287416481069042	0.0935412026726058	0.242761692650334	0.14586568	PIP_0.1-0.5	SUCLG2P2	15.662105171866823
chr12:95166109	442	53	99	-0.000918552036199	0.0249321266968325	0.1199095022624434	0.2239819004524887	0.989635	PIP>0.9	ENSG00000237774	16.30043476373393
chr12:953715	450	57	139	-2.4444444444444404e-05	0.02714	0.1266666666666666	0.3088888888888889	0.60723716	PIP_0.5-0.9	RAD52	10.459786391837197
chr12:96261637	442	80	127	7.239819004524882e-05	0.0217013574660633	0.1809954751131221	0.2873303167420814	0.99999934	PIP>0.9	ENSG00000287454	24.25191632768464
chr12:96674017	438	1	86	-0.0033652968036529	0.0426301369863013	0.002283105022831	0.1963470319634703	0.029503703	PIP<0.1	CFAP54	27.26732127587577
chr12:9765695	448	8	101	0.0010937499999999	0.0368303571428571	0.0178571428571428	0.2254464285714285	0.027616203	PIP<0.1	CD69	14.199268400851029
chr12:98390472	446	12	123	0.0013878923766816	0.0429484304932735	0.0269058295964125	0.2757847533632287	0.5	PIP_0.5-0.9	RNU4-41P	48.75607443077166
chr12:98486325	446	34	121	-0.0007354260089686	0.031067264573991	0.0762331838565022	0.2713004484304933	0.1526066	PIP_0.1-0.5	LINC02453	10.98307349563234
chr12:99530562	438	10	110	-0.0008881278538812	0.0474041095890411	0.0228310502283105	0.2511415525114155	0.9205523	PIP>0.9	GARIN6	10.580280176650156
chr13:101115195	446	3	86	0.000414798206278	0.0480067264573991	0.0067264573991031	0.1928251121076233	1.0	PIP>0.9	LINC00411	17.351912885942127
chr13:101320873	437	15	142	-0.0027139588100686	0.0561235697940503	0.034324942791762	0.3249427917620137	0.0076758265	PIP<0.1	NALCN	31.57102619938297
chr13:101345588	442	6	91	-0.0063506787330316	0.0595904977375565	0.0135746606334841	0.2058823529411764	0.8956467	PIP_0.5-0.9	NALCN	16.811358200014357
chr13:101578850	443	10	105	-0.0053905191873589	0.054099322799097	0.0225733634311512	0.237020316027088	0.99858856	PIP>0.9	ITGBL1	19.51223933761326
chr13:101896058	440	2	69	-0.009165909090909	0.0636295454545454	0.0045454545454545	0.1568181818181818	0.32526177	PIP_0.1-0.5	MIR2681	11.27938295022755
chr13:102968239	441	29	164	-0.0019886621315192	0.0416666666666666	0.0657596371882086	0.3718820861678004	0.50776917	PIP_0.5-0.9	SLC10A2	15.512195515168528
chr13:103208809	446	17	136	-0.0028430493273542	0.0511210762331838	0.0381165919282511	0.3049327354260089	1.0	PIP>0.9	ENSG00000285789	45.17899373380154
chr13:105948373	438	2	87	-0.0019771689497716	0.0429954337899543	0.0045662100456621	0.1986301369863013	0.9888784	PIP>0.9	ENSG00000252550	20.6586569625049
chr13:106401497	443	5	108	0.0008352144469525	0.040668171557562	0.0112866817155756	0.2437923250564334	0.9760691	PIP>0.9	RPL35P9	25.04331662293856
chr13:106816431	442	4	75	-0.0045316742081447	0.0566085972850678	0.0090497737556561	0.169683257918552	0.8808865	PIP_0.5-0.9	ENSG00000278698	13.11393946739931
chr13:108421619	440	8	84	-0.00095	0.0343136363636363	0.0181818181818181	0.1909090909090909	0.6110556	PIP_0.5-0.9	HCFC2P1	15.37521352495038
chr13:108543351	443	26	143	0.0017042889390519	0.0360248306997742	0.0586907449209932	0.3227990970654628	1.0	PIP>0.9	MYO16	31.376979765308384
chr13:108885088	447	33	138	0.0011565995525727	0.0284183445190156	0.0738255033557047	0.3087248322147651	1.0	PIP>0.9	MYO16-AS2	23.107222264069623
chr13:109034103	441	9	105	0.0018390022675736	0.0463560090702947	0.0204081632653061	0.238095238095238	0.21302211	PIP_0.1-0.5	MYO16-AS2	26.83721893224524
chr13:109098218	440	21	122	0.0016295454545454	0.0385886363636363	0.0477272727272727	0.2772727272727273	0.04669684	PIP<0.1	MYO16-AS2	10.74031821686838
chr13:110357899	451	22	120	0.0025033259423503	0.0330709534368071	0.048780487804878	0.2660753880266075	0.12949467	PIP_0.1-0.5	MIR8073	17.55812902616175
chr13:110591463	448	22	110	-0.0007790178571428	0.026703125	0.0491071428571428	0.2455357142857142	0.09839964	PIP<0.1	NAXD	19.12367447440729
chr13:111946410	443	25	147	0.0056365688487584	0.0347291196388261	0.0564334085778781	0.3318284424379232	0.8294238	PIP_0.5-0.9	LINC00354	12.203969249467251
chr13:112114413	445	56	200	-0.0001775280898876	0.0363617977528089	0.1258426966292135	0.449438202247191	0.77616197	PIP_0.5-0.9	LINC00404	40.117706172283874
chr13:112119259	447	32	144	-0.0013847874720357	0.0355861297539149	0.0715883668903803	0.3221476510067114	0.99994254	PIP>0.9	LINC00404	11.24345569062751
chr13:112686892	444	71	220	-0.0029639639639639	0.028054054054054	0.1599099099099099	0.4954954954954955	0.9983045	PIP>0.9	ENSG00000274922	14.793386716745337
chr13:112739897	448	117	196	0.0030267857142857	0.0340044642857142	0.2611607142857143	0.4375	0.05487138	PIP<0.1	ATP11A-AS1	15.113974486298714
chr13:113829458	450	198	265	-0.0035866666666666	0.0332933333333333	0.44	0.5888888888888889	0.99858	PIP>0.9	GAS6	16.34246481685217
chr13:113839146	448	164	309	-0.0054776785714285	0.0610803571428571	0.3660714285714285	0.6897321428571429	0.93827266	PIP>0.9	GAS6	11.971742496930212
chr13:20887882	439	85	134	0.0006514806378132	0.0225193621867881	0.1936218678815489	0.3052391799544419	0.12428564	PIP_0.1-0.5	XPO4	11.190514436586817
chr13:21305472	436	82	112	-0.0026674311926605	0.0195022935779816	0.1880733944954128	0.2568807339449541	0.992676	PIP>0.9	GRK6P1	24.34705406941529
chr13:21342705	444	29	147	-0.0007297297297297	0.0424369369369369	0.0653153153153153	0.3310810810810811	0.6823073	PIP_0.5-0.9	GAPDHP52	12.148059071163637
chr13:21416799	434	69	96	-0.0025345622119815	0.0227281105990783	0.1589861751152073	0.2211981566820276	0.536594	PIP_0.5-0.9	ZDHHC20	26.14043242387608
chr13:21935828	448	37	159	-0.0006428571428571	0.0431071428571428	0.0825892857142857	0.3549107142857143	0.9512166	PIP>0.9	LINC00424	15.522300248685708
chr13:22312155	447	13	96	-0.0034519015659955	0.0445570469798657	0.029082774049217	0.2147651006711409	0.8136076	PIP_0.5-0.9	MTND3P1	19.580574406906
chr13:22574248	445	16	138	0.0026651685393258	0.0361797752808988	0.0359550561797752	0.3101123595505618	0.8380533	PIP_0.5-0.9	ENSG00000287357	23.81946231600289
chr13:23085137	445	18	130	0.0004157303370786	0.0421550561797752	0.0404494382022471	0.2921348314606741	0.99999934	PIP>0.9	HMGA1P6	13.690884712000534
chr13:23194284	445	6	82	0.0013797752808988	0.0473438202247191	0.0134831460674157	0.1842696629213483	0.067810476	PIP<0.1	SGCG	16.98536461399706
chr13:24205965	445	57	169	-0.002591011235955	0.0539707865168539	0.1280898876404494	0.3797752808988764	0.10411906	PIP_0.1-0.5	MIR2276	15.52341910274579
chr13:24865807	443	14	74	0.0016072234762979	0.0277200902934537	0.0316027088036117	0.1670428893905192	0.9931672	PIP>0.9	RNF17	21.22239904566104
chr13:25621348	426	2	55	0.004894366197183	0.0589882629107981	0.0046948356807511	0.1291079812206572	0.06948501	PIP<0.1	RNU6-78P	12.102599071330072
chr13:27955510	445	69	236	-0.0035820224719101	0.0707865168539325	0.1550561797752809	0.5303370786516854	0.17042148	PIP_0.1-0.5	LINC00543	15.179027421090142
chr13:28750590	428	30	113	0.000464953271028	0.0392827102803738	0.0700934579439252	0.264018691588785	0.21756506	PIP_0.1-0.5	CYP51A1P2	44.6249593232863
chr13:30696414	436	15	123	0.0004954128440366	0.0326926605504587	0.0344036697247706	0.2821100917431192	0.5442101	PIP_0.5-0.9	Metazoa_SRP	17.194943217812387
chr13:31025805	443	17	132	0.0043024830699774	0.0376207674943566	0.0383747178329571	0.2979683972911964	0.2560578	PIP_0.1-0.5	ENSG00000286286	32.78295516225727
chr13:31461259	441	19	137	0.0038390022675736	0.0400340136054421	0.0430839002267573	0.310657596371882	0.82239664	PIP_0.5-0.9	ENSG00000277319	24.372517724540803
chr13:31645525	431	10	103	0.0031716937354988	0.0519559164733178	0.0232018561484918	0.2389791183294663	0.9999996	PIP>0.9	RXFP2	32.21340873790519
chr13:31658056	431	0	72	0.0037192575406032	0.0452180974477958	0.0	0.1670533642691415	0.22081655	PIP_0.1-0.5	RXFP2	12.07921344028094
chr13:31724414	441	0	82	0.0057709750566893	0.0428820861678004	0.0	0.1859410430839002	0.805322	PIP_0.5-0.9	RXFP2	15.308142448887354
chr13:31733938	440	9	101	0.0007090909090909	0.0381272727272727	0.0204545454545454	0.2295454545454545	0.9999978	PIP>0.9	RXFP2	28.268940540518432
chr13:32003376	445	28	118	0.0060112359550561	0.0573370786516854	0.0629213483146067	0.2651685393258427	0.023637652	PIP<0.1	Metazoa_SRP	35.05411111095155
chr13:32637459	437	30	114	0.0001418764302059	0.0280228832951945	0.068649885583524	0.2608695652173913	0.03018725	PIP<0.1	PDS5B	10.518232667291253
chr13:34066001	438	4	81	-2.51141552511414e-05	0.0509657534246575	0.0091324200913242	0.184931506849315	1.0	PIP>0.9	ENSG00000280431	31.61998164015712
chr13:34141108	445	5	115	-0.0018853932584269	0.041791011235955	0.0112359550561797	0.2584269662921348	0.99999297	PIP>0.9	ENSG00000199196	12.924685449791117
chr13:35671654	441	8	132	0.0033038548752834	0.0400702947845805	0.0181405895691609	0.2993197278911564	0.6476718	PIP_0.5-0.9	LINC00445	12.734668792939589
chr13:35800618	441	4	115	-0.0015192743764172	0.0544036281179138	0.0090702947845804	0.2607709750566893	1.0	PIP>0.9	LINC00445	44.98908211250544
chr13:38193180	443	1	77	0.0021060948081264	0.064372460496614	0.0022573363431151	0.1738148984198645	0.48603153	PIP_0.1-0.5	UFM1	13.412843094653748
chr13:38790357	444	3	69	-0.0029076576576576	0.049777027027027	0.0067567567567567	0.1554054054054054	0.59631705	PIP_0.5-0.9	RNU6-56P	13.796495765826744
chr13:40179885	440	11	77	0.0020977272727272	0.0451431818181818	0.025	0.175	0.97068197	PIP>0.9	LINC00332	15.030002845298656
chr13:40938409	436	36	90	0.0003096330275229	0.026447247706422	0.0825688073394495	0.2064220183486238	0.053254843	PIP<0.1	SUGT1P3	23.944638375931493
chr13:44653184	440	26	128	0.0006818181818181	0.0321181818181818	0.059090909090909	0.2909090909090909	0.29139102	PIP_0.1-0.5	LINC00407	22.189906331096743
chr13:46328559	436	32	154	0.0047912844036697	0.0447087155963302	0.073394495412844	0.3532110091743119	0.3054949	PIP_0.1-0.5	LINC00563	22.146865342654294
chr13:49510130	438	86	91	-0.0009977168949771	0.0181849315068493	0.1963470319634703	0.2077625570776255	0.19211352	PIP_0.1-0.5	RCBTB1	13.889190503571296
chr13:49598087	433	45	126	-7.852193995381055e-05	0.0286651270207852	0.1039260969976905	0.2909930715935335	0.16592371	PIP_0.1-0.5	RCBTB1	15.547138945318606
chr13:50290812	429	9	101	-0.004	0.049016317016317	0.0209790209790209	0.2354312354312354	0.9975919	PIP>0.9	RPL34P26	24.481393782673216
chr13:50657974	441	48	103	-0.0006893424036281	0.0285850340136054	0.1088435374149659	0.2335600907029478	0.9899123	PIP>0.9	RNA5SP28	20.309794437418955
chr13:52064465	432	28	117	0.0032962962962962	0.03175	0.0648148148148148	0.2708333333333333	0.0070634484	PIP<0.1	UTP14C	24.484624516678547
chr13:54334039	442	42	136	0.0028303167420814	0.0521470588235294	0.0950226244343891	0.3076923076923077	0.88037807	PIP_0.5-0.9	MIR1297	13.14995998641058
chr13:55454415	427	1	71	-0.0055854800936768	0.0589765807962529	0.0023419203747072	0.1662763466042154	0.21146387	PIP_0.1-0.5	ENSG00000274090	18.078621707755435
chr13:55505482	433	10	103	-8.545034642032299e-05	0.061203233256351	0.023094688221709	0.2378752886836027	0.011089146	PIP<0.1	ENSG00000274090	15.986377107617406
chr13:59351555	440	3	74	-0.0013386363636363	0.0389022727272727	0.0068181818181818	0.1681818181818181	0.9998438	PIP>0.9	RPP40P2	13.840729362959802
chr13:62080545	433	8	63	-0.0008452655889145	0.070743648960739	0.0184757505773672	0.1454965357967667	0.8079805	PIP_0.5-0.9	LINC00358	25.6499179022996
chr13:62150902	440	23	125	-0.0025590909090909	0.0469	0.0522727272727272	0.2840909090909091	0.007008016	PIP<0.1	LINC01075	42.97970087688519
chr13:62586197	439	16	103	-0.0030911161731207	0.0445216400911161	0.0364464692482915	0.2346241457858769	0.013184071	PIP<0.1	ENSG00000286469	31.38720751013094
chr13:63922796	427	19	87	0.0052857142857142	0.0670936768149882	0.0444964871194379	0.2037470725995316	0.0069757104	PIP<0.1	NFYAP1	13.110739010018388
chr13:69279990	429	3	88	-0.0022867132867132	0.0572331002331002	0.0069930069930069	0.2051282051282051	0.24079281	PIP_0.1-0.5	LINC00383	15.249552168183572
chr13:70797752	446	7	86	-0.0048699551569506	0.0506457399103139	0.0156950672645739	0.1928251121076233	0.9477352	PIP>0.9	MTCL1P1	29.287535090325083
chr13:71499086	420	10	95	0.0017357142857142	0.0491404761904762	0.0238095238095238	0.2261904761904762	0.04323238	PIP<0.1	H3P36	21.765901599975955
chr13:72399728	446	9	93	0.0016636771300448	0.0568161434977578	0.0201793721973094	0.2085201793721973	0.67794746	PIP_0.5-0.9	ENSG00000212377	27.90641009141642
chr13:73152403	442	14	105	-0.0027511312217194	0.0441855203619909	0.0316742081447963	0.2375565610859728	0.49965584	PIP_0.1-0.5	RNU4-10P	25.184530364776936
chr13:74376083	425	8	89	0.0012776470588235	0.0466705882352941	0.0188235294117647	0.2094117647058823	0.24032265	PIP_0.1-0.5	RPL21P108	14.227044552886449
chr13:76318495	445	7	101	0.000914606741573	0.0729550561797752	0.0157303370786516	0.2269662921348314	0.103287935	PIP_0.1-0.5	RN7SL571P	14.58801968195935
chr13:76495673	441	19	108	0.0030249433106575	0.0585215419501133	0.0430839002267573	0.2448979591836734	0.61284137	PIP_0.5-0.9	ENSG00000287018	35.97205304626416
chr13:78864234	435	4	82	0.0002045977011494	0.0446643678160919	0.0091954022988505	0.1885057471264367	0.9603247	PIP>0.9	HSPD1P8	14.053572258430163
chr13:80866687	433	2	88	-0.0064157043879907	0.0492147806004619	0.0046189376443418	0.2032332563510392	0.0065265894	PIP<0.1	ARF4P4	13.88163534588784
chr13:82017297	438	16	80	0.0042397260273972	0.0623401826484018	0.0365296803652968	0.182648401826484	0.008117974	PIP<0.1	PTMAP5	26.69238655857063
chr13:82542751	431	7	59	-0.0036426914153132	0.0639907192575406	0.0162412993039443	0.1368909512761021	0.053474486	PIP<0.1	GYG1P2	27.759495959205225
chr13:83729176	438	36	128	-0.0022214611872146	0.0433767123287671	0.0821917808219178	0.2922374429223744	0.44505262	PIP_0.1-0.5	ENSG00000286446	14.158133507954174
chr13:85203902	431	77	165	-0.0015336426914153	0.0374501160092807	0.1786542923433874	0.382830626450116	0.99949414	PIP>0.9	ENSG00000286906	10.037405737178954
chr13:88067290	433	2	86	-0.0023371824480369	0.0413764434180138	0.0046189376443418	0.1986143187066974	0.051249623	PIP<0.1	LINC00373	42.02311258574881
chr13:88247459	426	0	43	0.000112676056338	0.0486384976525821	0.0	0.1009389671361502	0.019839942	PIP<0.1	RPL29P29	11.888731445120284
chr13:88542248	423	1	68	0.0030969267139479	0.0597919621749409	0.0023640661938534	0.1607565011820331	0.046597242	PIP<0.1	ENSG00000286422	42.04122918039874
chr13:92577410	443	4	79	-0.0017584650112866	0.049902934537246	0.0090293453724604	0.1783295711060948	0.82140875	PIP_0.5-0.9	MIR548AS	36.55881379293128
chr13:94175243	448	1	141	1.5624999999999736e-05	0.0518415178571428	0.0022321428571428	0.3147321428571428	0.69950163	PIP_0.5-0.9	GPC6-AS1	11.158011463255423
chr13:94245489	447	3	51	0.0028344519015659	0.0555995525727069	0.0067114093959731	0.1140939597315436	1.0	PIP>0.9	ENSG00000289204	28.858933571474672
chr13:97328951	427	48	94	-0.0001077283372365	0.0299344262295082	0.1124121779859484	0.2201405152224824	0.67233396	PIP_0.5-0.9	RNA5SP37	17.260579593907348
chr13:98147801	441	43	149	-0.0039682539682539	0.0345986394557823	0.0975056689342403	0.3378684807256236	0.99998164	PIP>0.9	FARP1	14.280824611899144
chr14:101006210	446	40	146	0.0005605381165919	0.0366547085201793	0.0896860986547085	0.3273542600896861	0.98976713	PIP>0.9	ENSG00000222185	15.646862624374466
chr14:101120183	445	15	179	-0.0025573033707865	0.0374157303370786	0.0337078651685393	0.4022471910112359	0.9997299	PIP>0.9	ENSG00000288302	17.603573646639386
chr14:101151168	440	180	261	-0.0022840909090909	0.0762068181818182	0.4090909090909091	0.5931818181818181	0.12223351	PIP_0.1-0.5	ENSG00000286551	14.442073806592507
chr14:101622585	435	12	118	-0.0044620689655172	0.0386505747126436	0.0275862068965517	0.271264367816092	0.996249	PIP>0.9	DIO3OS	22.00532921271834
chr14:103366822	452	23	147	0.0006261061946902	0.0339977876106194	0.0508849557522123	0.3252212389380531	0.6342661	PIP_0.5-0.9	HMGB3P26	12.096664760240492
chr14:103374365	451	19	106	-0.0029556541019955	0.0284944567627494	0.0421286031042128	0.2350332594235033	0.59771353	PIP_0.5-0.9	HMGB3P26	12.563583504349165
chr14:103599558	437	64	163	-0.000949656750572	0.0240251716247139	0.1464530892448512	0.3729977116704805	0.08011162	PIP<0.1	RNU4-68P	26.390370438191617
chr14:104469217	436	31	162	-0.0036284403669724	0.03648623853211	0.0711009174311926	0.3715596330275229	0.12186879	PIP_0.1-0.5	CEND1P1	17.992921826940552
chr14:104863129	444	102	200	-0.0024369369369369	0.0228108108108108	0.2297297297297297	0.4504504504504504	0.7756789	PIP_0.5-0.9	CEP170B	15.943881272608555
chr14:106693603	433	45	171	0.0107321016166281	0.069757505773672	0.1039260969976905	0.394919168591224	0.7038694	PIP_0.5-0.9	IGHV3-72	10.81142025237132
chr14:19165291	447	9	142	-0.0005503355704697	0.0342818791946308	0.0201342281879194	0.3176733780760626	0.8535469	PIP_0.5-0.9	ENSG00000277128	17.742564412771713
chr14:19929310	448	1	84	0.0030892857142857	0.0627857142857142	0.0022321428571428	0.1875	0.10440868	PIP_0.1-0.5	OR4K5	10.373630789215824
chr14:21720564	444	4	104	0.000259009009009	0.0390743243243243	0.009009009009009	0.2342342342342342	0.5	PIP_0.5-0.9	TRAV3	25.989939102432626
chr14:21763466	441	9	116	-0.0028798185941043	0.0494058956916099	0.0204081632653061	0.2630385487528344	0.019584537	PIP<0.1	TRAV6	44.2538814609549
chr14:23324767	447	44	143	2.908277404921726e-05	0.0406644295302013	0.0984340044742729	0.319910514541387	0.82377607	PIP_0.5-0.9	PABPN1	13.99970520388392
chr14:24451482	443	76	175	-0.0007178329571106	0.0466997742663656	0.1715575620767494	0.3950338600451467	0.013110399	PIP<0.1	ENSG00000258744	20.173219251934967
chr14:25367580	438	6	107	-0.0053356164383561	0.0405639269406392	0.0136986301369863	0.2442922374429223	0.7263183	PIP_0.5-0.9	OR7K1P	22.286295555581365
chr14:25959609	436	3	80	0.0010022935779816	0.0494839449541284	0.0068807339449541	0.1834862385321101	0.6871509	PIP_0.5-0.9	ENSG00000285633	15.911881036514265
chr14:29365795	441	7	90	0.0017165532879818	0.0439206349206349	0.0158730158730158	0.2040816326530612	0.28207445	PIP_0.1-0.5	ENSG00000258107	15.024998778494949
chr14:30939547	443	67	77	-0.0006501128668171	0.0218871331828442	0.1512415349887133	0.1738148984198645	0.66073745	PIP_0.5-0.9	HIGD1AP17	14.14307815962455
chr14:31519053	441	8	82	-0.0023832199546485	0.0402653061224489	0.0181405895691609	0.1859410430839002	0.15659988	PIP_0.1-0.5	ENSG00000258196	12.827530923641808
chr14:32523526	449	8	88	0.0009153674832962	0.0433429844097995	0.0178173719376391	0.1959910913140311	0.6425949	PIP_0.5-0.9	MTCO1P2	14.069427225116046
chr14:32635593	432	34	143	-0.0017800925925925	0.0694328703703703	0.0787037037037037	0.3310185185185185	0.23560643	PIP_0.1-0.5	MTCO1P2	11.63908455946942
chr14:33716978	450	10	134	0.0019244444444444	0.0452577777777777	0.0222222222222222	0.2977777777777777	0.042798042	PIP<0.1	ENSG00000287777	16.153058499476057
chr14:34077102	451	56	161	0.0013858093126385	0.0291685144124168	0.1241685144124168	0.3569844789356984	0.32650173	PIP_0.1-0.5	EGLN3-AS1	11.925291394560832
chr14:36385293	432	9	75	-0.0051550925925925	0.0497569444444444	0.0208333333333333	0.1736111111111111	0.03100866	PIP<0.1	RNU7-93P	17.246614664206632
chr14:36741778	439	6	97	0.0030842824601366	0.0581184510250569	0.0136674259681093	0.2209567198177676	0.22160792	PIP_0.1-0.5	ENSG00000258690	13.823861864363389
chr14:39322350	442	90	90	0.0007398190045248	0.0180339366515837	0.2036199095022624	0.2036199095022624	0.021808863	PIP<0.1	MIA2	10.234457432578418
chr14:40301240	425	7	79	0.00068	0.0623129411764706	0.0164705882352941	0.1858823529411764	0.63945925	PIP_0.5-0.9	ENSG00000286123	17.845764529631374
chr14:41228684	433	8	101	-0.0022147806004618	0.0469953810623556	0.0184757505773672	0.2332563510392609	0.077369034	PIP<0.1	ENSG00000258385	12.54501999380647
chr14:41302538	438	1	61	-0.0008744292237442	0.0552397260273972	0.002283105022831	0.139269406392694	0.111636996	PIP_0.1-0.5	ENSG00000258385	12.647711880984632
chr14:41354162	438	2	93	0.0017465753424657	0.0557739726027397	0.0045662100456621	0.2123287671232876	0.5	PIP_0.5-0.9	ENSG00000258385	37.68045562971768
chr14:41492292	442	1	81	0.0016447963800904	0.053472850678733	0.002262443438914	0.1832579185520362	0.05444944	PIP<0.1	ENSG00000279972	28.764405817391847
chr14:41829122	436	4	82	0.0046995412844036	0.0657683486238532	0.0091743119266055	0.1880733944954128	0.95008016	PIP>0.9	FKBP1BP1	10.66609231659766
chr14:42645033	440	8	121	0.0017818181818181	0.0591454545454545	0.0181818181818181	0.275	1.0	PIP>0.9	ENSG00000258622	26.24130030021369
chr14:43841762	441	1	73	-0.0054308390022675	0.0626870748299319	0.0022675736961451	0.1655328798185941	0.07121146	PIP<0.1	EIF4BP1	10.41228056747898
chr14:45829125	442	40	137	0.0002330316742081	0.0371606334841628	0.090497737556561	0.3099547511312217	1.0	PIP>0.9	LINC00871	41.17603205318586
chr14:46969897	439	0	66	0.0051184510250569	0.0752414578587699	0.0	0.1503416856492027	0.016406834	PIP<0.1	ENSG00000251735	11.72542114171324
chr14:47397183	428	35	134	0.003679906542056	0.0414042056074766	0.0817757009345794	0.3130841121495327	0.10962182	PIP_0.1-0.5	RPS15AP3	27.48142395555255
chr14:47439041	422	22	106	-0.0025497630331753	0.053431279620853	0.0521327014218009	0.2511848341232227	0.05152142	PIP<0.1	RPS15AP3	11.993394734456077
chr14:50971624	445	34	139	0.0008404494382022	0.034067415730337	0.0764044943820224	0.3123595505617977	0.6959108	PIP_0.5-0.9	ENSG00000258711	13.97710971576156
chr14:52058470	443	4	107	-0.0015711060948081	0.0549209932279909	0.0090293453724604	0.2415349887133182	0.60886085	PIP_0.5-0.9	NID2	10.226153459567367
chr14:52762541	439	79	94	-0.000382687927107	0.017129840546697	0.1799544419134396	0.214123006833713	0.061690688	PIP<0.1	STYX	15.337044858672591
chr14:54500006	437	8	83	-0.0004073226544622	0.0337894736842105	0.0183066361556064	0.1899313501144164	0.018851459	PIP<0.1	CGRRF1	21.55186247814454
chr14:56993089	444	12	117	0.0024099099099099	0.0429054054054054	0.027027027027027	0.2635135135135135	1.0	PIP>0.9	RPL3P3	21.442621422810124
chr14:57146678	439	23	107	0.002387243735763	0.0426924829157175	0.0523917995444191	0.2437357630979499	0.57265526	PIP_0.5-0.9	LINC03059	10.44717071228476
chr14:58632562	438	6	96	0.0013949771689497	0.0316506849315068	0.0136986301369863	0.2191780821917808	0.5	PIP_0.5-0.9	DACT1	16.42476797410891
chr14:60220491	435	44	128	-0.0009931034482758	0.0304505747126436	0.1011494252873563	0.2942528735632184	0.14069599	PIP_0.1-0.5	RPL17P2	11.710663226221564
chr14:65109285	442	21	109	0.0020972850678733	0.0302466063348416	0.0475113122171945	0.2466063348416289	0.9997698	PIP>0.9	MAX	33.237615437478574
chr14:66257723	418	7	83	0.0022224880382775	0.0489976076555023	0.0167464114832535	0.1985645933014354	0.42759132	PIP_0.1-0.5	ENSG00000287833	38.92043015834504
chr14:68292269	437	8	147	-0.0039725400457665	0.0583981693363844	0.0183066361556064	0.3363844393592677	0.089728415	PIP<0.1	RPL7AP5	13.04290608044264
chr14:69441083	434	12	55	-0.0012327188940092	0.0250299539170506	0.0276497695852534	0.1267281105990783	0.059520125	PIP<0.1	SLC39A9	12.245795516391622
chr14:69446201	436	96	104	0.0011834862385321	0.0174495412844036	0.2201834862385321	0.2385321100917431	0.040385187	PIP<0.1	SLC39A9	13.869117976566246
chr14:69761968	433	56	94	0.0013764434180138	0.0192240184757505	0.1293302540415704	0.2170900692840646	0.59603643	PIP_0.5-0.9	SLC10A1	13.068380819386762
chr14:70611391	438	31	129	-0.0013858447488584	0.0327739726027397	0.0707762557077625	0.2945205479452055	0.6277499	PIP_0.5-0.9	ADAM20	14.609652680942547
chr14:72258586	443	11	111	-0.0008216704288939	0.0400496613995485	0.0248306997742663	0.2505643340857788	0.01203233	PIP<0.1	Y_RNA	38.804522492027765
chr14:73886975	434	7	176	0.0002811059907834	0.0285576036866359	0.0161290322580645	0.4055299539170507	0.03943193	PIP<0.1	ZNF410	21.562873475321226
chr14:73892498	434	81	117	0.0006774193548387	0.0201889400921659	0.1866359447004608	0.2695852534562212	0.05259204	PIP<0.1	PTGR2	15.362219054112003
chr14:74386823	443	5	103	-0.0026072234762979	0.0424537246049661	0.0112866817155756	0.2325056433408578	0.47602403	PIP_0.1-0.5	RPS2P2	23.6158650346124
chr14:74627512	438	14	108	0.0026940639269406	0.03524200913242	0.0319634703196347	0.2465753424657534	0.3855176	PIP_0.1-0.5	ENSG00000258976	14.6890016398068
chr14:75575623	447	9	165	-0.0016174496644295	0.028986577181208	0.0201342281879194	0.3691275167785235	0.8688266	PIP_0.5-0.9	FLVCR2	35.45566993823635
chr14:76661674	449	20	114	0.0037995545657015	0.0418708240534521	0.0445434298440979	0.2538975501113585	0.39849585	PIP_0.1-0.5	H1-8P2	12.93427490472505
chr14:76775324	449	83	176	0.0014320712694877	0.0245367483296213	0.1848552338530066	0.3919821826280623	0.15484071	PIP_0.1-0.5	ENSG00000259081	19.24143771733509
chr14:77114873	445	65	114	0.0001595505617977	0.0199438202247191	0.146067415730337	0.2561797752808988	0.24967045	PIP_0.1-0.5	ENSG00000259164	10.988849146199946
chr14:77646499	445	23	109	-0.0017977528089887	0.0343280898876404	0.0516853932584269	0.2449438202247191	0.62310326	PIP_0.5-0.9	COX6CP11	14.968901186158345
chr14:77953541	447	19	127	0.0035190156599552	0.0438948545861297	0.0425055928411633	0.2841163310961969	0.64898586	PIP_0.5-0.9	Y_RNA	20.350681335102248
chr14:78162146	448	7	92	-8.482142857142837e-05	0.0412232142857142	0.015625	0.2053571428571428	1.0	PIP>0.9	NRXN3	31.071186430601152
chr14:79143229	441	5	92	-0.005907029478458	0.0567052154195011	0.0113378684807256	0.2086167800453514	0.1420604	PIP_0.1-0.5	ENSG00000258419	13.805961164463971
chr14:79411330	435	6	81	0.0060206896551724	0.0524344827586206	0.0137931034482758	0.1862068965517241	0.04361224	PIP<0.1	ENSG00000258662	16.539895870709096
chr14:80997573	441	4	90	-0.0007845804988662	0.0411791383219954	0.0090702947845804	0.2040816326530612	0.01316458	PIP<0.1	RPL17P3	11.462341613546798
chr14:81717730	440	9	111	0.002690909090909	0.0553272727272727	0.0204545454545454	0.2522727272727272	0.74636805	PIP_0.5-0.9	ENSG00000259035	27.047551105422915
chr14:82482764	442	4	83	-0.0040610859728506	0.0559253393665158	0.0090497737556561	0.1877828054298642	0.5049509	PIP_0.5-0.9	Metazoa_SRP	50.50395557058725
chr14:82845280	433	0	71	0.00129792147806	0.0645727482678983	0.0	0.1639722863741339	0.02556634	PIP<0.1	ENSG00000258683	13.233206167965658
chr14:83184581	437	5	90	0.0037574370709382	0.0493272311212814	0.011441647597254	0.205949656750572	0.66442436	PIP_0.5-0.9	RNU7-51P	13.93006722109231
chr14:84442223	431	13	129	0.0003805104408352	0.0471925754060324	0.0301624129930394	0.2993039443155452	0.017766714	PIP<0.1	MTCYBP27	19.605692007057023
chr14:85097583	447	0	48	0.0057136465324384	0.0521789709172259	0.0	0.1073825503355704	1.0	PIP>0.9	ENSG00000271712	26.56160410538594
chr14:85166656	442	7	107	-0.0012850678733031	0.0586289592760181	0.0158371040723981	0.2420814479638009	0.5108622	PIP_0.5-0.9	ENSG00000259044	14.899880715366558
chr14:86306051	439	28	130	0.0018063781321184	0.0371412300683371	0.0637813211845102	0.296127562642369	0.09054065	PIP<0.1	LINC02309	18.67416404067911
chr14:86439104	443	1	77	-0.0054266365688487	0.0461399548532731	0.0022573363431151	0.1738148984198645	0.082140744	PIP<0.1	LINC02309	22.306930953558314
chr14:86920836	425	3	67	-0.0014541176470588	0.0600564705882352	0.0070588235294117	0.1576470588235294	0.13425583	PIP_0.1-0.5	ENSG00000259061	36.573583723100384
chr14:87579957	439	8	104	0.0040728929384965	0.0451571753986332	0.0182232346241457	0.2369020501138952	0.010949492	PIP<0.1	LINC02296	14.912800444092008
chr14:87921196	442	31	113	-0.0041018099547511	0.0592013574660633	0.0701357466063348	0.255656108597285	0.56468296	PIP_0.5-0.9	SHLD2P2	11.7758672968595
chr14:88227433	440	11	147	-0.0008227272727272	0.0571227272727272	0.025	0.3340909090909091	0.021668792	PIP<0.1	ENSG00000258538	23.99427079086368
chr14:88259019	448	1	80	0.0015803571428571	0.0401964285714285	0.0022321428571428	0.1785714285714285	1.0	PIP>0.9	KCNK10	19.83214763185429
chr14:90080093	445	12	99	-0.0038022471910112	0.0456494382022471	0.0269662921348314	0.2224719101123595	0.07282168	PIP<0.1	KCNK13	33.3238805640561
chr14:90136518	435	21	127	-0.0017701149425287	0.0360781609195402	0.0482758620689655	0.2919540229885057	0.020339847	PIP<0.1	GLRXP2	22.21341246511529
chr14:91835533	441	70	150	0.003517006802721	0.0271179138321995	0.1587301587301587	0.3401360544217687	0.52193135	PIP_0.5-0.9	TC2N	40.58580852296512
chr14:92115720	436	62	108	-0.002038990825688	0.0178050458715596	0.1422018348623853	0.2477064220183486	0.046743393	PIP<0.1	NDUFB1	12.09426125189092
chr14:94333523	447	30	170	0.0024809843400447	0.0706465324384787	0.0671140939597315	0.3803131991051454	0.01932633	PIP<0.1	SERPINA6	15.041162056218676
chr14:94638808	446	17	137	-0.0013094170403587	0.0369192825112107	0.0381165919282511	0.3071748878923767	1.0	PIP>0.9	SERPINA13P	29.50927284434805
chr14:94912818	451	23	119	-0.0003370288248337	0.040820399113082	0.0509977827050997	0.2638580931263858	0.06414169	PIP<0.1	ENSG00000274379	24.272373248916896
chr14:94953631	449	13	122	0.0038552338530066	0.0455968819599109	0.0289532293986636	0.2717149220489978	0.18710947	PIP_0.1-0.5	LINC02279	15.276615545655313
chr14:95134322	438	14	61	-0.0002945205479452	0.0283127853881278	0.0319634703196347	0.139269406392694	0.15404832	PIP_0.1-0.5	DICER1-AS1	13.065759729442345
chr14:95841808	442	12	124	0.0044434389140271	0.0440904977375565	0.0271493212669683	0.2805429864253393	0.99331486	PIP>0.9	ENSG00000258516	15.475078755688736
chr14:96152171	447	23	134	0.0023870246085011	0.0374787472035794	0.0514541387024608	0.2997762863534675	0.10184693	PIP_0.1-0.5	BDKRB2	38.53529311334034
chr14:97124333	452	12	123	0.002112831858407	0.0370862831858407	0.0265486725663716	0.2721238938053097	1.0	PIP>0.9	ENSG00000259026	12.665807071872704
chr14:97743931	446	2	71	0.0002040358744394	0.050091928251121	0.0044843049327354	0.1591928251121076	0.20016706	PIP_0.1-0.5	LINC02312	10.598035002471644
chr14:97912621	442	8	74	0.0019321266968325	0.0571402714932126	0.0180995475113122	0.167420814479638	0.016495943	PIP<0.1	LINC01550	10.720311385480104
chr14:98334280	449	22	131	-0.0015144766146993	0.0459910913140311	0.0489977728285077	0.2917594654788418	0.66601133	PIP_0.5-0.9	RN7SL714P	30.96026667027027
chr14:98541255	441	21	175	-0.0002925170068027	0.0442244897959183	0.0476190476190476	0.3968253968253968	0.7891549	PIP_0.5-0.9	ENSG00000258795	23.515143054445392
chr14:99875814	440	12	139	0.0018727272727272	0.0406	0.0272727272727272	0.3159090909090909	0.68551654	PIP_0.5-0.9	RNU1-47P	29.0153201277052
chr15:100097188	451	24	157	0.0014545454545454	0.0386784922394678	0.0532150776053215	0.3481152993348115	0.71060616	PIP_0.5-0.9	ENSG00000259356	11.155820503538012
chr15:100142277	449	3	125	-0.0010846325167037	0.0376458797327394	0.0066815144766146	0.2783964365256124	0.95347434	PIP>0.9	ENSG00000259356	20.239937343827293
chr15:100333664	449	20	176	-4.23162583518929e-05	0.0367371937639198	0.0445434298440979	0.3919821826280623	1.0	PIP>0.9	ADAMTS17	15.640932519858776
chr15:101340630	445	16	122	0.0001573033707865	0.034714606741573	0.0359550561797752	0.2741573033707865	0.8331818	PIP_0.5-0.9	PCSK6-AS1	9.953987179415067
chr15:101628603	446	60	84	0.0009103139013452	0.0230313901345291	0.1345291479820627	0.1883408071748878	0.22255015	PIP_0.1-0.5	LINC02348	11.480145800122544
chr15:19885596	430	1	90	0.0037465116279069	0.0490255813953488	0.0023255813953488	0.2093023255813953	0.009801209	PIP<0.1	ENSG00000215567	11.281799100238109
chr15:20141298	451	10	135	0.0010798226164079	0.0359090909090909	0.0221729490022172	0.2993348115299334	0.9806485	PIP>0.9	BMS1P15	21.80907997440231
chr15:20375647	452	31	278	-0.0086261061946902	0.0970022123893805	0.0685840707964601	0.6150442477876106	0.59987926	PIP_0.5-0.9	ENSG00000258654	10.267124381009255
chr15:21732382	385	10	88	0.000225974025974	0.0642623376623376	0.0259740259740259	0.2285714285714285	0.99034524	PIP>0.9	ENSG00000281179	12.168340739507087
chr15:25738723	449	14	181	0.0021893095768374	0.0436770601336303	0.0311804008908685	0.4031180400890868	0.027062774	PIP<0.1	RNA5SP390	12.077193441580466
chr15:25974882	448	32	134	0.0017946428571428	0.0430892857142857	0.0714285714285714	0.2991071428571428	0.6388384	PIP_0.5-0.9	ENSG00000212604	11.367826741006173
chr15:26617002	445	9	123	0.0001999999999999	0.0538089887640449	0.0202247191011235	0.2764044943820224	0.21576333	PIP_0.1-0.5	ENSG00000235518	19.500931269794822
chr15:26655449	450	9	144	-0.0025266666666666	0.0448466666666666	0.02	0.32	0.9999111	PIP>0.9	ENSG00000235518	27.10926541951685
chr15:26754572	445	13	124	-0.0028921348314606	0.0482134831460674	0.0292134831460674	0.2786516853932584	1.0	PIP>0.9	ENSG00000242793	27.59121756088497
chr15:28683704	448	71	91	-0.0035245535714285	0.0227477678571428	0.1584821428571428	0.203125	0.8251796	PIP_0.5-0.9	HERC2P9	10.540577078104686
chr15:29290537	447	31	171	0.0021476510067114	0.0479373601789709	0.0693512304250559	0.3825503355704698	0.6448239	PIP_0.5-0.9	NSMCE3	11.840470853923222
chr15:29388302	446	15	124	-0.0016905829596412	0.0375784753363228	0.0336322869955156	0.2780269058295964	0.99135417	PIP>0.9	ENSG00000259690	22.420517437989133
chr15:31585467	439	7	114	0.0046628701594533	0.0420478359908883	0.0159453302961275	0.2596810933940774	1.0	PIP>0.9	ENSG00000259696	22.41503786253913
chr15:31644368	443	7	122	-0.0010338600451467	0.0427629796839729	0.0158013544018058	0.2753950338600451	0.5	PIP_0.5-0.9	DEPDC1P1	10.591279650709328
chr15:34751111	449	119	224	0.0050779510022271	0.0384365256124721	0.2650334075723831	0.4988864142538975	0.9350433	PIP>0.9	GJD2-DT	14.077983210269474
chr15:34851939	439	41	46	-0.0001093394077448	0.0238906605922551	0.0933940774487471	0.1047835990888382	0.77257454	PIP_0.5-0.9	TUBAP11	10.433311982587782
chr15:35785417	442	0	80	-0.0021334841628959	0.0588484162895927	0.0	0.1809954751131221	0.15492761	PIP_0.1-0.5	ENSG00000259217	12.31415908938282
chr15:36929932	448	11	87	0.0003147321428571	0.0384709821428571	0.0245535714285714	0.1941964285714285	0.99999285	PIP>0.9	MIR8063	13.457561633613867
chr15:37209283	439	5	104	-0.0039020501138952	0.0487949886104783	0.0113895216400911	0.2369020501138952	0.33325833	PIP_0.1-0.5	Metazoa_SRP	15.631734684908352
chr15:39707739	441	5	96	-0.0008049886621315	0.046718820861678	0.0113378684807256	0.2176870748299319	0.025923193	PIP<0.1	ENSG00000261136	30.37104573221348
chr15:39958584	437	43	111	-0.0023867276887871	0.0271098398169336	0.0983981693363844	0.2540045766590389	0.12646842	PIP_0.1-0.5	H3P38	14.324816257699016
chr15:41219154	441	11	94	0.0041201814058956	0.0289274376417233	0.0249433106575963	0.2131519274376417	0.0093871355	PIP<0.1	EXD1	29.952091992183863
chr15:46262041	438	14	124	-0.0002351598173515	0.0508196347031963	0.0319634703196347	0.2831050228310502	0.74917203	PIP_0.5-0.9	ENSG00000287020	34.74717300234135
chr15:46553604	448	1	60	0.001921875	0.0464129464285714	0.0022321428571428	0.1339285714285714	1.0	PIP>0.9	RNU6-1014P	15.54364957724023
chr15:47045492	427	9	99	0.0037494145199063	0.0620070257611241	0.0210772833723653	0.2318501170960187	0.05522871	PIP<0.1	ENSG00000284540	27.854738317592503
chr15:47411372	447	3	94	-0.001565995525727	0.0524697986577181	0.0067114093959731	0.2102908277404921	0.1236645	PIP_0.1-0.5	ENSG00000259360	14.042244448027184
chr15:47788635	445	34	145	-0.0025303370786516	0.048629213483146	0.0764044943820224	0.3258426966292135	0.97870475	PIP>0.9	ENSG00000259754	10.691988731939988
chr15:49101053	442	79	100	0.0007126696832579	0.0170158371040724	0.1787330316742081	0.2262443438914027	0.40910673	PIP_0.1-0.5	ENSG00000259656	11.650464609804724
chr15:50078334	445	14	97	-0.0001078651685393	0.040714606741573	0.0314606741573033	0.2179775280898876	0.49926722	PIP_0.1-0.5	RNA5SP394	22.23262564776685
chr15:50678137	442	59	101	0.0010497737556561	0.0205746606334841	0.1334841628959276	0.2285067873303167	0.10294706	PIP_0.1-0.5	TRPM7	34.84948531293538
chr15:51820722	433	18	101	-0.0017367205542725	0.0378799076212471	0.0415704387990762	0.2332563510392609	0.017621696	PIP<0.1	TMOD3	37.60590124966707
chr15:52196588	434	72	120	0.0019608294930875	0.0242695852534562	0.1658986175115207	0.2764976958525346	0.5643639	PIP_0.5-0.9	GNB5	19.30296639495901
chr15:53207527	441	5	81	0.0047709750566893	0.0456326530612244	0.0113378684807256	0.1836734693877551	0.2827819	PIP_0.1-0.5	LINC02490	13.129709001254302
chr15:53418427	449	5	93	-0.0007082405345211	0.0494387527839643	0.0111358574610244	0.2071269487750557	0.16139412	PIP_0.1-0.5	ENSG00000287596	10.19621319000312
chr15:53589340	435	21	128	-0.0030551724137931	0.0593494252873563	0.0482758620689655	0.2942528735632184	0.03310436	PIP<0.1	RNU2-53P	13.778325979913983
chr15:53912726	444	15	104	-0.0043738738738738	0.0472882882882882	0.0337837837837837	0.2342342342342342	0.99990124	PIP>0.9	ENSG00000280362	50.33618218010547
chr15:54716008	437	4	104	-0.001720823798627	0.0494691075514874	0.0091533180778032	0.2379862700228833	0.0058814883	PIP<0.1	ENSG00000260937	19.92866185979234
chr15:54773252	435	3	73	-0.0002459770114942	0.0462367816091954	0.0068965517241379	0.167816091954023	0.016723752	PIP<0.1	ENSG00000260937	20.36652335768815
chr15:55440333	440	43	121	0.0020454545454545	0.0284954545454545	0.0977272727272727	0.275	0.55691004	PIP_0.5-0.9	ENSG00000260036	12.114541341658423
chr15:56033129	449	10	108	0.0025322939866369	0.0497260579064588	0.0222717149220489	0.2405345211581291	0.1316778	PIP_0.1-0.5	RN7SL568P	35.57607547454446
chr15:56960580	437	53	92	-0.0003958810068649	0.0193478260869565	0.1212814645308924	0.2105263157894736	0.009233415	PIP<0.1	HNRNPA3P11	13.846740354601993
chr15:57663116	444	21	86	0.0002252252252252	0.0467207207207207	0.0472972972972973	0.1936936936936936	0.3006097	PIP_0.1-0.5	POLR2M	37.54840988718173
chr15:58268836	449	8	95	0.0031447661469933	0.0427438752783964	0.0178173719376391	0.2115812917594654	0.46466452	PIP_0.1-0.5	ENSG00000240934	19.398278055515675
chr15:60885361	449	27	149	0.0012249443207126	0.0375278396436525	0.0601336302895322	0.33184855233853	0.5412818	PIP_0.5-0.9	ENSG00000273792	13.194848417308432
chr15:62053075	428	52	88	-0.0001401869158878	0.0170467289719626	0.1214953271028037	0.205607476635514	0.1424638	PIP_0.1-0.5	VPS13C	29.326186992899032
chr15:62475916	444	6	110	0.002099099099099	0.0367792792792792	0.0135135135135135	0.2477477477477477	0.99998045	PIP>0.9	TLN2	13.391127028925103
chr15:63330327	442	10	120	0.0015927601809954	0.0314615384615384	0.0226244343891402	0.2714932126696832	0.960122	PIP>0.9	CA12	15.048683444581693
chr15:67090995	441	8	169	-0.0009160997732426	0.0415646258503401	0.0181405895691609	0.3832199546485261	0.113563836	PIP_0.1-0.5	ENSG00000259347	21.29631932370533
chr15:67267876	428	12	107	-0.0032172897196261	0.0495116822429906	0.02803738317757	0.25	0.09801614	PIP<0.1	AAGAB	24.976615982807974
chr15:67845614	437	25	95	0.0040961098398169	0.0438352402745995	0.05720823798627	0.217391304347826	0.7492436	PIP_0.5-0.9	RNU6-1	19.53214687286111
chr15:69834032	449	16	135	-0.0020534521158129	0.0413986636971046	0.0356347438752783	0.3006681514476614	0.897418	PIP_0.5-0.9	ENSG00000259309	14.914258001252476
chr15:72628335	429	15	97	-0.0009207459207459	0.0375314685314685	0.0349650349650349	0.2261072261072261	0.99999964	PIP>0.9	LINC02259	16.559998023042358
chr15:74943544	437	36	120	-0.0007528604118993	0.0236086956521739	0.0823798627002288	0.2745995423340961	0.810762	PIP_0.5-0.9	COX5A	19.70878442450294
chr15:75963193	427	23	116	-0.0003793911007025	0.0277470725995316	0.0538641686182669	0.2716627634660422	0.66531914	PIP_0.5-0.9	ENSG00000260685	15.63150440786819
chr15:77932384	451	10	149	0.0014345898004434	0.0416252771618625	0.0221729490022172	0.3303769401330377	0.5288172	PIP_0.5-0.9	ENSG00000290665	25.492847436258398
chr15:80653785	439	1	74	-0.0015580865603644	0.0517722095671981	0.0022779043280182	0.1685649202733485	0.10145569	PIP_0.1-0.5	RNU6-380P	16.71485547486113
chr15:80882987	447	9	126	-0.0004988814317673	0.0410581655480984	0.0201342281879194	0.2818791946308724	0.9988435	PIP>0.9	ENSG00000259649	10.979173803940634
chr15:85002125	443	21	125	0.0024266365688487	0.0446207674943566	0.0474040632054176	0.2821670428893905	0.30893314	PIP_0.1-0.5	PDE8A	20.994313752575923
chr15:85813945	446	49	137	0.0009596412556053	0.0281704035874439	0.1098654708520179	0.3071748878923767	0.589039	PIP_0.5-0.9	RNU6-231P	19.575902599402305
chr15:86594702	445	5	78	-0.001705617977528	0.0576876404494382	0.0112359550561797	0.1752808988764045	0.076889694	PIP<0.1	ENSG00000259734	12.100935066334689
chr15:86923380	448	8	122	0.0016875	0.0426160714285714	0.0178571428571428	0.2723214285714285	0.02123338	PIP<0.1	ENSG00000259636	10.671960897274012
chr15:87301217	434	5	62	-0.0044470046082949	0.0524700460829493	0.0115207373271889	0.1428571428571428	0.029521346	PIP<0.1	RNU6-185P	13.033204400879738
chr15:87891838	438	6	88	0.0013995433789954	0.0499748858447488	0.0136986301369863	0.2009132420091324	0.97652113	PIP>0.9	ENSG00000259560	36.025533474871054
chr15:88057610	446	22	122	0.0013385650224215	0.0457017937219731	0.0493273542600896	0.273542600896861	0.9827192	PIP>0.9	MED28P6	10.43051737712021
chr15:88709534	440	6	114	-0.0004704545454545	0.0387931818181818	0.0136363636363636	0.2590909090909091	0.033599555	PIP<0.1	ISG20	10.66780386820866
chr15:89889347	445	94	241	0.0013775280898876	0.0660157303370786	0.2112359550561797	0.5415730337078651	0.593881	PIP_0.5-0.9	AP3S2	14.652179396720763
chr15:91247007	443	1	92	-0.0022279909706546	0.0410857787810383	0.0022573363431151	0.2076749435665914	0.48938417	PIP_0.1-0.5	ENSG00000285883	10.21459281259313
chr15:91258627	443	7	114	-0.0040451467268623	0.0425914221218961	0.0158013544018058	0.2573363431151241	0.5009112	PIP_0.5-0.9	ENSG00000285883	11.384542852820738
chr15:92102074	445	32	136	0.0012314606741573	0.0338471910112359	0.0719101123595505	0.3056179775280899	0.5086985	PIP_0.5-0.9	ENSG00000258761	14.81956871661703
chr15:92316851	448	11	123	0.0006629464285714	0.0438504464285714	0.0245535714285714	0.2745535714285714	1.0	PIP>0.9	ENSG00000260661	41.890030435174296
chr15:92571241	446	10	113	-0.0021681614349775	0.0423385650224215	0.0224215246636771	0.2533632286995516	0.6276232	PIP_0.5-0.9	LINC00930	49.53243633552532
chr15:93164750	446	27	126	0.0005201793721973	0.0398340807174888	0.0605381165919282	0.2825112107623318	0.6999995	PIP_0.5-0.9	ENSG00000285663	11.128174627739794
chr15:93470849	445	35	154	-0.0023573033707865	0.0323258426966292	0.0786516853932584	0.346067415730337	0.99999976	PIP>0.9	SEPHS1P2	25.69347294071973
chr15:95195435	435	27	125	-0.0023103448275862	0.0461540229885057	0.0620689655172413	0.2873563218390804	0.011713505	PIP<0.1	ENSG00000258773	20.683128148375065
chr15:95215068	439	4	66	0.000132118451025	0.0577357630979498	0.0091116173120728	0.1503416856492027	0.121540904	PIP_0.1-0.5	ENSG00000258773	39.24258732917162
chr15:97013850	439	2	63	0.0009703872437357	0.0545148063781321	0.0045558086560364	0.143507972665148	0.05155909	PIP<0.1	RN7SKP181	10.497993501649558
chr15:98137117	447	8	118	-0.0017964205816554	0.0517829977628635	0.017897091722595	0.2639821029082774	0.16723657	PIP_0.1-0.5	ENSG00000259320	10.693196067081823
chr15:98171220	443	9	130	5.643340857787825e-05	0.0508194130925507	0.0203160270880361	0.2934537246049661	1.0	PIP>0.9	ENSG00000259320	43.15920718453864
chr15:98470243	438	3	86	-9.58904109589044e-05	0.0444748858447488	0.0068493150684931	0.1963470319634703	0.10856676	PIP_0.1-0.5	ENSG00000259507	12.365202286437835
chr15:98481179	438	11	100	0.0007031963470319	0.0435616438356164	0.0251141552511415	0.228310502283105	0.21447396	PIP_0.1-0.5	ENSG00000259507	14.114217686216064
chr15:98497802	438	12	80	-0.0064406392694063	0.0637009132420091	0.0273972602739726	0.182648401826484	0.6520271	PIP_0.5-0.9	ENSG00000259507	21.517498452787983
chr16:1083797	447	60	163	-0.0017091722595078	0.0351185682326621	0.1342281879194631	0.3646532438478747	0.7925551	PIP_0.5-0.9	SSTR5-AS1	34.44813760670316
chr16:1260545	413	58	193	-0.0041743341404358	0.0464309927360774	0.1404358353510895	0.4673123486682808	0.4804989	PIP_0.1-0.5	ENSG00000290756	13.92850340606167
chr16:12681551	448	81	189	0.0014441964285714	0.0348861607142857	0.1808035714285714	0.421875	0.99731183	PIP>0.9	MIR4718	13.0709798662328
chr16:12958836	447	10	139	-0.0028008948545861	0.0471096196868009	0.0223713646532438	0.3109619686800894	0.96994	PIP>0.9	SHISA9	17.502346721902676
chr16:13371756	442	52	165	-0.0061470588235294	0.0540610859728506	0.1176470588235294	0.3733031674208145	0.8100236	PIP_0.5-0.9	ENSG00000262011	49.63514184639616
chr16:14583976	433	32	77	-0.0001524249422632	0.0286466512702078	0.0739030023094688	0.1778290993071593	0.08719969	PIP<0.1	ENSG00000263257	10.188729573732688
chr16:16173069	444	31	132	-0.002572072072072	0.0353918918918918	0.0698198198198198	0.2972972972972973	1.0	PIP>0.9	ENSG00000262332	20.587575162238917
chr16:16559735	426	7	115	0.0020305164319248	0.0457300469483568	0.0164319248826291	0.2699530516431925	0.08820534	PIP<0.1	ENSG00000261362	33.58725552655682
chr16:16755960	440	3	73	0.0023840909090909	0.059365909090909	0.0068181818181818	0.1659090909090909	0.68500763	PIP_0.5-0.9	ENSG00000279729	11.131509980523164
chr16:18231030	440	5	116	-0.002565909090909	0.0458613636363636	0.0113636363636363	0.2636363636363636	0.15328991	PIP_0.1-0.5	ENSG00000278994	38.155280895107126
chr16:19440036	442	18	88	-0.001366515837104	0.0413574660633484	0.0407239819004524	0.1990950226244343	0.9999998	PIP>0.9	ENSG00000260681	19.100879638597483
chr16:20158148	441	21	130	-0.0049591836734693	0.0435396825396825	0.0476190476190476	0.2947845804988662	0.052034974	PIP<0.1	ENSG00000277211	14.58787834064613
chr16:21760586	441	4	119	-0.0013809523809523	0.0392947845804988	0.0090702947845804	0.2698412698412698	0.0037864447	PIP<0.1	OTOAP1	10.154129516787156
chr16:22897008	440	6	106	-0.0016727272727272	0.0433454545454545	0.0136363636363636	0.2409090909090909	0.9955832	PIP>0.9	HS3ST2	29.24243681562868
chr16:23560512	427	55	119	0.0004777517564402	0.0249227166276346	0.1288056206088993	0.2786885245901639	0.011701286	PIP<0.1	CCNYL7	23.399247010629683
chr16:23760874	434	24	130	0.0013456221198156	0.0321751152073732	0.0552995391705069	0.2995391705069124	0.10887623	PIP_0.1-0.5	ENSG00000279756	12.564629130898034
chr16:23926626	436	81	147	-0.0014128440366972	0.0237798165137614	0.1857798165137614	0.3371559633027522	0.26397645	PIP_0.1-0.5	ENSG00000279276	11.35745240415288
chr16:25301600	433	28	143	0.000824480369515	0.0583302540415704	0.0646651270207852	0.3302540415704388	0.40962934	PIP_0.1-0.5	ZKSCAN2-DT	26.41322209358142
chr16:25922360	440	6	106	0.0009022727272727	0.042765909090909	0.0136363636363636	0.2409090909090909	0.2817914	PIP_0.1-0.5	ENSG00000260255	14.767062574785676
chr16:26513356	444	5	109	0.0039797297297297	0.035831081081081	0.0112612612612612	0.2454954954954954	1.0	PIP>0.9	ENSG00000286712	36.62120653512031
chr16:26926649	450	5	102	0.0033755555555555	0.0333088888888888	0.0111111111111111	0.2266666666666666	0.37032026	PIP_0.1-0.5	C16orf82	15.78284856898008
chr16:28115190	424	74	114	0.0006745283018867	0.0202641509433962	0.1745283018867924	0.2688679245283019	0.015036702	PIP<0.1	ENSG00000200652	49.09040283801586
chr16:2859808	448	29	150	-0.0002633928571428	0.0378080357142857	0.0647321428571428	0.3348214285714285	0.5337005	PIP_0.5-0.9	ENSG00000263325	24.71097770985456
chr16:2941402	445	63	192	0.0025460674157303	0.0292651685393258	0.1415730337078651	0.4314606741573034	0.05163282	PIP<0.1	ENSG00000262482	44.05464412175517
chr16:30402278	426	33	103	-0.000894366197183	0.0248802816901408	0.0774647887323943	0.2417840375586854	0.7359861	PIP_0.5-0.9	ENSG00000280137	14.795288864432884
chr16:31055071	426	96	123	0.0011948356807511	0.0197347417840375	0.2253521126760563	0.2887323943661972	0.06603944	PIP<0.1	ENSG00000260911	28.38727803128068
chr16:34666059	447	74	201	0.0010268456375838	0.0328791946308724	0.1655480984340044	0.4496644295302013	0.91986096	PIP>0.9	ENSG00000286968	29.07390166110173
chr16:387821	450	88	184	0.0027444444444444	0.0226866666666666	0.1955555555555555	0.4088888888888889	0.99531144	PIP>0.9	PGAP6	26.352876119502163
chr16:4209324	447	22	126	0.0034787472035794	0.0344988814317673	0.0492170022371364	0.2818791946308724	0.89226085	PIP_0.5-0.9	ENSG00000263105	20.23553090007652
chr16:4225444	448	19	136	-0.0004174107142857	0.0303236607142857	0.0424107142857142	0.3035714285714285	0.99999994	PIP>0.9	SRL	35.498780756767125
chr16:4764157	449	13	220	-0.0013385300668151	0.0224877505567928	0.0289532293986636	0.4899777282850779	0.58613974	PIP_0.5-0.9	ZNF500	11.471014467008896
chr16:47790428	428	0	43	-0.0044766355140186	0.0626308411214953	0.0	0.1004672897196261	0.015709877	PIP<0.1	ENSG00000260497	28.479003128886944
chr16:49735346	445	12	109	-0.0040112359550561	0.0339887640449438	0.0269662921348314	0.2449438202247191	0.32097214	PIP_0.1-0.5	ENSG00000280131	17.474010864252758
chr16:52065258	437	2	55	0.0070526315789473	0.0437574370709382	0.0045766590389016	0.125858123569794	0.6095407	PIP_0.5-0.9	LINC02180	10.111320706697716
chr16:5240442	447	27	165	-8.72483221476508e-05	0.0403914988814317	0.0604026845637583	0.3691275167785235	0.7783388	PIP_0.5-0.9	RBFOX1	11.839605671311586
chr16:53044447	445	8	89	-0.0001752808988764	0.0436	0.0179775280898876	0.2	0.99987906	PIP>0.9	CHD9NB	10.405362711276371
chr16:5326312	442	9	132	-0.0013099547511312	0.040156108597285	0.0203619909502262	0.2986425339366516	0.99928045	PIP>0.9	NPM1P3	16.904691003671083
chr16:53447226	433	87	200	0.0001039260969976	0.036635103926097	0.2009237875288683	0.4618937644341801	0.01305908	PIP<0.1	AKTIP	12.066287311480115
chr16:5527837	445	37	170	-0.0044134831460674	0.048791011235955	0.0831460674157303	0.3820224719101123	0.05396247	PIP<0.1	LINC01570	11.198388609898863
chr16:55703094	442	4	128	4.298642533936637e-05	0.0475678733031674	0.0090497737556561	0.2895927601809955	0.57442325	PIP_0.5-0.9	ENSG00000278928	19.59289694574508
chr16:56329443	445	16	132	0.0020629213483146	0.0348943820224719	0.0359550561797752	0.2966292134831461	0.998097	PIP>0.9	ENSG00000272372	16.61181640905409
chr16:56869338	450	118	298	0.0100444444444444	0.0744755555555555	0.2622222222222222	0.6622222222222223	1.0	PIP>0.9	SLC12A3	38.22539749496055
chr16:56951103	450	9	108	0.0002155555555555	0.0267133333333333	0.02	0.24	0.79995114	PIP_0.5-0.9	CETP	46.698257898102725
chr16:57083995	449	6	119	-0.0006837416481069	0.0311514476614699	0.0133630289532293	0.2650334075723831	0.9999992	PIP>0.9	CPNE2-DT	41.65340800075632
chr16:58295869	431	25	99	-0.0024686774941995	0.0371972157772621	0.0580046403712296	0.2296983758700696	0.23164922	PIP_0.1-0.5	GINS3	42.61253123330277
chr16:58641789	439	23	107	-0.0006173120728929	0.0286810933940774	0.0523917995444191	0.2437357630979499	0.33330506	PIP_0.1-0.5	CNOT1	36.090164316990666
chr16:58963152	447	45	165	0.0042214765100671	0.0671387024608501	0.1006711409395973	0.3691275167785235	0.9874992	PIP>0.9	Metazoa_SRP	14.854741696309048
chr16:5947303	448	14	130	0.0042165178571428	0.0412075892857142	0.03125	0.2901785714285714	0.9995093	PIP>0.9	ENSG00000280000	14.519811674772544
chr16:62173136	435	4	80	0.0064597701149425	0.0540781609195402	0.0091954022988505	0.1839080459770115	0.23908031	PIP_0.1-0.5	RNU6-21P	18.283299945907547
chr16:63091735	437	10	117	-0.0013089244851258	0.0546681922196796	0.022883295194508	0.2677345537757437	0.10564315	PIP_0.1-0.5	ENSG00000269986	12.862106640049252
chr16:63439596	437	13	104	0.001766590389016	0.0491304347826086	0.0297482837528604	0.2379862700228833	0.1953196	PIP_0.1-0.5	ENSG00000279225	10.608836723976877
chr16:63557887	439	0	52	-0.0049635535307517	0.0510774487471526	0.0	0.1184510250569476	0.7526288	PIP_0.5-0.9	ENSG00000260658	36.62798636458104
chr16:63877530	432	6	101	-0.0014351851851851	0.0557916666666666	0.0138888888888888	0.2337962962962963	0.9941661	PIP>0.9	ENSG00000261653	15.859940716589964
chr16:66693290	433	75	209	0.0033856812933025	0.0259953810623556	0.1732101616628175	0.4826789838337182	0.9966622	PIP>0.9	CMTM4	12.276071874111064
chr16:68468986	434	6	113	0.0039032258064516	0.0320967741935483	0.0138248847926267	0.26036866359447	0.32298195	PIP_0.1-0.5	RPL35AP33	14.241922304013492
chr16:68686146	434	26	129	0.0011428571428571	0.0293824884792626	0.0599078341013824	0.2972350230414746	0.056461036	PIP<0.1	HSPE1P5	22.11501391843059
chr16:6869482	446	34	145	0.0003206278026905	0.0498811659192825	0.0762331838565022	0.3251121076233184	0.9996326	PIP>0.9	RNU6-457P	34.883386704127304
chr16:68825753	440	20	113	0.0028931818181818	0.0373295454545454	0.0454545454545454	0.2568181818181818	0.96708316	PIP>0.9	ENSG00000260798	26.554341540361637
chr16:68856193	431	55	103	-0.0036264501160092	0.0227401392111368	0.1276102088167053	0.2389791183294663	0.20705843	PIP_0.1-0.5	TANGO6	29.57294040599921
chr16:69441849	440	32	181	-0.000140909090909	0.0465545454545454	0.0727272727272727	0.4113636363636364	0.06420654	PIP<0.1	ENSG00000261527	15.089989708937807
chr16:70209476	439	80	99	0.0009589977220956	0.0170273348519362	0.1822323462414578	0.2255125284738041	0.036484003	PIP<0.1	ST3GAL2	14.438234389588589
chr16:7053894	446	22	154	0.0025784753363228	0.0479058295964125	0.0493273542600896	0.3452914798206278	0.17732263	PIP_0.1-0.5	ENSG00000289107	17.851192065372874
chr16:70580080	438	25	100	0.0016095890410958	0.0251027397260274	0.0570776255707762	0.228310502283105	0.8574031	PIP_0.5-0.9	IL34	22.41748336220748
chr16:70841043	439	6	94	0.002127562642369	0.0448564920273348	0.0136674259681093	0.214123006833713	0.7583913	PIP_0.5-0.9	VAC14	19.34180128221985
chr16:73362471	444	6	106	-0.0016576576576576	0.0368558558558558	0.0135135135135135	0.2387387387387387	0.8495238	PIP_0.5-0.9	LINC01568	20.85280531648028
chr16:7375719	445	9	111	0.0018606741573033	0.0436629213483146	0.0202247191011235	0.249438202247191	0.18051374	PIP_0.1-0.5	ENSG00000283584	15.432707713386844
chr16:7405944	447	6	135	-0.0055816554809843	0.0409910514541387	0.0134228187919463	0.3020134228187919	0.99857146	PIP>0.9	ENSG00000283584	17.69678200140746
chr16:74393621	434	20	163	-0.0017465437788018	0.0306313364055299	0.0460829493087557	0.3755760368663594	0.66150457	PIP_0.5-0.9	ENSG00000276822	25.49575849432167
chr16:75219072	440	41	154	0.002125	0.0521113636363636	0.0931818181818181	0.35	0.9982772	PIP>0.9	CTRB1	33.0929556096893
chr16:76009282	449	2	61	-0.0024454342984409	0.0458396436525612	0.0044543429844097	0.1358574610244989	0.023404658	PIP<0.1	ENSG00000260223	14.262359434426692
chr16:76458006	436	8	117	-0.0013990825688073	0.0392201834862385	0.018348623853211	0.268348623853211	0.51920795	PIP_0.5-0.9	SNORD33	15.386339158691616
chr16:76515177	443	24	158	-0.0004040632054176	0.0596546275395033	0.0541760722347629	0.3566591422121896	0.999651	PIP>0.9	SNORD33	28.148618299022303
chr16:77661853	443	4	88	0.0025575620767494	0.0356230248306997	0.0090293453724604	0.1986455981941309	0.99999994	PIP>0.9	ENSG00000278862	48.163750089638754
chr16:78059174	444	16	130	0.0012995495495495	0.0335923423423423	0.036036036036036	0.2927927927927928	0.89385456	PIP_0.5-0.9	ENSG00000261540	18.01003104953615
chr16:78274500	445	67	157	0.003505617977528	0.038552808988764	0.1505617977528089	0.3528089887640449	1.0	PIP>0.9	ENSG00000287106	33.46673280475928
chr16:7827678	445	11	128	0.0006943820224719	0.0496426966292134	0.0247191011235955	0.2876404494382023	0.8437338	PIP_0.5-0.9	ENSG00000252138	15.926961509419655
chr16:78568934	446	30	160	0.0019439461883408	0.0482937219730941	0.0672645739910313	0.358744394618834	0.9299476	PIP>0.9	ENSG00000279129	17.32527965325397
chr16:78798552	444	29	113	0.0009189189189189	0.0392117117117117	0.0653153153153153	0.2545045045045045	0.91447884	PIP>0.9	ENSG00000286894	19.09492138336449
chr16:78977564	447	21	146	0.0025369127516778	0.038979865771812	0.046979865771812	0.3266219239373601	0.9904095	PIP>0.9	ENSG00000279732	10.648869374181483
chr16:79326554	445	15	174	-0.0003573033707865	0.0543573033707865	0.0337078651685393	0.3910112359550561	0.9802054	PIP>0.9	RNA5SP431	24.505108656762705
chr16:79948852	442	5	90	-0.0028438914027149	0.0533868778280543	0.0113122171945701	0.2036199095022624	0.013044715	PIP<0.1	ENSG00000260237	12.253984259018203
chr16:80326197	448	9	124	0.002328125	0.0519129464285714	0.0200892857142857	0.2767857142857143	0.21141994	PIP_0.1-0.5	ENSG00000261376	14.461316269375928
chr16:80732287	440	47	152	0.0003227272727272	0.0610590909090909	0.1068181818181818	0.3454545454545454	1.0	PIP>0.9	ENSG00000260594	33.157865254214954
chr16:81242660	447	49	181	-0.0008434004474272	0.0388926174496644	0.1096196868008948	0.4049217002237136	0.007125199	PIP<0.1	BCO1	12.94831373208136
chr16:81822567	449	5	170	-0.0034610244988864	0.0367839643652561	0.0111358574610244	0.3786191536748329	0.99841815	PIP>0.9	PLCG2	14.822215871110462
chr16:83585254	449	11	143	0.0011893095768374	0.0359020044543429	0.0244988864142538	0.3184855233853007	0.9999987	PIP>0.9	MIR3182	24.790613778796263
chr16:83609597	448	9	94	0.0005848214285714	0.0492767857142857	0.0200892857142857	0.2098214285714285	0.9955959	PIP>0.9	ENSG00000261103	11.242215382547933
chr16:83712998	443	19	124	0.001706546275395	0.040785553047404	0.0428893905191873	0.2799097065462754	0.75208586	PIP_0.5-0.9	ENSG00000288554	23.637806601068387
chr16:8395111	444	7	116	0.0053378378378378	0.0402117117117117	0.0157657657657657	0.2612612612612612	0.19737786	PIP_0.1-0.5	ENSG00000259819	17.334014403427492
chr16:85534966	450	34	179	-0.0007422222222222	0.0333733333333333	0.0755555555555555	0.3977777777777778	1.0	PIP>0.9	ENSG00000270124	25.047411409811
chr16:86060020	449	22	146	-0.0009732739420935	0.0320066815144766	0.0489977728285077	0.3251670378619153	0.9978283	PIP>0.9	ENSG00000279604	10.36628144421761
chr16:86851452	445	6	102	0.0003101123595505	0.0341617977528089	0.0134831460674157	0.2292134831460674	0.99622643	PIP>0.9	ENSG00000287161	38.95985676095504
chr16:87873276	447	31	190	0.001248322147651	0.0326532438478747	0.0693512304250559	0.4250559284116331	0.32437867	PIP_0.1-0.5	SLC7A5	18.60447559565113
chr16:88113696	450	108	274	-0.0013355555555555	0.0528955555555555	0.24	0.6088888888888889	0.75507915	PIP_0.5-0.9	ENSG00000205037	19.05331091286364
chr16:88792416	448	75	280	-0.0022924107142857	0.0669888392857143	0.1674107142857142	0.625	0.013904154	PIP<0.1	PIEZO1	11.44231697619342
chr16:88902995	450	78	184	0.0036177777777777	0.0244133333333333	0.1733333333333333	0.4088888888888889	0.12953347	PIP_0.1-0.5	ENSG00000259881	12.18813315349677
chr16:89187723	448	40	147	0.0019709821428571	0.0238549107142857	0.0892857142857142	0.328125	0.95443857	PIP>0.9	SLC22A31	18.34692461251066
chr16:89761022	437	23	203	0.0010137299771167	0.0450183066361556	0.0526315789473684	0.4645308924485126	0.004496038	PIP<0.1	VPS9D1	10.564859801570089
chr16:907503	450	116	203	0.0015066666666666	0.0240133333333333	0.2577777777777778	0.4511111111111111	0.8497172	PIP_0.5-0.9	ENSG00000260316	10.32244645764491
chr16:9187730	444	8	113	-0.0002117117117117	0.0397972972972973	0.018018018018018	0.2545045045045045	0.908551	PIP>0.9	RPL21P119	12.53109753430745
chr16:9233710	443	8	97	0.0003318284424379	0.0437404063205417	0.0180586907449209	0.218961625282167	0.03683704	PIP<0.1	RPL21P119	47.998186184679135
chr16:935520	445	81	208	-0.0012134831460674	0.0356269662921348	0.1820224719101123	0.4674157303370786	0.014001191	PIP<0.1	ENSG00000276931	39.96531511610072
chr17:10005300	447	100	185	-0.0016442953020134	0.0290581655480984	0.2237136465324384	0.4138702460850111	0.5478219	PIP_0.5-0.9	RCVRN	12.84485254173467
chr17:10108768	447	59	177	-0.0027919463087248	0.0307740492170022	0.1319910514541387	0.3959731543624161	1.0	PIP>0.9	GAS7	30.497490016592444
chr17:11931402	439	37	140	-0.0022870159453302	0.030760820045558	0.0842824601366742	0.3189066059225512	0.62279266	PIP_0.5-0.9	ENSG00000266368	31.24527943889557
chr17:12466903	441	25	135	0.0025850340136054	0.0479818594104308	0.0566893424036281	0.3061224489795918	0.082704544	PIP<0.1	ENSG00000286617	12.288258550959297
chr17:12893079	444	52	197	0.0042792792792792	0.0647432432432432	0.1171171171171171	0.4436936936936937	0.88829136	PIP_0.5-0.9	MIR1269B	42.62823099554944
chr17:13743756	448	3	87	0.0015446428571428	0.0442366071428571	0.0066964285714285	0.1941964285714285	0.11612135	PIP_0.1-0.5	HS3ST3A1	13.506342136463582
chr17:14184954	443	29	77	0.0012911963882618	0.0311060948081264	0.0654627539503386	0.1738148984198645	0.2993009	PIP_0.1-0.5	SNORA74	45.74276939748388
chr17:15342980	442	41	166	-0.0070316742081447	0.0595384615384615	0.0927601809954751	0.3755656108597285	0.24445093	PIP_0.1-0.5	TEKT3	33.51618341209731
chr17:15503837	444	132	216	-0.0020788288288288	0.0294481981981982	0.2972972972972973	0.4864864864864865	0.007327795	PIP<0.1	PPIAP53	14.112455605987156
chr17:16164926	438	59	114	0.0004086757990867	0.0250981735159817	0.1347031963470319	0.2602739726027397	0.0066484213	PIP<0.1	RPL22P21	26.5994537523938
chr17:18843909	441	30	115	-0.0010566893424036	0.0302721088435374	0.0680272108843537	0.2607709750566893	0.1980862	PIP_0.1-0.5	ENSG00000250111	17.270641040195198
chr17:18960972	449	18	191	6.458797327394227e-05	0.0365412026726058	0.0400890868596882	0.4253897550111358	0.51982737	PIP_0.5-0.9	ENSG00000196893	18.871075872152755
chr17:19469000	437	39	126	0.0008398169336384	0.0253935926773455	0.0892448512585812	0.2883295194508009	1.0	PIP>0.9	SNORD3D	17.43714843721418
chr17:19559878	446	55	158	0.0029798206278026	0.0333251121076233	0.1233183856502242	0.3542600896860987	0.9349328	PIP>0.9	SNORA59B	44.04596680905375
chr17:19581437	449	30	143	-1.55902004454343e-05	0.0316236080178173	0.066815144766147	0.3184855233853007	0.9992269	PIP>0.9	ENSG00000263107	20.602503350577702
chr17:21095301	442	5	135	-0.0015791855203619	0.0309411764705882	0.0113122171945701	0.3054298642533937	0.5012966	PIP_0.5-0.9	DHRS7B	19.657925651414256
chr17:21393506	447	38	149	-0.0003445190156599	0.034903803131991	0.0850111856823266	0.3333333333333333	0.50609297	PIP_0.5-0.9	KCNJ12	13.385916518921116
chr17:21746378	452	30	190	0.0093230088495575	0.0411415929203539	0.0663716814159292	0.4203539823008849	0.9264945	PIP>0.9	ENSG00000283566	37.42125176807638
chr17:22509249	439	18	136	0.0008587699316628	0.0453553530751708	0.041002277904328	0.3097949886104784	0.4403308	PIP_0.1-0.5	MTND6P35	33.378908715753866
chr17:2531491	442	54	138	-0.0014162895927601	0.0191674208144796	0.1221719457013574	0.3122171945701357	0.99992406	PIP>0.9	METTL16	37.38310114352372
chr17:29690073	431	80	105	-0.001691415313225	0.0246426914153132	0.185614849187935	0.2436194895591647	0.00820905	PIP<0.1	RPL21P123	9.934014977847452
chr17:31319128	430	1	72	0.0039302325581395	0.0369162790697674	0.0023255813953488	0.1674418604651162	0.019009769	PIP<0.1	EVI2B	11.60704172300858
chr17:32280913	446	8	138	-0.0005807174887892	0.0291457399103139	0.0179372197309417	0.3094170403587444	0.99876153	PIP>0.9	ENSG00000263674	22.100077828087723
chr17:33265741	447	8	124	0.0020961968680089	0.0484586129753915	0.017897091722595	0.2774049217002237	0.147434	PIP_0.1-0.5	ENSG00000266535	29.71263976926128
chr17:33749859	441	5	75	-0.0001927437641723	0.0316394557823129	0.0113378684807256	0.1700680272108843	0.8083849	PIP_0.5-0.9	ENSG00000283417	17.292148510568097
chr17:33945591	443	8	105	-0.0034424379232505	0.04955079006772	0.0180586907449209	0.237020316027088	0.9994376	PIP>0.9	ENSG00000263435	26.196547877061946
chr17:3407419	445	12	128	-0.0027707865168539	0.0454988764044943	0.0269662921348314	0.2876404494382023	0.92603827	PIP>0.9	OR3A3	36.08627513360533
chr17:34172256	447	2	86	0.0041208053691275	0.0499642058165548	0.0044742729306487	0.192393736017897	0.99962735	PIP>0.9	ASIC2	13.745430465162842
chr17:38504656	447	23	134	-0.005082774049217	0.0440357941834451	0.0514541387024608	0.2997762863534675	0.99876577	PIP>0.9	ENSG00000276170	14.795366210430988
chr17:3851430	448	66	159	0.0017142857142857	0.0188839285714285	0.1473214285714285	0.3549107142857143	0.94541806	PIP>0.9	NCBP3	16.71325624047541
chr17:40929040	443	10	108	0.0030564334085778	0.0383566591422121	0.0225733634311512	0.2437923250564334	0.18422031	PIP_0.1-0.5	KRT23	12.30727128446672
chr17:41316494	442	20	111	-0.0011176470588235	0.0476968325791855	0.0452488687782805	0.251131221719457	0.09834689	PIP<0.1	TBC1D3P7	15.307455836346326
chr17:41824012	439	69	120	-0.0013576309794988	0.0200182232346241	0.1571753986332574	0.2733485193621868	0.010326505	PIP<0.1	KLHL10	18.563782620062657
chr17:43103117	438	78	103	0.0021164383561643	0.0180159817351598	0.1780821917808219	0.2351598173515981	0.014465988	PIP<0.1	ENSG00000279602	30.424596834491812
chr17:43902978	437	21	159	-0.0021922196796338	0.0384256292906178	0.0480549199084668	0.3638443935926773	0.48699707	PIP_0.1-0.5	MPP2	39.69523374681604
chr17:43951041	439	100	251	-0.0012072892938496	0.0491890660592255	0.2277904328018223	0.571753986332574	0.8224133	PIP_0.5-0.9	PPY	15.802535730013965
chr17:43986557	439	16	130	-0.0020387243735763	0.0327038724373576	0.0364464692482915	0.296127562642369	0.9532365	PIP>0.9	PYY	40.37456106222125
chr17:44199548	436	54	192	-0.0007844036697247	0.0239770642201834	0.1238532110091743	0.4403669724770642	0.9978702	PIP>0.9	ATXN7L3	11.150540119959503
chr17:44656049	444	117	292	-0.0044662162162162	0.0507364864864864	0.2635135135135135	0.6576576576576577	0.041597486	PIP<0.1	MEIOC	29.735434399252654
chr17:4516795	449	30	161	0.001305122494432	0.0292160356347438	0.066815144766147	0.3585746102449889	0.9162357	PIP>0.9	SPNS2-AS1	10.347287079567296
chr17:45859104	447	27	136	-5.369127516778525e-05	0.0373512304250559	0.0604026845637583	0.3042505592841163	0.95973164	PIP>0.9	SPPL2C	19.119997767361067
chr17:49490478	447	6	125	0.0004944071588366	0.0331297539149888	0.0134228187919463	0.2796420581655481	0.9999992	PIP>0.9	NGFR	34.02346915254656
chr17:50055805	449	37	225	-3.1180400890868905e-05	0.0297060133630289	0.0824053452115812	0.5011135857461024	0.90881765	PIP>0.9	ENSG00000276851	24.47662773385699
chr17:50484926	441	32	114	0.0023718820861678	0.0315510204081632	0.0725623582766439	0.2585034013605442	0.036465406	PIP<0.1	MYCBPAP	20.850287702466424
chr17:50508501	446	34	233	-0.0027757847533632	0.0514708520179372	0.0762331838565022	0.5224215246636771	0.9590827	PIP>0.9	MYCBPAP	11.054414288944836
chr17:52727860	424	2	91	-0.0013349056603773	0.0454905660377358	0.0047169811320754	0.2146226415094339	0.13132674	PIP_0.1-0.5	LINC02089	29.314489432815968
chr17:55406874	444	53	114	1.5765765765765677e-05	0.0259617117117117	0.1193693693693693	0.2567567567567567	0.2691393	PIP_0.1-0.5	MMD	13.2998568752938
chr17:55488844	447	43	121	-0.0001677852348993	0.0285838926174496	0.0961968680089485	0.2706935123042505	0.08420241	PIP<0.1	SMIM36	10.561154158927373
chr17:55802982	432	9	73	0.0008194444444444	0.0635972222222222	0.0208333333333333	0.1689814814814814	0.11742985	PIP_0.1-0.5	ENSG00000262052	16.95736333297299
chr17:60585894	428	7	83	0.0022289719626168	0.0382943925233644	0.0163551401869158	0.1939252336448598	0.72244495	PIP_0.5-0.9	PPM1D	17.055226478650816
chr17:6099319	446	14	122	0.0002533632286995	0.0383430493273542	0.0313901345291479	0.273542600896861	0.6322389	PIP_0.5-0.9	WSCD1	22.97892941053257
chr17:61262562	441	53	107	0.0022879818594104	0.0363378684807256	0.1201814058956916	0.2426303854875283	1.0	PIP>0.9	ENSG00000273982	22.178117098299094
chr17:6132159	446	20	137	0.0022130044843049	0.0381905829596412	0.0448430493273542	0.3071748878923767	0.15225601	PIP_0.1-0.5	ENSG00000262231	28.61399874265825
chr17:61588660	447	21	122	0.0006017897091722	0.0319351230425056	0.046979865771812	0.2729306487695749	0.018624425	PIP<0.1	NACA2	11.80760416725176
chr17:62355780	444	9	112	-0.0022657657657657	0.0427792792792792	0.0202702702702702	0.2522522522522522	0.2041201	PIP_0.1-0.5	EFCAB3	10.1066852171909
chr17:64171595	434	46	97	0.0006013824884792	0.0249193548387096	0.1059907834101382	0.2235023041474654	0.020176351	PIP<0.1	SNORA50C	38.43450410303303
chr17:65695715	439	19	139	0.002132118451025	0.0429020501138952	0.0432801822323462	0.316628701594533	0.26862776	PIP_0.1-0.5	ENSG00000270870	33.88267644942907
chr17:66538864	446	45	181	0.0012556053811659	0.0422914798206278	0.100896860986547	0.405829596412556	0.79611474	PIP_0.5-0.9	ENSG00000289587	17.66593770759448
chr17:66676591	435	38	145	0.000903448275862	0.0382735632183908	0.0873563218390804	0.3333333333333333	0.16776806	PIP_0.1-0.5	ENSG00000229330	16.791418168557783
chr17:67573974	447	77	198	0.0063020134228187	0.0513131991051454	0.1722595078299776	0.4429530201342282	0.4864239	PIP_0.1-0.5	ENSG00000279917	11.423981929193058
chr17:68800152	446	19	125	0.0001547085201793	0.0372578475336322	0.0426008968609865	0.2802690582959641	0.019266188	PIP<0.1	ENSG00000267250	32.428951398467
chr17:69526702	448	87	147	0.002734375	0.0256138392857142	0.1941964285714285	0.328125	0.13394976	PIP_0.1-0.5	ENSG00000267653	28.88056453058045
chr17:70041610	443	1	98	0.003882618510158	0.0454176072234763	0.0022573363431151	0.2212189616252821	0.20621192	PIP_0.1-0.5	LINC01028	12.103273246491222
chr17:70222085	445	4	94	0.0027573033707865	0.0465865168539325	0.0089887640449438	0.2112359550561797	0.689146	PIP_0.5-0.9	CALM2P1	23.636126910343624
chr17:70796738	443	12	126	0.0024604966139954	0.0523295711060948	0.0270880361173814	0.2844243792325056	0.03301269	PIP<0.1	ENSG00000271239	20.899612462374552
chr17:70937691	437	9	110	-0.0015583524027459	0.0436361556064073	0.0205949656750572	0.2517162471395881	0.70150596	PIP_0.5-0.9	ENSG00000271101	11.730188762859337
chr17:72523677	449	28	133	0.0004342984409799	0.0337126948775055	0.0623608017817371	0.2962138084632517	0.9057083	PIP>0.9	ENSG00000263680	17.06986388167666
chr17:72545791	445	10	122	0.0039483146067415	0.033229213483146	0.0224719101123595	0.2741573033707865	1.0	PIP>0.9	RPL32P33	15.844592922325266
chr17:72556179	449	4	99	-0.0007037861915367	0.0250378619153674	0.0089086859688195	0.220489977728285	0.80858266	PIP_0.5-0.9	RPL32P33	14.870883309217737
chr17:7266037	440	22	131	-0.0006386363636363	0.0294204545454545	0.05	0.2977272727272727	0.3184111	PIP_0.1-0.5	DVL2	11.458335813480767
chr17:73270303	445	53	120	-0.0038853932584269	0.0199887640449438	0.1191011235955056	0.2696629213483146	0.9994754	PIP>0.9	CPSF4L	11.377697228495624
chr17:73503745	448	35	173	-0.0027299107142857	0.0455022321428571	0.078125	0.3861607142857143	0.7234708	PIP_0.5-0.9	ENSG00000264985	25.09962314035049
chr17:73579475	441	44	176	0.006297052154195	0.0461972789115646	0.0997732426303854	0.3990929705215419	0.99995905	PIP>0.9	ENSG00000264750	42.72302441487748
chr17:73612204	445	13	140	0.0061483146067415	0.033276404494382	0.0292134831460674	0.3146067415730337	0.81760865	PIP_0.5-0.9	ENSG00000264750	11.172312889814808
chr17:74251971	446	105	207	0.0008923766816143	0.037457399103139	0.2354260089686098	0.4641255605381166	0.06356579	PIP<0.1	ENSG00000264272	22.861564970666723
chr17:74333799	449	26	143	-0.0020200445434298	0.0450311804008908	0.0579064587973273	0.3184855233853007	0.6205379	PIP_0.5-0.9	KIF19	15.833599986285918
chr17:75551978	448	47	142	-0.0010758928571428	0.02828125	0.1049107142857142	0.3169642857142857	0.1731906	PIP_0.1-0.5	LLGL2	33.848521372734155
chr17:75839128	436	113	156	0.0015022935779816	0.0170619266055045	0.2591743119266055	0.3577981651376147	0.13571835	PIP_0.1-0.5	UNC13D	10.224155169713496
chr17:77012495	450	17	120	-0.0005666666666666	0.0370911111111111	0.0377777777777777	0.2666666666666666	0.66653425	PIP_0.5-0.9	Metazoa_SRP	14.15789606032058
chr17:77556885	450	9	118	0.0022888888888888	0.0302933333333333	0.02	0.2622222222222222	1.0	PIP>0.9	ENSG00000267466	17.61175632703126
chr17:77612940	449	11	129	-0.0002338530066815	0.0383363028953229	0.0244988864142538	0.2873051224944321	0.99994713	PIP>0.9	ENSG00000285535	19.716930013555483
chr17:77664196	449	3	103	0.0020846325167037	0.0285167037861915	0.0066815144766146	0.2293986636971046	0.58821934	PIP_0.5-0.9	LINC01987	10.472278265178126
chr17:79151609	450	64	224	0.0019622222222222	0.04414	0.1422222222222222	0.4977777777777777	0.7401135	PIP_0.5-0.9	ENSG00000266711	31.45274512208643
chr17:80651953	447	78	118	-0.0018456375838926	0.0175011185682326	0.174496644295302	0.2639821029082774	0.7676791	PIP_0.5-0.9	RPL31P7	38.24736749381243
chr17:80677355	446	57	211	0.0008228699551569	0.0455358744394618	0.1278026905829596	0.4730941704035874	0.056941748	PIP<0.1	RPL31P7	30.933887631258347
chr17:80839948	448	191	193	0.0006205357142857	0.0140446428571428	0.4263392857142857	0.4308035714285714	0.54853135	PIP_0.5-0.9	ENSG00000287403	12.662850055738753
chr17:82025091	441	91	170	0.0021224489795918	0.0203854875283446	0.2063492063492063	0.3854875283446712	0.5672381	PIP_0.5-0.9	CENPX	10.695108178342773
chr17:8695751	440	64	213	-0.00195	0.0515863636363636	0.1454545454545454	0.484090909090909	0.9969205	PIP>0.9	CCDC42	10.925054647497369
chr17:9900769	447	9	177	-0.0006196868008948	0.0357829977628635	0.0201342281879194	0.3959731543624161	0.578987	PIP_0.5-0.9	RCVRN	10.710642280871236
chr17:9949494	448	53	177	-0.0023816964285714	0.0417209821428571	0.1183035714285714	0.3950892857142857	0.32666707	PIP_0.1-0.5	RCVRN	14.988057557747716
chr18:10993405	440	44	130	0.0017318181818181	0.0382545454545454	0.1	0.2954545454545454	0.021037936	PIP<0.1	ENSG00000263952	15.863846742628668
chr18:11432605	441	24	100	-0.0028321995464852	0.036750566893424	0.0544217687074829	0.2267573696145124	0.9999998	PIP>0.9	LINC01928	37.4862686543872
chr18:11919234	446	66	159	0.0012488789237668	0.0333789237668161	0.147982062780269	0.3565022421524663	0.99990886	PIP>0.9	ENSG00000267079	13.975045901632834
chr18:12079941	441	32	143	0.0015124716553287	0.0379433106575963	0.0725623582766439	0.3242630385487528	0.49120736	PIP_0.1-0.5	SDHDP1	22.567385948045157
chr18:12556309	435	67	183	-0.0018781609195402	0.0272988505747126	0.1540229885057471	0.4206896551724138	0.013085067	PIP<0.1	PSMG2	18.98116274578315
chr18:14339955	444	6	106	0.0001036036036036	0.05	0.0135135135135135	0.2387387387387387	0.7982001	PIP_0.5-0.9	CYP4F35P	13.235011692877285
chr18:1756275	449	4	141	-0.0052694877505567	0.0711893095768374	0.0089086859688195	0.3140311804008908	0.0128496885	PIP<0.1	ENSG00000264080	17.308572582082757
chr18:1957334	447	5	103	0.0006823266219239	0.0537561521252796	0.0111856823266219	0.2304250559284116	0.088484764	PIP<0.1	AIDAP3	22.717668383083332
chr18:2027422	446	6	95	-0.0027645739910313	0.0633520179372197	0.0134529147982062	0.2130044843049327	0.302415	PIP_0.1-0.5	AIDAP3	10.62851535678806
chr18:20821807	258	28	76	0.0033488372093023	0.0662170542635658	0.1085271317829457	0.2945736434108527	0.9842127	PIP>0.9	ROCK1	13.42357174647046
chr18:22272397	439	6	101	0.0024578587699316	0.0436378132118451	0.0136674259681093	0.2300683371298405	0.98885626	PIP>0.9	ENSG00000264825	40.641095052234725
chr18:22488628	439	2	63	0.0001640091116173	0.0447107061503416	0.0045558086560364	0.143507972665148	0.9509603	PIP>0.9	ATP7BP1	21.59541513196043
chr18:2402345	448	22	144	-0.0021629464285714	0.0414709821428571	0.0491071428571428	0.3214285714285714	0.9844991	PIP>0.9	ENSG00000263745	15.252982089658612
chr18:24701663	435	8	105	-0.0014229885057471	0.0438413793103448	0.0183908045977011	0.2413793103448276	0.037163794	PIP<0.1	PPIAP57	41.56310523556863
chr18:2501542	448	11	101	-0.0025334821428571	0.0425558035714285	0.0245535714285714	0.2254464285714285	0.78833807	PIP_0.5-0.9	ENSG00000286975	14.203793311744514
chr18:26722296	442	2	77	-0.0006900452488687	0.0402963800904977	0.004524886877828	0.17420814479638	0.6230415	PIP_0.5-0.9	PCAT18	15.078535993595624
chr18:26997454	435	11	109	0.0040390804597701	0.052567816091954	0.025287356321839	0.2505747126436781	0.012547791	PIP<0.1	ATP6V1E1P2	13.786421688695429
chr18:27133654	450	10	111	-0.0001533333333333	0.0617755555555555	0.0222222222222222	0.2466666666666666	0.05919367	PIP<0.1	CHST9	13.201986427008102
chr18:28554157	430	5	92	0.0017255813953488	0.0567581395348837	0.0116279069767441	0.213953488372093	0.91354024	PIP>0.9	ENSG00000265994	46.93327202779676
chr18:28843029	434	0	68	-0.0045852534562211	0.0542073732718894	0.0	0.1566820276497695	0.01481545	PIP<0.1	ENSG00000271238	41.86728358276351
chr18:29154053	441	9	81	0.0036507936507936	0.0491065759637188	0.0204081632653061	0.1836734693877551	0.39370465	PIP_0.1-0.5	RNU6-408P	28.164385718535364
chr18:29665874	439	8	97	0.0004920273348519	0.065002277904328	0.0182232346241457	0.2209567198177676	0.9204067	PIP>0.9	ENSG00000287803	14.882734174622096
chr18:29990069	437	4	71	0.0022654462242562	0.0556887871853546	0.0091533180778032	0.1624713958810068	0.3310436	PIP_0.1-0.5	ENSG00000286605	30.5094304505844
chr18:31005593	445	18	96	-2.921348314606713e-05	0.0528606741573033	0.0404494382022471	0.2157303370786517	0.05930215	PIP<0.1	RNU6-857P	11.571330099540017
chr18:32727479	420	5	81	0.0036547619047619	0.0491119047619047	0.0119047619047619	0.1928571428571428	0.04807794	PIP<0.1	ENSG00000228835	15.049646080804015
chr18:33681837	424	33	148	-0.0112617924528301	0.0799221698113207	0.0778301886792452	0.3490566037735849	0.25537223	PIP_0.1-0.5	ASXL3	15.886979703111791
chr18:33784080	431	17	118	-0.0003944315545243	0.0429466357308584	0.0394431554524361	0.2737819025522042	0.4353665	PIP_0.1-0.5	Y_RNA	15.888542733922122
chr18:33789383	434	4	77	-0.001200460829493	0.0497350230414746	0.0092165898617511	0.1774193548387097	0.020624459	PIP<0.1	ASXL3	26.724729185385783
chr18:36077243	439	86	133	0.0017722095671981	0.0188519362186788	0.1958997722095672	0.3029612756264236	0.1590342	PIP_0.1-0.5	RPRD1A	10.32885440101978
chr18:37335641	438	17	127	4.56621004566211e-05	0.0362054794520548	0.0388127853881278	0.2899543378995434	1.0	PIP>0.9	ENSG00000279678	14.920752514436584
chr18:3801393	442	41	159	-0.0022420814479638	0.0444954751131221	0.0927601809954751	0.3597285067873303	0.8352447	PIP_0.5-0.9	ENSG00000266513	18.108907299875035
chr18:38193946	429	16	92	0.003011655011655	0.0542750582750582	0.0372960372960372	0.2144522144522144	0.121453345	PIP_0.1-0.5	ENSG00000286716	26.24514387513169
chr18:38866882	416	8	94	0.0002668269230769	0.051420673076923	0.0192307692307692	0.2259615384615384	0.98316425	PIP>0.9	RN7SKP182	21.507084386944207
chr18:40820366	427	5	69	0.0033208430913348	0.0559906323185011	0.0117096018735363	0.1615925058548009	0.0057119727	PIP<0.1	ENSG00000286328	9.947138830549756
chr18:42455814	430	0	49	0.0056906976744186	0.0556813953488372	0.0	0.113953488372093	0.14977592	PIP_0.1-0.5	RNA5SP454	22.860117488955407
chr18:43090838	432	9	102	-0.0033055555555555	0.0598194444444444	0.0208333333333333	0.2361111111111111	0.5	PIP_0.5-0.9	RIT2	34.84015027677272
chr18:4327880	442	4	108	0.0001425339366515	0.0576583710407239	0.0090497737556561	0.2443438914027149	0.25355494	PIP_0.1-0.5	DLGAP1-AS5	16.03038524600507
chr18:43807255	437	10	107	0.005162471395881	0.0568237986270022	0.022883295194508	0.2448512585812357	0.8855133	PIP_0.5-0.9	ENSG00000267716	14.741559017831824
chr18:4440867	448	32	122	-0.0010066964285714	0.0417566964285714	0.0714285714285714	0.2723214285714285	0.9629211	PIP>0.9	ENSG00000264246	29.387440159829566
chr18:4447184	448	7	106	-0.0025044642857142	0.0593258928571428	0.015625	0.2366071428571428	0.2748108	PIP_0.1-0.5	DLGAP1	25.667346135836723
chr18:45840315	438	31	137	0.0001050228310502	0.0305570776255707	0.0707762557077625	0.3127853881278539	0.55258536	PIP_0.5-0.9	SIGLEC15	10.211038148611117
chr18:48657366	436	39	162	-0.0030711009174311	0.0437821100917431	0.0894495412844036	0.3715596330275229	0.58648163	PIP_0.5-0.9	MIR4743	12.575201913182337
chr18:49619929	444	11	174	-0.0033918918918918	0.0481261261261261	0.0247747747747747	0.3918918918918919	1.0	PIP>0.9	SMUG1P1	34.70928156529337
chr18:4985242	441	26	143	0.003172335600907	0.0538072562358276	0.0589569160997732	0.3242630385487528	0.9174867	PIP>0.9	PPIAP14	24.873863842327715
chr18:50755106	444	0	86	9.23423423423423e-05	0.0470022522522522	0.0	0.1936936936936936	0.9997268	PIP>0.9	HNRNPA3P16	23.156339008180257
chr18:5138142	444	5	111	-0.001331081081081	0.0490022522522522	0.0112612612612612	0.25	0.8189348	PIP_0.5-0.9	BOD1P2	12.007795409631877
chr18:5439360	442	16	106	0.0018212669683257	0.0341696832579185	0.0361990950226244	0.2398190045248869	0.25126338	PIP_0.1-0.5	ENSG00000265316	10.021273021501228
chr18:57398128	440	2	72	-1.818181818181823e-05	0.0538227272727272	0.0045454545454545	0.1636363636363636	1.0	PIP>0.9	ENSG00000277837	24.82423909988874
chr18:5823335	444	1	83	-0.0041328828828828	0.0480743243243243	0.0022522522522522	0.1869369369369369	0.026755929	PIP<0.1	MIR3976	13.588519595001932
chr18:59512991	441	22	183	-0.0018775510204081	0.0486439909297052	0.0498866213151927	0.4149659863945578	0.87306917	PIP_0.5-0.9	ENSG00000267061	12.46819242926769
chr18:5953182	448	50	176	0.0010625	0.0558571428571428	0.1116071428571428	0.3928571428571428	0.045594335	PIP<0.1	ENSG00000265487	35.04606963815884
chr18:60992665	439	8	76	-0.0007653758542141	0.0393211845102505	0.0182232346241457	0.1731207289293849	0.11685681	PIP_0.1-0.5	ENSG00000267098	10.46579185055751
chr18:63454046	446	15	91	-0.0015560538116591	0.0290089686098654	0.0336322869955156	0.2040358744394619	0.69393045	PIP_0.5-0.9	SERPINB5	23.50291053787371
chr18:6478203	449	26	145	0.0013763919821826	0.0545077951002227	0.0579064587973273	0.3229398663697104	0.72721714	PIP_0.5-0.9	ENSG00000266065	18.22779252789819
chr18:65426849	443	8	116	0.0016952595936794	0.0514108352144469	0.0180586907449209	0.2618510158013544	1.0	PIP>0.9	LINC01916	43.76925882773178
chr18:67294625	348	4	87	0.0010258620689655	0.0403189655172413	0.0114942528735632	0.25	0.98700655	PIP>0.9	ENSG00000265936	10.823366799193495
chr18:68515054	449	14	96	0.0003830734966592	0.0399109131403118	0.0311804008908685	0.2138084632516703	1.0	PIP>0.9	MTL3P	20.128865440180643
chr18:6906727	442	38	131	0.0003529411764705	0.0421447963800905	0.085972850678733	0.2963800904977375	0.997571	PIP>0.9	SCML2P1	21.80752918671049
chr18:69689437	447	6	65	-0.0014205816554809	0.0435995525727069	0.0134228187919463	0.145413870246085	0.267155	PIP_0.1-0.5	ENSG00000279221	49.55036951079194
chr18:69706340	443	11	97	0.0030767494356659	0.0366975169300225	0.0248306997742663	0.218961625282167	0.8561039	PIP_0.5-0.9	ENSG00000266840	20.29980574149325
chr18:71661200	450	21	158	-0.0005244444444444	0.0496755555555555	0.0466666666666666	0.3511111111111111	0.121468484	PIP_0.1-0.5	ENSG00000265946	11.646656614916012
chr18:71764367	437	14	120	0.0012883295194508	0.0502448512585812	0.0320366132723112	0.2745995423340961	0.05129105	PIP<0.1	LINC01899	19.298201145351516
chr18:71977737	443	19	128	0.000627539503386	0.049823927765237	0.0428893905191873	0.2889390519187358	1.0	PIP>0.9	ENSG00000265995	46.32889563037144
chr18:74050174	442	20	127	6.108597285067857e-05	0.0485	0.0452488687782805	0.2873303167420814	0.009316087	PIP<0.1	TIMM21	14.314270203137356
chr18:74146730	438	58	173	-0.0028424657534246	0.0196004566210045	0.1324200913242009	0.3949771689497717	0.04490602	PIP<0.1	TIMM21	16.55446589143454
chr18:75789462	443	13	95	-0.003451467268623	0.0470541760722347	0.0293453724604966	0.2144469525959368	0.084409535	PIP<0.1	ENSG00000266460	12.858229089646397
chr18:76621290	451	18	165	-0.0005964523281596	0.0415631929046563	0.0399113082039911	0.3658536585365853	0.85291207	PIP_0.5-0.9	ENSG00000286090	12.21892734275307
chr18:7662307	441	7	112	0.0001791383219954	0.0459795918367346	0.0158730158730158	0.2539682539682539	0.5752011	PIP_0.5-0.9	ENSG00000266767	11.548531857395671
chr18:76700029	445	41	148	-0.0023977528089887	0.0295123595505618	0.0921348314606741	0.3325842696629214	0.8922519	PIP_0.5-0.9	ARL2BPP1	40.393028087061495
chr18:77081714	451	59	113	-6.873614190687361e-05	0.0209955654101995	0.130820399113082	0.2505543237250554	0.12974554	PIP_0.1-0.5	ENSG00000275178	14.294715866586683
chr18:774018	439	106	178	0.0030387243735763	0.0462915717539863	0.2414578587699316	0.4054669703872437	0.19220722	PIP_0.1-0.5	RNU1-109P	23.61349392008924
chr18:78536383	449	32	149	9.131403118040076e-05	0.0327550111358574	0.0712694877505567	0.33184855233853	0.9764061	PIP>0.9	Y_RNA	30.636702341304613
chr18:78732446	448	56	164	0.0004352678571428	0.0263325892857142	0.125	0.3660714285714285	0.6647971	PIP_0.5-0.9	ENSG00000266273	25.27645991952097
chr18:7953527	445	29	137	0.0044786516853932	0.0582719101123595	0.0651685393258427	0.3078651685393258	0.82364136	PIP_0.5-0.9	U3	16.330417120332225
chr18:79788145	449	38	228	-0.0002672605790645	0.0320133630289532	0.0846325167037861	0.5077951002227171	0.5670914	PIP_0.5-0.9	ENSG00000266924	10.159741588164328
chr18:8428957	447	20	129	0.0016733780760626	0.0340402684563758	0.0447427293064877	0.2885906040268456	0.83983934	PIP_0.5-0.9	COP1P1	20.458169013602397
chr18:8584839	447	8	103	-0.0004205816554809	0.033069351230425	0.017897091722595	0.2304250559284116	0.9001057	PIP>0.9	RAB12	47.48240751749466
chr18:8646662	445	15	96	0.0022516853932584	0.0399820224719101	0.0337078651685393	0.2157303370786517	0.031719267	PIP<0.1	ENSG00000266708	25.646396208535293
chr18:9386591	434	78	152	0.0010437788018433	0.032979262672811	0.1797235023041474	0.3502304147465437	0.041818142	PIP<0.1	ENSG00000287509	21.04327952260692
chr19:10548773	444	66	164	0.0005135135135135	0.0229729729729729	0.1486486486486486	0.3693693693693693	0.79066133	PIP_0.5-0.9	ATG4D	35.17593111749168
chr19:11287370	445	43	150	0.0042	0.0318988764044943	0.096629213483146	0.3370786516853932	0.21224922	PIP_0.1-0.5	TSPAN16	18.872954801156443
chr19:11589944	448	40	112	-0.0002321428571428	0.0215580357142857	0.0892857142857142	0.25	0.9987308	PIP>0.9	GAPDHP76	10.00301402935792
chr19:12442733	438	67	150	0.0002191780821917	0.0350273972602739	0.1529680365296803	0.3424657534246575	0.1406185	PIP_0.1-0.5	ENSG00000234848	20.58000135148966
chr19:12862785	434	41	129	0.0003594470046082	0.0256682027649769	0.0944700460829493	0.2972350230414746	0.28000325	PIP_0.1-0.5	HOOK2	28.399444630473944
chr19:13439949	441	10	115	0.001095238095238	0.0436485260770975	0.0226757369614512	0.2607709750566893	0.063229024	PIP<0.1	CACNA1A	11.272847422942665
chr19:13657916	437	31	131	0.000604118993135	0.0276064073226544	0.0709382151029748	0.2997711670480549	0.7437313	PIP_0.5-0.9	CACNA1A	43.02246236013116
chr19:14272972	443	9	112	0.0002663656884875	0.0302347629796839	0.0203160270880361	0.2528216704288939	0.9043526	PIP>0.9	ENSG00000267406	12.443738419452291
chr19:15038280	443	12	108	-0.0026749435665914	0.0434243792325056	0.0270880361173814	0.2437923250564334	0.59352267	PIP_0.5-0.9	CASP14	14.137106748014943
chr19:15640949	448	6	94	-0.0012879464285714	0.041546875	0.0133928571428571	0.2098214285714285	0.028697073	PIP<0.1	CYP4F3	10.04955021824558
chr19:15989972	444	1	76	-0.0026103603603603	0.05275	0.0022522522522522	0.1711711711711711	0.1809637	PIP_0.1-0.5	CYP4F9P	19.64117830899105
chr19:17085263	432	97	150	-0.0002430555555555	0.0180532407407407	0.224537037037037	0.3472222222222222	0.49577534	PIP_0.1-0.5	ENSG00000269066	32.63635661509166
chr19:17488653	442	188	294	-0.0083461538461538	0.1234819004524886	0.4253393665158371	0.665158371040724	0.17656904	PIP_0.1-0.5	PGLS	14.927508901954392
chr19:19203529	443	17	145	0.0012573363431151	0.0361286681715575	0.0383747178329571	0.327313769751693	0.9667338	PIP>0.9	NR2C2AP	16.303875245656304
chr19:19836400	430	42	128	-0.0022209302325581	0.0335465116279069	0.0976744186046511	0.2976744186046511	0.6830345	PIP_0.5-0.9	BNIP3P9	14.03488981670416
chr19:19842081	430	62	170	0.0002720930232558	0.0493232558139535	0.1441860465116279	0.3953488372093023	0.07463199	PIP<0.1	ZNF56P	10.707436917517242
chr19:20309954	433	52	137	-0.001284064665127	0.030013856812933	0.1200923787528868	0.3163972286374134	0.7056583	PIP_0.5-0.9	ENSG00000267383	13.289641724980513
chr19:20799186	430	53	52	0.0028860465116279	0.0339930232558139	0.1232558139534883	0.1209302325581395	0.0026746988	PIP<0.1	ENSG00000269373	29.03215921646684
chr19:20963570	440	7	103	0.0021977272727272	0.051915909090909	0.0159090909090909	0.2340909090909091	0.24992186	PIP_0.1-0.5	ENSG00000269373	19.11543108558497
chr19:21268181	443	24	122	-0.0004063205417607	0.0450022573363431	0.0541760722347629	0.2753950338600451	0.3077497	PIP_0.1-0.5	ENSG00000268747	22.71266801406787
chr19:21644766	446	17	131	-0.0051390134529147	0.0832780269058295	0.0381165919282511	0.2937219730941704	0.0032808185	PIP<0.1	ENSG00000268278	49.53098480644804
chr19:22148319	438	1	70	-0.003755707762557	0.0493630136986301	0.002283105022831	0.1598173515981735	0.010933757	PIP<0.1	BNIP3P30	18.10530595618136
chr19:22653736	438	122	213	-0.001269406392694	0.0690410958904109	0.2785388127853881	0.4863013698630137	0.65621954	PIP_0.5-0.9	RPL34P33	19.230125931019224
chr19:22762833	422	18	100	0.002042654028436	0.0450473933649289	0.0426540284360189	0.2369668246445497	0.025594056	PIP<0.1	ZNF99	15.7983546109186
chr19:22882051	429	8	80	-0.0011491841491841	0.0486410256410256	0.0186480186480186	0.1864801864801865	0.10138363	PIP_0.1-0.5	ZNF723	13.96498142016033
chr19:2323173	441	167	331	0.0040907029478458	0.0809523809523809	0.3786848072562358	0.7505668934240363	0.30048668	PIP_0.1-0.5	LSM7	31.846027242890692
chr19:23407940	431	54	163	-0.0039350348027842	0.0431136890951276	0.1252900232018561	0.3781902552204176	0.03985268	PIP<0.1	LINC01224	21.479185308108544
chr19:23515728	439	3	79	0.0034578587699316	0.0626514806378132	0.0068337129840546	0.1799544419134396	0.95973635	PIP>0.9	ZNF725P	10.398928380407732
chr19:256571	435	40	148	0.0031931034482758	0.0442919540229885	0.0919540229885057	0.3402298850574712	0.10262716	PIP_0.1-0.5	ENSG00000282393	13.349319568797146
chr19:27412977	387	1	40	-0.0003488372093023	0.0527829457364341	0.0025839793281653	0.1033591731266149	0.010316372	PIP<0.1	ENSG00000279882	22.50489201280644
chr19:27587671	442	2	65	-0.0001719457013574	0.0426968325791855	0.004524886877828	0.1470588235294117	0.15916783	PIP_0.1-0.5	ENSG00000279882	22.799046224527665
chr19:27620001	442	0	44	-0.0023325791855203	0.0476990950226244	0.0	0.0995475113122171	0.2992767	PIP_0.1-0.5	ENSG00000279882	16.3246412007211
chr19:27757180	436	78	173	0.001	0.0467798165137614	0.1788990825688073	0.3967889908256881	0.0020461082	PIP<0.1	ENSG00000279882	30.813847712428977
chr19:28153453	438	31	135	0.0107123287671232	0.0611461187214611	0.0707762557077625	0.3082191780821918	0.01950109	PIP<0.1	ENSG00000267509	10.89759497942845
chr19:28893036	447	7	125	0.000234899328859	0.0454876957494407	0.0156599552572706	0.2796420581655481	0.99916047	PIP>0.9	ENSG00000267683	24.279347391890123
chr19:2905016	444	86	163	0.0012342342342342	0.0232297297297297	0.1936936936936936	0.3671171171171171	0.02542752	PIP<0.1	ZNF57	19.92454183122919
chr19:29485562	447	18	130	6.711409395973353e-06	0.0407360178970917	0.0402684563758389	0.29082774049217	1.0	PIP>0.9	ENSG00000279387	32.62431795482943
chr19:30103934	446	35	190	-0.0052892376681614	0.0433609865470852	0.0784753363228699	0.4260089686098655	0.85611755	PIP_0.5-0.9	ENSG00000288072	13.143928001381804
chr19:30342371	439	26	124	-0.0057972665148063	0.0419886104783599	0.0592255125284738	0.2824601366742597	0.36737406	PIP_0.1-0.5	ENSG00000267223	11.020667088480938
chr19:31340142	443	6	122	-0.0014650112866817	0.0475959367945823	0.0135440180586907	0.2753950338600451	0.99999714	PIP>0.9	TSHZ3-AS1	23.02007686752205
chr19:31613262	444	6	85	-0.0051666666666666	0.0437612612612612	0.0135135135135135	0.1914414414414414	1.0	PIP>0.9	ENSG00000261400	19.409283890734912
chr19:32282077	440	17	104	0.0023795454545454	0.0381295454545454	0.0386363636363636	0.2363636363636363	0.88677275	PIP_0.5-0.9	RNA5SP472	21.27722144917054
chr19:33946230	447	12	134	0.000496644295302	0.0438791946308724	0.0268456375838926	0.2997762863534675	0.6209675	PIP_0.5-0.9	RN7SL150P	11.5022973973052
chr19:35357991	447	39	192	0.0049977628635346	0.0387158836689038	0.087248322147651	0.4295302013422818	0.99998957	PIP>0.9	FFAR3	15.72397925858546
chr19:36383941	423	57	103	-0.0001182033096926	0.0421654846335697	0.1347517730496454	0.243498817966903	0.85715926	PIP_0.5-0.9	ZFP14	13.996805992375675
chr19:39077986	448	15	121	-0.0005558035714285	0.033328125	0.0334821428571428	0.2700892857142857	0.24383813	PIP_0.1-0.5	ACP7	42.95360671550928
chr19:39114390	443	33	134	-0.000765237020316	0.0345936794582392	0.0744920993227991	0.3024830699774266	1.0	PIP>0.9	PAK4	18.757468206343912
chr19:39640185	444	0	95	-0.0015292792792792	0.043831081081081	0.0	0.2139639639639639	0.04886961	PIP<0.1	LGALS16	22.938770387256262
chr19:3987694	450	2	127	-0.0026666666666666	0.0219555555555555	0.0044444444444444	0.2822222222222222	0.99888945	PIP>0.9	EEF2	14.25220112913054
chr19:41143087	447	6	122	0.000234899328859	0.0318366890380313	0.0134228187919463	0.2729306487695749	0.16424954	PIP_0.1-0.5	CYP2T3P	14.1575810346422
chr19:424853	449	168	249	-0.0037015590200445	0.0308730512249443	0.3741648106904232	0.5545657015590201	0.9999999	PIP>0.9	C2CD4C	19.470459830301987
chr19:42866789	429	4	84	0.0028041958041958	0.0446783216783216	0.0093240093240093	0.1958041958041958	0.037428617	PIP<0.1	ENSG00000291235	19.92333586295446
chr19:44630278	444	16	149	-0.0027027027027027	0.0438198198198198	0.036036036036036	0.3355855855855856	0.10045397	PIP_0.1-0.5	CEACAM22P	11.052643476562071
chr19:45456883	447	46	121	0.0002125279642058	0.0244854586129753	0.1029082774049217	0.2706935123042505	0.9998884	PIP>0.9	FOSB	14.826852741500394
chr19:45568298	449	47	143	0.0002249443207126	0.0260957683741648	0.1046770601336302	0.3184855233853007	0.9974108	PIP>0.9	GPR4	11.236545290791392
chr19:46270238	448	20	190	-0.0037656249999999	0.0420959821428571	0.0446428571428571	0.4241071428571428	0.9999991	PIP>0.9	IGFL1P2	13.362773933499696
chr19:46469471	446	51	217	-0.0023789237668161	0.0403744394618834	0.1143497757847533	0.4865470852017937	0.8749515	PIP_0.5-0.9	PNMA8A	38.50561655323328
chr19:4664791	444	113	134	-0.0003085585585585	0.014813063063063	0.2545045045045045	0.3018018018018018	0.19453508	PIP_0.1-0.5	MYDGF	29.44048355578442
chr19:46802367	450	19	112	-0.0004177777777777	0.0253155555555555	0.0422222222222222	0.2488888888888888	0.12733173	PIP_0.1-0.5	ENSG00000275862	13.680223732746772
chr19:48208693	441	58	137	-0.0025691609977324	0.0328639455782312	0.1315192743764172	0.310657596371882	0.02733934	PIP<0.1	ENSG00000268583	16.970887821408798
chr19:48433689	438	47	165	-0.0008630136986301	0.0318858447488584	0.1073059360730593	0.3767123287671233	0.9999979	PIP>0.9	GRWD1	25.61759922079173
chr19:49044820	448	52	169	-0.0013950892857142	0.0243370535714285	0.1160714285714285	0.3772321428571428	0.5	PIP_0.5-0.9	CGB8	39.78229845146178
chr19:49182499	449	54	150	-0.0004298440979955	0.0296904231625835	0.1202672605790645	0.3340757238307349	0.98982686	PIP>0.9	TRPM4	25.30881560787221
chr19:51698169	451	21	132	0.0002949002217294	0.0317494456762749	0.0465631929046563	0.2926829268292683	0.6593175	PIP_0.5-0.9	SPACA6-AS1	19.02914643100276
chr19:51790890	439	7	92	0.0011662870159453	0.0478496583143508	0.0159453302961275	0.2095671981776765	0.9989519	PIP>0.9	FPR3	21.92826145560736
chr19:51809143	438	11	121	0.0005319634703196	0.0425182648401826	0.0251141552511415	0.2762557077625571	0.573508	PIP_0.5-0.9	FPR1	21.680398727290505
chr19:52344755	445	68	152	0.0030719101123595	0.0350314606741573	0.1528089887640449	0.3415730337078652	0.99866825	PIP>0.9	ENSG00000269535	24.99330326898628
chr19:53052795	435	47	147	0.0027218390804597	0.0286436781609195	0.1080459770114942	0.3379310344827586	0.980259	PIP>0.9	ERVV-2	10.16797686677666
chr19:53239961	441	81	189	-0.0019773242630385	0.0481995464852607	0.1836734693877551	0.4285714285714285	0.5017436	PIP_0.5-0.9	ENSG00000269288	22.555317637589752
chr19:53282122	445	40	165	-0.0028853932584269	0.0315865168539325	0.0898876404494382	0.3707865168539326	0.89227796	PIP_0.5-0.9	FAM90A27P	10.25043866095724
chr19:53707175	447	51	155	-0.0021476510067114	0.0335167785234899	0.1140939597315436	0.3467561521252796	0.99999547	PIP>0.9	MIR518C	12.364179851059284
chr19:53779351	448	25	144	-0.000953125	0.0328816964285714	0.0558035714285714	0.3214285714285714	0.6492594	PIP_0.5-0.9	ENSG00000238150	28.076131878056152
chr19:54080866	448	19	113	-0.0012343749999999	0.0395468749999999	0.0424107142857142	0.2522321428571428	0.14285612	PIP_0.1-0.5	TARM1	19.367225960096096
chr19:546051	452	85	202	0.0030730088495575	0.0280110619469026	0.1880530973451327	0.4469026548672566	0.5338395	PIP_0.5-0.9	GZMM	11.266939218725362
chr19:54859014	443	12	140	0.0018036117381489	0.0450677200902934	0.0270880361173814	0.3160270880361174	0.011652052	PIP<0.1	RNU6-222P	12.765743430285236
chr19:5489871	446	15	174	-0.0025426008968609	0.0333632286995515	0.0336322869955156	0.3901345291479821	1.0	PIP>0.9	ZNRF4	14.205275116374704
chr19:55877341	447	22	142	-8.501118568232707e-05	0.0467293064876957	0.0492170022371364	0.3176733780760626	1.0	PIP>0.9	NLRP11	31.74319500295977
chr19:56004023	450	29	141	-0.0007888888888888	0.0286244444444444	0.0644444444444444	0.3133333333333333	0.9998865	PIP>0.9	NLRP5	17.187999761630095
chr19:5864829	448	33	136	0.0014955357142857	0.0245580357142857	0.0736607142857142	0.3035714285714285	0.9861293	PIP>0.9	FUT5	19.03310175707973
chr19:6128650	438	27	131	0.0019634703196347	0.0347031963470319	0.0616438356164383	0.2990867579908676	0.9999812	PIP>0.9	ACSBG2	12.059561316962329
chr19:6941128	445	85	224	0.0015348314606741	0.0604247191011236	0.1910112359550561	0.503370786516854	0.29191607	PIP_0.1-0.5	ENSG00000268845	20.367059411053678
chr19:7903019	447	29	226	0.0025906040268456	0.0181789709172259	0.0648769574944071	0.5055928411633109	0.9863902	PIP>0.9	ENSG00000214248	11.879905897428866
chr19:8623322	449	48	142	0.0031135857461024	0.0317594654788418	0.1069042316258351	0.3162583518930957	1.0	PIP>0.9	NFILZ	14.365020739806338
chr19:9057620	445	56	159	0.0015887640449438	0.0302719101123595	0.1258426966292135	0.3573033707865168	0.049387276	PIP<0.1	OR1M4P	26.39792535996981
chr1:100534067	439	6	86	0.0005170842824601	0.0432095671981776	0.0136674259681093	0.1958997722095672	0.08400869	PIP<0.1	GPR88	14.479153755046951
chr1:1025869	447	99	239	-0.005062639821029	0.0379977628635346	0.2214765100671141	0.5346756152125279	0.9984179	PIP>0.9	AGRN	16.641189893240938
chr1:104029075	422	3	79	0.0002464454976303	0.0675450236966824	0.0071090047393364	0.1872037914691943	0.042722464	PIP<0.1	ENSG00000215869	13.396425104433838
chr1:104908296	435	5	75	-0.0017448275862068	0.0600482758620689	0.0114942528735632	0.1724137931034483	0.17100167	PIP_0.1-0.5	ENSG00000285981	12.371039591047657
chr1:105380208	431	10	77	-0.0097006960556844	0.0545870069605568	0.0232018561484918	0.1786542923433874	0.19569743	PIP_0.1-0.5	CDK4P1	42.8007659963488
chr1:106679017	431	7	101	7.888631090487223e-05	0.0514338747099768	0.0162412993039443	0.2343387470997679	0.2118082	PIP_0.1-0.5	ENSG00000270976	11.729698970444607
chr1:107165756	445	12	101	0.0002876404494382	0.0614067415730337	0.0269662921348314	0.2269662921348314	0.9999999	PIP>0.9	ENSG00000289612	11.112076102108258
chr1:108147377	447	97	187	-0.0012058165548098	0.0811565995525727	0.2170022371364653	0.4183445190156599	0.59700835	PIP_0.5-0.9	LINC02785	13.397374489963433
chr1:108354069	437	34	131	0.0011350114416475	0.0756796338672769	0.0778032036613272	0.2997711670480549	0.070571244	PIP<0.1	ENSG00000290552	19.90936957650341
chr1:110163226	446	21	147	-0.000677130044843	0.0393228699551569	0.0470852017937219	0.3295964125560538	0.8257223	PIP_0.5-0.9	SLC6A17-AS1	25.67710994629993
chr1:111571627	447	22	77	0.0017114093959731	0.0297024608501118	0.0492170022371364	0.1722595078299776	1.0	PIP>0.9	TMIGD3	12.807751809331348
chr1:112278316	439	1	113	0.0049066059225512	0.053380410022779	0.0022779043280182	0.2574031890660592	0.7882683	PIP_0.5-0.9	LINC02884	16.68799260490756
chr1:1145667	446	84	192	-0.0017376681614349	0.0303071748878923	0.1883408071748878	0.4304932735426009	0.75881827	PIP_0.5-0.9	LINC01342	11.891610158994087
chr1:115059140	430	5	86	0.0004302325581395	0.0360302325581395	0.0116279069767441	0.2	0.19764918	PIP_0.1-0.5	TSPAN2	13.135483409159717
chr1:115736745	444	10	98	0.0027882882882882	0.04109009009009	0.0225225225225225	0.2207207207207207	0.029045045	PIP<0.1	CASQ2	10.523387755251806
chr1:11624988	443	30	133	0.0007720090293453	0.0351241534988713	0.0677200902934537	0.3002257336343115	0.8315588	PIP_0.5-0.9	ENSG00000284708	29.01365116573152
chr1:11719916	449	11	150	-0.0022538975501113	0.0323518930957683	0.0244988864142538	0.3340757238307349	0.9992095	PIP>0.9	AGTRAP	24.58027604501164
chr1:118016930	432	0	44	-0.0026666666666666	0.0458425925925925	0.0	0.1018518518518518	0.022611022	PIP<0.1	WDR3	28.601657918218898
chr1:118078898	424	0	35	-0.0010754716981132	0.0473301886792452	0.0	0.0825471698113207	0.1996578	PIP_0.1-0.5	SPAG17	41.82981223082391
chr1:118200756	433	6	100	-0.0019745958429561	0.0476374133949191	0.0138568129330254	0.23094688221709	0.8976949	PIP_0.5-0.9	RNA5SP56	18.277852793192015
chr1:118429309	440	18	111	-0.0005454545454545	0.051640909090909	0.0409090909090909	0.2522727272727272	0.75663996	PIP_0.5-0.9	RNA5SP56	22.506362090216346
chr1:118693533	437	1	97	0.001345537757437	0.0517116704805492	0.0022883295194508	0.2219679633867277	0.004925728	PIP<0.1	ENSG00000229911	13.659154082643072
chr1:119442149	443	3	92	0.0036794582392776	0.0402121896162528	0.0067720090293453	0.2076749435665914	0.139049	PIP_0.1-0.5	HSD3BP2	33.94651724026759
chr1:120352574	437	216	311	0.0088100686498855	0.1126178489702517	0.494279176201373	0.7116704805491991	0.6287358	PIP_0.5-0.9	ENSG00000223804	23.20251224049503
chr1:120566488	431	22	84	7.65661252900234e-05	0.0541600928074246	0.0510440835266821	0.1948955916473317	0.9999951	PIP>0.9	ENSG00000274642	10.83615523873961
chr1:121128613	443	17	113	0.0001941309255079	0.0376252821670428	0.0383747178329571	0.255079006772009	0.67191124	PIP_0.5-0.9	RPL22P6	11.559235686426504
chr1:1212801	445	51	237	-0.0007887640449438	0.0430988764044943	0.1146067415730337	0.5325842696629214	0.96062	PIP>0.9	TNFRSF4	23.949770550432007
chr1:125058080	440	0	63	4.99999999999999e-05	0.0429772727272727	0.0	0.1431818181818182	0.94687164	PIP>0.9	LINC01691	16.036719899600755
chr1:143762706	389	27	114	-0.0097814910025706	0.0414730077120822	0.0694087403598971	0.2930591259640103	0.9974154	PIP>0.9	FAM91A3P	24.099948518643835
chr1:146057448	450	144	306	0.0131288888888888	0.0777688888888888	0.32	0.68	0.104747176	PIP_0.1-0.5	LINC01719	12.46776441534569
chr1:14637073	442	28	139	0.0007420814479638	0.0384072398190045	0.0633484162895927	0.3144796380090497	0.49970055	PIP_0.1-0.5	TBCAP2	14.785738598779703
chr1:147044665	445	26	219	0.0031730337078651	0.0801662921348314	0.0584269662921348	0.4921348314606741	0.111472845	PIP_0.1-0.5	ENSG00000225603	13.371796583346406
chr1:147275293	430	58	79	-0.0017279069767441	0.0213744186046511	0.1348837209302325	0.1837209302325581	0.02635032	PIP<0.1	ENSG00000213226	37.06666685636389
chr1:147356427	436	4	88	-0.0015366972477064	0.0460596330275229	0.0091743119266055	0.2018348623853211	0.07959682	PIP<0.1	ENSG00000213226	14.61808030331548
chr1:15063598	441	35	181	0.0015306122448979	0.0346643990929705	0.0793650793650793	0.4104308390022675	0.9943402	PIP>0.9	TMEM51	18.346263620280546
chr1:15146401	442	18	149	0.0009932126696832	0.0443054298642533	0.0407239819004524	0.33710407239819	0.9959933	PIP>0.9	TMEM51	48.85410971589226
chr1:152797361	443	22	132	0.0033995485327313	0.0677516930022573	0.0496613995485327	0.2979683972911964	0.38536984	PIP_0.1-0.5	LCE1D	15.812359987631178
chr1:154434440	445	92	141	0.0011573033707865	0.0205820224719101	0.2067415730337078	0.3168539325842696	0.2426213	PIP_0.1-0.5	PSMD8P1	11.223480073108504
chr1:155225811	432	10	169	6.250000000000011e-05	0.0249560185185185	0.0231481481481481	0.3912037037037037	1.0	PIP>0.9	GBAP1	29.5080323315307
chr1:1570532	445	37	246	0.0003797752808988	0.0333325842696629	0.0831460674157303	0.5528089887640449	0.13485467	PIP_0.1-0.5	ENSG00000215014	23.004333761429024
chr1:15794636	442	26	118	0.0006244343891402	0.0278914027149321	0.0588235294117647	0.2669683257918552	0.82019055	PIP_0.5-0.9	RPL12P14	41.857595273181246
chr1:158481548	432	5	55	0.0050578703703703	0.0707986111111111	0.011574074074074	0.1273148148148148	0.1182456	PIP_0.1-0.5	OR10R1P	26.52292650739534
chr1:160182534	449	48	134	-0.000293986636971	0.0259955456570155	0.1069042316258351	0.2984409799554566	0.9999747	PIP>0.9	CASQ1	47.20301086143596
chr1:160698664	448	32	117	0.0023303571428571	0.0254910714285714	0.0714285714285714	0.2611607142857143	0.13095552	PIP_0.1-0.5	CD48	24.39116392596844
chr1:16071889	441	38	179	-0.0026757369614512	0.0297732426303854	0.0861678004535147	0.4058956916099773	0.99863076	PIP>0.9	FAM131C	14.298514680521537
chr1:161471308	452	245	357	0.0017190265486725	0.0786216814159292	0.5420353982300885	0.7898230088495575	0.5099166	PIP_0.5-0.9	ENSG00000283317	11.60784453183975
chr1:162220322	438	4	106	0.0047945205479452	0.0406027397260274	0.0091324200913242	0.2420091324200913	0.062375367	PIP<0.1	ENSG00000285636	26.2661396162115
chr1:162435213	438	10	77	0.0036917808219178	0.0348287671232876	0.0228310502283105	0.1757990867579908	0.07582581	PIP<0.1	SLAMF6P1	12.339384930721264
chr1:163271933	427	26	62	0.0021077283372365	0.0311569086651053	0.0608899297423887	0.1451990632318501	0.019668758	PIP<0.1	ENSG00000237756	11.674541043452674
chr1:164535271	447	19	119	-0.0017919463087248	0.0459977628635346	0.0425055928411633	0.2662192393736018	0.99155563	PIP>0.9	PBX1	28.55485332727654
chr1:164634506	446	4	100	0.001262331838565	0.0312309417040358	0.0089686098654708	0.2242152466367713	0.9984477	PIP>0.9	RNU6-171P	14.75523868306424
chr1:164829636	437	1	94	0.001462242562929	0.040720823798627	0.0022883295194508	0.2151029748283753	1.0	PIP>0.9	ENSG00000271917	14.112530685154615
chr1:165937121	441	9	97	0.0009319727891156	0.0422743764172335	0.0204081632653061	0.2199546485260771	1.0	PIP>0.9	ENSG00000271527	20.829425490942725
chr1:166529726	446	0	87	0.0020515695067264	0.0584013452914798	0.0	0.195067264573991	1.0	PIP>0.9	FMO8P	33.69561762356506
chr1:168315502	449	24	98	-0.0006681514476614	0.0312783964365256	0.0534521158129175	0.2182628062360802	1.0	PIP>0.9	ENSG00000227722	50.09119829796047
chr1:168674480	440	14	128	-0.0041068181818181	0.0447295454545454	0.0318181818181818	0.2909090909090909	0.9999964	PIP>0.9	DPT	11.72000824473568
chr1:169010364	441	2	84	0.0014081632653061	0.0489365079365079	0.0045351473922902	0.1904761904761904	0.99981284	PIP>0.9	ENSG00000287282	14.446859100304428
chr1:169366400	436	10	103	-0.0024105504587155	0.0196857798165137	0.0229357798165137	0.2362385321100917	0.029902399	PIP<0.1	CCDC181	16.534949349014997
chr1:171140226	430	6	113	0.003953488372093	0.0549116279069767	0.013953488372093	0.2627906976744186	0.6763901	PIP_0.5-0.9	FMO6P	21.92832409775938
chr1:171423874	443	33	128	-0.0011715575620767	0.0303634311512415	0.0744920993227991	0.2889390519187358	0.99687564	PIP>0.9	CYCSP53	13.816699382962767
chr1:172299910	439	29	124	0.0029407744874715	0.0521753986332574	0.0660592255125284	0.2824601366742597	0.02587986	PIP<0.1	ENSG00000287336	11.357374407908695
chr1:173728315	435	76	84	-0.0027793103448275	0.0198827586206896	0.1747126436781609	0.193103448275862	0.05589235	PIP<0.1	KLHL20	11.148274951042067
chr1:17465938	435	54	161	0.0026068965517241	0.0368367816091954	0.1241379310344827	0.3701149425287356	0.13626128	PIP_0.1-0.5	RCC2	21.485028126613624
chr1:174921835	429	65	130	0.0001631701631701	0.0233473193473193	0.1515151515151515	0.303030303030303	0.01626718	PIP<0.1	MRPS14	11.291712269751384
chr1:175245265	448	4	101	0.0010245535714285	0.0372790178571428	0.0089285714285714	0.2254464285714285	0.017911911	PIP<0.1	RPS29P4	13.03064349157576
chr1:175368039	438	11	120	-0.0006255707762557	0.0513150684931506	0.0251141552511415	0.273972602739726	0.06826955	PIP<0.1	ENSG00000260990	11.46702334563439
chr1:175404198	446	20	107	-0.0026457399103139	0.0329461883408071	0.0448430493273542	0.2399103139013453	0.9997242	PIP>0.9	ENSG00000260990	28.69442832424618
chr1:175806465	431	19	108	0.0033201856148491	0.0356125290023201	0.0440835266821345	0.2505800464037123	0.12967676	PIP_0.1-0.5	LINC01657	32.836343046992674
chr1:175937053	442	93	98	-0.0004909502262443	0.0159479638009049	0.2104072398190045	0.2217194570135746	0.022612214	PIP<0.1	LINC01657	19.47366995453188
chr1:175974254	427	52	63	0.0004098360655737	0.0269765807962529	0.1217798594847775	0.1475409836065573	0.032274663	PIP<0.1	LINC01657	19.62245971668933
chr1:17717792	446	20	136	0.0019843049327354	0.0395717488789237	0.0448430493273542	0.3049327354260089	0.69567233	PIP_0.5-0.9	LINC02810	33.247629779467694
chr1:177613521	435	5	97	-0.0034735632183908	0.0486459770114942	0.0114942528735632	0.2229885057471264	0.61691725	PIP_0.5-0.9	LINC01741	11.056544740352932
chr1:179760545	439	5	98	0.0037630979498861	0.043261958997722	0.0113895216400911	0.2232346241457858	0.7903723	PIP_0.5-0.9	FAM163A	26.300364207438943
chr1:18129074	438	5	93	0.0008036529680365	0.0406438356164383	0.0114155251141552	0.2123287671232876	0.12802291	PIP_0.1-0.5	ENSG00000280222	20.137363874296906
chr1:182514286	434	15	122	0.0026728110599078	0.0391612903225806	0.0345622119815668	0.2811059907834101	0.13254738	PIP_0.1-0.5	Metazoa_SRP	18.71663245104724
chr1:184187251	443	11	92	-0.0055778781038374	0.049609480812641	0.0248306997742663	0.2076749435665914	0.99801916	PIP>0.9	Y_RNA	11.222993031724446
chr1:184894146	442	50	100	-0.0039095022624434	0.0310542986425339	0.1131221719457013	0.2262443438914027	0.99999887	PIP>0.9	RNU7-13P	35.1014332213309
chr1:185328900	436	38	107	-0.0032247706422018	0.0300779816513761	0.0871559633027523	0.2454128440366972	0.24931026	PIP_0.1-0.5	GS1-279B7.1	14.718593488638774
chr1:185551555	444	50	129	-0.0057049549549549	0.0403445945945946	0.1126126126126126	0.2905405405405405	1.0	PIP>0.9	ENSG00000279401	26.25041034115936
chr1:186935413	433	26	106	-0.009406466512702	0.066866050808314	0.0600461893764434	0.2448036951501154	0.017141819	PIP<0.1	PLA2G4A	11.592825533274317
chr1:187334384	437	3	121	-0.0064187643020594	0.0787894736842105	0.0068649885583524	0.2768878718535469	0.10175419	PIP_0.1-0.5	ENSG00000271558	39.14168293246625
chr1:187809054	440	0	50	-0.0033227272727272	0.0503772727272727	0.0	0.1136363636363636	1.0	PIP>0.9	ENSG00000223847	12.93109941107774
chr1:187981516	435	12	111	-0.004735632183908	0.0673655172413793	0.0275862068965517	0.2551724137931034	0.6468512	PIP_0.5-0.9	ENSG00000285894	10.355589455345516
chr1:188106877	431	5	84	0.0022088167053364	0.0516751740139211	0.0116009280742459	0.1948955916473317	0.11787444	PIP_0.1-0.5	RN7SKP156	32.891348520567774
chr1:188690993	442	10	99	-0.0005090497737556	0.0421787330316742	0.0226244343891402	0.2239819004524887	1.0	PIP>0.9	RPS3AP9	49.32514503117707
chr1:18873425	446	44	159	-0.0002040358744394	0.0311995515695067	0.0986547085201793	0.3565022421524663	0.89114976	PIP_0.5-0.9	MIR4695	17.792335300122183
chr1:190981869	429	12	94	0.0077412587412587	0.046081585081585	0.0279720279720279	0.2191142191142191	0.0563339	PIP<0.1	ENSG00000238108	11.636286948381665
chr1:191514540	439	0	44	0.0036446469248291	0.0606423690205011	0.0	0.1002277904328018	0.75188655	PIP_0.5-0.9	LINC01680	23.8780704247549
chr1:192894939	436	10	93	-3.669724770642204e-05	0.0460871559633027	0.0229357798165137	0.2133027522935779	0.07089192	PIP<0.1	RN7SKP126	22.478174365849096
chr1:193713509	435	15	113	0.0010827586206896	0.0429724137931034	0.0344827586206896	0.2597701149425287	0.87113017	PIP_0.5-0.9	ENSG00000237011	14.057988425505291
chr1:194066760	428	10	99	0.0003200934579439	0.0543901869158878	0.0233644859813084	0.2313084112149532	0.24787849	PIP_0.1-0.5	EEF1A1P14	19.88015586647797
chr1:1942182	446	45	205	-0.004957399103139	0.0346479820627802	0.100896860986547	0.4596412556053811	0.3364272	PIP_0.1-0.5	TMEM52	25.131237702565443
chr1:194601155	424	4	71	-0.005441037735849	0.0549882075471698	0.0094339622641509	0.1674528301886792	0.10808694	PIP_0.1-0.5	ENSG00000228167	11.015373008725245
chr1:195058635	436	6	110	-0.0030504587155963	0.0487798165137614	0.0137614678899082	0.2522935779816513	0.19632429	PIP_0.1-0.5	ENSG00000285718	36.83654601533853
chr1:19564291	436	24	105	0.0009587155963302	0.0327247706422018	0.055045871559633	0.2408256880733945	0.50966716	PIP_0.5-0.9	MICOS10-DT	10.625636306708154
chr1:197437117	432	3	57	-0.0026712962962962	0.052787037037037	0.0069444444444444	0.1319444444444444	0.029361308	PIP<0.1	ENSG00000230260	11.742615649215322
chr1:19930205	445	31	122	-0.0032786516853932	0.0468831460674157	0.0696629213483146	0.2741573033707865	0.14157319	PIP_0.1-0.5	PLA2G2E	12.248077710860308
chr1:199884021	441	31	114	-0.0039637188208616	0.0344126984126984	0.0702947845804988	0.2585034013605442	0.52546245	PIP_0.5-0.9	RNU6-778P	16.960119903031842
chr1:200247453	442	58	183	-0.0004276018099547	0.0558212669683257	0.1312217194570135	0.4140271493212669	0.9929595	PIP>0.9	CCNQP1	31.122178727775605
chr1:202026813	438	29	116	-0.0012397260273972	0.0236826484018264	0.0662100456621004	0.2648401826484018	0.873439	PIP_0.5-0.9	ENSG00000232296	19.12511045921315
chr1:20268662	446	5	120	-0.0003587443946188	0.0492690582959641	0.0112107623318385	0.2690582959641255	0.65714425	PIP_0.5-0.9	ENSG00000284710	24.160751777566084
chr1:20315304	438	40	160	-0.0019771689497716	0.0378219178082191	0.091324200913242	0.365296803652968	0.99886936	PIP>0.9	ENSG00000226664	21.22720152775857
chr1:203606256	442	34	150	0.0003642533936651	0.0339027149321267	0.0769230769230769	0.3393665158371041	0.5916066	PIP_0.5-0.9	ATP2B4	20.333800497212177
chr1:204562127	437	26	131	-0.000974828375286	0.0206270022883295	0.0594965675057208	0.2997711670480549	0.099666	PIP<0.1	MDM4	9.992940586158264
chr1:205069598	444	38	137	0.0021463963963963	0.0292545045045045	0.0855855855855855	0.3085585585585585	0.47506863	PIP_0.1-0.5	TMEM81	11.401948659148626
chr1:205412309	444	9	104	0.0042477477477477	0.0418828828828828	0.0202702702702702	0.2342342342342342	0.5316998	PIP_0.5-0.9	MIR135B	19.35757720640457
chr1:206560912	446	2	78	-0.0020470852017937	0.0280650224215246	0.0044843049327354	0.1748878923766816	0.5453212	PIP_0.5-0.9	ENSG00000279946	14.378680911125564
chr1:207890448	437	7	154	-0.0016201372997711	0.0488787185354691	0.0160183066361556	0.3524027459954233	0.27489978	PIP_0.1-0.5	MIR29B2CHG	19.15448539937596
chr1:208772670	442	9	111	0.0023167420814479	0.0489276018099547	0.0203619909502262	0.251131221719457	1.0	PIP>0.9	LINC01717	49.26274357103588
chr1:209142623	438	0	71	-0.0034520547945205	0.0615159817351598	0.0	0.1621004566210045	0.12131709	PIP_0.1-0.5	ENSG00000228081	16.34347184019342
chr1:210780127	438	13	100	0.0046392694063926	0.039324200913242	0.0296803652968036	0.228310502283105	0.6697855	PIP_0.5-0.9	IPO8P1	10.454206720458007
chr1:212341863	434	85	93	-0.0008341013824884	0.0203640552995391	0.195852534562212	0.2142857142857142	0.0080657005	PIP<0.1	LINC02608	10.428198955134317
chr1:213568562	427	13	122	-0.0017587822014051	0.0476604215456674	0.0304449648711943	0.2857142857142857	0.019735098	PIP<0.1	ENSG00000225233	13.043245630744988
chr1:21486186	441	50	193	-0.0006802721088435	0.0409977324263038	0.1133786848072562	0.4376417233560091	0.855169	PIP_0.5-0.9	ALPL	10.5200906767012
chr1:215968266	437	7	96	-0.0032951945080091	0.0508878718535469	0.0160183066361556	0.2196796338672768	0.16659111	PIP_0.1-0.5	ENSG00000229242	9.972078997448188
chr1:217040123	441	6	94	0.0109410430839002	0.0710907029478458	0.0136054421768707	0.2131519274376417	0.8592125	PIP_0.5-0.9	ESRRG	49.63526105255712
chr1:219751202	437	16	97	-0.0046910755148741	0.0523340961098398	0.0366132723112128	0.2219679633867277	0.18246716	PIP_0.1-0.5	RNA5SP76	10.33231715207246
chr1:219968345	440	46	105	-0.0016363636363636	0.0347772727272727	0.1045454545454545	0.2386363636363636	0.005334258	PIP<0.1	U3	44.807049259245744
chr1:222198487	424	17	118	-0.002941037735849	0.066941037735849	0.0400943396226415	0.2783018867924528	0.5	PIP_0.5-0.9	QRSL1P2	44.08360070346988
chr1:222484890	442	86	156	0.0001606334841628	0.0179389140271493	0.1945701357466063	0.3529411764705882	0.64551663	PIP_0.5-0.9	RNU6-791P	12.752452744247334
chr1:223291974	432	5	99	0.001136574074074	0.0495810185185185	0.011574074074074	0.2291666666666666	0.58181095	PIP_0.5-0.9	SUSD4	21.219342750516788
chr1:223644133	442	8	110	0.0006877828054298	0.0386018099547511	0.0180995475113122	0.248868778280543	0.9998597	PIP>0.9	SNRPEP10	41.84629978796551
chr1:223852713	433	47	111	-0.001690531177829	0.0245866050808314	0.1085450346420323	0.2563510392609699	0.111955166	PIP_0.1-0.5	PHB1P11	11.35108651476444
chr1:22414235	447	5	125	0.0043400447427293	0.033413870246085	0.0111856823266219	0.2796420581655481	0.097105384	PIP<0.1	ZBTB40	38.661379972956574
chr1:224643580	439	11	102	0.001501138952164	0.0302710706150341	0.0250569476082004	0.2323462414578587	0.7864668	PIP_0.5-0.9	DNAJB6P6	16.535997744938484
chr1:22566578	445	21	148	-0.0003325842696629	0.0322426966292134	0.047191011235955	0.3325842696629214	0.021764636	PIP<0.1	EPHA8	11.406924117459775
chr1:226423698	441	13	95	0.0009047619047619	0.0207097505668934	0.0294784580498866	0.2154195011337868	0.63499635	PIP_0.5-0.9	ENSG00000270287	11.165528490186396
chr1:227002768	435	30	104	-0.0053011494252873	0.0358620689655172	0.0689655172413793	0.2390804597701149	0.9999997	PIP>0.9	ENSG00000236636	10.427894794810545
chr1:22896829	442	30	138	-0.001997737556561	0.0398348416289592	0.0678733031674208	0.3122171945701357	0.9999995	PIP>0.9	MIR4253	25.42672004615812
chr1:229257467	440	20	93	0.0015636363636363	0.025340909090909	0.0454545454545454	0.2113636363636363	0.45933414	PIP_0.1-0.5	TMEM78	10.93398910209443
chr1:230031216	438	15	86	-0.000917808219178	0.0359497716894977	0.0342465753424657	0.1963470319634703	0.82099485	PIP_0.5-0.9	GALNT2	21.77555682011766
chr1:232035092	441	18	103	0.0025215419501133	0.0479637188208616	0.0408163265306122	0.2335600907029478	0.15165675	PIP_0.1-0.5	DISC1-IT1	13.80965263462138
chr1:232413094	445	26	157	0.0018	0.042591011235955	0.0584269662921348	0.3528089887640449	1.0	PIP>0.9	RN7SL299P	35.85219667690035
chr1:232534144	442	14	129	-0.0026493212669683	0.0478574660633484	0.0316742081447963	0.2918552036199095	0.9998261	PIP>0.9	SIPA1L2	24.93556317958002
chr1:233915271	440	13	122	0.0008272727272727	0.0449954545454545	0.0295454545454545	0.2772727272727273	0.25383317	PIP_0.1-0.5	ENSG00000287921	11.038535591084608
chr1:236969011	443	3	99	0.0013702031602708	0.0376230248306997	0.0067720090293453	0.2234762979683973	0.04778409	PIP<0.1	RPL35P1	15.911020295096993
chr1:237070958	446	22	150	-0.001982062780269	0.0324843049327354	0.0493273542600896	0.336322869955157	0.5787097	PIP_0.5-0.9	RYR2	12.695115015604816
chr1:238118396	430	8	98	-0.0019255813953488	0.0486790697674418	0.0186046511627906	0.227906976744186	0.2719947	PIP_0.1-0.5	YWHAQP9	11.778313850814785
chr1:238232298	437	3	106	0.0002242562929061	0.0544347826086956	0.0068649885583524	0.2425629290617849	1.0	PIP>0.9	ENSG00000234464	22.35838842274065
chr1:238382690	444	24	122	-0.0018671171171171	0.058759009009009	0.054054054054054	0.2747747747747748	0.5289297	PIP_0.5-0.9	RNU6-725P	31.20023874426186
chr1:238739368	443	5	83	-0.0012076749435665	0.0504176072234763	0.0112866817155756	0.1873589164785553	0.6747856	PIP_0.5-0.9	MIPEPP2	10.427286490085194
chr1:23890668	445	25	119	0.0012966292134831	0.0395662921348314	0.0561797752808988	0.2674157303370786	0.6219562	PIP_0.5-0.9	BTBD6P1	12.616006999974502
chr1:23988967	438	25	163	-0.0007283105022831	0.0328150684931506	0.0570776255707762	0.3721461187214612	0.005584717	PIP<0.1	PNRC2	37.61790134538942
chr1:24007300	442	18	113	0.0010746606334841	0.0357941176470588	0.0407239819004524	0.255656108597285	0.6113874	PIP_0.5-0.9	RPL36P5	13.283870589546808
chr1:240443718	447	11	129	0.0028881431767337	0.0466778523489932	0.0246085011185682	0.2885906040268456	0.15058541	PIP_0.1-0.5	ENSG00000233519	25.081253812933348
chr1:240553611	440	15	118	0.000690909090909	0.0442090909090909	0.034090909090909	0.2681818181818182	0.49168932	PIP_0.1-0.5	ENSG00000226014	16.429243528378873
chr1:24087580	448	16	120	0.0015915178571428	0.0348727678571428	0.0357142857142857	0.2678571428571428	0.8663765	PIP_0.5-0.9	MYOM3	22.98347868026797
chr1:242087687	438	10	108	0.0024543378995433	0.0367191780821917	0.0228310502283105	0.2465753424657534	0.98506135	PIP>0.9	ENSG00000277099	13.53022623987426
chr1:242981026	443	17	122	-0.0010045146726862	0.0383002257336343	0.0383747178329571	0.2753950338600451	0.28150392	PIP_0.1-0.5	ENSG00000230199	11.113573093103875
chr1:24359163	444	66	144	0.0013445945945945	0.0306869369369369	0.1486486486486486	0.3243243243243243	0.6282376	PIP_0.5-0.9	GRHL3-AS1	13.260131304946004
chr1:244915209	447	10	182	0.0005369127516778	0.0250156599552572	0.0223713646532438	0.407158836689038	0.22777641	PIP_0.1-0.5	RN7SKP55	13.309599597405027
chr1:245605402	451	30	173	0.0022084257206208	0.0365144124168514	0.0665188470066518	0.3835920177383592	0.55647445	PIP_0.5-0.9	ENSG00000238224	12.675492738898988
chr1:245626780	449	8	108	0.0004432071269487	0.0467416481069042	0.0178173719376391	0.2405345211581291	0.0973959	PIP<0.1	ENSG00000238224	10.546262822533013
chr1:2456486	445	49	192	0.0009235955056179	0.0344247191011236	0.1101123595505618	0.4314606741573034	0.3182794	PIP_0.1-0.5	PLCH2	32.83869030123786
chr1:245656909	448	44	148	0.00271875	0.0343303571428571	0.0982142857142857	0.3303571428571428	0.99932957	PIP>0.9	ENSG00000231612	11.094906890664262
chr1:245891529	439	40	128	-0.0005170842824601	0.0352870159453303	0.0911161731207289	0.2915717539863325	0.84186816	PIP_0.5-0.9	ENSG00000235096	39.82846594391855
chr1:246113415	441	22	93	0.0008707482993197	0.0283628117913832	0.0498866213151927	0.2108843537414966	0.105835795	PIP_0.1-0.5	SMYD3-AS1	10.600714631877082
chr1:246245598	446	71	174	0.000634529147982	0.0365269058295964	0.1591928251121076	0.3901345291479821	0.0057189465	PIP<0.1	RNU6-1283P	14.995201321885917
chr1:247473863	449	7	99	-0.0010467706013363	0.0434387527839643	0.0155902004454342	0.220489977728285	0.15762836	PIP_0.1-0.5	OR2B11	17.598298259358216
chr1:247877936	450	24	152	0.0003466666666666	0.0449155555555555	0.0533333333333333	0.3377777777777778	0.33033514	PIP_0.1-0.5	OR2W3	19.6611390029331
chr1:26070097	438	24	114	-0.0012922374429223	0.0351369863013698	0.0547945205479452	0.2602739726027397	0.20702642	PIP_0.1-0.5	FAM110D	13.195455910103243
chr1:26126828	431	15	137	0.0015406032482598	0.0459953596287703	0.0348027842227378	0.3178654292343387	0.08641285	PIP<0.1	PDIK1L	13.394301630222024
chr1:2620185	424	6	97	0.0054528301886792	0.0396556603773584	0.0141509433962264	0.2287735849056603	0.55162793	PIP_0.5-0.9	MMEL1	16.030921975631653
chr1:26555925	441	62	135	0.0001201814058956	0.020079365079365	0.1405895691609977	0.3061224489795918	0.883544	PIP_0.5-0.9	MIR1976	41.361593113315486
chr1:27284334	431	48	97	0.0011392111368909	0.0230556844547563	0.111368909512761	0.2250580046403712	0.01398617	PIP<0.1	ACTG1P20	13.105531456365508
chr1:29306375	447	13	139	0.0043557046979865	0.0423199105145413	0.029082774049217	0.3109619686800894	1.0	PIP>0.9	LINC01756	15.975965896766848
chr1:3040702	434	18	145	0.0018202764976958	0.0483087557603686	0.0414746543778801	0.3341013824884792	0.5192115	PIP_0.5-0.9	ACTRT2	12.268461382346349
chr1:30706792	449	2	118	0.0018129175946547	0.0340623608017817	0.0044543429844097	0.2628062360801781	0.1225695	PIP_0.1-0.5	MATN1-AS1	12.945500766891346
chr1:31164012	437	12	123	0.0036796338672768	0.0395102974828375	0.0274599542334096	0.2814645308924485	0.9999985	PIP>0.9	RPL21P22	23.40820002755945
chr1:31419549	445	8	138	-0.0004539325842696	0.0395595505617977	0.0179775280898876	0.3101123595505618	0.51744485	PIP_0.5-0.9	SERINC2	28.4969771717307
chr1:31679163	436	25	165	-0.0001055045871559	0.0389357798165137	0.0573394495412844	0.378440366972477	0.7805357	PIP_0.5-0.9	COL16A1	16.207792657427156
chr1:32440214	430	20	129	0.0014883720930232	0.0326093023255814	0.0465116279069767	0.3	0.6364395	PIP_0.5-0.9	LRRC37A12P	30.49532808030119
chr1:33837628	437	3	78	0.0069862700228832	0.0551693363844393	0.0068649885583524	0.1784897025171624	0.5375922	PIP_0.5-0.9	HSPD1P14	11.735740613101104
chr1:36592959	449	12	130	0.0025723830734966	0.0359576837416481	0.0267260579064587	0.289532293986637	0.61339104	PIP_0.5-0.9	FTLP18	10.475048280739884
chr1:3682559	444	104	260	0.0004234234234234	0.051990990990991	0.2342342342342342	0.5855855855855856	0.9999031	PIP>0.9	TP73-AS3	14.12164058446221
chr1:4000079	447	37	179	-0.0001744966442953	0.0359821029082774	0.0827740492170022	0.4004474272930649	0.55851305	PIP_0.5-0.9	ENSG00000284703	27.30208852139657
chr1:40016386	440	24	80	-0.0007568181818181	0.0333295454545454	0.0545454545454545	0.1818181818181818	0.06657791	PIP<0.1	CAP1	32.33332949505197
chr1:40912768	445	8	98	0.0021932584269662	0.0295460674157303	0.0179775280898876	0.2202247191011236	0.20344985	PIP_0.1-0.5	ENSG00000286668	13.037815715285674
chr1:40953838	449	19	126	-0.0023140311804008	0.0260779510022271	0.042316258351893	0.2806236080178174	0.94393396	PIP>0.9	UBE2V1P8	19.26913837083021
chr1:43696215	431	66	115	0.0014060324825986	0.0221577726218097	0.1531322505800464	0.2668213457076566	0.016298354	PIP<0.1	ST3GAL3	18.22054813305657
chr1:43927552	433	45	98	-0.0013464203233256	0.0212909930715935	0.1039260969976905	0.2263279445727482	0.008319199	PIP<0.1	MIR6079	14.254184262603491
chr1:4395932	433	14	122	0.0038060046189376	0.0412517321016166	0.0323325635103926	0.2817551963048499	0.16343129	PIP_0.1-0.5	LINC01777	27.474625604749637
chr1:45334998	434	70	79	0.002647465437788	0.0240023041474654	0.1612903225806451	0.1820276497695852	0.65863943	PIP_0.5-0.9	MUTYH	15.099781490986867
chr1:4563129	440	6	139	0.0037931818181818	0.0385204545454545	0.0136363636363636	0.3159090909090909	0.93255836	PIP>0.9	LINC01646	11.061236645094583
chr1:46412184	444	15	146	-0.0010585585585585	0.0416351351351351	0.0337837837837837	0.3288288288288288	0.8124359	PIP_0.5-0.9	FAAHP1	15.655612651440237
chr1:4774061	439	42	158	0.0004236902050113	0.0312847380410022	0.0956719817767653	0.3599088838268792	0.6810568	PIP_0.5-0.9	ENSG00000287586	18.41643028740096
chr1:48601418	447	4	112	-0.0028031319910514	0.0456398210290827	0.0089485458612975	0.2505592841163311	1.0	PIP>0.9	ENSG00000287661	30.833952576163774
chr1:4923508	435	6	102	-0.0037977011494252	0.0533057471264367	0.0137931034482758	0.2344827586206896	0.94201654	PIP>0.9	ENSG00000284739	42.94826166840858
chr1:50647501	423	97	99	-0.0001300236406619	0.0139267139479905	0.2293144208037825	0.2340425531914893	0.0027478337	PIP<0.1	HMGB1P45	13.92895950743618
chr1:5229819	443	5	86	-0.0038916478555304	0.0523882618510158	0.0112866817155756	0.1941309255079006	0.7144053	PIP_0.5-0.9	ENSG00000284616	43.98572738129103
chr1:53503239	448	46	163	-0.0002388392857142	0.0293727678571428	0.1026785714285714	0.3638392857142857	0.9725022	PIP>0.9	DMRTB1	11.410789338560049
chr1:54659431	446	12	108	0.0022354260089686	0.0343654708520179	0.0269058295964125	0.242152466367713	0.512506	PIP_0.5-0.9	MROH7-TTC4	28.251043234123323
chr1:5471039	443	41	153	0.0034627539503386	0.034627539503386	0.09255079006772	0.345372460496614	0.99999946	PIP>0.9	ENSG00000284666	24.395239912186447
chr1:56600824	433	12	126	0.0001247113163972	0.048364896073903	0.0277136258660508	0.2909930715935335	0.017611265	PIP<0.1	RPL23AP85	26.20237197761057
chr1:58024135	439	0	33	0.0022391799544419	0.0544487471526195	0.0	0.0751708428246013	0.6034945	PIP_0.5-0.9	HNRNPA1P6	23.91039490481264
chr1:5866994	446	94	161	-0.0003408071748878	0.0237399103139013	0.210762331838565	0.3609865470852018	0.50700617	PIP_0.5-0.9	MIR4689	12.121715285239707
chr1:60921020	448	5	100	0.0003549107142857	0.0429129464285714	0.0111607142857142	0.2232142857142857	0.9866705	PIP>0.9	ENSG00000231252	28.861373695597614
chr1:60980202	443	18	120	0.0015079006772009	0.0377923250564334	0.0406320541760722	0.2708803611738149	1.0	PIP>0.9	NFIA-AS2	29.669697832397453
chr1:61390974	447	7	105	0.0010357941834451	0.0394161073825503	0.0156599552572706	0.2348993288590604	0.96374816	PIP>0.9	ENSG00000284808	10.60336512776123
chr1:61709058	440	64	103	-0.0025045454545454	0.0233	0.1454545454545454	0.2340909090909091	0.024999976	PIP<0.1	TM2D1	34.39594078288986
chr1:63532220	435	30	72	-0.0024551724137931	0.0335080459770114	0.0689655172413793	0.1655172413793103	0.103865266	PIP_0.1-0.5	ITGB3BP	15.412217205183264
chr1:63681277	436	18	134	-0.0004701834862385	0.0418830275229357	0.0412844036697247	0.3073394495412844	0.9005741	PIP>0.9	RN7SL130P	11.229044255538886
chr1:67090461	433	10	66	-0.0005750577367205	0.0477482678983833	0.023094688221709	0.1524249422632794	0.032553554	PIP<0.1	ENSG00000252433	26.771123100554643
chr1:70057953	432	4	76	0.0040069444444444	0.0510532407407407	0.0092592592592592	0.1759259259259259	0.14846182	PIP_0.1-0.5	LRRC7-AS1	12.095764743336792
chr1:734950	446	349	378	0.015091928251121	0.1229304932735426	0.7825112107623319	0.8475336322869955	0.9795608	PIP>0.9	CICP3	17.01224341889179
chr1:7383375	436	59	166	-0.0028027522935779	0.0421513761467889	0.1353211009174312	0.3807339449541284	0.2070322	PIP_0.1-0.5	CAMTA1-AS2	11.904603422429432
chr1:7450486	447	11	136	0.0032125279642058	0.036152125279642	0.0246085011185682	0.3042505592841163	0.5258377	PIP_0.5-0.9	CAMTA1-AS1	14.863912863465057
chr1:7495178	445	24	154	-0.0014247191011235	0.0347505617977528	0.0539325842696629	0.346067415730337	0.9932289	PIP>0.9	CAMTA1-AS1	17.32295800372937
chr1:75567322	414	2	77	0.0045724637681159	0.0473502415458937	0.0048309178743961	0.1859903381642512	0.15909445	PIP_0.1-0.5	RNU6-503P	14.662691681591118
chr1:76503186	443	8	119	0.0050316027088036	0.0507426636568848	0.0180586907449209	0.2686230248306998	0.22295862	PIP_0.1-0.5	ENSG00000272855	14.50921608695962
chr1:76557817	430	7	80	-0.0041883720930232	0.0542627906976744	0.0162790697674418	0.1860465116279069	0.99910617	PIP>0.9	ENSG00000272855	13.079597926781378
chr1:76746168	435	10	93	0.0045379310344827	0.0525701149425287	0.0229885057471264	0.2137931034482758	0.11535978	PIP_0.1-0.5	RNU6-161P	12.891711386664596
chr1:78687449	437	1	69	-0.0075812356979405	0.0613798627002288	0.0022883295194508	0.1578947368421052	0.038196206	PIP<0.1	ENSG00000238015	20.942809418894274
chr1:7916662	439	62	168	-0.0008223234624145	0.0415740318906606	0.1412300683371298	0.3826879271070615	0.7300999	PIP_0.5-0.9	ENSG00000270330	42.35992808633563
chr1:80445252	435	5	102	-0.0021931034482758	0.0497103448275862	0.0114942528735632	0.2344827586206896	1.0	PIP>0.9	HNRNPA1P64	26.86380842931692
chr1:80944730	440	67	209	0.0015227272727272	0.0745	0.1522727272727272	0.475	0.6307971	PIP_0.5-0.9	MTND2P30	10.906594025469316
chr1:81470655	443	7	107	0.0014356659142212	0.0521534988713318	0.0158013544018058	0.2415349887133182	0.7393703	PIP_0.5-0.9	ARID3BP1	26.483430826958283
chr1:81852234	428	5	90	-0.0022406542056074	0.0519275700934579	0.0116822429906542	0.2102803738317757	0.017522871	PIP<0.1	ST13P20	16.86425969970706
chr1:8230369	446	52	165	0.0002466367713004	0.0289641255605381	0.116591928251121	0.3699551569506726	0.9507467	PIP>0.9	ENSG00000233645	11.91492565212374
chr1:83174866	435	5	92	-0.0044597701149425	0.062919540229885	0.0114942528735632	0.2114942528735632	0.9984936	PIP>0.9	LINC01361	43.871943075163216
chr1:83199469	432	4	110	0.0038310185185185	0.0746782407407407	0.0092592592592592	0.2546296296296296	0.8572243	PIP_0.5-0.9	LINC01361	34.1686539594058
chr1:83873070	432	4	55	0.0071782407407407	0.0573819444444444	0.0092592592592592	0.1273148148148148	0.11259818	PIP_0.1-0.5	LINC01725	47.745880957328175
chr1:84979004	437	46	164	-0.0034713958810068	0.0571922196796338	0.1052631578947368	0.3752860411899313	0.5875801	PIP_0.5-0.9	DNAI3	12.012683636122144
chr1:85436655	444	5	80	0.0030045045045045	0.0505495495495495	0.0112612612612612	0.1801801801801801	0.006940782	PIP<0.1	BCL10	14.663763601232766
chr1:88175936	443	26	100	0.0012009029345372	0.0460180586907449	0.0586907449209932	0.2257336343115124	0.87671673	PIP_0.5-0.9	ENSG00000270507	15.385808896413415
chr1:90881873	438	4	67	2.0547945205479487e-05	0.0551529680365296	0.0091324200913242	0.1529680365296803	0.048573256	PIP<0.1	PHKA1P1	18.38801473368346
chr1:91168119	446	36	139	0.0010224215246636	0.0405470852017937	0.0807174887892376	0.3116591928251121	0.14570296	PIP_0.1-0.5	Y_RNA	26.339330155823905
chr1:92041846	433	4	111	-0.0041177829099307	0.0510508083140877	0.0092378752886836	0.2563510392609699	0.9962066	PIP>0.9	EPHX4	32.79387946459569
chr1:92646128	422	24	94	-0.0014810426540284	0.0353720379146919	0.0568720379146919	0.2227488151658767	0.33430898	PIP_0.1-0.5	GFI1	11.790013744633304
chr1:9272769	447	26	130	0.0012438478747203	0.0292796420581655	0.058165548098434	0.29082774049217	0.951618	PIP>0.9	SPSB1	15.645680495692528
chr1:92879009	431	78	79	-0.0011090487238979	0.0195916473317865	0.1809744779582366	0.1832946635730858	0.015746832	PIP<0.1	RPL5	21.63529781237556
chr1:93068902	436	19	94	0.0012087155963302	0.0296536697247706	0.0435779816513761	0.2155963302752293	0.95671815	PIP>0.9	MTF2	10.447139482164674
chr1:94892559	445	51	145	0.0045235955056179	0.0529730337078651	0.1146067415730337	0.3258426966292135	0.16268104	PIP_0.1-0.5	SLC44A3-AS1	11.426025372427254
chr1:95295944	444	17	111	0.0007252252252252	0.0308153153153153	0.0382882882882882	0.25	0.8654328	PIP_0.5-0.9	ENSG00000287919	15.579372489207245
chr1:95579865	435	14	96	-0.0049609195402298	0.0543218390804597	0.032183908045977	0.2206896551724138	1.0	PIP>0.9	LINC02607	29.40776575649726
chr1:95588606	436	16	111	-0.0022637614678899	0.0575756880733945	0.036697247706422	0.2545871559633027	0.641171	PIP_0.5-0.9	LINC02607	10.666999457953429
chr1:96054135	434	10	102	0.0039723502304147	0.0419953917050691	0.0230414746543778	0.2350230414746544	0.037916422	PIP<0.1	LINC02790	15.628681187278191
chr1:96076786	438	6	86	0.0027511415525114	0.0578744292237442	0.0136986301369863	0.1963470319634703	0.33344245	PIP_0.1-0.5	LINC02790	11.532457357485006
chr1:97026051	433	14	117	-0.0045034642032332	0.0726512702078521	0.0323325635103926	0.2702078521939954	0.041837394	PIP<0.1	DPYD-AS1	32.34370499962558
chr1:98750981	432	7	89	-0.001136574074074	0.0687939814814814	0.0162037037037037	0.2060185185185185	0.08746451	PIP<0.1	SNX7	24.849567441639305
chr1:99349177	443	1	85	0.0040948081264108	0.0536975169300225	0.0022573363431151	0.1918735891647855	0.84582824	PIP_0.5-0.9	PLPPR4	15.171469657459886
chr20:10116602	449	18	124	0.0014053452115812	0.0446659242761692	0.0400890868596882	0.2761692650334075	0.70826054	PIP_0.5-0.9	SNAP25	10.395102007291218
chr20:10390439	439	23	110	-0.0015785876993166	0.0395284738041002	0.0523917995444191	0.2505694760820046	0.037117362	PIP<0.1	SDAD1P2	15.314535307429477
chr20:1077559	442	23	136	0.0008778280542986	0.0533393665158371	0.0520361990950226	0.3076923076923077	0.074503005	PIP<0.1	PSMF1	18.479598604990045
chr20:11114710	444	1	60	0.0006081081081081	0.0442612612612612	0.0022522522522522	0.1351351351351351	0.29773355	PIP_0.1-0.5	ENSG00000270777	21.51608868861142
chr20:11187821	444	6	93	0.0001148648648648	0.0523896396396396	0.0135135135135135	0.2094594594594594	0.8744605	PIP_0.5-0.9	ENSG00000230990	10.354222599400934
chr20:11624000	444	4	84	0.0003018018018018	0.0488963963963964	0.009009009009009	0.1891891891891892	0.05024594	PIP<0.1	PGAM3P	34.43912374715726
chr20:12752421	442	32	172	0.0033959276018099	0.0420339366515837	0.0723981900452488	0.3891402714932127	0.99978244	PIP>0.9	ENSG00000286087	28.36760871561597
chr20:13011232	442	2	91	-0.0011357466063348	0.0556063348416289	0.004524886877828	0.2058823529411764	0.12224507	PIP_0.1-0.5	SPTLC3	20.890985204461572
chr20:13089168	447	7	100	-0.005731543624161	0.0406711409395973	0.0156599552572706	0.2237136465324384	0.07410514	PIP<0.1	ENSG00000271426	10.236933210998004
chr20:1381954	443	25	105	-0.0017923250564334	0.0304469525959368	0.0564334085778781	0.237020316027088	0.08268374	PIP<0.1	MIR6869	16.808897969189843
chr20:15797564	444	19	100	-0.0020945945945945	0.0468513513513513	0.0427927927927927	0.2252252252252252	0.06734401	PIP<0.1	ENSAP1	10.435121986982686
chr20:15995548	443	68	118	0.0020835214446952	0.043099322799097	0.1534988713318284	0.2663656884875846	0.99107134	PIP>0.9	ENSG00000286546	26.83914878121486
chr20:16468731	438	73	183	-0.0016940639269406	0.0592602739726027	0.1666666666666666	0.4178082191780822	0.21410358	PIP_0.1-0.5	KIF16B	11.537094272681966
chr20:17554261	441	17	99	-0.0031950113378684	0.0398616780045351	0.0385487528344671	0.2244897959183673	0.5135518	PIP_0.5-0.9	ENSG00000277373	27.70242437157779
chr20:17900164	442	76	270	9.049773755656144e-05	0.0804841628959276	0.171945701357466	0.6108597285067874	0.99999964	PIP>0.9	RNU6-192P	14.672129157250051
chr20:18033881	442	23	136	0.0026266968325791	0.0348484162895927	0.0520361990950226	0.3076923076923077	0.050679147	PIP<0.1	OVOL2	13.742762729937684
chr20:19321142	443	25	115	-0.0011015801354401	0.0330474040632054	0.0564334085778781	0.2595936794582393	0.9136789	PIP>0.9	SLC24A3-AS1	10.320312942147448
chr20:2111432	433	35	122	0.0006720554272517	0.0354849884526558	0.0808314087759815	0.2817551963048499	0.42204094	PIP_0.1-0.5	ENSG00000286108	15.877775501475265
chr20:23338213	434	19	134	0.0020967741935483	0.0415253456221198	0.0437788018433179	0.3087557603686636	0.5607964	PIP_0.5-0.9	NXT1	13.011735445819095
chr20:23802102	444	9	102	-5.630630630630636e-05	0.0684211711711711	0.0202702702702702	0.2297297297297297	0.19194359	PIP_0.1-0.5	ENSG00000230908	19.87365515548945
chr20:24393117	441	18	120	-0.0009092970521541	0.0427006802721088	0.0408163265306122	0.272108843537415	0.51660836	PIP_0.5-0.9	GAPDHP53	21.855913900857363
chr20:24401394	440	0	67	0.0026022727272727	0.0574386363636363	0.0	0.1522727272727272	0.004146695	PIP<0.1	GAPDHP53	23.708862635196507
chr20:24575360	436	20	124	-0.001387614678899	0.0360940366972477	0.0458715596330275	0.2844036697247706	0.16409063	PIP_0.1-0.5	ENSG00000228539	28.93781209418444
chr20:28826306	325	0	61	0.0003661538461538	0.0633876923076923	0.0	0.1876923076923076	0.04855305	PIP<0.1	ENSG00000291100	12.739430380111331
chr20:28835586	434	142	326	-0.0683087557603686	0.1868018433179723	0.3271889400921659	0.7511520737327189	0.028618455	PIP<0.1	ENSG00000291100	11.633875039922923
chr20:28937753	406	9	75	0.0038866995073891	0.0423300492610837	0.022167487684729	0.1847290640394088	0.014745474	PIP<0.1	FRG1DP	22.8445989524843
chr20:29111369	452	69	420	-0.0043805309734513	0.0994380530973451	0.1526548672566371	0.9292035398230089	1.0	PIP>0.9	FRG1DP	22.738888344947878
chr20:29458292	287	10	60	-0.0025017421602787	0.0596097560975609	0.0348432055749128	0.2090592334494773	0.5170622	PIP_0.5-0.9	DUX4L35	22.33181999132232
chr20:29723417	412	2	76	-0.0006771844660194	0.051759708737864	0.0048543689320388	0.1844660194174757	0.1550237	PIP_0.1-0.5	Y_RNA	11.60191577277708
chr20:29730082	425	3	81	-0.0061270588235294	0.0608658823529411	0.0070588235294117	0.1905882352941176	0.019861639	PIP<0.1	CFTRP2	26.13800738936605
chr20:30845403	452	436	452	-0.0279977876106194	0.521896017699115	0.9646017699115044	1.0	0.012617111	PIP<0.1	RNA5SP528	42.91775348547581
chr20:30990961	412	8	97	-0.0043665048543689	0.0469635922330097	0.0194174757281553	0.2354368932038835	0.035517514	PIP<0.1	RNA5SP528	41.42253748411248
chr20:31259849	438	5	114	-0.0021164383561643	0.0511894977168949	0.0114155251141552	0.2602739726027397	0.015726864	PIP<0.1	DEFB115	10.52100015380177
chr20:31284683	439	19	144	-0.0016902050113895	0.0507835990888382	0.0432801822323462	0.3280182232346241	0.017737031	PIP<0.1	ENSG00000224628	13.60037398805543
chr20:33280284	435	8	115	0.0011540229885057	0.0378850574712643	0.0183908045977011	0.264367816091954	0.68787205	PIP_0.5-0.9	BPIFB1	14.408728287455158
chr20:38063921	434	83	218	-0.0032995391705069	0.0546405529953917	0.1912442396313364	0.5023041474654378	0.07242519	PIP<0.1	TTI1	19.879619701468798
chr20:38296842	446	27	159	0.0050201793721973	0.0414775784753363	0.0605381165919282	0.3565022421524663	0.7232749	PIP_0.5-0.9	BPI	18.71739511589557
chr20:39347302	429	9	116	0.0035431235431235	0.0483729603729603	0.0209790209790209	0.2703962703962704	0.99883604	PIP>0.9	RN7SL680P	43.394558708827866
chr20:39858133	444	6	117	0.0053828828828828	0.0480585585585585	0.0135135135135135	0.2635135135135135	0.9991611	PIP>0.9	HSPE1P1	14.084827064542772
chr20:40665043	442	16	125	0.0004072398190045	0.0320723981900452	0.0361990950226244	0.2828054298642534	0.08804262	PIP<0.1	MAFB	28.666694378052707
chr20:40775473	441	1	95	0.0034829931972789	0.047954648526077	0.0022675736961451	0.2154195011337868	0.117161095	PIP_0.1-0.5	RNA5SP484	11.27134159276914
chr20:40937952	440	2	97	-0.0005477272727272	0.0353795454545454	0.0045454545454545	0.2204545454545454	0.10368347	PIP_0.1-0.5	RNA5SP484	27.047442070572814
chr20:41105031	428	43	90	-0.0001495327102803	0.0312102803738317	0.1004672897196261	0.2102803738317757	0.018402934	PIP<0.1	ZHX3	10.629586246137688
chr20:42683363	440	13	126	-0.0008704545454545	0.0462704545454545	0.0295454545454545	0.2863636363636364	0.03148514	PIP<0.1	ENSG00000229042	10.61876003145952
chr20:42951693	438	10	97	-0.0051301369863013	0.0414680365296803	0.0228310502283105	0.2214611872146118	0.76545495	PIP_0.5-0.9	PTPRT-AS1	13.796160351866634
chr20:43013266	439	5	97	-0.001006833712984	0.0450751708428246	0.0113895216400911	0.2209567198177676	0.11967379	PIP_0.1-0.5	PTPRT-AS1	14.532954869521268
chr20:44182547	448	19	128	0.0001808035714285	0.037703125	0.0424107142857142	0.2857142857142857	1.0	PIP>0.9	JPH2	37.072290503591496
chr20:44399795	449	15	133	0.0011425389755011	0.0306481069042316	0.0334075723830735	0.2962138084632517	1.0	PIP>0.9	HNF4A-AS1	19.640663918020188
chr20:44938085	444	64	123	-0.0005315315315315	0.023081081081081	0.1441441441441441	0.277027027027027	0.2047658	PIP_0.1-0.5	TOMM34	10.759866669348655
chr20:45746400	433	6	103	-0.0021732101616628	0.0494711316397228	0.0138568129330254	0.2378752886836027	0.018230438	PIP<0.1	SPINT5P	16.039976893008088
chr20:47103362	444	46	165	0.0067657657657657	0.0629414414414414	0.1036036036036036	0.3716216216216216	0.8191733	PIP_0.5-0.9	ENSG00000239783	37.507833602950384
chr20:47428348	444	47	165	-0.0010112612612612	0.0286734234234234	0.1058558558558558	0.3716216216216216	0.12472886	PIP_0.1-0.5	LINC01754	36.85870068163526
chr20:4747143	443	4	94	0.0017088036117381	0.0425846501128668	0.0090293453724604	0.2121896162528216	0.02112335	PIP<0.1	PRNT	20.968326035809373
chr20:49411473	443	9	130	-0.0005981941309255	0.0400474040632054	0.0203160270880361	0.2934537246049661	1.0	PIP>0.9	KCNB1	49.9039511896722
chr20:49457028	443	3	104	-0.0025711060948081	0.0368013544018058	0.0067720090293453	0.2347629796839729	0.17493564	PIP_0.1-0.5	KCNB1	19.564813311274037
chr20:50039775	448	23	119	0.0007678571428571	0.0252544642857142	0.0513392857142857	0.265625	0.9980086	PIP>0.9	TRERNA1	10.852754648618058
chr20:50622748	449	10	127	0.0009999999999999	0.0309109131403118	0.0222717149220489	0.2828507795100223	0.43264812	PIP_0.1-0.5	RPL36P2	14.4584693689321
chr20:53473366	443	0	101	-0.0003431151241534	0.03741309255079	0.0	0.2279909706546275	0.6201073	PIP_0.5-0.9	ENSG00000271774	16.506539647257934
chr20:53657464	447	91	225	0.0087673378076062	0.0524675615212528	0.203579418344519	0.5033557046979866	1.0	PIP>0.9	RNU7-14P	25.53679287179582
chr20:54303770	438	17	115	0.003796803652968	0.0490981735159817	0.0388127853881278	0.2625570776255708	0.7680113	PIP_0.5-0.9	ENSG00000286229	21.51709963149788
chr20:5483209	446	17	141	-0.0031995515695067	0.0399260089686098	0.0381165919282511	0.3161434977578475	0.82284814	PIP_0.5-0.9	LINC00658	13.741881248318958
chr20:54870103	436	3	55	0.0025229357798165	0.0768348623853211	0.0068807339449541	0.1261467889908256	0.10339618	PIP_0.1-0.5	RNU4ATAC7P	23.52448564271636
chr20:55219628	441	3	73	0.0012448979591836	0.0458888888888888	0.0068027210884353	0.1655328798185941	0.7333869	PIP_0.5-0.9	RPL12P4	36.43599467907419
chr20:56734937	446	61	224	0.0060627802690582	0.0499551569506726	0.1367713004484305	0.5022421524663677	0.9998706	PIP>0.9	ENSG00000231604	20.99654828559057
chr20:57543873	446	19	118	-0.0007264573991031	0.0417130044843049	0.0426008968609865	0.2645739910313901	0.10437018	PIP_0.1-0.5	PCK1	12.013773141409333
chr20:57887170	446	13	121	0.0002421524663677	0.0434977578475336	0.0291479820627802	0.2713004484304933	0.51996064	PIP_0.5-0.9	ENSG00000263453	15.805938610015223
chr20:58199905	450	27	157	0.0004666666666666	0.0410844444444444	0.06	0.3488888888888889	0.60527474	PIP_0.5-0.9	ANKRD60	11.778204735471435
chr20:58722530	447	22	146	-0.0008411633109619	0.0442013422818792	0.0492170022371364	0.3266219239373601	0.0714823	PIP<0.1	ENSG00000254419	15.5138270358319
chr20:59580789	446	36	158	-0.0008251121076233	0.0310941704035874	0.0807174887892376	0.3542600896860987	0.99999464	PIP>0.9	PHACTR3	14.886157630176296
chr20:59627136	440	16	146	0.0045386363636363	0.041925	0.0363636363636363	0.3318181818181818	0.21103907	PIP_0.1-0.5	PHACTR3-AS1	14.192530999273332
chr20:60114347	444	22	150	-0.001268018018018	0.0481013513513513	0.0495495495495495	0.3378378378378378	0.0036280751	PIP<0.1	MIR646HG	14.21330776127112
chr20:60296893	434	101	200	-0.0049562211981566	0.0563986175115207	0.2327188940092165	0.4608294930875576	0.99841315	PIP>0.9	MIR646	18.72577734432845
chr20:60535147	445	22	146	-0.0029370786516853	0.0509595505617977	0.049438202247191	0.3280898876404494	0.401227	PIP_0.1-0.5	MIR548AG2	41.27177787658611
chr20:60688162	441	5	93	-0.0023265306122448	0.0432018140589569	0.0113378684807256	0.2108843537414966	0.022150457	PIP<0.1	ENSG00000276627	31.57298493117565
chr20:61379587	451	12	127	-0.0011352549889135	0.0447095343680709	0.0266075388026607	0.2815964523281596	0.99999714	PIP>0.9	ENSG00000276786	15.523468941539988
chr20:61431689	449	59	212	-0.0027906458797327	0.0478106904231625	0.131403118040089	0.4721603563474387	0.75913763	PIP_0.5-0.9	ENSG00000277270	32.23399494939119
chr20:61976631	449	186	173	-0.0005723830734966	0.0100734966592427	0.4142538975501114	0.3853006681514476	0.51696813	PIP_0.5-0.9	MIR1257	13.347141818810265
chr20:62558034	451	57	236	0.0014767184035476	0.0474057649667405	0.1263858093126385	0.5232815964523282	0.9999877	PIP>0.9	MIR133A2	26.774460067313115
chr20:62982125	449	28	167	-0.0017527839643652	0.0304209354120267	0.0623608017817371	0.3719376391982182	0.9752423	PIP>0.9	BHLHE23	11.484377325144427
chr20:6304009	434	9	111	-0.0039539170506912	0.0613640552995391	0.02073732718894	0.2557603686635945	0.17593968	PIP_0.1-0.5	ENSG00000276915	17.970132550736764
chr20:63237925	445	41	178	-0.0024112359550561	0.0376426966292134	0.0921348314606741	0.4	0.9833565	PIP>0.9	BIRC7	14.73900778278738
chr20:63980985	444	13	192	-0.0009707207207207	0.0226328828828828	0.0292792792792792	0.4324324324324324	0.9913035	PIP>0.9	SOX18	27.468681276937644
chr20:737874	447	22	146	-0.0002393736017897	0.0331297539149888	0.0492170022371364	0.3266219239373601	0.99999076	PIP>0.9	SLC52A3	24.142009388683427
chr20:7717181	445	7	134	-0.0007370786516853	0.0546426966292134	0.0157303370786516	0.3011235955056179	0.03956151	PIP<0.1	RN7SL547P	13.877971334789924
chr20:8731678	448	30	144	0.0007633928571428	0.0431160714285714	0.0669642857142857	0.3214285714285714	0.99972624	PIP>0.9	RNU105B	10.2624290398358
chr21:14014570	448	43	174	0.0015781249999999	0.0409933035714285	0.0959821428571428	0.3883928571428571	0.8759139	PIP_0.5-0.9	FRG2MP	14.202391693949243
chr21:16389084	448	31	133	-0.0029084821428571	0.0464084821428571	0.0691964285714285	0.296875	0.95610553	PIP>0.9	ENSG00000270139	12.94383540260921
chr21:17164917	440	3	79	0.0004363636363636	0.0497727272727272	0.0068181818181818	0.1795454545454545	0.21076578	PIP_0.1-0.5	NEK4P1	20.28992433291824
chr21:17975456	438	32	145	0.0004474885844748	0.0357351598173516	0.0730593607305936	0.3310502283105023	0.9999992	PIP>0.9	CHODL	25.848342940088077
chr21:18002044	435	16	139	-0.0006666666666666	0.0400045977011494	0.0367816091954023	0.3195402298850575	0.19999278	PIP_0.1-0.5	ENSG00000227330	16.14806417439816
chr21:18612918	426	27	99	0.0022018779342723	0.0595962441314554	0.0633802816901408	0.2323943661971831	0.10470641	PIP_0.1-0.5	ENSG00000230233	39.09046965438368
chr21:19324091	445	2	82	-0.0014067415730337	0.0482786516853932	0.0044943820224719	0.1842696629213483	0.6902321	PIP_0.5-0.9	RNU1-139P	19.051411515433436
chr21:19741531	441	11	84	0.0008027210884353	0.0504897959183673	0.0249433106575963	0.1904761904761904	0.016155124	PIP<0.1	SREK1IP1P1	36.86710255114453
chr21:20351837	445	13	141	0.0005438202247191	0.0457078651685393	0.0292134831460674	0.3168539325842696	0.9684795	PIP>0.9	RNU6-772P	23.202655563835435
chr21:20667634	438	9	79	0.0007716894977168	0.0545114155251141	0.0205479452054794	0.1803652968036529	0.015578866	PIP<0.1	ENSG00000276738	12.28991458166751
chr21:20711875	444	25	125	0.0037162162162162	0.0614369369369369	0.0563063063063063	0.2815315315315315	0.7645319	PIP_0.5-0.9	LINC00320	25.707629443472847
chr21:21141296	444	17	124	0.003599099099099	0.0457837837837837	0.0382882882882882	0.2792792792792792	0.18204916	PIP_0.1-0.5	ENSG00000226771	10.297500233829975
chr21:23901464	441	21	120	-0.0019478458049886	0.0479251700680272	0.0476190476190476	0.272108843537415	0.017170072	PIP<0.1	ENSG00000231986	26.78796976061289
chr21:25621663	441	12	104	-0.0014943310657596	0.0441655328798185	0.0272108843537414	0.2358276643990929	0.5	PIP_0.5-0.9	JAM2	44.56998067324514
chr21:27908896	449	9	104	0.0045723830734966	0.0511870824053452	0.0200445434298441	0.2316258351893095	1.0	PIP>0.9	ENSG00000234083	35.93570910713302
chr21:30364148	434	2	90	-0.0030599078341013	0.0458018433179723	0.0046082949308755	0.2073732718894009	0.18015152	PIP_0.1-0.5	KRTAP27-1	10.23167164513819
chr21:31230445	439	71	166	0.0027129840546697	0.0449726651480637	0.1617312072892938	0.378132118451025	0.02735132	PIP<0.1	ENSG00000286643	20.070950913343346
chr21:32182224	441	11	109	0.0013083900226757	0.0419569160997732	0.0249433106575963	0.2471655328798186	1.0	PIP>0.9	LINC00159	20.8470078521444
chr21:33118679	444	12	86	-0.0002094594594594	0.0323265765765765	0.027027027027027	0.1936936936936936	0.52302295	PIP_0.5-0.9	ENSG00000226527	10.811386381219986
chr21:34963196	445	83	191	0.002238202247191	0.0369168539325842	0.1865168539325842	0.4292134831460674	0.98244303	PIP>0.9	ENSG00000286153	25.11808132128521
chr21:36582268	436	8	118	0.0001353211009174	0.0395711009174311	0.018348623853211	0.2706422018348624	0.16220152	PIP_0.1-0.5	ENSG00000286852	42.56091741604322
chr21:37506986	436	63	214	0.0012110091743119	0.0610045871559633	0.1444954128440367	0.4908256880733945	0.17768341	PIP_0.1-0.5	ENSG00000286717	17.829880895732966
chr21:37691327	441	6	91	0.0017369614512471	0.0373696145124716	0.0136054421768707	0.2063492063492063	0.94010174	PIP>0.9	KCNJ6-AS1	21.720544691067463
chr21:38429740	447	8	116	-0.0002393736017897	0.0411789709172259	0.017897091722595	0.2595078299776286	0.9987501	PIP>0.9	ENSG00000289404	16.095607164088417
chr21:38785466	437	18	152	0.0025858123569794	0.0517848970251716	0.0411899313501144	0.3478260869565217	0.65052545	PIP_0.5-0.9	ETS2	13.101030777803958
chr21:40067361	440	4	100	0.0028590909090909	0.0471181818181818	0.009090909090909	0.2272727272727272	0.12594646	PIP_0.1-0.5	MIR4760	14.369227563099669
chr21:41567661	445	17	146	0.0033820224719101	0.0332067415730337	0.0382022471910112	0.3280898876404494	0.046472013	PIP<0.1	PCSEAT	42.68973488680047
chr21:42460698	448	25	232	0.0042366071428571	0.0606116071428571	0.0558035714285714	0.5178571428571429	0.8735345	PIP_0.5-0.9	SLC37A1	16.981786907313694
chr21:42765059	448	55	183	-0.0016696428571428	0.0371875	0.1227678571428571	0.4084821428571428	0.99809575	PIP>0.9	LINC01668	27.510278286326056
chr21:43295899	449	39	161	0.0020645879732739	0.0254766146993318	0.086859688195991	0.3585746102449889	0.5	PIP_0.5-0.9	LINC00322	21.07326810349052
chr21:43588959	431	13	122	-0.0009234338747099	0.0460835266821345	0.0301624129930394	0.2830626450116009	0.9466547	PIP>0.9	RPL31P1	21.912272947496216
chr21:43824179	445	91	208	-0.0005662921348314	0.0390561797752809	0.2044943820224719	0.4674157303370786	0.8821781	PIP_0.5-0.9	AATBC	29.414672208340924
chr21:43958249	446	83	214	-0.0012802690582959	0.029872197309417	0.1860986547085202	0.4798206278026906	0.99367136	PIP>0.9	ENSG00000288593	17.81698125474739
chr21:43999056	447	33	117	0.0022729306487695	0.0269574944071588	0.0738255033557047	0.261744966442953	1.0	PIP>0.9	RNU6-1150P	41.883999133124775
chr21:44625793	447	33	182	0.002642058165548	0.0340380313199105	0.0738255033557047	0.407158836689038	0.016060054	PIP<0.1	KRTAP10-9	13.172846369365294
chr21:44684757	443	14	141	-0.0004762979683972	0.0310316027088036	0.0316027088036117	0.3182844243792325	0.048716426	PIP<0.1	KRTAP12-1	11.032784549955826
chr21:44749182	447	88	225	0.0037404921700223	0.032165548098434	0.1968680089485458	0.5033557046979866	0.6263715	PIP_0.5-0.9	ENSG00000289144	13.65790815535088
chr22:11308758	452	0	140	0.0043893805309734	0.034646017699115	0.0	0.3097345132743362	0.8646703	PIP_0.5-0.9	FRG1FP	11.803523380320204
chr22:16257282	442	79	180	0.0001380090497737	0.0374819004524886	0.1787330316742081	0.4072398190045249	0.11557329	PIP_0.1-0.5	U6	16.629633378112157
chr22:17648164	438	122	120	-0.001	0.0158127853881278	0.2785388127853881	0.273972602739726	0.03916347	PIP<0.1	BCL2L13	11.922826284777589
chr22:18229106	150	12	30	0.0040533333333333	0.06472	0.08	0.2	0.99323815	PIP>0.9	FAM230J	12.460999952054848
chr22:20293895	447	23	131	-0.0004586129753914	0.0337606263982102	0.0514541387024608	0.2930648769574944	0.75764894	PIP_0.5-0.9	PRODHLP	12.31626794122286
chr22:20503702	439	9	128	0.0015876993166287	0.0240205011389521	0.020501138952164	0.2915717539863325	0.016372383	PIP<0.1	CCDC74BP1	13.918006348564504
chr22:21092015	443	6	94	-0.0038939051918735	0.0369458239277652	0.0135440180586907	0.2121896162528216	0.68471766	PIP_0.5-0.9	ENSG00000291044	14.698079118768373
chr22:22185012	441	18	135	0.0035464852607709	0.0475192743764172	0.0408163265306122	0.3061224489795918	0.15970635	PIP_0.1-0.5	IGLV6-57	18.558826077126977
chr22:22333722	434	5	99	0.0035391705069124	0.0464700460829493	0.0115207373271889	0.228110599078341	0.9894207	PIP>0.9	ASH2LP3	32.38940282851995
chr22:22686079	422	3	78	-0.002042654028436	0.0452748815165876	0.0071090047393364	0.1848341232227488	0.9731042	PIP>0.9	ENSG00000232350	12.117790645628691
chr22:23398121	446	47	177	0.0063834080717488	0.0298318385650224	0.1053811659192825	0.3968609865470852	0.8910098	PIP_0.5-0.9	ENSG00000290920	26.565869069075504
chr22:23922860	423	225	248	0.003063829787234	0.1174893617021276	0.5319148936170213	0.5862884160756501	0.9121676	PIP>0.9	ENSG00000272787	31.327737146783782
chr22:24763858	448	91	192	-0.0003437499999999	0.0410669642857142	0.203125	0.4285714285714285	0.5610974	PIP_0.5-0.9	PIWIL3	26.983958412067977
chr22:27075026	447	4	87	-0.001407158836689	0.037241610738255	0.0089485458612975	0.1946308724832214	0.99999994	PIP>0.9	ENSG00000236858	16.234764596986796
chr22:27742502	447	54	171	-0.0006845637583892	0.0358836689038031	0.1208053691275167	0.3825503355704698	0.92050344	PIP>0.9	ENSG00000226169	10.811689231426204
chr22:28764518	440	51	127	0.0012272727272727	0.0231590909090909	0.1159090909090909	0.2886363636363636	0.57124573	PIP_0.5-0.9	XBP1	28.304692698555534
chr22:28790053	429	15	190	0.0003846153846153	0.0476293706293706	0.0349650349650349	0.4428904428904429	0.9424062	PIP>0.9	ENSG00000224256	10.287695841450128
chr22:32467223	448	31	141	-0.0008705357142857	0.0342098214285714	0.0691964285714285	0.3147321428571428	0.8081944	PIP_0.5-0.9	BPIFC	12.509417406309158
chr22:33348720	439	73	188	0.0002118451025056	0.0554829157175398	0.1662870159453303	0.428246013667426	0.6027786	PIP_0.5-0.9	ENSG00000230741	13.725421102115918
chr22:33375516	443	38	160	0.0022031602708803	0.0737246049661399	0.0857787810383747	0.3611738148984199	0.03348422	PIP<0.1	MIR4764	21.470349034086485
chr22:33456176	442	145	223	6.108597285067876e-05	0.0475407239819004	0.3280542986425339	0.504524886877828	0.87067187	PIP_0.5-0.9	MIR4764	11.508180725935851
chr22:33672280	440	94	214	-0.0023727272727272	0.0551363636363636	0.2136363636363636	0.4863636363636364	0.069512725	PIP<0.1	SNORA50B	18.920830143372797
chr22:33771407	439	141	242	0.0006583143507972	0.0609043280182232	0.3211845102505695	0.55125284738041	0.3563391	PIP_0.1-0.5	LARGE-AS1	16.323364704509757
chr22:33805345	442	111	209	-7.013574660633519e-05	0.0518800904977375	0.251131221719457	0.4728506787330316	0.8048604	PIP_0.5-0.9	LARGE-AS1	18.191827048849245
chr22:34638950	436	18	134	0.0015412844036697	0.0437110091743119	0.0412844036697247	0.3073394495412844	0.12258458	PIP_0.1-0.5	ENSG00000234891	11.273764874367192
chr22:35002579	446	12	127	0.0006681614349775	0.0474708520179372	0.0269058295964125	0.2847533632286995	0.9999037	PIP>0.9	LINC02885	10.207926979296088
chr22:35572030	441	2	100	0.0017641723356009	0.0299410430839002	0.0045351473922902	0.2267573696145124	0.7659875	PIP_0.5-0.9	ENSG00000288777	17.129782887254443
chr22:36145488	445	41	145	0.0013932584269662	0.0318337078651685	0.0921348314606741	0.3258426966292135	0.77150166	PIP_0.5-0.9	ENSG00000279805	13.008093252131706
chr22:36356218	437	57	219	0.0005377574370709	0.0514576659038901	0.1304347826086956	0.5011441647597255	0.99999994	PIP>0.9	ENSG00000287269	42.8964025973005
chr22:37214063	450	24	154	0.0038644444444444	0.0294911111111111	0.0533333333333333	0.3422222222222222	0.6214778	PIP_0.5-0.9	ENSG00000226233	35.175487040641954
chr22:37296236	447	68	179	0.0023668903803131	0.0314451901565995	0.1521252796420581	0.4004474272930649	1.0	PIP>0.9	CYTH4	38.86207937614204
chr22:40412299	439	42	188	-0.0006947608200455	0.041624145785877	0.0956719817767653	0.428246013667426	0.2280441	PIP_0.1-0.5	ENSG00000272834	11.750691656286095
chr22:40737325	433	19	105	0.0012817551963048	0.0300069284064665	0.0438799076212471	0.2424942263279445	0.012552261	PIP<0.1	RFKP4	26.301624886611165
chr22:43102206	448	41	171	0.0040178571428571	0.0294776785714285	0.0915178571428571	0.3816964285714285	0.9857688	PIP>0.9	BIK	24.954470083982304
chr22:43153001	450	55	212	0.0022933333333333	0.04064	0.1222222222222222	0.4711111111111111	0.8355936	PIP_0.5-0.9	TSPO	11.092923745548129
chr22:44060880	450	51	245	-0.0018222222222222	0.0543066666666666	0.1133333333333333	0.5444444444444444	0.54158956	PIP_0.5-0.9	ENSG00000279175	10.29529820944514
chr22:44259337	445	32	148	0.0025213483146067	0.0339595505617977	0.0719101123595505	0.3325842696629214	0.51605004	PIP_0.5-0.9	ENSG00000280011	11.850182064857725
chr22:44536659	444	36	166	-0.0036283783783783	0.0439797297297297	0.081081081081081	0.3738738738738739	0.87866175	PIP_0.5-0.9	KRT18P23	22.04276682428185
chr22:44790316	450	19	138	0.0034	0.0301422222222222	0.0422222222222222	0.3066666666666666	1.0	PIP>0.9	ARHGAP8	14.478393162806602
chr22:44888477	444	13	135	0.0021193693693693	0.0320833333333333	0.0292792792792792	0.304054054054054	0.8058795	PIP_0.5-0.9	RPL6P28	35.00683983265383
chr22:45637236	439	8	146	-0.0011594533029612	0.0376423690205011	0.0182232346241457	0.3325740318906606	0.884526	PIP_0.5-0.9	RNU6-1161P	10.21171397859454
chr22:46583432	447	50	136	0.0011431767337807	0.0184317673378076	0.1118568232662192	0.3042505592841163	0.6566307	PIP_0.5-0.9	GRAMD4	16.847430757983755
chr22:46651328	448	61	144	-0.0024441964285714	0.023296875	0.1361607142857142	0.3214285714285714	0.91660094	PIP>0.9	GRAMD4	13.331804111054703
chr22:48521914	444	53	168	-0.0006756756756756	0.0311666666666666	0.1193693693693693	0.3783783783783784	1.0	PIP>0.9	ENSG00000281732	31.930431906581116
chr22:49031414	445	52	173	0.0017820224719101	0.0388831460674157	0.1168539325842696	0.3887640449438202	0.499609	PIP_0.1-0.5	NHIP	17.451415372930313
chr22:49629557	445	214	320	-0.0117707865168539	0.0499460674157303	0.4808988764044943	0.7191011235955056	0.8233237	PIP_0.5-0.9	ENSG00000280224	18.664080800423203
chr22:49761490	444	87	169	-0.002572072072072	0.0246756756756756	0.1959459459459459	0.3806306306306306	0.98835117	PIP>0.9	RPL5P35	24.20591441703908
chr22:49921539	443	183	338	-0.0001286681715575	0.0737990970654627	0.4130925507900677	0.7629796839729119	0.9760134	PIP>0.9	ALG12	50.04347008209056
chr22:50553070	446	35	131	0.0013385650224215	0.0255313901345291	0.0784753363228699	0.2937219730941704	0.99685276	PIP>0.9	KLHDC7B	17.142089625636505
chr2:101089631	435	35	134	0.0022505747126436	0.0430229885057471	0.0804597701149425	0.3080459770114943	0.94876665	PIP>0.9	BBIP1P1	22.91325833773895
chr2:102939523	432	15	116	-0.0032106481481481	0.0510162037037037	0.0347222222222222	0.2685185185185185	0.1370182	PIP_0.1-0.5	LINC01935	26.99782458511709
chr2:105369990	443	50	184	-0.0034830699774266	0.0397990970654627	0.1128668171557562	0.4153498871331828	0.65493476	PIP_0.5-0.9	ENSG00000238273	14.832362032226644
chr2:105699812	447	10	93	-0.0033400447427293	0.0529194630872483	0.0223713646532438	0.2080536912751678	0.035880327	PIP<0.1	NCK2	17.541343047466807
chr2:1061888	446	7	119	-0.0011569506726457	0.0520941704035874	0.0156950672645739	0.2668161434977578	0.18780303	PIP_0.1-0.5	ENSG00000235403	22.317258364909943
chr2:106990780	432	5	77	0.0011226851851851	0.0452523148148148	0.011574074074074	0.1782407407407407	0.6802147	PIP_0.5-0.9	ENSG00000286218	35.19419543034181
chr2:107640672	438	2	67	0.004	0.0650867579908675	0.0045662100456621	0.1529680365296803	0.16379559	PIP_0.1-0.5	LINC01886	39.92610630397813
chr2:10796102	440	41	125	0.0006454545454545	0.0277363636363636	0.0931818181818181	0.2840909090909091	0.011668742	PIP<0.1	RNU7-176P	18.825770241500667
chr2:108355152	422	14	103	-0.0042559241706161	0.040431279620853	0.0331753554502369	0.2440758293838862	0.1587109	PIP_0.1-0.5	GMCL1P2	24.851711164385936
chr2:108914517	434	19	146	-0.0002350230414746	0.0426866359447004	0.0437788018433179	0.336405529953917	1.0	PIP>0.9	RPL39P16	19.531313019116794
chr2:110856527	438	15	198	0.0051004566210045	0.0477579908675799	0.0342465753424657	0.4520547945205479	0.6019796	PIP_0.5-0.9	RPL5P9	10.77524839625875
chr2:111164053	440	64	158	0.000690909090909	0.035740909090909	0.1454545454545454	0.359090909090909	0.088572025	PIP<0.1	BCL2L11	28.365899799932524
chr2:111723262	449	7	111	0.0016993318485523	0.0356770601336302	0.0155902004454342	0.2472160356347438	0.99516845	PIP>0.9	ENSG00000227842	11.521259253740707
chr2:11359776	444	65	145	0.0003378378378378	0.0263873873873873	0.1463963963963964	0.3265765765765765	0.7301685	PIP_0.5-0.9	LINC03037	10.075007599488622
chr2:113600646	448	314	347	0.0015066964285714	0.1324933035714285	0.7008928571428571	0.7745535714285714	0.29121494	PIP_0.1-0.5	DDX11L2	21.42343075236496
chr2:11374325	447	25	205	0.0053221476510067	0.0477964205816554	0.0559284116331096	0.4586129753914988	0.84715843	PIP_0.5-0.9	LINC00570	11.650106079944608
chr2:115089252	433	12	106	0.0014549653579676	0.0572147806004618	0.0277136258660508	0.2448036951501154	0.018310905	PIP<0.1	ENSG00000286776	33.50941346728148
chr2:115488180	429	3	79	-0.0018927738927738	0.0432354312354312	0.0069930069930069	0.1841491841491841	0.115401685	PIP_0.1-0.5	RPSAP23	10.838034779618166
chr2:115724464	436	3	79	0.000788990825688	0.0500504587155963	0.0068807339449541	0.1811926605504587	0.13945639	PIP_0.1-0.5	ENSG00000287451	12.29170428220817
chr2:116495864	435	11	97	0.0020252873563218	0.0521172413793103	0.025287356321839	0.2229885057471264	0.93701226	PIP>0.9	ENSG00000271667	26.396236434638677
chr2:117795287	435	8	95	0.0015586206896551	0.0350482758620689	0.0183908045977011	0.2183908045977011	0.9660288	PIP>0.9	ENSG00000238207	30.956898007492764
chr2:118399620	425	0	52	-0.0010329411764705	0.0523882352941176	0.0	0.1223529411764706	0.10627729	PIP_0.1-0.5	THORLNC	9.977712603197824
chr2:119331458	440	31	91	0.0011022727272727	0.0281840909090909	0.0704545454545454	0.2068181818181818	0.02296424	PIP<0.1	C2orf76	12.511470507470062
chr2:120277442	442	105	111	0.0003619909502262	0.0137375565610859	0.2375565610859728	0.251131221719457	0.004548788	PIP<0.1	ENSG00000289091	18.42649998090681
chr2:120709039	440	38	172	-0.0025545454545454	0.04395	0.0863636363636363	0.3909090909090909	0.0209288	PIP<0.1	ENSG00000229774	12.233888062696762
chr2:121564449	429	66	100	-0.0004475524475524	0.0267179487179487	0.1538461538461538	0.2331002331002331	0.0041900873	PIP<0.1	ENSG00000279721	22.43029265874488
chr2:121728803	437	95	119	6.636155606407324e-05	0.0163546910755148	0.217391304347826	0.2723112128146453	0.075213194	PIP<0.1	NPM1P32	17.6058603295428
chr2:122381969	440	5	87	-2.954545454545447e-05	0.0499931818181818	0.0113636363636363	0.1977272727272727	0.22654462	PIP_0.1-0.5	ENSG00000287871	12.259176497109284
chr2:122707532	434	64	154	0.002200460829493	0.0599746543778801	0.1474654377880184	0.3548387096774194	0.13997644	PIP_0.1-0.5	ENSG00000287871	10.554939231328552
chr2:125785318	441	24	122	-0.0023968253968253	0.0466825396825396	0.0544217687074829	0.2766439909297052	1.0	PIP>0.9	ENSG00000224410	48.804071905630906
chr2:125840521	436	3	74	-0.007045871559633	0.0471192660550458	0.0068807339449541	0.1697247706422018	0.053196073	PIP<0.1	ENSG00000224410	29.721805932422683
chr2:12664263	440	4	101	0.0014181818181818	0.050040909090909	0.009090909090909	0.2295454545454545	0.9998878	PIP>0.9	ENSG00000261117	28.077110604566123
chr2:127342993	427	24	77	0.0019461358313817	0.0317306791569086	0.0562060889929742	0.180327868852459	0.06261212	PIP<0.1	RNU6-1147P	27.904513518137616
chr2:127613987	440	50	193	-0.002815909090909	0.0417431818181818	0.1136363636363636	0.4386363636363636	0.85243356	PIP_0.5-0.9	ENSG00000272789	21.367498487123672
chr2:12826454	430	23	115	-0.0019627906976744	0.0371767441860465	0.0534883720930232	0.2674418604651162	0.3254543	PIP_0.1-0.5	MIR3125	33.6782719133812
chr2:128370207	445	48	207	0.0007617977528089	0.0432831460674157	0.1078651685393258	0.4651685393258427	0.99882334	PIP>0.9	Y_RNA	10.426085540525047
chr2:128405902	441	16	137	-0.0002380952380952	0.0376213151927437	0.0362811791383219	0.310657596371882	0.57312053	PIP_0.5-0.9	RNA5SP103	12.667621416022214
chr2:129219570	440	5	84	-0.0034	0.0485136363636363	0.0113636363636363	0.1909090909090909	0.17506707	PIP_0.1-0.5	LINC01854	14.87467610025719
chr2:130201151	442	18	121	-0.0018122171945701	0.0434276018099547	0.0407239819004524	0.2737556561085973	0.19175518	PIP_0.1-0.5	RHOQP3	18.52146892016723
chr2:130233398	436	18	111	-0.0011674311926605	0.0351215596330275	0.0412844036697247	0.2545871559633027	0.44861102	PIP_0.1-0.5	ENSG00000234398	27.855295389537915
chr2:130353705	434	40	192	0.0002834101382488	0.0253894009216589	0.0921658986175115	0.4423963133640553	0.99998784	PIP>0.9	PTPN18	10.105292138392516
chr2:130670135	413	15	104	0.0039297820823244	0.0480169491525423	0.036319612590799	0.2518159806295399	0.9998652	PIP>0.9	ENSG00000232408	19.194259667921468
chr2:1309008	443	37	150	0.0024243792325056	0.043706546275395	0.0835214446952596	0.3386004514672686	1.0	PIP>0.9	ENSG00000233553	19.398367399861623
chr2:131589088	440	131	226	-0.0001636363636363	0.0360727272727272	0.2977272727272727	0.5136363636363637	0.1523962	PIP_0.1-0.5	POTEKP	20.86782148900791
chr2:131649160	438	8	81	-0.0035410958904109	0.0565091324200913	0.0182648401826484	0.184931506849315	0.05180341	PIP<0.1	GRAMD4P8	14.715572631426872
chr2:13200909	440	2	54	0.0034863636363636	0.0410681818181818	0.0045454545454545	0.1227272727272727	0.002062142	PIP<0.1	ENSG00000225649	24.26747807310356
chr2:132059014	442	0	94	0.0081968325791855	0.0485271493212669	0.0	0.2126696832579185	0.017091095	PIP<0.1	BNIP3P46	22.72294880760382
chr2:1332556	447	15	91	0.0009731543624161	0.0477740492170022	0.0335570469798657	0.203579418344519	0.83551234	PIP_0.5-0.9	ENSG00000233553	13.73796577346734
chr2:133541247	444	3	96	-0.0012319819819819	0.05325	0.0067567567567567	0.2162162162162162	0.99973106	PIP>0.9	ENSG00000223430	19.50511668142124
chr2:134009063	444	36	151	-0.0033896396396396	0.0378175675675675	0.081081081081081	0.3400900900900901	0.5002506	PIP_0.5-0.9	ENSG00000286697	18.88525863193964
chr2:135385622	414	68	121	0.0019975845410628	0.0243888888888888	0.1642512077294686	0.2922705314009662	0.010761261	PIP<0.1	G3BP1P1	17.972754474744598
chr2:136419843	438	8	117	0.0042876712328767	0.032337899543379	0.0182648401826484	0.2671232876712329	0.17193216	PIP_0.1-0.5	RN7SKP141	16.916239295056965
chr2:136832674	433	4	83	-5.542725173210173e-05	0.040041570438799	0.0092378752886836	0.1916859122401847	0.08827907	PIP<0.1	THSD7B	23.24199188849921
chr2:139411166	428	22	177	0.0054252336448598	0.0637383177570093	0.0514018691588785	0.4135514018691589	0.69352704	PIP_0.5-0.9	ENSG00000229131	15.896194913286145
chr2:139720087	432	2	65	0.0001875	0.0510023148148148	0.0046296296296296	0.1504629629629629	0.14163983	PIP_0.1-0.5	RPL9P13	34.083308779389576
chr2:140079936	435	10	93	-0.0021885057471264	0.0546666666666666	0.0229885057471264	0.2137931034482758	0.03901577	PIP<0.1	LINC01853	13.480165374154955
chr2:14111086	437	15	101	-0.0055812356979405	0.0532608695652173	0.034324942791762	0.2311212814645309	0.27054727	PIP_0.1-0.5	RNU6-1288P	27.03282703865665
chr2:141179643	437	0	67	-0.0006544622425629	0.0611533180778032	0.0	0.1533180778032036	0.9652256	PIP>0.9	RNU6-904P	10.93788714506603
chr2:142429225	428	9	84	-0.0090420560747663	0.0468738317757009	0.0210280373831775	0.1962616822429906	0.38148636	PIP_0.1-0.5	UBE2V1P14	18.928212335195248
chr2:143466060	439	10	66	-0.0017403189066059	0.0353667425968109	0.0227790432801822	0.1503416856492027	0.19581372	PIP_0.1-0.5	ENSG00000228655	10.94953610218162
chr2:14426327	433	2	54	-0.0034757505773672	0.0509722863741339	0.0046189376443418	0.1247113163972286	0.6984156	PIP_0.5-0.9	LINC00276	14.096129491245463
chr2:145354503	445	12	98	-9.662921348314624e-05	0.0455752808988764	0.0269662921348314	0.2202247191011236	0.20898443	PIP_0.1-0.5	RPL6P5	13.090191857505705
chr2:145407978	438	0	42	0.0002785388127853	0.0396986301369862	0.0	0.0958904109589041	0.3193916	PIP_0.1-0.5	RPL6P5	9.975346524124872
chr2:145764857	444	6	58	-0.001259009009009	0.0535563063063063	0.0135135135135135	0.1306306306306306	0.14077896	PIP_0.1-0.5	METAP2P1	11.420705054724476
chr2:146912985	429	2	75	-0.0021142191142191	0.0587156177156177	0.0046620046620046	0.1748251748251748	0.010928035	PIP<0.1	ENSG00000271583	17.479942521305304
chr2:147277793	431	25	150	0.0010812064965197	0.0563712296983758	0.0580046403712296	0.3480278422273782	0.6514133	PIP_0.5-0.9	RNU6-692P	11.915246856869263
chr2:149960104	441	11	93	-0.0030861678004535	0.062156462585034	0.0249433106575963	0.2108843537414966	0.07678723	PIP<0.1	LINC01931	10.05510870857573
chr2:150977691	430	3	51	0.0008162790697674	0.0599372093023255	0.0069767441860465	0.1186046511627907	0.022127926	PIP<0.1	ENSG00000228064	39.84483525140788
chr2:153511452	436	15	106	0.0007821100917431	0.0498646788990825	0.0344036697247706	0.2431192660550458	0.89152753	PIP_0.5-0.9	RPRM	21.47689109531188
chr2:156632134	437	20	181	-0.0015011441647597	0.0632494279176201	0.045766590389016	0.4141876430205949	0.81701684	PIP_0.5-0.9	LINC01958	16.01247628689328
chr2:157673405	442	2	65	-0.0015859728506787	0.0457036199095022	0.004524886877828	0.1470588235294117	1.0	PIP>0.9	ACVR1C	11.801359356827335
chr2:157806684	436	5	100	0.0022408256880733	0.0477362385321101	0.0114678899082568	0.2293577981651376	0.9352059	PIP>0.9	ACVR1	11.479596267136523
chr2:159310375	444	24	108	0.0022612612612612	0.0403828828828828	0.054054054054054	0.2432432432432432	0.051123917	PIP<0.1	WDSUB1	10.2926108824347
chr2:160020272	447	5	84	-0.0038702460850111	0.0468456375838926	0.0111856823266219	0.1879194630872483	0.32166958	PIP_0.1-0.5	PLA2R1	28.546494603688068
chr2:160471355	435	3	73	0.000351724137931	0.0441448275862068	0.0068965517241379	0.167816091954023	0.02727127	PIP<0.1	MIR4785	22.256166219549414
chr2:16264221	443	9	91	0.0010767494356659	0.0419796839729119	0.0203160270880361	0.2054176072234763	0.99719864	PIP>0.9	ENSG00000285354	17.22968789968244
chr2:164239318	423	4	74	-0.0012434988179669	0.0547139479905437	0.0094562647754137	0.1749408983451536	0.9999787	PIP>0.9	PRPS1P1	12.057628469855478
chr2:166158892	446	0	64	0.0026659192825112	0.0530560538116591	0.0	0.1434977578475336	0.22222555	PIP_0.1-0.5	SCN1A	13.361234246196336
chr2:166779292	428	8	94	0.0019953271028037	0.056929906542056	0.0186915887850467	0.219626168224299	0.031356514	PIP<0.1	XIRP2	15.689861218592638
chr2:167069035	431	1	75	9.280742459396404e-06	0.0482552204176334	0.0023201856148491	0.1740139211136891	0.11877006	PIP_0.1-0.5	XIRP2-AS1	18.508205392180766
chr2:169843723	441	71	122	-0.0002426303854875	0.021031746031746	0.1609977324263038	0.2766439909297052	0.0072941184	PIP<0.1	UBR3	17.386609247349092
chr2:171596030	438	1	75	0.0012100456621004	0.0364931506849315	0.002283105022831	0.1712328767123287	1.0	PIP>0.9	RPL21P38	40.50408921039805
chr2:173537277	433	5	76	0.0024688221709006	0.0367690531177829	0.0115473441108545	0.1755196304849884	0.31595153	PIP_0.1-0.5	ENSG00000237016	21.0189207869716
chr2:173810233	435	9	110	-0.0001172413793103	0.0409310344827586	0.0206896551724137	0.2528735632183908	0.045942783	PIP<0.1	ENSG00000270460	38.72865162559144
chr2:174784849	447	5	119	0.0015906040268456	0.0384988814317673	0.0111856823266219	0.2662192393736018	0.6286113	PIP_0.5-0.9	CHRNA1	25.91043023872794
chr2:177818194	430	5	66	0.0114651162790697	0.076446511627907	0.0116279069767441	0.1534883720930232	0.16622955	PIP_0.1-0.5	PDE11A-AS1	20.925272193576024
chr2:17791824	431	18	116	-0.0021647331786542	0.0468793503480278	0.0417633410672853	0.2691415313225058	0.93527716	PIP>0.9	MSGN1	11.791063596341544
chr2:183591111	443	17	116	-7.449209932279927e-05	0.0492076749435666	0.0383747178329571	0.2618510158013544	0.9932963	PIP>0.9	CACYBPP2	18.485367303283784
chr2:183841697	441	4	101	0.0003083900226757	0.0432925170068027	0.0090702947845804	0.2290249433106576	0.08099514	PIP<0.1	ENSG00000286879	17.46397443070542
chr2:18406102	438	0	72	-0.0032214611872146	0.0529931506849315	0.0	0.1643835616438356	0.0077298284	PIP<0.1	ENSG00000287881	40.91971876801262
chr2:187658411	431	11	109	0.0037703016241299	0.0474315545243619	0.025522041763341	0.2529002320185615	0.17260814	PIP_0.1-0.5	TFPI	24.493228878759417
chr2:188161015	431	6	71	0.0014106728538283	0.0437911832946635	0.0139211136890951	0.1647331786542923	0.022365153	PIP<0.1	ENSG00000213115	13.386813227193189
chr2:191118733	445	13	96	-0.0022044943820224	0.0476921348314606	0.0292134831460674	0.2157303370786517	0.5004522	PIP_0.5-0.9	RNU6-959P	10.290289554958925
chr2:19305352	444	21	145	0.0007815315315315	0.031813063063063	0.0472972972972973	0.3265765765765765	0.9281399	PIP>0.9	LINC01376	24.8657529001245
chr2:193880156	423	3	90	-0.0040520094562647	0.0634657210401891	0.0070921985815602	0.2127659574468085	0.02107197	PIP<0.1	ENSG00000286868	15.74880477776795
chr2:194729687	425	5	75	-0.0077035294117647	0.0449458823529411	0.0117647058823529	0.1764705882352941	0.030467927	PIP<0.1	LINC01790	14.299806327110288
chr2:19546519	432	8	96	-0.0020833333333333	0.0535231481481481	0.0185185185185185	0.2222222222222222	0.04290986	PIP<0.1	LINC01808	46.43236035880656
chr2:195811116	425	9	86	0.0034941176470588	0.0464023529411764	0.0211764705882352	0.2023529411764706	0.9700441	PIP>0.9	RNU6-915P	41.53300402655067
chr2:196455103	435	10	118	0.0016390804597701	0.0531149425287356	0.0229885057471264	0.271264367816092	0.9677986	PIP>0.9	HECW2	21.555013389958823
chr2:196933948	424	42	68	-0.0004740566037735	0.0252382075471698	0.0990566037735849	0.160377358490566	0.22565436	PIP_0.1-0.5	PGAP1	14.38361918746078
chr2:198046228	430	23	131	-0.0002279069767441	0.0515627906976744	0.0534883720930232	0.3046511627906976	0.157498	PIP_0.1-0.5	ENSG00000237035	10.16166516515318
chr2:198666917	438	2	59	-0.0015662100456621	0.0530776255707762	0.0045662100456621	0.1347031963470319	0.055010796	PIP<0.1	ENSG00000225421	10.719540280851849
chr2:19880214	442	14	100	0.0001244343891402	0.0580565610859728	0.0316742081447963	0.2262443438914027	0.9999989	PIP>0.9	TTC32	15.977747755864115
chr2:200747168	437	23	132	-0.001324942791762	0.0422814645308924	0.0526315789473684	0.3020594965675057	0.05169803	PIP<0.1	ENSG00000291279	34.80880122415724
chr2:202664699	442	8	154	0.0001018099547511	0.0425723981900452	0.0180995475113122	0.3484162895927601	0.0371989	PIP<0.1	FAM117B	13.34299088154294
chr2:204972322	436	2	86	-0.0057201834862385	0.0492522935779816	0.0045871559633027	0.1972477064220183	0.9999993	PIP>0.9	ENSG00000223890	32.41965424875482
chr2:205055521	440	24	94	-0.002025	0.0455022727272727	0.0545454545454545	0.2136363636363636	0.87009823	PIP_0.5-0.9	ENSG00000223890	29.80582675188379
chr2:205303925	432	8	82	-0.0026805555555555	0.0594907407407407	0.0185185185185185	0.1898148148148148	0.1650778	PIP_0.1-0.5	ENSG00000223890	12.050799031904813
chr2:205816979	449	9	97	-0.0033207126948775	0.038576837416481	0.0200445434298441	0.2160356347438752	0.55400574	PIP_0.5-0.9	ENSG00000225216	15.107803963258998
chr2:205877074	447	19	126	-0.0039642058165548	0.0396420581655481	0.0425055928411633	0.2818791946308724	0.8284149	PIP_0.5-0.9	RN7SKP178	13.671594251109331
chr2:208742935	433	2	64	-0.0031870669745958	0.0528314087759815	0.0046189376443418	0.1478060046189376	0.0048404336	PIP<0.1	ENSG00000287662	27.33533885553514
chr2:21092613	424	15	99	0.0014009433962264	0.0502877358490566	0.035377358490566	0.2334905660377358	0.35287476	PIP_0.1-0.5	ENSG00000287956	20.46085454584541
chr2:21171462	428	22	121	0.0007126168224299	0.0610443925233644	0.0514018691588785	0.2827102803738318	0.01297158	PIP<0.1	ENSG00000271629	39.20733742467758
chr2:212020669	438	3	81	-0.0022876712328767	0.0529817351598173	0.0068493150684931	0.184931506849315	0.052488863	PIP<0.1	MTCO1P46	32.21415473795278
chr2:212100334	439	2	91	-0.0024123006833712	0.0516423690205011	0.0045558086560364	0.2072892938496583	0.9334948	PIP>0.9	MIR548F2	10.013405619359704
chr2:213905862	438	5	112	0.0073630136986301	0.0548378995433789	0.0114155251141552	0.2557077625570776	0.003265798	PIP<0.1	MIR4438	28.80839660362714
chr2:214333644	436	11	113	0.0026238532110091	0.0524770642201834	0.0252293577981651	0.2591743119266055	0.20129585	PIP_0.1-0.5	RPL5P8	23.838980438839855
chr2:214515948	444	5	88	0.00159009009009	0.0428423423423423	0.0112612612612612	0.1981981981981982	0.5556912	PIP_0.5-0.9	VWC2L-IT1	17.299934380278536
chr2:214794986	433	24	101	0.0032147806004618	0.0354133949191685	0.0554272517321016	0.2332563510392609	0.051083922	PIP<0.1	BARD1	12.37544895683262
chr2:215121915	444	9	85	-0.0012274774774774	0.0520337837837837	0.0202702702702702	0.1914414414414414	0.10080099	PIP_0.1-0.5	ABCA12	33.2317642119915
chr2:215465508	435	16	112	0.0027402298850574	0.0395310344827586	0.0367816091954023	0.2574712643678161	0.5009266	PIP_0.5-0.9	ENSG00000228618	13.708222154230969
chr2:215561778	438	11	91	0.0009703196347031	0.0811438356164383	0.0251141552511415	0.2077625570776255	0.06677586	PIP<0.1	ENSG00000227981	21.380248586814595
chr2:215619311	447	11	152	0.0037360178970917	0.0473378076062639	0.0246085011185682	0.3400447427293065	0.9911409	PIP>0.9	ENSG00000227981	11.377339705120953
chr2:218104001	432	2	96	-0.0002499999999999	0.0529907407407407	0.0046296296296296	0.2222222222222222	0.11829162	PIP_0.1-0.5	CXCR2	41.50129305236008
chr2:218846115	445	36	129	-0.0005078651685393	0.0197977528089887	0.0808988764044943	0.2898876404494382	0.79890424	PIP_0.5-0.9	RPL23AP31	13.483603919763317
chr2:220401161	436	3	93	0.0023784403669724	0.0493325688073394	0.0068807339449541	0.2133027522935779	0.4213193	PIP_0.1-0.5	ENSG00000236451	11.238405216636629
chr2:220417846	439	6	115	0.0015990888382687	0.0453120728929385	0.0136674259681093	0.2619589977220957	0.049999475	PIP<0.1	ENSG00000236451	10.330703958914352
chr2:22268375	429	6	80	-0.0028344988344988	0.0566013986013986	0.0139860139860139	0.1864801864801865	0.23998398	PIP_0.1-0.5	ENSG00000234189	12.749507514680266
chr2:223202782	433	29	113	-0.0030877598152424	0.0484272517321016	0.0669745958429561	0.2609699769053117	0.11516833	PIP_0.1-0.5	RN7SL807P	12.142542958245294
chr2:223385977	443	4	90	-0.004823927765237	0.0430180586907449	0.0090293453724604	0.2031602708803611	0.19939035	PIP_0.1-0.5	HIGD1AP4	25.085593973084723
chr2:225781623	434	15	69	0.001626728110599	0.0508202764976958	0.0345622119815668	0.1589861751152073	0.6348227	PIP_0.5-0.9	ENSG00000279015	18.494297597963232
chr2:22622587	440	10	102	-0.0025931818181818	0.0525295454545454	0.0227272727272727	0.2318181818181818	0.99229556	PIP>0.9	ENSG00000228999	41.049883868361285
chr2:226563537	439	1	72	0.0001116173120728	0.0393963553530751	0.0022779043280182	0.164009111617312	0.09831816	PIP<0.1	MIR5702	23.44960451513758
chr2:226634261	440	2	83	-0.0013977272727272	0.0459613636363636	0.0045454545454545	0.1886363636363636	0.99927294	PIP>0.9	MIR5702	33.202902024604974
chr2:228480042	446	7	81	-0.0008206278026905	0.0497892376681614	0.0156950672645739	0.1816143497757847	0.16141605	PIP_0.1-0.5	ENSG00000286772	21.178601509340883
chr2:230777251	435	33	142	-0.0003931034482758	0.0401402298850574	0.0758620689655172	0.3264367816091954	0.014142752	PIP<0.1	BANF1P3	19.11003192245674
chr2:231426635	445	34	115	-0.000152808988764	0.0287101123595505	0.0764044943820224	0.2584269662921348	0.26650387	PIP_0.1-0.5	ZBTB8OSP2	29.979277242010944
chr2:232407799	445	118	208	-0.0015258426966292	0.0434359550561797	0.2651685393258427	0.4674157303370786	0.53638107	PIP_0.5-0.9	ALPG	10.597479832481255
chr2:232444744	449	17	136	0.001097995545657	0.0271870824053452	0.0378619153674833	0.3028953229398664	0.9324624	PIP>0.9	DIS3L2P1	10.396193780693444
chr2:232715093	445	65	85	0.0025752808988764	0.0215820224719101	0.146067415730337	0.1910112359550561	0.023511171	PIP<0.1	ENSG00000241409	21.80195384250981
chr2:233227353	451	20	115	0.0039268292682926	0.0373725055432372	0.0443458980044345	0.2549889135254989	0.99999845	PIP>0.9	ATG16L1	23.14901774536392
chr2:233322589	437	26	126	0.000670480549199	0.0287116704805492	0.0594965675057208	0.2883295194508009	0.06318915	PIP<0.1	SAG	33.01153351754311
chr2:233997852	451	13	159	0.0003126385809312	0.0389955654101995	0.0288248337028824	0.352549889135255	1.0	PIP>0.9	ENSG00000286059	21.242198748549896
chr2:234468789	449	58	174	0.0002004454342984	0.053478841870824	0.1291759465478842	0.3875278396436525	0.5300697	PIP_0.5-0.9	HSPE1P9	12.721657623220295
chr2:235429423	445	15	141	0.0031483146067415	0.0440426966292134	0.0337078651685393	0.3168539325842696	0.51931393	PIP_0.5-0.9	AGAP1	10.36987799795783
chr2:235605836	448	35	165	-0.0039196428571428	0.0395491071428571	0.078125	0.3683035714285714	0.06335026	PIP<0.1	AGAP1-IT1	11.41728255467489
chr2:235672934	445	22	147	-0.0019865168539325	0.0461078651685393	0.049438202247191	0.3303370786516854	1.0	PIP>0.9	ENSG00000222007	37.06640746268975
chr2:236087050	446	28	134	0.0002757847533632	0.0364282511210762	0.0627802690582959	0.3004484304932735	0.2490679	PIP_0.1-0.5	RN7SL204P	15.710639236003797
chr2:237298739	448	10	120	0.0004419642857142	0.03903125	0.0223214285714285	0.2678571428571428	1.0	PIP>0.9	ENSG00000224132	17.590478969247886
chr2:237647238	443	20	139	0.0014740406320541	0.0298352144469526	0.0451467268623024	0.3137697516930022	0.71639794	PIP_0.5-0.9	LRRFIP1	14.944999438194804
chr2:237797402	433	156	205	0.0006512702078521	0.0188775981524249	0.3602771362586605	0.4734411085450346	0.8990015	PIP_0.5-0.9	RAMP1	11.742904693113031
chr2:238873369	449	61	161	-0.0008329621380846	0.0403385300668151	0.1358574610244989	0.3585746102449889	0.99941945	PIP>0.9	TWIST2	12.275146497395706
chr2:239721459	448	39	175	0.0038883928571428	0.0365267857142857	0.0870535714285714	0.390625	0.9933497	PIP>0.9	ENSG00000259889	30.774236158620745
chr2:240157825	451	115	243	-0.000820399113082	0.0376319290465632	0.2549889135254989	0.5388026607538803	0.98063266	PIP>0.9	OTOS	12.47231007986022
chr2:241112728	446	52	184	0.0005336322869955	0.0291121076233183	0.116591928251121	0.4125560538116592	0.89418566	PIP_0.5-0.9	MTERF4	16.404482806198207
chr2:246037	445	25	71	-0.0011707865168539	0.0260067415730337	0.0561797752808988	0.1595505617977528	0.8665644	PIP_0.5-0.9	SH3YL1	11.113054500577684
chr2:26689496	446	151	229	-0.0037085201793721	0.0336816143497757	0.3385650224215246	0.5134529147982063	0.033237576	PIP<0.1	KCNK3	40.05613435560656
chr2:2709179	449	41	170	-0.0007238307349665	0.0369821826280623	0.0913140311804008	0.3786191536748329	0.029710054	PIP<0.1	ENSG00000287583	43.555594746622944
chr2:2717383	449	14	135	-0.0006258351893095	0.0376102449888641	0.0311804008908685	0.3006681514476614	0.91993564	PIP>0.9	ENSG00000227364	14.881225197977225
chr2:27500894	435	14	91	-0.0007333333333333	0.038535632183908	0.032183908045977	0.2091954022988505	0.85356647	PIP_0.5-0.9	GCKR	19.49556371613125
chr2:28466378	443	4	108	-0.0033363431151241	0.0453002257336343	0.0090293453724604	0.2437923250564334	0.9999982	PIP>0.9	SNRPGP7	12.234377711657562
chr2:28992003	445	5	110	-0.0005280898876404	0.033391011235955	0.0112359550561797	0.247191011235955	0.19863892	PIP_0.1-0.5	Y_RNA	26.98500336506233
chr2:2920241	448	41	141	-0.0030580357142857	0.0361875	0.0915178571428571	0.3147321428571428	1.0	PIP>0.9	ENSG00000228391	15.71319314795366
chr2:29544294	441	33	197	0.0023265306122448	0.0526031746031746	0.0748299319727891	0.4467120181405896	0.56666994	PIP_0.5-0.9	RN7SL516P	19.421323599842843
chr2:30637520	444	58	121	0.0016418918918918	0.0218806306306306	0.1306306306306306	0.2725225225225225	0.0082556605	PIP<0.1	ENSG00000278908	12.632979097355005
chr2:31077847	444	23	120	0.0025135135135135	0.0521441441441441	0.0518018018018018	0.2702702702702703	0.7347463	PIP_0.5-0.9	GALNT14	21.0373881987382
chr2:3146695	451	59	186	-0.0029157427937915	0.0301396895787139	0.130820399113082	0.4124168514412417	0.8331822	PIP_0.5-0.9	ENSG00000226649	20.476434743379244
chr2:31496514	441	50	145	0.0024013605442176	0.0416621315192743	0.1133786848072562	0.3287981859410431	0.1501227	PIP_0.1-0.5	ENSG00000228563	38.62659214519281
chr2:32580156	434	81	97	0.001331797235023	0.0160829493087557	0.1866359447004608	0.2235023041474654	0.08067721	PIP<0.1	BIRC6	18.85101530480106
chr2:33373788	447	23	124	-0.0044563758389261	0.0310917225950782	0.0514541387024608	0.2774049217002237	0.0801847	PIP<0.1	MIR4430	12.015570001200189
chr2:33820718	450	37	148	-0.0057822222222222	0.05436	0.0822222222222222	0.3288888888888889	0.13509178	PIP_0.1-0.5	SLC25A5P2	18.11134150260136
chr2:33926652	448	41	140	-0.0037633928571428	0.0303660714285714	0.0915178571428571	0.3125	0.80056065	PIP_0.5-0.9	SLC25A5P2	13.144679941718923
chr2:34078911	446	4	122	-0.0018452914798206	0.0571591928251121	0.0089686098654708	0.273542600896861	0.012798369	PIP<0.1	LINC01318	26.36183941180822
chr2:35460474	442	6	89	0.0006018099547511	0.0515022624434389	0.0135746606334841	0.2013574660633484	0.5379936	PIP_0.5-0.9	MIR548AD	11.365629440585865
chr2:35601617	429	5	95	-0.0006946386946386	0.0455757575757575	0.0116550116550116	0.2214452214452214	0.66215193	PIP_0.5-0.9	MRPL50P1	48.19220659769982
chr2:35704416	438	6	99	-0.0002671232876712	0.0350205479452054	0.0136986301369863	0.2260273972602739	0.45405817	PIP_0.1-0.5	MRPL50P1	10.946512757333554
chr2:36435909	440	69	191	-0.0010749999999999	0.0481704545454545	0.1568181818181818	0.4340909090909091	0.050028503	PIP<0.1	CRIM1	11.18206410684028
chr2:37595187	451	51	79	-0.0009223946784922	0.0242084257206208	0.1130820399113082	0.1751662971175166	0.42829144	PIP_0.1-0.5	ENSG00000290100	21.445443665902804
chr2:38344738	443	39	121	0.0008487584650112	0.0291015801354401	0.0880361173814898	0.27313769751693	0.0063231587	PIP<0.1	ATL2	11.77642959920458
chr2:39580520	445	9	115	0.0006629213483146	0.0336606741573033	0.0202247191011235	0.2584269662921348	1.0	PIP>0.9	TMEM178A	26.37019477599835
chr2:39857885	444	11	120	-0.0005653153153153	0.0583581081081081	0.0247747747747747	0.2702702702702703	0.03554052	PIP<0.1	SLC8A1-AS1	10.603353311890569
chr2:4222309	444	8	92	0.0027139639639639	0.0459391891891891	0.018018018018018	0.2072072072072072	0.02585417	PIP<0.1	ENSG00000291325	21.031844987882373
chr2:42848603	451	10	99	-0.0021042128603104	0.0320776053215077	0.0221729490022172	0.2195121951219512	0.8218605	PIP_0.5-0.9	CHORDC1P1	15.219049435123848
chr2:45127353	444	44	159	0.00025	0.0609211711711711	0.0990990990990991	0.3581081081081081	0.55010885	PIP_0.5-0.9	ENSG00000231054	11.093326428115915
chr2:45739445	450	12	128	-0.0007266666666666	0.04818	0.0266666666666666	0.2844444444444444	0.30763698	PIP_0.1-0.5	PRKCE-AS1	10.095216774056745
chr2:46657003	444	1	72	-0.0003693693693693	0.0362342342342342	0.0022522522522522	0.1621621621621621	0.9976878	PIP>0.9	ENSG00000279254	17.816237545907747
chr2:49966426	440	14	98	-0.002290909090909	0.0604545454545454	0.0318181818181818	0.2227272727272727	0.61841834	PIP_0.5-0.9	SNORA75	20.159785817172683
chr2:51115311	438	2	101	-0.0009954337899543	0.0471095890410958	0.0045662100456621	0.230593607305936	0.115587175	PIP_0.1-0.5	NRXN1	14.026511518575576
chr2:53354325	449	16	119	-0.0006881959910913	0.0284298440979955	0.0356347438752783	0.2650334075723831	0.9399264	PIP>0.9	ENSG00000251942	20.462587273983665
chr2:54712303	437	25	134	-0.0004256292906178	0.0383798627002288	0.05720823798627	0.3066361556064073	0.020266473	PIP<0.1	EML6	18.149281200624785
chr2:55338839	433	84	105	-0.00164896073903	0.0174364896073903	0.1939953810623556	0.2424942263279445	0.2933942	PIP_0.1-0.5	CCDC88A	20.27498658711244
chr2:56647653	447	9	100	8.948545861297423e-06	0.0578702460850111	0.0201342281879194	0.2237136465324384	0.17891645	PIP_0.1-0.5	PPIAP63	10.93642653481081
chr2:56794366	445	1	54	0.0020561797752808	0.0445011235955056	0.0022471910112359	0.1213483146067415	0.15018952	PIP_0.1-0.5	PPIAP63	22.323675832456058
chr2:59506361	441	1	65	0.0002244897959183	0.0548185941043084	0.0022675736961451	0.1473922902494331	0.10354006	PIP_0.1-0.5	ENSG00000270447	21.27167504238769
chr2:59532383	446	11	114	-0.003304932735426	0.0510179372197309	0.0246636771300448	0.2556053811659193	0.15900129	PIP_0.1-0.5	ENSG00000270447	42.91482099153119
chr2:61698664	436	16	127	-0.0025275229357798	0.0364587155963302	0.036697247706422	0.2912844036697247	0.8428142	PIP_0.5-0.9	ENSG00000213486	26.471711032214237
chr2:6453935	449	41	136	-0.0020779510022271	0.0645946547884187	0.0913140311804008	0.3028953229398664	0.15614891	PIP_0.1-0.5	LINC01824	10.400386360573089
chr2:65166812	438	29	126	0.0002625570776255	0.0250342465753424	0.0662100456621004	0.2876712328767123	0.5310742	PIP_0.5-0.9	SNORA74	11.51339946608364
chr2:66353781	437	5	62	0.0030503432494279	0.0513478260869565	0.011441647597254	0.1418764302059496	0.9999999	PIP>0.9	MIR4778	36.05334392856979
chr2:66509081	444	7	90	0.0011531531531531	0.0577612612612612	0.0157657657657657	0.2027027027027027	0.9999993	PIP>0.9	LINC01798	23.167432942032928
chr2:67685313	442	5	93	3.846153846153831e-05	0.0484411764705882	0.0113122171945701	0.2104072398190045	1.0	PIP>0.9	ENSG00000235495	35.61154424099774
chr2:67872583	441	3	78	-0.0031541950113378	0.0479251700680272	0.0068027210884353	0.1768707482993197	0.21438861	PIP_0.1-0.5	LINC01812	21.92579345294616
chr2:69027410	437	2	79	0.0001258581235697	0.0434485125858123	0.0045766590389016	0.1807780320366132	0.47227186	PIP_0.1-0.5	ENSG00000286347	21.08409600372008
chr2:70165884	435	104	122	-0.000519540229885	0.0154252873563218	0.2390804597701149	0.2804597701149425	0.009412706	PIP<0.1	LINC01816	28.16023734075865
chr2:71099272	436	9	69	-0.0008004587155963	0.0282316513761467	0.0206422018348623	0.1582568807339449	0.09153533	PIP<0.1	ENSG00000272735	10.493849831374536
chr2:72208372	397	19	106	-0.0029471032745591	0.054992443324937	0.0478589420654911	0.2670025188916876	0.09966123	PIP<0.1	RPS15AP13	16.085782566907465
chr2:73384430	426	46	68	-0.0032934272300469	0.0131197183098591	0.107981220657277	0.1596244131455399	0.6613925	PIP_0.5-0.9	ENSG00000284902	12.04562904482707
chr2:7384235	446	2	83	0.0023318385650224	0.0384708520179372	0.0044843049327354	0.1860986547085202	0.5	PIP_0.5-0.9	ENSG00000229727	16.15245524270402
chr2:75263843	448	9	117	0.0022745535714285	0.0637120535714285	0.0200892857142857	0.2611607142857143	0.18520266	PIP_0.1-0.5	TACR1	10.262797899291929
chr2:76056073	437	7	100	0.001045766590389	0.0494988558352402	0.0160183066361556	0.2288329519450801	0.7262846	PIP_0.5-0.9	SUCLA2P2	21.795521731797223
chr2:76080363	429	0	54	0.0032004662004662	0.0558951048951048	0.0	0.1258741258741259	0.005081415	PIP<0.1	SUCLA2P2	11.3644672342742
chr2:76139309	433	9	130	0.0024157043879907	0.055501154734411	0.0207852193995381	0.3002309468822171	0.003991246	PIP<0.1	SUCLA2P2	18.345535991555035
chr2:81440541	435	6	96	-0.0081241379310344	0.0464183908045977	0.0137931034482758	0.2206896551724138	0.021759093	PIP<0.1	LINC01815	21.20355158191314
chr2:81656155	438	4	89	0.0030616438356164	0.0500890410958904	0.0091324200913242	0.2031963470319634	0.032900155	PIP<0.1	ENSG00000233444	18.480846016476463
chr2:83028796	411	3	77	-0.0028759124087591	0.052603406326034	0.0072992700729927	0.1873479318734793	0.053126812	PIP<0.1	ENSG00000223977	20.90360418493065
chr2:8325314	444	15	151	-0.0056756756756756	0.0437297297297297	0.0337837837837837	0.3400900900900901	0.67078906	PIP_0.5-0.9	ENSG00000289191	11.74460972127732
chr2:840809	448	19	132	0.0040892857142857	0.0374866071428571	0.0424107142857142	0.2946428571428571	0.9700843	PIP>0.9	LINC01115	16.402061237598346
chr2:85104267	443	15	126	-0.0016207674943566	0.0359458239277652	0.0338600451467268	0.2844243792325056	0.96175253	PIP>0.9	TCF7L1	13.867170897248451
chr2:85955363	438	14	109	-0.0028584474885844	0.0333972602739726	0.0319634703196347	0.2488584474885844	0.1519081	PIP_0.1-0.5	ENSG00000287628	21.50292776298233
chr2:86163542	429	99	117	-0.0005431235431235	0.0141048951048951	0.2307692307692307	0.2727272727272727	0.016073108	PIP<0.1	MIR4779	39.04422321478183
chr2:86285466	426	13	97	0.0007910798122065	0.0498990610328638	0.0305164319248826	0.2276995305164319	0.11389345	PIP_0.1-0.5	REEP1	14.81185157274901
chr2:87963062	436	4	63	0.0004220183486238	0.0379082568807339	0.0091743119266055	0.1444954128440367	0.10736936	PIP_0.1-0.5	PLGLB2	11.293115424963212
chr2:89816726	446	78	211	-0.0025582959641255	0.0406210762331838	0.1748878923766816	0.4730941704035874	0.0003798604	PIP<0.1	IGKV2D-40	26.80185267609168
chr2:90114467	407	13	102	-0.0006609336609336	0.069088452088452	0.0319410319410319	0.2506142506142506	0.17216116	PIP_0.1-0.5	ENSG00000281904	16.06887584652697
chr2:96163617	431	20	178	0.0010185614849187	0.049013921113689	0.0464037122969837	0.4129930394431554	0.84775513	PIP_0.5-0.9	ENSG00000228873	12.439815321265709
chr2:9756043	447	20	178	0.0013266219239373	0.0454563758389261	0.0447427293064877	0.3982102908277405	0.99571574	PIP>0.9	ENSG00000240960	15.184154895980484
chr2:98139298	441	26	100	-0.0005918367346938	0.025657596371882	0.0589569160997732	0.2267573696145124	0.20891708	PIP_0.1-0.5	VWA3B	10.136303694771206
chr2:993195	434	7	74	-0.0028870967741935	0.0579700460829493	0.0161290322580645	0.1705069124423963	0.048053384	PIP<0.1	SNTG2-AS1	43.32740600139834
chr2:99325929	432	87	103	0.0011550925925925	0.0180856481481481	0.2013888888888889	0.2384259259259259	0.03536749	PIP<0.1	EIF5B	33.1806660434894
chr3:103234905	444	5	127	-0.0049707207207207	0.0519256756756756	0.0112612612612612	0.286036036036036	0.041550875	PIP<0.1	NDUFA4P2	39.89984388799749
chr3:103396782	435	15	132	0.0048505747126436	0.0538436781609195	0.0344827586206896	0.3034482758620689	0.058823526	PIP<0.1	MIR548AB	36.22267033253588
chr3:103602809	435	8	101	0.0068045977011494	0.0681333333333333	0.0183908045977011	0.232183908045977	0.03975159	PIP<0.1	SSX2IPP1	48.53174742064928
chr3:104910274	445	5	118	0.0012876404494382	0.0433820224719101	0.0112359550561797	0.2651685393258427	0.03460455	PIP<0.1	EZRP1	28.23197652595541
chr3:106969950	437	18	104	0.0047437070938215	0.0586475972540045	0.0411899313501144	0.2379862700228833	0.02353537	PIP<0.1	MTND2P14	12.740700762281412
chr3:10774241	441	16	130	-0.0013424036281179	0.0373741496598639	0.0362811791383219	0.2947845804988662	0.99225795	PIP>0.9	ENSG00000230599	12.525664990192356
chr3:109668672	435	9	105	0.0005908045977011	0.0514137931034482	0.0206896551724137	0.2413793103448276	0.12407565	PIP_0.1-0.5	ENSG00000242029	29.29822976976572
chr3:109831938	440	4	84	0.0033636363636363	0.0477454545454545	0.009090909090909	0.1909090909090909	0.9248354	PIP>0.9	NFYBP1	25.949266893174336
chr3:110608436	435	2	67	0.0112367816091954	0.0693149425287356	0.0045977011494252	0.1540229885057471	0.10392308	PIP_0.1-0.5	RNU6ATAC15P	10.565879677679677
chr3:11088303	438	19	136	0.0013196347031963	0.0360958904109589	0.0433789954337899	0.3105022831050228	0.5410873	PIP_0.5-0.9	ENSG00000287964	25.47867858820446
chr3:112011761	446	4	111	0.0012242152466367	0.0370448430493273	0.0089686098654708	0.2488789237668161	0.7697322	PIP_0.5-0.9	RFKP2	10.87987429564308
chr3:11491943	438	120	154	0.0027534246575342	0.0210730593607305	0.273972602739726	0.3515981735159817	0.09673649	PIP<0.1	ENSG00000235240	11.02236224353553
chr3:115341880	436	6	86	-0.0011605504587155	0.0511467889908257	0.0137614678899082	0.1972477064220183	1.0	PIP>0.9	EIF4E2P2	34.830226818770015
chr3:115762094	438	8	84	0.0011780821917808	0.0427762557077625	0.0182648401826484	0.1917808219178082	0.021914005	PIP<0.1	ENSG00000289153	14.73348668874416
chr3:115932323	437	14	135	-0.0054279176201372	0.0536659038901601	0.0320366132723112	0.3089244851258581	0.7728254	PIP_0.5-0.9	RN7SL815P	10.987988013625843
chr3:116251181	448	2	95	0.0003459821428571	0.0514084821428571	0.0044642857142857	0.2120535714285714	0.81653756	PIP_0.5-0.9	LSAMP-AS1	12.025508790910589
chr3:11671751	445	15	134	0.0002112359550561	0.0350561797752809	0.0337078651685393	0.3011235955056179	0.976554	PIP>0.9	ENSG00000272483	11.0740439974849
chr3:117141774	442	8	109	-0.0005791855203619	0.0415203619909502	0.0180995475113122	0.2466063348416289	0.5	PIP_0.5-0.9	LSAMP	16.46035639634198
chr3:117557602	440	11	104	0.0003113636363636	0.0378886363636363	0.025	0.2363636363636363	0.651082	PIP_0.5-0.9	RNU6-1200P	10.263620619574862
chr3:118189058	434	3	88	0.0010207373271889	0.048684331797235	0.0069124423963133	0.2027649769585253	1.0	PIP>0.9	LINC03051	29.14870087753881
chr3:11852294	447	11	108	-0.0024944071588366	0.0428389261744966	0.0246085011185682	0.2416107382550335	0.026752472	PIP<0.1	FANCD2P2	27.00132007329965
chr3:11868908	448	11	108	0.0008504464285714	0.0372700892857142	0.0245535714285714	0.2410714285714285	0.9955228	PIP>0.9	CYCSP12	22.206896879842343
chr3:11898957	449	94	215	-0.0051692650334075	0.0457572383073496	0.2093541202672605	0.4788418708240534	0.9950121	PIP>0.9	NUP210P2	10.23059215368881
chr3:120176824	441	15	115	0.0027256235827664	0.0384263038548752	0.0340136054421768	0.2607709750566893	0.14326042	PIP_0.1-0.5	Y_RNA	17.742787189490535
chr3:120202171	444	17	66	0.000545045045045	0.0302927927927928	0.0382882882882882	0.1486486486486486	0.10222328	PIP_0.1-0.5	Y_RNA	11.964292408948472
chr3:121346778	439	1	73	0.0007813211845102	0.0451366742596811	0.0022779043280182	0.1662870159453303	0.714987	PIP_0.5-0.9	ARPC1AP1	36.148224860551466
chr3:121806672	428	2	95	0.0024906542056074	0.0539906542056074	0.0046728971962616	0.2219626168224299	0.0111810565	PIP<0.1	IQCB1	24.43972246649428
chr3:122657695	446	72	173	-0.0029439461883408	0.0285	0.1614349775784753	0.3878923766816143	0.73652256	PIP_0.5-0.9	PARP14	15.545053744612543
chr3:122921447	442	116	225	-0.0001063348416289	0.0450882352941176	0.2624434389140271	0.5090497737556561	0.8470846	PIP_0.5-0.9	LINC02035	25.842248767065733
chr3:122990167	445	26	146	-0.0005617977528089	0.0446247191011235	0.0584269662921348	0.3280898876404494	0.5583518	PIP_0.5-0.9	SEMA5B	19.202222271404548
chr3:124245719	435	1	78	0.0036666666666666	0.0580988505747126	0.0022988505747126	0.1793103448275862	0.19828296	PIP_0.1-0.5	RPL7P15	11.47794982958748
chr3:126060542	438	23	76	6.164383561643845e-05	0.0235867579908675	0.0525114155251141	0.1735159817351598	0.13246447	PIP_0.1-0.5	ENSG00000248607	17.235269415957234
chr3:127476993	448	14	138	-0.0026361607142857	0.0339665178571428	0.03125	0.3080357142857143	0.24974185	PIP_0.1-0.5	LINC01472	19.305097942376847
chr3:129238933	442	39	93	-0.0009909502262443	0.0249909502262443	0.088235294117647	0.2104072398190045	0.07842177	PIP<0.1	COPG1	15.987931165502962
chr3:129903443	443	69	123	-0.0009796839729119	0.0264785553047404	0.1557562076749435	0.2776523702031602	0.017927587	PIP<0.1	TMCC1-DT	11.4094267472939
chr3:131706600	448	24	123	0.0005491071428571	0.0605357142857143	0.0535714285714285	0.2745535714285714	0.042438984	PIP<0.1	ENSG00000289118	14.582244556391668
chr3:13172778	445	20	141	-0.0015258426966292	0.0351168539325842	0.0449438202247191	0.3168539325842696	1.0	PIP>0.9	IQSEC1	18.38454374042762
chr3:132298307	443	23	121	0.0003024830699774	0.0402934537246049	0.0519187358916478	0.27313769751693	0.14658797	PIP_0.1-0.5	ACP3	15.579177672073774
chr3:132987815	441	4	76	-0.001437641723356	0.0526712018140589	0.0090702947845804	0.1723356009070294	0.1212675	PIP_0.1-0.5	ENSG00000249725	29.549812625564805
chr3:133962518	445	5	105	-0.002238202247191	0.0382966292134831	0.0112359550561797	0.2359550561797752	0.24389738	PIP_0.1-0.5	C3orf36	16.487608734868427
chr3:134911563	447	48	189	-6.040268456375824e-05	0.0595906040268456	0.1073825503355704	0.4228187919463087	0.79349303	PIP_0.5-0.9	ENSG00000286982	14.38075818106076
chr3:137025379	439	1	90	-2.0501138952164058e-05	0.0439476082004555	0.0022779043280182	0.20501138952164	0.10690856	PIP_0.1-0.5	IL20RB-AS1	14.814565588722465
chr3:137054868	442	7	95	-0.0019072398190045	0.0475814479638009	0.0158371040723981	0.2149321266968326	1.0	PIP>0.9	IL20RB-AS1	32.46413430368406
chr3:137086949	432	0	55	0.0005138888888888	0.0569074074074074	0.0	0.1273148148148148	0.09833491	PIP<0.1	IL20RB-AS1	13.693571487889711
chr3:139316990	439	6	117	0.0022847380410022	0.0422164009111617	0.0136674259681093	0.2665148063781321	0.99950457	PIP>0.9	ENSG00000286988	11.262782943211908
chr3:140017163	444	3	69	-0.0052747747747747	0.0399819819819819	0.0067567567567567	0.1554054054054054	0.99999976	PIP>0.9	CLSTN2	12.048690449686395
chr3:14084771	432	5	83	-0.0020416666666666	0.0413657407407407	0.011574074074074	0.1921296296296296	0.009429991	PIP<0.1	VN1R21P	18.477377401606724
chr3:141098387	437	8	115	-0.0020526315789473	0.0413935926773455	0.0183066361556064	0.2631578947368421	0.13227606	PIP_0.1-0.5	ENSG00000251270	21.842066993380957
chr3:142039106	440	66	107	0.0006863636363636	0.0242681818181818	0.15	0.2431818181818182	0.14899963	PIP_0.1-0.5	RPL19P6	10.287846695522992
chr3:143282074	446	12	81	0.0032421524663677	0.0499506726457399	0.0269058295964125	0.1816143497757847	1.0	PIP>0.9	ENSG00000240888	20.808060769622244
chr3:143324728	437	3	67	0.0005697940503432	0.042720823798627	0.0068649885583524	0.1533180778032036	0.38376868	PIP_0.1-0.5	ENSG00000240888	11.21787273804159
chr3:144107279	434	10	91	0.0004700460829493	0.0345207373271889	0.0230414746543778	0.2096774193548387	0.14272428	PIP_0.1-0.5	RNA5SP144	16.304368985469157
chr3:144613852	437	3	76	0.0021212814645308	0.054533180778032	0.0068649885583524	0.1739130434782608	0.014634728	PIP<0.1	ENSG00000280397	10.891650132877809
chr3:145010839	437	5	87	0.0020228832951945	0.0611762013729977	0.011441647597254	0.1990846681922196	0.07458824	PIP<0.1	LARP7P4	10.105242387694204
chr3:145429262	433	6	75	-0.0055935334872979	0.0549792147806004	0.0138568129330254	0.1732101616628175	0.03526765	PIP<0.1	LARP7P4	12.241947320673392
chr3:145456458	427	3	103	-0.0018805620608899	0.0550187353629976	0.0070257611241217	0.2412177985948477	0.030041218	PIP<0.1	LARP7P4	30.07003450431345
chr3:145572084	431	1	68	-0.0067703016241299	0.057721577726218	0.0023201856148491	0.1577726218097447	0.040279627	PIP<0.1	LARP7P4	22.00539828593854
chr3:145888446	436	5	95	-0.0007339449541284	0.0611284403669724	0.0114678899082568	0.2178899082568807	0.0152695775	PIP<0.1	ENSG00000244358	14.231381610940126
chr3:145944346	445	1	87	-0.0043617977528089	0.0432247191011236	0.0022471910112359	0.195505617977528	0.99999756	PIP>0.9	ENSG00000244358	15.021157348577916
chr3:146081731	432	8	93	0.0019768518518518	0.0394398148148148	0.0185185185185185	0.2152777777777778	0.9979108	PIP>0.9	LNCSRLR	16.79515592019128
chr3:146535676	443	51	113	-0.0024243792325056	0.0346455981941309	0.1151241534988713	0.255079006772009	0.02196914	PIP<0.1	PLSCR1	13.945194419277888
chr3:147582625	437	2	74	-0.0008032036613272	0.0608215102974828	0.0045766590389016	0.1693363844393592	0.08127779	PIP<0.1	NPM1P28	16.952175439520495
chr3:150884160	449	18	129	-0.0004075723830734	0.035837416481069	0.0400890868596882	0.2873051224944321	0.83848983	PIP_0.5-0.9	ENSG00000243273	15.016801715587704
chr3:153274468	438	2	102	-0.0014680365296803	0.0428013698630137	0.0045662100456621	0.2328767123287671	0.98101294	PIP>0.9	ENSG00000290079	12.839898560018234
chr3:153761833	446	6	101	0.0003318385650224	0.0572511210762331	0.0134529147982062	0.226457399103139	0.7609961	PIP_0.5-0.9	ENSG00000243486	21.254174146812293
chr3:153987481	444	11	116	-0.0038175675675675	0.0385337837837837	0.0247747747747747	0.2612612612612612	0.773706	PIP_0.5-0.9	LINC02006	21.56073102793585
chr3:155115933	447	3	97	0.0006845637583892	0.0536957494407158	0.0067114093959731	0.2170022371364653	0.5305917	PIP_0.5-0.9	MME-AS1	43.77346701642704
chr3:155655289	442	14	104	0.0030180995475113	0.0446923076923077	0.0316742081447963	0.2352941176470588	0.6370164	PIP_0.5-0.9	RPL6P7	17.105879008744594
chr3:155737257	437	15	104	-0.0001418764302059	0.0302105263157894	0.034324942791762	0.2379862700228833	0.8888279	PIP_0.5-0.9	ENSG00000214919	16.710737385900437
chr3:156977887	440	5	66	-0.004975	0.0370931818181818	0.0113636363636363	0.15	0.9999803	PIP>0.9	KLF3P2	24.86871517667316
chr3:157027804	433	6	99	0.0021755196304849	0.0426374133949191	0.0138568129330254	0.2286374133949191	0.006730497	PIP<0.1	LINC02029	16.14021941508517
chr3:15876859	430	93	129	0.001353488372093	0.0167627906976744	0.2162790697674418	0.3	0.15738237	PIP_0.1-0.5	IMPDH1P8	29.966411734684105
chr3:159339741	432	1	74	-0.0001527777777777	0.0701203703703703	0.0023148148148148	0.1712962962962963	0.8088578	PIP_0.5-0.9	RPS2P19	11.62570846657312
chr3:16212870	445	12	120	-0.0015707865168539	0.0358629213483146	0.0269662921348314	0.2696629213483146	0.08197558	PIP<0.1	GALNT15	19.969855483050893
chr3:169375587	445	11	102	0.0030561797752808	0.0473033707865168	0.0247191011235955	0.2292134831460674	0.5238296	PIP_0.5-0.9	MECOM-AS1	27.800704269356626
chr3:170158039	438	41	59	-0.0012305936073059	0.018417808219178	0.093607305936073	0.1347031963470319	0.75236195	PIP_0.5-0.9	RNU6-315P	27.90754808102011
chr3:1701707	451	3	67	0.0010532150776053	0.0469512195121951	0.0066518847006651	0.1485587583148558	0.9999952	PIP>0.9	RPL23AP39	24.496068146135688
chr3:172923982	444	5	100	0.0026396396396396	0.0421801801801801	0.0112612612612612	0.2252252252252252	0.63452154	PIP_0.5-0.9	MMACHCP1	40.65148396683168
chr3:172944606	445	8	85	-0.0019191011235955	0.042705617977528	0.0179775280898876	0.1910112359550561	0.011315644	PIP<0.1	MMACHCP1	21.635217127677272
chr3:174669463	429	0	52	-0.0051771561771561	0.0538531468531468	0.0	0.1212121212121212	0.0128337145	PIP<0.1	RN7SKP40	16.123240202964176
chr3:174771277	427	2	57	0.000943793911007	0.0548594847775175	0.0046838407494145	0.1334894613583138	0.01642251	PIP<0.1	RN7SKP40	16.535151758744732
chr3:175111838	440	11	98	0.0049522727272727	0.0574613636363636	0.025	0.2227272727272727	0.8523728	PIP_0.5-0.9	NAALADL2-AS3	36.72216489790188
chr3:175201428	443	12	93	-0.0040564334085778	0.0584898419864559	0.0270880361173814	0.2099322799097065	0.50517184	PIP_0.5-0.9	NAALADL2-AS2	22.25781173021064
chr3:175398322	440	7	105	0.0080636363636363	0.059540909090909	0.0159090909090909	0.2386363636363636	0.69229734	PIP_0.5-0.9	RNU6-1233P	28.84685722148991
chr3:175827499	444	31	128	-0.0018671171171171	0.0436328828828829	0.0698198198198198	0.2882882882882883	0.5357493	PIP_0.5-0.9	NAALADL2-AS1	32.05090087847973
chr3:176105740	435	4	83	-0.0005632183908045	0.0448206896551724	0.0091954022988505	0.1908045977011494	0.020163417	PIP<0.1	TMEM38BP1	23.63770429923424
chr3:176419737	441	1	58	-0.0007324263038548	0.0418390022675737	0.0022675736961451	0.1315192743764172	0.06166017	PIP<0.1	MIR7977	12.143032504760818
chr3:178170656	431	6	83	-0.0018445475638051	0.0584477958236658	0.0139211136890951	0.1925754060324826	0.024001956	PIP<0.1	ENSG00000286003	15.76881965840027
chr3:1813363	449	2	114	-0.0047973273942093	0.0420534521158129	0.0044543429844097	0.2538975501113585	0.99889016	PIP>0.9	RPL23AP39	23.548681268474414
chr3:184033549	438	34	136	-0.001324200913242	0.0360456621004566	0.0776255707762557	0.3105022831050228	0.8966448	PIP_0.5-0.9	HTR3D	10.524095472870462
chr3:184083071	437	23	116	-0.0001304347826086	0.0324599542334096	0.0526315789473684	0.2654462242562929	0.7678084	PIP_0.5-0.9	Y_RNA	17.82523969835447
chr3:187168524	449	1	71	0.0017483296213808	0.0331781737193764	0.0022271714922048	0.1581291759465478	0.118377924	PIP_0.1-0.5	RPL39L	23.714412298530284
chr3:187441828	436	6	86	0.0040733944954128	0.0500183486238532	0.0137614678899082	0.1972477064220183	0.7164537	PIP_0.5-0.9	LINC02041	16.128735224917243
chr3:190963545	447	150	286	-0.0009194630872483	0.0779709172259507	0.3355704697986577	0.639821029082774	0.9999179	PIP>0.9	GMNC	13.46625714558104
chr3:191107939	445	12	125	-0.0005235955056179	0.0492337078651685	0.0269662921348314	0.2808988764044944	0.34688044	PIP_0.1-0.5	OSTN	15.761194222371667
chr3:192752035	436	11	79	-0.0005160550458715	0.052447247706422	0.0252293577981651	0.1811926605504587	0.6084834	PIP_0.5-0.9	FGF12	10.18999680739728
chr3:194064376	450	1	83	-0.0035155555555555	0.0507911111111111	0.0022222222222222	0.1844444444444444	0.9364046	PIP>0.9	ENSG00000276407	21.87764935003331
chr3:194235708	448	12	104	0.0012745535714285	0.0440379464285714	0.0267857142857142	0.2321428571428571	0.5540999	PIP_0.5-0.9	LINC02037	11.803867965580327
chr3:194595743	450	86	188	-0.0006133333333333	0.0279644444444444	0.1911111111111111	0.4177777777777778	0.23502827	PIP_0.1-0.5	ENSG00000288979	12.57196966881818
chr3:195864527	449	83	192	0.0004342984409799	0.017293986636971	0.1848552338530066	0.4276169265033407	0.009397328	PIP<0.1	MUC4	10.084067592338693
chr3:19592329	437	50	145	0.00720823798627	0.0536155606407322	0.11441647597254	0.3318077803203661	0.9898867	PIP>0.9	ENSG00000287069	24.50384940964496
chr3:195986997	448	33	245	-0.0022924107142857	0.0139129464285714	0.0736607142857142	0.546875	0.9996187	PIP>0.9	PPP4R2P6	14.804763233759832
chr3:197723667	435	20	96	0.0005379310344827	0.026767816091954	0.0459770114942528	0.2206896551724138	0.14284408	PIP_0.1-0.5	FYTTD1	18.61252986812388
chr3:197913505	443	39	130	0.0019390519187358	0.0288058690744921	0.0880361173814898	0.2934537246049661	0.14463902	PIP_0.1-0.5	RNU6-858P	12.336507344905517
chr3:20928983	437	1	73	0.0024393592677345	0.0479130434782608	0.0022883295194508	0.1670480549199084	0.13294405	PIP_0.1-0.5	ENSG00000282987	10.141382554611823
chr3:21411645	442	7	108	0.0008122171945701	0.0491018099547511	0.0158371040723981	0.2443438914027149	0.14432275	PIP_0.1-0.5	VENTXP7	13.36498048160036
chr3:21899311	439	10	100	-0.0003621867881548	0.0483667425968109	0.0227790432801822	0.2277904328018223	0.14977181	PIP_0.1-0.5	ZNF385D-AS2	19.619259318242054
chr3:21959041	441	1	53	-0.0076916099773242	0.0553696145124716	0.0022675736961451	0.1201814058956916	0.16600585	PIP_0.1-0.5	ZNF385D-AS2	12.86352408580823
chr3:22383491	441	17	121	-0.0045102040816326	0.0541746031746031	0.0385487528344671	0.2743764172335601	0.97942746	PIP>0.9	HMGB1P5	10.84791856300204
chr3:22567071	440	9	85	-0.0031727272727272	0.0536136363636363	0.0204545454545454	0.1931818181818181	0.8062925	PIP_0.5-0.9	FCRL4P1	14.192825321283172
chr3:22621538	436	9	99	-0.0061192660550458	0.0579357798165137	0.0206422018348623	0.2270642201834862	0.9999678	PIP>0.9	FCRL4P1	15.19794089782826
chr3:23586639	446	44	129	0.0037174887892376	0.0287354260089686	0.0986547085201793	0.289237668161435	0.0041855574	PIP<0.1	RNU6-922P	14.105457919340148
chr3:23646715	443	8	81	0.0016704288939051	0.0317110609480812	0.0180586907449209	0.182844243792325	1.0	PIP>0.9	RNU6-788P	17.349832542199618
chr3:2367011	449	10	117	-0.0008040089086859	0.0426391982182628	0.0222717149220489	0.2605790645879732	0.9951083	PIP>0.9	HINT2P1	34.824331973713946
chr3:23670161	443	96	289	-0.0015417607223476	0.0816636568848758	0.2167042889390519	0.6523702031602708	0.998531	PIP>0.9	RNU6-788P	17.129363380378795
chr3:24713366	445	5	98	-0.0041640449438202	0.0490449438202247	0.0112359550561797	0.2202247191011236	0.9646582	PIP>0.9	RARB	11.638192945825612
chr3:26755581	438	1	66	-0.0003127853881278	0.0519337899543379	0.002283105022831	0.1506849315068493	0.6951356	PIP_0.5-0.9	LRRC3B-AS1	21.132740278249635
chr3:26972564	442	0	49	-0.0030475113122171	0.0462420814479638	0.0	0.1108597285067873	1.0	PIP>0.9	MICOS10P3	46.55093202509079
chr3:27093605	430	2	52	-0.0013372093023255	0.0431976744186046	0.0046511627906976	0.1209302325581395	0.06960696	PIP<0.1	MICOS10P3	11.906662784999044
chr3:27538542	434	21	97	0.0011682027649769	0.0312649769585253	0.0483870967741935	0.2235023041474654	0.9999832	PIP>0.9	Y_RNA	22.7150268861064
chr3:30046809	433	10	87	-0.0002124711316397	0.0474411085450346	0.023094688221709	0.2009237875288683	0.90330255	PIP>0.9	RBMS3-AS1	35.72939662910094
chr3:30541210	440	14	80	0.0011068181818181	0.0351113636363636	0.0318181818181818	0.1818181818181818	0.21879292	PIP_0.1-0.5	ENSG00000227549	13.754952482912522
chr3:3290075	442	5	70	0.0020180995475113	0.0504298642533936	0.0113122171945701	0.1583710407239819	0.9997322	PIP>0.9	CRBN	35.08310980853105
chr3:36208223	429	2	68	0.0022307692307692	0.0489020979020979	0.0046620046620046	0.1585081585081585	0.57316136	PIP_0.5-0.9	RFC3P1	10.844287359435782
chr3:36572912	433	1	53	0.0049561200923787	0.0549653579676674	0.0023094688221709	0.1224018475750577	0.28855383	PIP_0.1-0.5	NBPF21P	15.880369526673968
chr3:38843762	437	3	105	0.002112128146453	0.0403318077803203	0.0068649885583524	0.2402745995423341	0.47620738	PIP_0.1-0.5	ENSG00000231243	48.78944870495263
chr3:41793066	438	57	159	0.002662100456621	0.0491552511415525	0.1301369863013698	0.363013698630137	0.0027652383	PIP<0.1	RN7SKP58	22.054301937977893
chr3:42535017	443	13	98	-0.0011986455981941	0.0269187358916478	0.0293453724604966	0.2212189616252821	1.0	PIP>0.9	VIPR1-AS1	41.6095514629157
chr3:43074581	437	16	124	0.0017437070938215	0.0487276887871853	0.0366132723112128	0.2837528604118993	0.02597332	PIP<0.1	ENSG00000227245	13.459577442113345
chr3:46423861	444	10	96	0.002518018018018	0.0323603603603603	0.0225225225225225	0.2162162162162162	0.84032327	PIP_0.5-0.9	LINC02009	11.472738776266445
chr3:48319260	422	13	86	-0.0024478672985781	0.0284478672985782	0.0308056872037914	0.2037914691943128	0.010488391	PIP<0.1	SPINK8	49.98718027774633
chr3:52202661	433	35	123	-0.0029769053117782	0.0362933025404157	0.0808314087759815	0.2840646651270208	0.8084961	PIP_0.5-0.9	ALAS1	12.41896708453574
chr3:5247846	449	35	131	0.0001536748329621	0.0280066815144766	0.0779510022271715	0.2917594654788418	0.8371438	PIP_0.5-0.9	MIR4790	25.18166897757488
chr3:53330592	441	69	101	0.0003582766439909	0.0163537414965986	0.1564625850340136	0.2290249433106576	0.029348612	PIP<0.1	CACNA1D	10.117422266958972
chr3:55426142	441	22	149	0.0008956916099773	0.0521201814058956	0.0498866213151927	0.3378684807256236	1.0	PIP>0.9	WNT5A-AS1	39.93985872927394
chr3:57496866	427	8	71	0.0052880562060889	0.033447306791569	0.018735362997658	0.1662763466042154	0.013075173	PIP<0.1	Y_RNA	23.75819669017969
chr3:5791398	446	3	100	-0.0008161434977578	0.0486950672645739	0.0067264573991031	0.2242152466367713	0.25558102	PIP_0.1-0.5	ENSG00000229642	11.939062399835915
chr3:58007979	433	33	196	-0.0025427251732101	0.0278083140877598	0.0762124711316397	0.4526558891454965	0.69662213	PIP_0.5-0.9	FLNB	13.897408173253831
chr3:59672621	445	3	107	-0.0015213483146067	0.044667415730337	0.0067415730337078	0.2404494382022471	0.24955624	PIP_0.1-0.5	Metazoa_SRP	10.566697193230532
chr3:60412734	447	10	107	-0.0032058165548098	0.068744966442953	0.0223713646532438	0.2393736017897091	0.99991906	PIP>0.9	MTERF1P1	11.696854791983345
chr3:6051231	447	9	116	-0.002393736017897	0.0527337807606264	0.0201342281879194	0.2595078299776286	1.0	PIP>0.9	ENSG00000229642	35.480318722706016
chr3:61525564	444	56	166	-0.0013941441441441	0.0470382882882883	0.1261261261261261	0.3738738738738739	0.72238374	PIP_0.5-0.9	PTPRG	10.0703915820168
chr3:6211749	449	123	252	-0.008011135857461	0.0545812917594654	0.2739420935412027	0.5612472160356348	0.31987572	PIP_0.1-0.5	MTARC2P1	10.41098325997117
chr3:6247846	436	60	174	-0.0042064220183486	0.0710321100917431	0.1376146788990825	0.3990825688073394	0.9969527	PIP>0.9	MTARC2P1	19.150327551158146
chr3:62541804	436	2	76	-0.0022201834862385	0.0538807339449541	0.0045871559633027	0.1743119266055046	0.98472923	PIP>0.9	FEZF2	16.333629966180606
chr3:6376288	448	23	147	-0.0043437499999999	0.0656607142857142	0.0513392857142857	0.328125	0.8883829	PIP_0.5-0.9	ENSG00000189229	16.446403660066437
chr3:64111343	441	13	77	0.006922902494331	0.0641337868480725	0.0294784580498866	0.1746031746031746	0.9393751	PIP>0.9	PRICKLE2-AS2	12.107982445292183
chr3:65002092	438	7	98	-0.000404109589041	0.0543949771689497	0.0159817351598173	0.2237442922374429	0.7794915	PIP_0.5-0.9	LINC02040	36.46753437924951
chr3:65148170	444	11	104	-0.0049459459459459	0.0459504504504504	0.0247747747747747	0.2342342342342342	0.057502806	PIP<0.1	LINC02040	26.6717808032377
chr3:66015315	441	26	129	0.000641723356009	0.0392539682539682	0.0589569160997732	0.2925170068027211	0.11872649	PIP_0.1-0.5	ENSG00000203647	16.17838789675361
chr3:66146767	443	5	112	0.0028374717832957	0.0476410835214446	0.0112866817155756	0.2528216704288939	0.2986561	PIP_0.1-0.5	SLC25A26	29.50352029635569
chr3:66574	448	25	155	-0.0007700892857142	0.0608816964285714	0.0558035714285714	0.3459821428571428	0.76959085	PIP_0.5-0.9	ENSG00000224918	25.9244295786564
chr3:69134834	439	4	68	-0.0014236902050113	0.0436697038724373	0.0091116173120728	0.1548974943052392	0.9122625	PIP>0.9	LMOD3	11.799495969032636
chr3:69496022	438	13	98	0.0062374429223744	0.0487123287671232	0.0296803652968036	0.2237442922374429	0.38470215	PIP_0.1-0.5	RBM43P1	16.977269926767505
chr3:69591104	446	5	94	0.0033811659192825	0.0469686098654708	0.0112107623318385	0.210762331838565	0.98466665	PIP>0.9	ENSG00000241667	10.351595975903422
chr3:71674817	445	21	111	0.0018269662921348	0.0456157303370786	0.047191011235955	0.249438202247191	0.6420972	PIP_0.5-0.9	GPR27	21.303242625695
chr3:71885127	439	6	94	-0.0036993166287015	0.0396902050113895	0.0136674259681093	0.214123006833713	0.96732455	PIP>0.9	RN7SL271P	10.906722215070197
chr3:75283911	429	1	56	0.0004452214452214	0.0505850815850815	0.0023310023310023	0.1305361305361305	0.38455993	PIP_0.1-0.5	MYLKP1	20.669847795713096
chr3:76684672	438	12	115	0.0020547945205479	0.0631643835616438	0.0273972602739726	0.2625570776255708	0.0883283	PIP<0.1	ENSG00000288793	18.609869151670036
chr3:76729649	443	94	180	0.007961625282167	0.0620699774266365	0.2121896162528216	0.4063205417607223	0.57296216	PIP_0.5-0.9	ENSG00000288793	14.89134350091461
chr3:77081498	442	0	56	-0.0021696832579185	0.0466945701357466	0.0	0.1266968325791855	0.9998623	PIP>0.9	RNU6-386P	14.37568285317012
chr3:7886121	433	0	65	0.0043302540415704	0.0684549653579676	0.0	0.1501154734411085	0.011782348	PIP<0.1	ENSG00000270207	12.311679638733098
chr3:79675393	440	2	79	-0.0068727272727272	0.0549636363636363	0.0045454545454545	0.1795454545454545	0.08206844	PIP<0.1	ROBO1	24.082396374403388
chr3:79846297	432	9	112	0.0034074074074074	0.0444537037037037	0.0208333333333333	0.2592592592592592	0.10551566	PIP_0.1-0.5	ROBO1	10.003396323051788
chr3:82169420	425	2	94	0.0052305882352941	0.0502517647058823	0.0047058823529411	0.2211764705882353	0.24665648	PIP_0.1-0.5	RPL7AP23	34.33444836522805
chr3:84059551	426	14	88	0.0060962441314553	0.060744131455399	0.0328638497652582	0.2065727699530516	0.0362913	PIP<0.1	ENSG00000287158	33.218570063365284
chr3:8448342	443	16	115	0.0006704288939051	0.0479345372460496	0.0361173814898419	0.2595936794582393	0.03251499	PIP<0.1	LMCD1	25.44152876936095
chr3:85287445	430	34	114	-0.0009325581395348	0.0380906976744186	0.0790697674418604	0.2651162790697674	0.047018826	PIP<0.1	CADM2	14.583360664845756
chr3:85459701	435	2	66	-0.004983908045977	0.0555126436781609	0.0045977011494252	0.1517241379310344	0.21471906	PIP_0.1-0.5	MIR5688	22.34716881887954
chr3:8585623	444	8	120	0.0036351351351351	0.0436351351351351	0.018018018018018	0.2702702702702703	0.6272866	PIP_0.5-0.9	ENSG00000224884	20.266303542738815
chr3:86195749	426	11	104	0.0016361502347417	0.0401572769953051	0.0258215962441314	0.244131455399061	0.70682657	PIP_0.5-0.9	RNU6-1129P	23.78081775769772
chr3:86550838	428	26	126	0.0009439252336448	0.041233644859813	0.0607476635514018	0.2943925233644859	0.072616756	PIP<0.1	LINC02070	10.443109313650345
chr3:88170867	421	11	48	-0.0010712589073634	0.0382589073634204	0.0261282660332541	0.1140142517814726	0.005895376	PIP<0.1	C3orf38	27.69726487496396
chr3:88284089	438	9	99	0.0002716894977168	0.0395410958904109	0.0205479452054794	0.2260273972602739	0.1540879	PIP_0.1-0.5	ABCF2P1	38.710629463009525
chr3:8996126	439	17	140	-0.0044168564920273	0.0493006833712984	0.0387243735763098	0.3189066059225512	0.9915264	PIP>0.9	SRGAP3-AS1	27.77822277563332
chr3:9261465	440	8	90	0.0010931818181818	0.0546295454545454	0.0181818181818181	0.2045454545454545	0.33309126	PIP_0.1-0.5	SRGAP3-AS4	29.279664379301725
chr3:95474830	433	0	107	0.0001016166281755	0.0847159353348729	0.0	0.2471131639722864	0.001853168	PIP<0.1	MTHFD2P1	42.443678135420775
chr3:96644649	424	5	86	-0.0037099056603773	0.0457617924528301	0.0117924528301886	0.2028301886792453	0.068894625	PIP<0.1	RPL18AP8	40.90608512965674
chr3:99452333	439	7	102	0.001009111617312	0.0619886104783599	0.0159453302961275	0.2323462414578587	0.031996667	PIP<0.1	ENSG00000243296	29.22516793835404
chr4:100303875	444	2	63	0.0031373873873873	0.0464572072072072	0.0045045045045045	0.1418918918918918	0.24303168	PIP_0.1-0.5	ENSG00000286150	14.748553436609049
chr4:107324605	431	2	59	-0.0028399071925754	0.0568491879350348	0.0046403712296983	0.1368909512761021	0.043171167	PIP<0.1	DKK2	18.740997252354664
chr4:107547887	445	4	85	-6.516853932584316e-05	0.0565820224719101	0.0089887640449438	0.1910112359550561	1.0	PIP>0.9	RNU6-551P	20.519873964616043
chr4:10764811	431	65	154	-0.0013781902552204	0.0519628770301624	0.1508120649651972	0.3573085846867749	0.9977746	PIP>0.9	LINC02498	10.161597970680775
chr4:107821735	432	61	157	-0.0006435185185185	0.0339027777777777	0.1412037037037037	0.3634259259259259	0.50854653	PIP_0.5-0.9	SGMS2	22.68909828107998
chr4:108085630	436	32	157	-0.0029885321100917	0.0512270642201834	0.073394495412844	0.360091743119266	0.25059783	PIP_0.1-0.5	LEF1-AS1	18.556822438368066
chr4:109013176	444	29	130	0.0029414414414414	0.0409009009009009	0.0653153153153153	0.2927927927927928	0.23883116	PIP_0.1-0.5	RCC2P8	18.141133867081884
chr4:109585123	435	43	112	0.0007218390804597	0.028303448275862	0.0988505747126436	0.2574712643678161	0.23787177	PIP_0.1-0.5	MCUB	16.375325727479705
chr4:109822782	435	65	83	0.0028758620689655	0.021583908045977	0.1494252873563218	0.1908045977011494	0.16159976	PIP_0.1-0.5	LRIT3	22.88149125462961
chr4:111310416	441	4	83	0.001766439909297	0.0538208616780045	0.0090702947845804	0.1882086167800453	0.27229106	PIP_0.1-0.5	RNU6-289P	12.49782116428625
chr4:111338980	436	2	89	-0.0044357798165137	0.0422660550458715	0.0045871559633027	0.2041284403669724	0.26534855	PIP_0.1-0.5	RNU6-289P	13.781286972784088
chr4:112279176	440	92	269	0.006040909090909	0.0953545454545454	0.209090909090909	0.6113636363636363	0.113562346	PIP_0.1-0.5	ALPK1	41.94477684433655
chr4:11627822	435	14	118	0.0013724137931034	0.0547977011494252	0.032183908045977	0.271264367816092	0.002639532	PIP<0.1	ENSG00000249631	10.102988451439163
chr4:116404117	432	28	129	-0.0020787037037037	0.0372268518518518	0.0648148148148148	0.2986111111111111	0.001860857	PIP<0.1	TRMT112P1	34.06739077546799
chr4:116867425	426	5	94	-0.0001572769953051	0.0501901408450704	0.0117370892018779	0.2206572769953051	0.30440295	PIP_0.1-0.5	ENSG00000271053	17.718908902675942
chr4:117743227	426	2	141	-0.0071807511737089	0.0673497652582159	0.0046948356807511	0.3309859154929577	0.024906576	PIP<0.1	ENSG00000288921	28.544134822592284
chr4:118408114	434	3	96	-0.0024838709677419	0.0534239631336405	0.0069124423963133	0.2211981566820276	0.023289263	PIP<0.1	NDUFS5P5	21.13151881110988
chr4:11840878	435	3	76	-0.0077770114942528	0.0560298850574712	0.0068965517241379	0.1747126436781609	0.75734574	PIP_0.5-0.9	LINC02360	20.255249286315586
chr4:119348647	433	69	196	-0.002027713625866	0.0784157043879907	0.1593533487297921	0.4526558891454965	0.010240197	PIP<0.1	KLHL2P1	50.28022767668025
chr4:11998050	435	21	134	0.0031264367816091	0.0533241379310344	0.0482758620689655	0.3080459770114943	0.54798573	PIP_0.5-0.9	ENSG00000248262	13.714346959161931
chr4:122627038	441	4	81	-0.0023877551020408	0.0401337868480725	0.0090702947845804	0.1836734693877551	0.048272908	PIP<0.1	IL21-AS1	10.99113496631596
chr4:126016099	436	11	114	0.0052660550458715	0.0612201834862385	0.0252293577981651	0.2614678899082568	0.64748555	PIP_0.5-0.9	LINC02379	43.50020907073923
chr4:126513872	439	5	101	-0.0023667425968109	0.0453143507972665	0.0113895216400911	0.2300683371298405	0.10851872	PIP_0.1-0.5	RBM48P1	16.453570491372425
chr4:126927913	428	25	134	-0.0032943925233644	0.0349158878504672	0.058411214953271	0.3130841121495327	0.020012498	PIP<0.1	Y_RNA	15.724574717386036
chr4:127019337	436	30	120	0.0015573394495412	0.0315665137614678	0.0688073394495412	0.2752293577981651	0.9766978	PIP>0.9	Y_RNA	20.347335956784654
chr4:130280093	435	2	74	0.0034965517241379	0.0500252873563218	0.0045977011494252	0.1701149425287356	0.3108654	PIP_0.1-0.5	LINC02479	13.109329438155754
chr4:130799296	427	3	62	0.0031147540983606	0.0504543325526932	0.0070257611241217	0.1451990632318501	0.011108398	PIP<0.1	ENSG00000280059	17.716324914033397
chr4:131133931	420	5	72	-0.0021142857142857	0.070947619047619	0.0119047619047619	0.1714285714285714	0.9253709	PIP>0.9	ENSG00000250213	47.02428693690228
chr4:131539586	436	45	151	-0.0004036697247706	0.0731284403669724	0.1032110091743119	0.3463302752293578	0.5355227	PIP_0.5-0.9	ENSG00000248715	17.58062568795662
chr4:132538297	443	2	72	-0.0053611738148984	0.0522686230248307	0.0045146726862302	0.1625282167042889	0.118616104	PIP_0.1-0.5	LINC01256	23.279745609489744
chr4:132567220	439	2	71	0.0037061503416856	0.0559749430523918	0.0045558086560364	0.1617312072892938	0.125	PIP_0.1-0.5	LINC01256	37.64677064774555
chr4:132619271	437	1	85	0.0011762013729977	0.0624759725400457	0.0022883295194508	0.1945080091533181	0.0079087615	PIP<0.1	AARS1P1	18.37948821230507
chr4:132769825	432	20	116	0.0023425925925925	0.0425925925925926	0.0462962962962962	0.2685185185185185	1.0	PIP>0.9	AARS1P1	36.733539454190726
chr4:132871512	433	0	61	0.0028060046189376	0.0795496535796767	0.0	0.1408775981524249	0.016010582	PIP<0.1	ENSG00000251488	14.87951983129919
chr4:132877190	435	6	85	0.0006344827586206	0.058119540229885	0.0137931034482758	0.1954022988505747	0.016010582	PIP<0.1	ENSG00000251488	14.87951983129919
chr4:133643566	430	3	71	-0.0037627906976744	0.0480976744186046	0.0069767441860465	0.1651162790697674	0.021169722	PIP<0.1	ENSG00000250191	31.595459891425783
chr4:134214022	433	3	86	-0.002473441108545	0.0648060046189376	0.0069284064665127	0.1986143187066974	0.28719652	PIP_0.1-0.5	PABPC4L	36.720574342724255
chr4:134483565	432	11	84	0.0018032407407407	0.0554189814814814	0.0254629629629629	0.1944444444444444	0.5000006	PIP_0.5-0.9	LINC02462	19.433639547063777
chr4:134717256	430	2	80	-0.0016790697674418	0.0516976744186046	0.0046511627906976	0.1860465116279069	0.13126135	PIP_0.1-0.5	ENSG00000249000	10.324756609802732
chr4:135877562	421	1	45	-0.0063254156769596	0.066938242280285	0.002375296912114	0.1068883610451306	0.8864807	PIP_0.5-0.9	LINC00613	24.1242046024406
chr4:138936080	441	6	99	0.0024467120181405	0.0362789115646258	0.0136054421768707	0.2244897959183673	0.00895232	PIP<0.1	ENSG00000250577	11.76322191081814
chr4:140953909	446	4	76	-0.0018004484304932	0.0516390134529148	0.0089686098654708	0.1704035874439461	0.9999348	PIP>0.9	Y_RNA	12.264180810024646
chr4:141497188	436	14	105	0.0001032110091743	0.0596399082568807	0.0321100917431192	0.2408256880733945	0.019837677	PIP<0.1	LINC02276	17.988452919854335
chr4:142954668	422	6	83	0.0032725118483412	0.0398364928909952	0.0142180094786729	0.1966824644549763	0.027778447	PIP<0.1	INPP4B	22.83847413244799
chr4:143864390	436	72	170	0.0039495412844036	0.0756284403669724	0.1651376146788991	0.3899082568807339	0.024897397	PIP<0.1	GYPE	29.313255065792383
chr4:143870485	435	88	203	0.0024758620689655	0.0963885057471264	0.2022988505747126	0.4666666666666667	0.14197141	PIP_0.1-0.5	GYPE	25.252401948868386
chr4:14471489	436	2	86	0.0067866972477064	0.0594013761467889	0.0045871559633027	0.1972477064220183	0.72682464	PIP_0.5-0.9	MTND2P31	26.001458188369604
chr4:14478500	435	18	121	0.0015126436781609	0.0352367816091954	0.0413793103448275	0.2781609195402298	0.0053282976	PIP<0.1	MTND2P31	45.93772354218856
chr4:1450734	444	28	120	0.0012815315315315	0.0474617117117117	0.063063063063063	0.2702702702702703	0.599018	PIP_0.5-0.9	NKX1-1	17.85001373439985
chr4:145697466	439	9	115	-0.0014282460136674	0.0319293849658314	0.020501138952164	0.2619589977220957	0.96435994	PIP>0.9	C4orf51	16.62480233509328
chr4:145921742	444	34	95	-2.477477477477481e-05	0.0264797297297297	0.0765765765765765	0.2139639639639639	0.33175975	PIP_0.1-0.5	ZNF827	15.19278342746346
chr4:146831017	429	19	91	-0.0007086247086247	0.048037296037296	0.0442890442890442	0.2121212121212121	0.009096742	PIP<0.1	ENSG00000248764	20.114988292758262
chr4:147336726	436	5	94	-0.0054793577981651	0.0471949541284403	0.0114678899082568	0.2155963302752293	0.7740716	PIP_0.5-0.9	MIR548G	32.110778865456
chr4:147924448	440	24	137	-0.0014204545454545	0.0556795454545454	0.0545454545454545	0.3113636363636363	0.1288054	PIP_0.1-0.5	ENSG00000270387	21.85648577804021
chr4:152150804	436	3	82	-9.403669724770631e-05	0.0413967889908256	0.0068807339449541	0.1880733944954128	0.12568927	PIP_0.1-0.5	ENSG00000287504	17.379666356534177
chr4:153851826	439	8	90	-0.0061093394077448	0.0436537585421412	0.0182232346241457	0.20501138952164	0.99883056	PIP>0.9	SFRP2	21.753595308963668
chr4:153936330	432	7	95	-0.0045416666666666	0.0560694444444444	0.0162037037037037	0.2199074074074074	0.71340585	PIP_0.5-0.9	ENSG00000280241	17.227006845039096
chr4:154324402	439	7	72	0.00175854214123	0.0482642369020501	0.0159453302961275	0.164009111617312	0.18288457	PIP_0.1-0.5	ENSG00000249200	23.06377977081613
chr4:155233392	442	6	74	0.0053484162895927	0.0353303167420814	0.0135746606334841	0.167420814479638	0.7865719	PIP_0.5-0.9	NPY2R-AS1	29.979277242010944
chr4:159633731	429	7	176	-0.0056386946386946	0.0672470862470862	0.0163170163170163	0.4102564102564102	0.9752808	PIP>0.9	LINC02233	40.27327304022087
chr4:160157936	445	8	110	-0.0038471910112359	0.0450067415730337	0.0179775280898876	0.247191011235955	0.55938786	PIP_0.5-0.9	ENSG00000250997	20.23349988411329
chr4:161106473	434	2	63	-0.0019746543778801	0.0584032258064516	0.0046082949308755	0.1451612903225806	0.0529238	PIP<0.1	ENSG00000249568	13.88930897255311
chr4:162344357	446	5	101	-0.0016390134529147	0.0373385650224215	0.0112107623318385	0.226457399103139	0.021994114	PIP<0.1	MTHFD2P4	28.710315637222653
chr4:164376753	431	4	89	-0.0031113689095127	0.0461693735498839	0.0092807424593967	0.2064965197215777	0.6078957	PIP_0.5-0.9	MARCHF1	18.59904664270586
chr4:164520424	445	2	82	0.0014898876404494	0.0452247191011235	0.0044943820224719	0.1842696629213483	0.83321416	PIP_0.5-0.9	ENSG00000251162	16.03139003363236
chr4:164740694	439	3	73	-0.0038200455580865	0.0497289293849658	0.0068337129840546	0.1662870159453303	0.6197684	PIP_0.5-0.9	SMIM31	15.123244298773814
chr4:165159675	432	23	115	-0.0029953703703703	0.0385462962962963	0.0532407407407407	0.2662037037037037	0.016334355	PIP<0.1	KLHL2	23.646272330991017
chr4:165215365	427	27	55	-0.0005925058548009	0.0344145199063231	0.063231850117096	0.1288056206088993	0.015405178	PIP<0.1	RNU4-87P	23.34510494728542
chr4:165807063	437	11	90	0.0017231121281464	0.0599107551487414	0.0251716247139588	0.205949656750572	0.5842169	PIP_0.5-0.9	TLL1	10.309916552874569
chr4:166007738	441	4	88	-0.0027256235827664	0.0589206349206349	0.0090702947845804	0.1995464852607709	0.24195981	PIP_0.1-0.5	RNA5SP170	32.00003897142361
chr4:166277600	429	4	107	0.0013030303030303	0.0584592074592074	0.0093240093240093	0.2494172494172494	0.0057091713	PIP<0.1	Y_RNA	28.25417315567718
chr4:166718102	450	75	204	0.0017844444444444	0.0467088888888888	0.1666666666666666	0.4533333333333333	0.29891646	PIP_0.1-0.5	ENSG00000249675	18.238576919884984
chr4:166772261	443	12	94	-0.0040496613995485	0.0661354401805869	0.0270880361173814	0.2121896162528216	0.9998712	PIP>0.9	RNA5SP171	17.036369062174693
chr4:16679804	445	11	114	-0.0018044943820224	0.0468471910112359	0.0247191011235955	0.2561797752808988	1.0	PIP>0.9	ENSG00000287081	47.04620810228249
chr4:168022113	439	1	66	-0.0019908883826879	0.05325284738041	0.0022779043280182	0.1503416856492027	0.017834365	PIP<0.1	ANXA10	23.184829589169063
chr4:168550955	442	3	84	0.0018846153846153	0.0409660633484162	0.006787330316742	0.1900452488687782	0.3433001	PIP_0.1-0.5	DDX60L	18.11962876898135
chr4:1728968	441	96	239	-0.0028843537414965	0.0291791383219954	0.2176870748299319	0.5419501133786848	0.03725046	PIP<0.1	TMEM129	20.346949059802537
chr4:17306122	444	11	153	0.0014076576576576	0.085304054054054	0.0247747747747747	0.3445945945945945	1.0	PIP>0.9	SNORA75B	47.81279906482374
chr4:173203813	436	25	64	-0.0011857798165137	0.0343233944954128	0.0573394495412844	0.146788990825688	0.5	PIP_0.5-0.9	GALNT7-DT	35.29900588248073
chr4:176507933	443	20	138	0.0022799097065462	0.0310880361173814	0.0451467268623024	0.3115124153498871	0.030922353	PIP<0.1	ENSG00000248480	18.60238741262905
chr4:177007034	430	0	73	-0.0010348837209302	0.0637976744186046	0.0	0.1697674418604651	0.15900093	PIP_0.1-0.5	LINC02509	11.57572109997584
chr4:177637242	435	0	86	-0.0008528735632183	0.0536804597701149	0.0	0.1977011494252873	0.89835644	PIP_0.5-0.9	ENSG00000251416	44.01957979764989
chr4:177867075	439	4	72	0.0028974943052391	0.061375854214123	0.0091116173120728	0.164009111617312	0.20263553	PIP_0.1-0.5	LINC01099	10.87546283222947
chr4:178056288	445	6	88	0.0017393258426966	0.0619505617977528	0.0134831460674157	0.197752808988764	0.09490001	PIP<0.1	RNU1-45P	40.64705415579796
chr4:179048698	439	6	92	0.0055694760820045	0.0606173120728929	0.0136674259681093	0.2095671981776765	0.06551576	PIP<0.1	ENSG00000250839	12.673743539747443
chr4:179405041	445	10	111	-0.0014112359550561	0.0453168539325842	0.0224719101123595	0.249438202247191	1.0	PIP>0.9	ENSG00000250993	35.37275868460771
chr4:179673929	447	7	90	-0.0028523489932885	0.05982774049217	0.0156599552572706	0.2013422818791946	0.18924534	PIP_0.1-0.5	ENSG00000248921	10.872145944940083
chr4:179795329	439	9	77	-2.505694760820016e-05	0.0490410022779043	0.020501138952164	0.1753986332574031	0.114946425	PIP_0.1-0.5	ENSG00000248921	15.149269516044846
chr4:180498068	434	9	61	-0.0007649769585253	0.0772718894009216	0.02073732718894	0.140552995391705	0.59700173	PIP_0.5-0.9	ENSG00000289951	9.951091646800837
chr4:183319375	444	19	107	0.0037635135135135	0.0371689189189189	0.0427927927927927	0.240990990990991	0.9524039	PIP>0.9	CLDN22	13.971179969950398
chr4:183569250	446	14	105	-0.0004035874439461	0.0291210762331838	0.0313901345291479	0.2354260089686098	0.9301735	PIP>0.9	ENSG00000272744	36.5497361632541
chr4:184369684	447	69	136	-0.0004944071588366	0.022579418344519	0.1543624161073825	0.3042505592841163	0.6307638	PIP_0.5-0.9	LINC02362	11.238356268835522
chr4:185879316	440	43	146	-0.0048113636363636	0.0541931818181818	0.0977272727272727	0.3318181818181818	0.03101325	PIP<0.1	ENSG00000235149	11.395131659926127
chr4:186091330	447	27	120	0.0011610738255033	0.0260648769574944	0.0604026845637583	0.2684563758389262	1.0	PIP>0.9	FAM149A	31.576804726519025
chr4:186199201	442	62	248	-0.0060701357466063	0.0707533936651583	0.1402714932126696	0.5610859728506787	0.666244	PIP_0.5-0.9	CYP4V2	9.959248583737866
chr4:186773004	445	38	159	0.0051640449438202	0.0453258426966292	0.0853932584269663	0.3573033707865168	0.9832291	PIP>0.9	FAT1	38.48088776071181
chr4:186804106	445	9	99	0.0022359550561797	0.0448516853932584	0.0202247191011235	0.2224719101123595	0.98221177	PIP>0.9	ENSG00000250829	13.603450948009849
chr4:188020897	450	24	122	-0.0046355555555555	0.0363155555555555	0.0533333333333333	0.2711111111111111	1.0	PIP>0.9	ZFP42	35.36440919470876
chr4:188103664	443	75	150	0.0060519187358916	0.0254424379232505	0.1693002257336343	0.3386004514672686	0.9781812	PIP>0.9	ENSG00000241011	11.047009110702184
chr4:188143264	447	84	177	-0.0035369127516778	0.0346286353467561	0.1879194630872483	0.3959731543624161	1.0	PIP>0.9	ENSG00000247130	24.05277422507661
chr4:188161637	447	39	146	-0.001572706935123	0.0429284116331096	0.087248322147651	0.3266219239373601	0.9608855	PIP>0.9	LINC02434	25.66419708934576
chr4:18864282	438	3	83	-0.0013036529680365	0.0456735159817351	0.0068493150684931	0.1894977168949771	0.5668319	PIP_0.5-0.9	ENSG00000279918	17.21047612847132
chr4:188680038	446	39	158	-0.001872197309417	0.029957399103139	0.0874439461883408	0.3542600896860987	0.9999999	PIP>0.9	ENSG00000275826	14.48989295030596
chr4:188714560	444	12	134	-0.0036621621621621	0.0501891891891891	0.027027027027027	0.3018018018018018	0.04617703	PIP<0.1	RNU7-192P	20.57404261607744
chr4:188788858	441	22	137	-0.0001972789115646	0.0566281179138321	0.0498866213151927	0.310657596371882	0.012402117	PIP<0.1	LINC02508	14.358181856855705
chr4:188840209	444	29	141	-0.0003986486486486	0.0553851351351351	0.0653153153153153	0.3175675675675675	0.1640948	PIP_0.1-0.5	ENSG00000250626	10.61970220719547
chr4:189082881	443	5	96	0.0074446952595936	0.0499774266365688	0.0112866817155756	0.2167042889390519	0.7651077	PIP_0.5-0.9	ENSG00000250024	21.231327722393665
chr4:189870692	444	60	212	0.0051509009009009	0.0707635135135135	0.1351351351351351	0.4774774774774775	0.54854894	PIP_0.5-0.9	LINC01596	28.80165774340577
chr4:189915390	428	146	257	0.0053598130841121	0.0797196261682243	0.3411214953271028	0.6004672897196262	0.55106395	PIP_0.5-0.9	FRG1-DT	10.731574496784134
chr4:22487250	435	25	147	-0.0003126436781609	0.0587770114942528	0.057471264367816	0.3379310344827586	0.09479159	PIP<0.1	ADGRA3	13.168360601365965
chr4:22755643	440	16	136	-0.0025818181818181	0.0592227272727272	0.0363636363636363	0.3090909090909091	0.94639915	PIP>0.9	CDC42P6	14.250876775777105
chr4:23975238	438	2	79	-0.0005525114155251	0.0446529680365296	0.0045662100456621	0.1803652968036529	0.99995875	PIP>0.9	PPARGC1A	22.06936138365432
chr4:24005020	434	23	112	-0.0001152073732718	0.0514976958525345	0.0529953917050691	0.2580645161290322	0.87767416	PIP_0.5-0.9	PPARGC1A	12.905999088159705
chr4:24473746	442	2	83	-0.0001968325791855	0.0394502262443439	0.004524886877828	0.1877828054298642	0.9751773	PIP>0.9	ENSG00000289201	10.969177994487406
chr4:24868377	443	9	101	-0.0010248306997742	0.0386230248306997	0.0203160270880361	0.2279909706546275	0.6421671	PIP_0.5-0.9	SOD3	9.992991907764395
chr4:25472990	446	12	106	0.0015695067264573	0.0435112107623318	0.0269058295964125	0.2376681614349775	0.15191555	PIP_0.1-0.5	ENSG00000249320	25.427773138343145
chr4:25660622	447	20	129	-0.0006308724832214	0.0390111856823266	0.0447427293064877	0.2885906040268456	0.8155684	PIP_0.5-0.9	SLC34A2	11.242623369496917
chr4:25975559	448	33	127	0.0002678571428571	0.0224375	0.0736607142857142	0.2834821428571428	0.99999946	PIP>0.9	LINC02357	11.32746010955986
chr4:27245658	440	3	91	0.0025136363636363	0.0466181818181818	0.0068181818181818	0.2068181818181818	0.99999905	PIP>0.9	ENSG00000251325	12.782148721607502
chr4:27770824	439	19	150	-0.0019589977220956	0.0435854214123006	0.0432801822323462	0.3416856492027335	0.6717612	PIP_0.5-0.9	ENSG00000287389	23.882182012514814
chr4:28433608	432	24	113	0.0027013888888888	0.054849537037037	0.0555555555555555	0.261574074074074	0.4230399	PIP_0.1-0.5	ENSG00000250064	23.08319589733323
chr4:3038211	443	326	345	0.0068487584650112	0.1257832957110609	0.7358916478555305	0.7787810383747178	0.9936985	PIP>0.9	HTT	19.366886241752148
chr4:30631603	436	3	102	-0.0012224770642201	0.0571720183486238	0.0068807339449541	0.2339449541284403	0.9999734	PIP>0.9	ENSG00000288940	19.102673917865783
chr4:30877846	439	15	94	0.0007425968109339	0.0581184510250569	0.0341685649202733	0.214123006833713	0.12660617	PIP_0.1-0.5	MTCYBP43	15.686042868030636
chr4:32085284	437	7	64	0.0030251716247139	0.0604897025171624	0.0160183066361556	0.1464530892448512	0.14642191	PIP_0.1-0.5	ENSG00000286212	10.605633921210918
chr4:32438105	433	15	102	-0.0023071593533487	0.049554272517321	0.0346420323325635	0.2355658198614318	0.021390855	PIP<0.1	LINC02353	25.222679086625817
chr4:3269898	441	32	143	0.0017233560090702	0.0335464852607709	0.0725623582766439	0.3242630385487528	0.5393582	PIP_0.5-0.9	RGS12	24.943368109303385
chr4:32789815	437	2	62	-0.0018032036613272	0.0449885583524027	0.0045766590389016	0.1418764302059496	0.012338817	PIP<0.1	ENSG00000286784	17.395589437082975
chr4:34608411	411	2	56	0.0066812652068126	0.0634257907542579	0.0048661800486618	0.1362530413625304	0.028048813	PIP<0.1	ENSG00000250597	11.796099476155062
chr4:3461712	446	70	248	-0.0041905829596412	0.0449798206278026	0.1569506726457399	0.5560538116591929	0.6409917	PIP_0.5-0.9	DOK7	19.101966462072795
chr4:3491556	448	104	239	-0.0008839285714285	0.0381383928571428	0.2321428571428571	0.5334821428571429	1.0	PIP>0.9	DOK7	33.72964278370668
chr4:3505426	449	105	165	1.7817371937639215e-05	0.0175991091314031	0.2338530066815144	0.3674832962138085	0.85604215	PIP_0.5-0.9	LRPAP1	12.471051880626646
chr4:35062982	439	30	133	0.0003143507972665	0.0764373576309794	0.0683371298405467	0.3029612756264236	0.03647393	PIP<0.1	ENSG00000238694	35.77272886475279
chr4:35156211	441	2	66	-0.0064399092970521	0.0576507936507936	0.0045351473922902	0.1496598639455782	0.7401121	PIP_0.5-0.9	ENSG00000238694	14.343621363535837
chr4:3680142	447	51	164	-0.0006756152125279	0.027158836689038	0.1140939597315436	0.3668903803131991	0.7689491	PIP_0.5-0.9	LINC02171	18.24070165609976
chr4:398603	436	21	116	0.0018302752293577	0.041591743119266	0.0481651376146789	0.2660550458715596	0.28511822	PIP_0.1-0.5	ENSG00000272885	19.66576626638382
chr4:40181498	446	16	161	-0.0012085201793721	0.0375852017937219	0.0358744394618834	0.3609865470852018	0.8286135	PIP_0.5-0.9	ENSG00000286089	17.84394013904974
chr4:40287302	448	14	170	0.0002098214285714	0.0418883928571428	0.03125	0.3794642857142857	0.9920963	PIP>0.9	ENSG00000250338	10.48177281699498
chr4:40490599	448	65	121	0.0016808035714285	0.0222120535714285	0.1450892857142857	0.2700892857142857	0.5168936	PIP_0.5-0.9	ENSG00000242197	16.270749837207934
chr4:41274378	438	52	174	0.0014817351598173	0.0427146118721461	0.1187214611872146	0.3972602739726027	0.10850209	PIP_0.1-0.5	UCHL1-DT	34.07635367456669
chr4:41291740	441	13	108	0.00578231292517	0.0390884353741496	0.0294784580498866	0.2448979591836734	0.40492773	PIP_0.1-0.5	Y_RNA	12.157540528671497
chr4:41321022	444	1	110	-0.0013783783783783	0.0477477477477477	0.0022522522522522	0.2477477477477477	0.04768008	PIP<0.1	Y_RNA	28.378601803784704
chr4:4156336	436	25	124	0.000538990825688	0.038144495412844	0.0573394495412844	0.2844036697247706	0.9963448	PIP>0.9	OR7E99P	25.995104931994486
chr4:42262412	438	35	139	-0.0005365296803652	0.0309109589041095	0.0799086757990867	0.317351598173516	0.9323298	PIP>0.9	ENSG00000289643	10.602348991739904
chr4:4254795	445	32	127	-7.86516853932585e-05	0.0288337078651685	0.0719101123595505	0.2853932584269663	0.9928803	PIP>0.9	ENSG00000289032	10.971318630427362
chr4:43766051	440	28	134	0.0039613636363636	0.0788659090909091	0.0636363636363636	0.3045454545454545	0.27142638	PIP_0.1-0.5	ENSG00000286891	42.65490491946852
chr4:44071301	426	12	90	0.0047699530516431	0.0552769953051643	0.028169014084507	0.2112676056338028	0.072182775	PIP<0.1	ENSG00000250863	13.193478247194674
chr4:45060468	442	1	71	0.0065814479638009	0.0510429864253393	0.002262443438914	0.1606334841628959	0.35700136	PIP_0.1-0.5	ENSG00000248744	10.84062096518794
chr4:45256183	433	21	99	0.0037182448036951	0.0623002309468822	0.0484988452655889	0.2286374133949191	0.5086351	PIP_0.5-0.9	THAP12P9	27.40153227840532
chr4:47619915	441	21	105	-0.0031247165532879	0.0399138321995464	0.0476190476190476	0.238095238095238	0.004784286	PIP<0.1	MIR8053	10.027713587907453
chr4:5054678	447	7	113	0.0006577181208053	0.0461476510067114	0.0156599552572706	0.2527964205816554	0.9998778	PIP>0.9	STK32B	10.29827042825156
chr4:5172149	448	13	129	-0.0010491071428571	0.0373348214285714	0.0290178571428571	0.2879464285714285	0.021826029	PIP<0.1	STK32B	42.03565254974291
chr4:52504029	444	11	78	0.0071306306306306	0.0453648648648648	0.0247747747747747	0.1756756756756756	0.0052491426	PIP<0.1	RNU6-1252P	23.371472551199307
chr4:54507794	442	19	119	-0.0022963800904977	0.0428212669683257	0.0429864253393665	0.2692307692307692	0.13789713	PIP_0.1-0.5	ENSG00000251264	13.750942346246417
chr4:55162126	446	1	99	0.0017331838565022	0.0476704035874439	0.0022421524663677	0.2219730941704036	1.0	PIP>0.9	ENSG00000287060	21.29173329184562
chr4:55624196	446	1	84	0.0008430493273542	0.0400269058295964	0.0022421524663677	0.1883408071748878	0.20087838	PIP_0.1-0.5	NMU	10.67404274206648
chr4:57740592	438	7	93	0.0003881278538812	0.0537351598173516	0.0159817351598173	0.2123287671232876	0.9999817	PIP>0.9	ENSG00000249831	14.090428345225051
chr4:59268753	441	0	73	-0.0004648526077097	0.0495578231292517	0.0	0.1655328798185941	0.11371845	PIP_0.1-0.5	ENSG00000286097	16.870981182664462
chr4:61488150	436	3	67	-0.0005022935779816	0.0596123853211009	0.0068807339449541	0.1536697247706422	0.60855836	PIP_0.5-0.9	ENSG00000205682	30.36954029449638
chr4:61969610	439	1	70	0.0014510250569476	0.0622892938496583	0.0022779043280182	0.1594533029612756	0.12015271	PIP_0.1-0.5	Y_RNA	15.44227770922308
chr4:62232272	442	8	109	-0.0055497737556561	0.0608167420814479	0.0180995475113122	0.2466063348416289	0.029524446	PIP<0.1	RPL21P47	44.51031538840114
chr4:628170	441	26	137	-0.0008934240362811	0.0308390022675737	0.0589569160997732	0.310657596371882	0.99634004	PIP>0.9	PDE6B	44.5620695914781
chr4:64363341	434	5	85	0.0036359447004608	0.0497926267281106	0.0115207373271889	0.195852534562212	0.018493116	PIP<0.1	RNU6-191P	34.38031749278886
chr4:64709312	449	7	105	0.002316258351893	0.044120267260579	0.0155902004454342	0.2338530066815144	0.7955878	PIP_0.5-0.9	ENSG00000244669	16.334466711623314
chr4:66953758	431	6	105	-0.00022969837587	0.0498259860788863	0.0139211136890951	0.2436194895591647	0.050287426	PIP<0.1	RNU6-699P	29.76174564396139
chr4:67964414	437	6	89	0.0003684210526315	0.0404691075514874	0.0137299771167048	0.2036613272311213	0.28185445	PIP_0.1-0.5	TMPRSS11A	20.359624011716544
chr4:68889465	431	13	90	0.0014965197215777	0.0560858468677494	0.0301624129930394	0.2088167053364269	0.81133604	PIP_0.5-0.9	ENSG00000248547	25.198816617940537
chr4:69804025	442	4	56	0.0053529411764705	0.0511628959276018	0.0090497737556561	0.1266968325791855	0.5575365	PIP_0.5-0.9	SULT1D1P	20.369436029259152
chr4:70899519	433	41	156	0.0016789838337182	0.0234896073903002	0.0946882217090069	0.3602771362586605	0.8585324	PIP_0.5-0.9	ENSG00000289019	11.712221111545878
chr4:70968105	434	31	136	0.0020023041474654	0.0359009216589861	0.0714285714285714	0.3133640552995391	0.02009064	PIP<0.1	MOB1B	31.240454164108385
chr4:71150928	444	1	70	-0.0020653153153153	0.0407049549549549	0.0022522522522522	0.1576576576576576	0.3099419	PIP_0.1-0.5	SLC4A4	22.432933397381564
chr4:72229113	432	3	82	-0.0033958333333333	0.0436087962962963	0.0069444444444444	0.1898148148148148	0.3223225	PIP_0.1-0.5	ENSG00000250877	25.39783303999004
chr4:75118050	444	37	139	-0.0028558558558558	0.0446261261261261	0.0833333333333333	0.3130630630630631	0.022874713	PIP<0.1	ENSG00000250315	45.05953756063129
chr4:7585740	447	43	169	0.0025413870246085	0.0444787472035794	0.0961968680089485	0.378076062639821	0.36033726	PIP_0.1-0.5	MIR4274	14.307529348003412
chr4:76084065	439	20	156	0.0007722095671981	0.0543166287015945	0.0455580865603644	0.3553530751708428	0.63949543	PIP_0.5-0.9	CXCL11	22.162233426047724
chr4:76406671	435	7	98	-0.0015931034482758	0.0387287356321839	0.0160919540229885	0.225287356321839	0.22946084	PIP_0.1-0.5	ENSG00000199857	33.07958451806677
chr4:7699021	452	20	156	0.0032831858407079	0.037929203539823	0.0442477876106194	0.3451327433628318	1.0	PIP>0.9	AFAP1-AS1	24.56321934100652
chr4:77436166	444	3	111	-0.0009977477477477	0.0400247747747747	0.0067567567567567	0.25	0.5903992	PIP_0.5-0.9	ENSG00000249036	17.084814266241477
chr4:79773879	432	25	90	0.0006481481481481	0.035824074074074	0.0578703703703703	0.2083333333333333	0.05009842	PIP<0.1	PCAT4	42.63369792864834
chr4:8091065	446	26	106	0.0003161434977578	0.0383340807174887	0.0582959641255605	0.2376681614349775	0.1636312	PIP_0.1-0.5	ENSG00000251460	11.211784422265533
chr4:81160366	424	10	75	-0.004943396226415	0.0598113207547169	0.0235849056603773	0.1768867924528301	0.75083923	PIP_0.5-0.9	PRKG2-AS1	15.599761952179492
chr4:81518006	442	30	160	-0.0015678733031674	0.059210407239819	0.0678733031674208	0.3619909502262443	0.9999995	PIP>0.9	RNU5A-2P	24.09637581800178
chr4:82559838	445	86	197	-0.0026921348314606	0.0314921348314606	0.1932584269662921	0.4426966292134831	0.999997	PIP>0.9	ENSG00000289186	20.95797291951404
chr4:8327197	446	26	142	-0.0014282511210762	0.0359663677130044	0.0582959641255605	0.3183856502242152	0.6395585	PIP_0.5-0.9	LINC02517	24.049503764842644
chr4:84365964	433	2	80	-0.0009699769053117	0.0532794457274826	0.0046189376443418	0.184757505773672	1.0	PIP>0.9	ENSG00000248749	18.97297167741047
chr4:8464578	442	126	127	-0.0006945701357466	0.0140203619909502	0.2850678733031674	0.2873303167420814	0.025857866	PIP<0.1	ENSG00000205959	13.379270690328234
chr4:8501915	443	31	168	-0.000216704288939	0.0394311512415349	0.0699774266365688	0.3792325056433409	0.845388	PIP_0.5-0.9	ENSG00000205959	22.228474147259245
chr4:85212826	425	2	57	0.0010141176470588	0.0395929411764705	0.0047058823529411	0.1341176470588235	0.012315452	PIP<0.1	ENSG00000248725	28.518247256658984
chr4:86170811	431	2	67	0.0008283062645011	0.0440719257540603	0.0046403712296983	0.1554524361948956	0.016225517	PIP<0.1	MAPK10-AS1	48.736810123324055
chr4:86386183	440	1	71	-0.0002045454545454	0.0398772727272727	0.0022727272727272	0.1613636363636363	0.16351902	PIP_0.1-0.5	RN7SKP96	14.139082165876706
chr4:86392354	435	21	123	-0.0026666666666666	0.0410390804597701	0.0482758620689655	0.2827586206896552	0.4949721	PIP_0.1-0.5	RN7SKP96	11.598724445790795
chr4:87315541	444	100	198	-0.0037815315315315	0.058240990990991	0.2252252252252252	0.4459459459459459	0.047578692	PIP<0.1	HSD17B13	10.660279015292035
chr4:88167202	444	20	112	-0.002322072072072	0.0363806306306306	0.045045045045045	0.2522522522522522	0.73978233	PIP_0.5-0.9	RPL31P24	43.53680086986694
chr4:88230399	441	37	164	0.0039297052154195	0.0590589569160997	0.0839002267573696	0.3718820861678004	0.25589836	PIP_0.1-0.5	RNU6ATAC31P	27.64308298108188
chr4:88841046	448	57	144	-0.003109375	0.043984375	0.1272321428571428	0.3214285714285714	0.23520696	PIP_0.1-0.5	ENSG00000276003	12.703664979839475
chr4:9052096	443	44	166	-0.0012573363431151	0.0341060948081264	0.0993227990970654	0.3747178329571106	0.027926743	PIP<0.1	SNRPCP16	12.836359143483762
chr4:91043298	449	5	83	-0.0037037861915367	0.0526213808463251	0.0111358574610244	0.1848552338530066	0.036553085	PIP<0.1	ENSG00000248984	15.78445540378811
chr4:92119909	430	5	75	-0.003113953488372	0.0516023255813953	0.0116279069767441	0.1744186046511628	0.0077546835	PIP<0.1	ENSG00000287392	13.060201053930884
chr4:9411441	441	21	120	0.0002539682539682	0.057578231292517	0.0476190476190476	0.272108843537415	0.07147956	PIP<0.1	RNA5SP153	22.22310297073752
chr4:94873665	442	26	117	-0.002683257918552	0.0347828054298642	0.0588235294117647	0.2647058823529412	0.10988015	PIP_0.1-0.5	BMPR1B	30.43225396533949
chr4:95562918	444	11	124	0.0029842342342342	0.058831081081081	0.0247747747747747	0.2792792792792792	0.35058665	PIP_0.1-0.5	UNC5C	15.350448856563604
chr4:96199380	430	2	53	0.0025093023255813	0.0626302325581395	0.0046511627906976	0.1232558139534883	0.0042274	PIP<0.1	ENSG00000250655	36.535669898714914
chr4:96491260	427	2	50	0.0018501170960187	0.063311475409836	0.0046838407494145	0.117096018735363	0.24821901	PIP_0.1-0.5	RN7SKP28	10.3634995328756
chr4:97081991	429	7	74	0.0024825174825174	0.0557319347319347	0.0163170163170163	0.1724941724941724	0.24153161	PIP_0.1-0.5	ENSG00000253170	11.421244639123609
chr4:97122713	427	3	60	0.0020679156908665	0.0532107728337236	0.0070257611241217	0.1405152224824356	0.036877632	PIP<0.1	ENSG00000253170	10.549788631841023
chr4:98691690	432	12	83	-1.157407407407394e-05	0.0346087962962963	0.0277777777777777	0.1921296296296296	1.0	PIP>0.9	ENSG00000249764	25.455011475509927
chr5:10042285	447	12	121	0.0011834451901565	0.0416219239373601	0.0268456375838926	0.2706935123042505	0.8735823	PIP_0.5-0.9	ENSG00000279011	23.61126476331843
chr5:10263376	444	34	115	0.0024729729729729	0.031527027027027	0.0765765765765765	0.259009009009009	0.015873969	PIP<0.1	ENSG00000271980	13.328194965104164
chr5:103868639	441	8	104	0.002204081632653	0.0538231292517006	0.0181405895691609	0.2358276643990929	0.07617164	PIP<0.1	ENSG00000283462	14.285169593707908
chr5:104116254	430	18	115	-0.0022697674418604	0.0419302325581395	0.041860465116279	0.2674418604651162	0.027662218	PIP<0.1	RNU1-140P	48.305266554107945
chr5:11311120	449	5	94	-0.001674832962138	0.0455278396436525	0.0111358574610244	0.2093541202672605	0.7989724	PIP_0.5-0.9	RNU6-429P	17.714096693572287
chr5:113136023	442	4	101	-0.0004819004524886	0.0534683257918552	0.0090497737556561	0.2285067873303167	0.5954773	PIP_0.5-0.9	DCP2	26.01321060523897
chr5:113185829	443	18	134	0.0024198645598194	0.0468261851015801	0.0406320541760722	0.3024830699774266	0.76089805	PIP_0.5-0.9	ENSG00000232633	22.183711234578077
chr5:115083264	443	2	68	-0.0020880361173814	0.0464898419864559	0.0045146726862302	0.1534988713318284	0.119433224	PIP_0.1-0.5	ENSG00000250242	10.602260377994536
chr5:116051308	447	23	109	-0.0027874720357941	0.0292617449664429	0.0514541387024608	0.2438478747203579	0.24831825	PIP_0.1-0.5	ENSG00000185641	28.32516439370598
chr5:116062842	444	27	89	0.0010225225225225	0.0288378378378378	0.0608108108108108	0.2004504504504504	0.004734099	PIP<0.1	ENSG00000185641	10.159586098910385
chr5:116881153	445	20	124	0.0027775280898876	0.0444898876404494	0.0449438202247191	0.2786516853932584	0.01771605	PIP<0.1	ENSG00000249150	13.994530304657344
chr5:117400472	441	4	101	0.0005736961451247	0.039907029478458	0.0090702947845804	0.2290249433106576	0.5	PIP_0.5-0.9	LINC00992	14.724718309988964
chr5:117510233	430	0	74	-0.0005720930232558	0.0543488372093023	0.0	0.1720930232558139	0.9636651	PIP>0.9	LINC00992	19.464575040978104
chr5:118071666	435	2	72	0.0018206896551724	0.0492229885057471	0.0045977011494252	0.1655172413793103	0.9927791	PIP>0.9	LINC02148	23.850940477566
chr5:118361289	444	5	83	-0.0042162162162162	0.0440225225225225	0.0112612612612612	0.1869369369369369	0.9920269	PIP>0.9	LINC02148	10.411433216037986
chr5:120693819	442	19	98	0.0013619909502262	0.0298371040723981	0.0429864253393665	0.2217194570135746	0.9986399	PIP>0.9	RNU4-69P	21.50025792483892
chr5:121124716	437	4	104	-0.0007254004576659	0.0556727688787185	0.0091533180778032	0.2379862700228833	0.99791735	PIP>0.9	ENSG00000229855	44.10638539608549
chr5:12223756	428	2	59	0.0028107476635514	0.0571892523364486	0.0046728971962616	0.1378504672897196	0.015772521	PIP<0.1	RNU6-679P	16.060189919091204
chr5:122550329	444	2	59	0.0026328828828828	0.0522545045045045	0.0045045045045045	0.1328828828828828	0.122343004	PIP_0.1-0.5	MGC32805	48.2932207893613
chr5:123164444	442	15	110	-0.0002828054298642	0.0398619909502262	0.0339366515837104	0.248868778280543	0.03254825	PIP<0.1	ENSG00000213655	10.610253154389412
chr5:123903445	444	26	132	0.0007454954954954	0.0673175675675675	0.0585585585585585	0.2972972972972973	0.9999851	PIP>0.9	KRT18P16	10.291794513292706
chr5:12396526	431	2	75	-0.0058491879350348	0.0497192575406032	0.0046403712296983	0.1740139211136891	0.8005262	PIP_0.5-0.9	ENSG00000248783	33.79344602917279
chr5:12435153	436	1	44	-0.005137614678899	0.0510504587155963	0.0022935779816513	0.1009174311926605	0.87408304	PIP_0.5-0.9	RNU6-679P	34.895201903131735
chr5:125157028	448	50	149	0.0014330357142857	0.0602633928571428	0.1116071428571428	0.3325892857142857	0.99999267	PIP>0.9	ENSG00000250194	11.341014684433777
chr5:125935604	433	2	70	0.0041547344110854	0.0541501154734411	0.0046189376443418	0.161662817551963	0.04685557	PIP<0.1	ENSG00000249904	17.10946042054009
chr5:128758992	438	14	108	-0.001134703196347	0.0378698630136986	0.0319634703196347	0.2465753424657534	0.20849693	PIP_0.1-0.5	ENSG00000248634	13.24305162618067
chr5:129487651	432	18	123	0.0008564814814814	0.0529768518518518	0.0416666666666666	0.2847222222222222	0.70274025	PIP_0.5-0.9	ADAMTS19-AS1	31.823489259521025
chr5:131225902	424	13	56	-0.0008514150943396	0.026568396226415	0.0306603773584905	0.1320754716981132	0.06249851	PIP<0.1	HINT1	19.83108582845288
chr5:131703897	435	20	63	-0.0027241379310344	0.0314183908045977	0.0459770114942528	0.1448275862068965	0.008536339	PIP<0.1	MEIKIN	20.70393283247417
chr5:132440760	436	18	113	0.0005825688073394	0.0361559633027523	0.0412844036697247	0.2591743119266055	0.042363584	PIP<0.1	LINC02863	20.063656491527848
chr5:133524775	440	2	85	0.0025090909090909	0.0364363636363636	0.0045454545454545	0.1931818181818181	0.9947936	PIP>0.9	ENSG00000279197	13.172497991760991
chr5:133810381	441	22	179	0.0050748299319727	0.0588843537414966	0.0498866213151927	0.4058956916099773	0.23396528	PIP_0.1-0.5	ENSG00000251243	11.653381040702474
chr5:134333068	432	57	91	-0.0027384259259259	0.0304328703703703	0.1319444444444444	0.2106481481481481	0.07125962	PIP<0.1	ENSG00000239615	13.815261608448292
chr5:135725260	437	8	100	-0.003812356979405	0.042604118993135	0.0183066361556064	0.2288329519450801	0.044526994	PIP<0.1	ENSG00000223539	20.37236089710402
chr5:135812263	441	10	104	-0.0012653061224489	0.0486802721088435	0.0226757369614512	0.2358276643990929	0.07380855	PIP<0.1	ENSG00000250378	45.42714101370306
chr5:141690749	445	6	142	-0.0004719101123595	0.0294337078651685	0.0134831460674157	0.3191011235955056	1.0	PIP>0.9	ENSG00000289478	21.92062003810162
chr5:141796845	440	19	138	-0.0028204545454545	0.0413068181818181	0.0431818181818181	0.3136363636363636	0.16263795	PIP_0.1-0.5	ENSG00000286736	14.720602792350544
chr5:142258854	445	11	127	-0.0001168539325842	0.0371505617977528	0.0247191011235955	0.2853932584269663	0.9999992	PIP>0.9	ENSG00000277968	17.897585730939976
chr5:142383857	442	11	122	0.0031515837104072	0.0356085972850678	0.0248868778280542	0.2760180995475113	0.5202214	PIP_0.5-0.9	SPRY4	21.8578170730237
chr5:144974872	437	19	84	0.0004965675057208	0.0649908466819222	0.0434782608695652	0.1922196796338672	0.85171694	PIP_0.5-0.9	NAMPTP2	10.49437825631844
chr5:147483840	434	13	131	0.0023387096774193	0.0560622119815668	0.0299539170506912	0.3018433179723502	0.58298916	PIP_0.5-0.9	DPYSL3	10.382338602451506
chr5:147740457	437	10	121	0.0030755148741418	0.0617528604118993	0.022883295194508	0.2768878718535469	0.9998078	PIP>0.9	ENSG00000287630	12.05318449092401
chr5:14909790	447	13	122	0.0010335570469798	0.0327203579418344	0.029082774049217	0.2729306487695749	0.6583648	PIP_0.5-0.9	HNRNPKP5	14.351088946775874
chr5:1492123	447	167	329	0.0068926174496644	0.0811029082774049	0.3736017897091722	0.7360178970917226	0.6427327	PIP_0.5-0.9	MIR6075	15.109175596708374
chr5:149383147	442	11	124	0.0026719457013574	0.0333280542986425	0.0248868778280542	0.2805429864253393	0.99911654	PIP>0.9	ENSG00000253865	23.66326302506396
chr5:149419538	447	3	103	-0.000565995525727	0.0280648769574944	0.0067114093959731	0.2304250559284116	0.9217882	PIP>0.9	ENSG00000275871	18.630165935076835
chr5:149487824	442	28	137	0.0024547511312217	0.03670814479638	0.0633484162895927	0.3099547511312217	0.74565876	PIP_0.5-0.9	ENSG00000230551	11.369644328685434
chr5:149600257	434	33	133	-0.0006728110599078	0.0311152073732718	0.076036866359447	0.3064516129032258	0.08949548	PIP<0.1	RNU6-588P	12.147460349135065
chr5:149607749	434	57	127	-0.0002050691244239	0.0279562211981566	0.1313364055299539	0.2926267281105991	0.19355679	PIP_0.1-0.5	RNU6-588P	13.806542038342032
chr5:150207650	450	5	136	-0.0013133333333333	0.0310955555555555	0.0111111111111111	0.3022222222222222	0.9805384	PIP>0.9	SLC6A7	19.0407350914635
chr5:150995404	440	21	122	0.0006431818181818	0.0343204545454545	0.0477272727272727	0.2772727272727273	0.16664213	PIP_0.1-0.5	ENSG00000277866	15.222401162075146
chr5:151295621	441	11	145	-0.0026734693877551	0.0495487528344671	0.0249433106575963	0.3287981859410431	0.15204233	PIP_0.1-0.5	SLC36A3	19.31722087524588
chr5:151465560	438	57	95	0.001486301369863	0.0229109589041095	0.1301369863013698	0.2168949771689497	0.05705148	PIP<0.1	RNA5SP197	49.97850611379646
chr5:152646990	437	4	86	0.0027528604118993	0.0639702517162471	0.0091533180778032	0.1967963386727688	0.056075096	PIP<0.1	RPL36AP20	20.82449710297364
chr5:153742169	436	2	80	0.0025550458715596	0.0442798165137614	0.0045871559633027	0.1834862385321101	0.058230937	PIP<0.1	RN7SL177P	14.561137262472052
chr5:1540433	448	20	138	0.0028080357142857	0.0381517857142857	0.0446428571428571	0.3080357142857143	0.68682003	PIP_0.5-0.9	ENSG00000251532	14.703919262583112
chr5:154337672	446	45	109	-0.002677130044843	0.03004932735426	0.100896860986547	0.2443946188340807	0.14790964	PIP_0.1-0.5	HNRNPA3P7	27.05414104099445
chr5:155481781	427	15	92	-0.0004964871194379	0.0670538641686182	0.0351288056206089	0.2154566744730679	0.5000007	PIP_0.5-0.9	ENSG00000270442	29.942958600147243
chr5:156092585	441	11	100	0.0018843537414965	0.0523378684807256	0.0249433106575963	0.2267573696145124	0.27591348	PIP_0.1-0.5	ENSG00000286690	19.72354195388469
chr5:156513735	440	7	99	-0.0024272727272727	0.0474863636363636	0.0159090909090909	0.225	0.22124386	PIP_0.1-0.5	ENSG00000253370	35.233654735612504
chr5:157448982	438	20	106	0.0016461187214611	0.0348652968036529	0.045662100456621	0.2420091324200913	0.27439994	PIP_0.1-0.5	ENSG00000285868	38.335580031416825
chr5:158081870	447	7	95	0.0030089485458612	0.0450715883668903	0.0156599552572706	0.2125279642058165	0.97378254	PIP>0.9	ENSG00000253422	18.377338917849308
chr5:159017648	441	23	115	0.003517006802721	0.0289818594104308	0.0521541950113378	0.2607709750566893	0.83691216	PIP_0.5-0.9	ENSG00000253456	33.67820326542456
chr5:162590188	437	1	57	-0.0014919908466819	0.0580549199084668	0.0022883295194508	0.1304347826086956	0.44912142	PIP_0.1-0.5	RNU6-164P	16.56261906002311
chr5:162759699	449	14	134	-0.0010779510022271	0.0418574610244988	0.0311804008908685	0.2984409799554566	0.7002957	PIP_0.5-0.9	ARL2BPP5	42.73471024461895
chr5:1628027	442	102	115	-0.0001380090497737	0.0177805429864253	0.2307692307692307	0.2601809954751131	0.161978	PIP_0.1-0.5	PPP4R2P5	29.685660265230236
chr5:163014938	439	4	94	0.0059749430523918	0.0541389521640091	0.0091116173120728	0.214123006833713	0.77440345	PIP_0.5-0.9	MRPL57P6	34.969324564042694
chr5:16334386	423	18	131	-0.0015531914893617	0.037047281323877	0.0425531914893617	0.309692671394799	0.12532127	PIP_0.1-0.5	ENSG00000249737	13.477689411896923
chr5:163555949	445	4	95	-0.0006606741573033	0.0497932584269662	0.0089887640449438	0.2134831460674157	0.13480747	PIP_0.1-0.5	MAT2B	12.354051247911745
chr5:167918341	441	10	128	-0.0022290249433106	0.0403832199546485	0.0226757369614512	0.2902494331065759	0.5582392	PIP_0.5-0.9	ENSG00000253660	13.981443179979047
chr5:168042879	442	6	103	-0.0020339366515837	0.044472850678733	0.0135746606334841	0.2330316742081448	0.9999997	PIP>0.9	ENSG00000253065	18.840391098887213
chr5:168876156	446	0	109	0.0017735426008968	0.0341233183856502	0.0	0.2443946188340807	1.0	PIP>0.9	Y_RNA	38.88059343515904
chr5:173377225	443	12	115	0.0024559819413092	0.0481715575620767	0.0270880361173814	0.2595936794582393	0.9047338	PIP>0.9	ENSG00000253968	30.02471638909046
chr5:173820926	448	11	158	-0.0042991071428571	0.0421785714285714	0.0245535714285714	0.3526785714285714	0.09144229	PIP<0.1	LINC01485	26.74980613246939
chr5:174047165	429	8	120	0.0002191142191142	0.0456736596736596	0.0186480186480186	0.2797202797202797	0.030592203	PIP<0.1	ENSG00000253244	48.87969274413741
chr5:174226742	446	7	102	0.0008811659192825	0.0440515695067264	0.0156950672645739	0.2286995515695067	0.4239527	PIP_0.1-0.5	ENSG00000254011	11.51503035802139
chr5:174339536	450	17	116	-0.00016	0.0376133333333333	0.0377777777777777	0.2577777777777778	0.11145806	PIP_0.1-0.5	LINC01411	10.84377238262615
chr5:174532470	447	0	95	0.0025413870246085	0.0339776286353467	0.0	0.2125279642058165	0.9992529	PIP>0.9	GAPDHP71	26.43662427713236
chr5:174878309	442	34	144	0.0002692307692307	0.0291696832579185	0.0769230769230769	0.3257918552036199	0.60671777	PIP_0.5-0.9	NIFKP2	34.83121377614428
chr5:175269355	444	3	96	0.0066036036036036	0.042054054054054	0.0067567567567567	0.2162162162162162	0.07360256	PIP<0.1	ARL2BPP6	26.18917676156574
chr5:175513176	442	103	115	-0.0007556561085972	0.0175384615384615	0.2330316742081448	0.2601809954751131	0.23771268	PIP_0.1-0.5	ENSG00000270839	13.764836648079172
chr5:175888348	437	62	177	0.0008283752860411	0.0555926773455377	0.1418764302059496	0.4050343249427917	0.61334425	PIP_0.5-0.9	ENSG00000280068	9.988994994389644
chr5:176517868	444	44	128	0.0001328828828828	0.0261644144144144	0.0990990990990991	0.2882882882882883	0.5509312	PIP_0.5-0.9	RNF44	14.0561418143013
chr5:178054603	445	65	148	0.0001280898876404	0.0254449438202247	0.146067415730337	0.3325842696629214	0.99566156	PIP>0.9	ENSG00000218227	27.653997341265203
chr5:178483570	443	19	124	0.0020586907449209	0.0305778781038374	0.0428893905191873	0.2799097065462754	0.9989815	PIP>0.9	ENSG00000245688	17.137436078169387
chr5:178546627	445	27	126	-0.0031303370786516	0.0350314606741573	0.0606741573033707	0.2831460674157303	0.66633034	PIP_0.5-0.9	COL23A1	11.045168374941593
chr5:178671685	444	34	155	-0.0032117117117117	0.0404144144144144	0.0765765765765765	0.3490990990990991	0.12422395	PIP_0.1-0.5	ENSG00000286713	10.435919774854955
chr5:179470319	448	45	138	-0.000671875	0.0264129464285714	0.1004464285714285	0.3080357142857143	0.7231163	PIP_0.5-0.9	ENSG00000250674	44.960466838109696
chr5:179833733	448	109	133	0.0015200892857142	0.0148549107142857	0.2433035714285714	0.296875	0.16448927	PIP_0.1-0.5	RN7SKP150	10.207692124375594
chr5:180441113	448	18	125	-0.0004620535714285	0.0355602678571428	0.0401785714285714	0.2790178571428571	0.5052209	PIP_0.5-0.9	RNU6-525P	16.743271454069554
chr5:180446544	448	5	94	0.0002678571428571	0.0366919642857142	0.0111607142857142	0.2098214285714285	1.0	PIP>0.9	RNU6-525P	45.059624980394354
chr5:181162125	447	123	313	0.0035369127516778	0.0835682326621924	0.2751677852348993	0.7002237136465325	0.8273593	PIP_0.5-0.9	OR2V2	42.30173912252012
chr5:181245582	447	60	258	0.0012192393736017	0.0423199105145413	0.1342281879194631	0.5771812080536913	0.58071816	PIP_0.5-0.9	RACK1	26.925393981196084
chr5:18974261	441	6	81	0.0003718820861678	0.0451791383219954	0.0136054421768707	0.1836734693877551	0.09559667	PIP<0.1	ENSG00000251487	30.742619615419542
chr5:1946773	446	48	165	-0.0006995515695067	0.0302421524663677	0.1076233183856502	0.3699551569506726	0.7995995	PIP_0.5-0.9	ENSG00000288108	31.175635449796548
chr5:19968117	434	7	106	-0.0020829493087557	0.0590599078341013	0.0161290322580645	0.2442396313364055	0.0121385455	PIP<0.1	ENSG00000248766	48.93960270857737
chr5:20673704	436	7	93	-0.0048555045871559	0.0535894495412844	0.0160550458715596	0.2133027522935779	0.045082092	PIP<0.1	LINC02146	18.337177959744484
chr5:2189805	445	32	166	-0.0032202247191011	0.0441415730337078	0.0719101123595505	0.3730337078651685	0.2451657	PIP_0.1-0.5	Y_RNA	14.443906860892504
chr5:2257103	446	26	155	-0.0048497757847533	0.0331008968609865	0.0582959641255605	0.3475336322869955	0.56705683	PIP_0.5-0.9	ENSG00000275733	38.97922041719269
chr5:22806768	435	1	75	-0.008967816091954	0.0571609195402298	0.0022988505747126	0.1724137931034483	0.11946994	PIP_0.1-0.5	ENSG00000286961	11.51568440989111
chr5:23252276	446	13	115	-0.0002421524663677	0.0556233183856502	0.0291479820627802	0.257847533632287	0.79659945	PIP_0.5-0.9	ENSG00000250319	14.530457539933243
chr5:25413036	440	11	104	0.0038249999999999	0.0392568181818181	0.025	0.2363636363636363	0.61401635	PIP_0.5-0.9	ENSG00000248605	16.98135919949529
chr5:25571081	429	4	85	0.0068811188811188	0.0678927738927738	0.0093240093240093	0.1981351981351981	0.56843776	PIP_0.5-0.9	ENSG00000248605	16.97286193732565
chr5:25660895	441	3	94	-0.0055623582766439	0.0583968253968254	0.0068027210884353	0.2131519274376417	0.6259742	PIP_0.5-0.9	RNU6-374P	27.398927195701365
chr5:27991042	440	8	108	0.0016386363636363	0.0647840909090909	0.0181818181818181	0.2454545454545454	0.9934458	PIP>0.9	ENSG00000250079	31.106489435543512
chr5:2814805	444	13	115	-0.0011689189189189	0.0449211711711711	0.0292792792792792	0.259009009009009	0.1498661	PIP_0.1-0.5	ENSG00000248137	10.348049792576228
chr5:28426784	439	2	77	0.00125284738041	0.0555170842824601	0.0045558086560364	0.1753986332574031	0.33291703	PIP_0.1-0.5	LINC02103	46.08806802740639
chr5:2952230	442	1	78	0.001552036199095	0.0517918552036199	0.002262443438914	0.1764705882352941	0.6029969	PIP_0.5-0.9	ENSG00000248736	47.51069465997352
chr5:3173705	444	7	123	0.003554054054054	0.0445225225225225	0.0157657657657657	0.277027027027027	0.7763966	PIP_0.5-0.9	LINC01377	44.22815981692814
chr5:31847129	449	26	142	-0.0018329621380846	0.0322472160356347	0.0579064587973273	0.3162583518930957	0.5	PIP_0.5-0.9	RPL5P14	25.39799625574801
chr5:32016735	450	56	209	-4.888888888888865e-05	0.0534577777777777	0.1244444444444444	0.4644444444444444	0.9302641	PIP>0.9	MIR4279	13.718795309890092
chr5:32425725	446	90	105	8.968609865470846e-05	0.0150313901345291	0.2017937219730941	0.2354260089686098	0.02493751	PIP<0.1	MIR579	17.271217620768024
chr5:32719439	444	7	105	0.0049639639639639	0.0513063063063063	0.0157657657657657	0.2364864864864864	0.99775887	PIP>0.9	NPR3	12.430240769884051
chr5:33902658	435	14	105	0.0033287356321839	0.0432229885057471	0.032183908045977	0.2413793103448276	0.9998306	PIP>0.9	ADAMTS12	16.41791921191009
chr5:35437875	434	3	104	0.0029470046082949	0.0615783410138248	0.0069124423963133	0.2396313364055299	0.16371	PIP_0.1-0.5	U3	16.390372280455555
chr5:3623829	447	18	132	-0.0006800894854586	0.0420223713646532	0.0402684563758389	0.2953020134228188	0.27800757	PIP_0.1-0.5	ENSG00000259603	12.169618663846292
chr5:36292837	443	6	81	-0.0014288939051918	0.0430857787810383	0.0135440180586907	0.182844243792325	0.18008214	PIP_0.1-0.5	RANBP3L	13.065185011736604
chr5:36370224	444	20	118	0.003259009009009	0.0405022522522522	0.045045045045045	0.2657657657657657	0.037536263	PIP<0.1	ENSG00000287634	20.87756580603459
chr5:38004919	436	6	110	0.0002477064220183	0.0446467889908256	0.0137614678899082	0.2522935779816513	0.93400764	PIP>0.9	LINC02119	11.2287833335492
chr5:39017442	442	66	77	-0.000472850678733	0.0214140271493212	0.1493212669683258	0.17420814479638	0.044251204	PIP<0.1	AIG1P1	15.149235166503834
chr5:3990755	443	21	146	-0.0020451467268623	0.049647855530474	0.0474040632054176	0.3295711060948081	0.1492505	PIP_0.1-0.5	ENSG00000248962	22.66077425029765
chr5:40012910	439	10	105	-0.0011913439635535	0.0429726651480637	0.0227790432801822	0.2391799544419134	0.08332211	PIP<0.1	KRT18P56	32.90562090144659
chr5:40637645	446	7	109	-0.0002264573991031	0.0506748878923766	0.0156950672645739	0.2443946188340807	0.5	PIP_0.5-0.9	SNORA63	19.194142334738764
chr5:40644458	443	6	88	-0.002079006772009	0.0450316027088036	0.0135440180586907	0.1986455981941309	0.14776021	PIP_0.1-0.5	SNORA63	32.999894044269595
chr5:41117407	445	37	132	-0.0013955056179775	0.0404247191011236	0.0831460674157303	0.2966292134831461	0.030713856	PIP<0.1	MROH2B	11.50093646517466
chr5:42936252	442	3	87	-0.0013122171945701	0.0377466063348416	0.006787330316742	0.1968325791855203	0.16848242	PIP_0.1-0.5	PRELID3BP6	21.34827086048052
chr5:4323048	429	7	78	-0.0059370629370629	0.05302331002331	0.0163170163170163	0.1818181818181818	0.07039106	PIP<0.1	ENSG00000260763	49.715021238042944
chr5:43740932	445	4	92	-0.0021640449438202	0.0490089887640449	0.0089887640449438	0.2067415730337078	0.007872522	PIP<0.1	RPL29P12	19.366707747269437
chr5:44576848	437	28	125	-0.0045148741418764	0.036949656750572	0.0640732265446224	0.2860411899313501	0.011901438	PIP<0.1	LINC02224	48.717013694753824
chr5:46029022	438	2	92	-0.0043310502283105	0.0457009132420091	0.0045662100456621	0.2100456621004566	0.14242214	PIP_0.1-0.5	HCN1	11.235650063884709
chr5:46405398	432	26	178	-0.0168148148148148	0.0873055555555555	0.0601851851851851	0.412037037037037	0.009134114	PIP<0.1	ENSG00000250122	14.657376075631523
chr5:4940416	449	30	157	-0.0029376391982182	0.0339443207126948	0.066815144766147	0.3496659242761692	0.9882529	PIP>0.9	ENSG00000251506	10.274464505793404
chr5:50603070	440	10	91	0.0019863636363636	0.0466454545454545	0.0227272727272727	0.2068181818181818	0.08050668	PIP<0.1	EMB	11.484280204349078
chr5:50892846	442	1	69	0.0021085972850678	0.0453619909502262	0.002262443438914	0.1561085972850678	0.0067649484	PIP<0.1	ENSG00000270830	34.46138228287844
chr5:50947004	438	2	68	0.0027214611872146	0.0498584474885844	0.0045662100456621	0.1552511415525114	0.012405753	PIP<0.1	ENSG00000251601	14.583892392107735
chr5:52117149	438	17	99	0.0011529680365296	0.048810502283105	0.0388127853881278	0.2260273972602739	0.08233851	PIP<0.1	LINC02118	11.097070381670482
chr5:5294950	445	6	133	-0.0020966292134831	0.0440471910112359	0.0134831460674157	0.298876404494382	0.9990002	PIP>0.9	ALG3P1	12.858175947194356
chr5:53361130	445	0	78	0.0025191011235955	0.0450404494382022	0.0	0.1752808988764045	0.041903436	PIP<0.1	ENSG00000285831	18.94410868887715
chr5:54306507	448	10	180	0.0025647321428571	0.0337611607142857	0.0223214285714285	0.4017857142857143	0.9999157	PIP>0.9	LINC01033	17.020740261388124
chr5:54416537	449	1	98	0.0026236080178173	0.0511403118040089	0.0022271714922048	0.2182628062360802	0.1140697	PIP_0.1-0.5	RPL37P25	31.887990122330137
chr5:54727508	440	5	82	0.0048840909090909	0.0432431818181818	0.0113636363636363	0.1863636363636363	0.9999833	PIP>0.9	ENSG00000287367	47.12205492313439
chr5:55602944	432	31	112	-0.0003425925925925	0.0279027777777777	0.0717592592592592	0.2592592592592592	0.484295	PIP_0.1-0.5	AK4P2	31.07245219594285
chr5:55713932	429	40	115	-0.0013706293706293	0.040055944055944	0.0932400932400932	0.2680652680652681	0.045192063	PIP<0.1	DDX4	14.39894650349364
chr5:56133019	448	28	96	0.0022209821428571	0.0319129464285714	0.0625	0.2142857142857142	0.8564743	PIP_0.5-0.9	RPL17P22	12.785491356268214
chr5:56510647	446	8	87	0.0005044843049327	0.0452982062780269	0.0179372197309417	0.195067264573991	0.1388663	PIP_0.1-0.5	RPL26P19	10.892971041170028
chr5:57760866	441	6	102	-0.0007165532879818	0.0459909297052154	0.0136054421768707	0.2312925170068027	0.02284205	PIP<0.1	ENSG00000249198	13.141023741724412
chr5:59389979	433	1	73	0.003824480369515	0.0623233256351039	0.0023094688221709	0.1685912240184757	0.03288722	PIP<0.1	ENSG00000276214	11.627565524958136
chr5:60107082	436	5	96	-0.0006880733944954	0.0475	0.0114678899082568	0.2201834862385321	0.028290689	PIP<0.1	ENSG00000248935	13.955270945547635
chr5:61632478	448	9	103	-0.00425	0.04871875	0.0200892857142857	0.2299107142857142	0.9698633	PIP>0.9	C5orf64	14.09106355762158
chr5:62441636	437	86	116	0.0010068649885583	0.0199267734553775	0.1967963386727688	0.2654462242562929	0.0044949055	PIP<0.1	LRRC70	12.483356893696886
chr5:62478729	435	62	87	-0.0003287356321839	0.0204804597701149	0.1425287356321839	0.2	0.11635423	PIP_0.1-0.5	CKS1BP3	27.92211439507501
chr5:63079068	440	1	53	-0.0003499999999999	0.0531636363636363	0.0022727272727272	0.1204545454545454	0.052045763	PIP<0.1	ENSG00000249579	11.085594036474308
chr5:63546380	438	1	90	-0.0010410958904109	0.0547716894977168	0.002283105022831	0.2054794520547945	0.1427002	PIP_0.1-0.5	ENSG00000287179	13.529344137455482
chr5:64440745	427	0	51	0.0015854800936768	0.0627704918032787	0.0	0.1194379391100702	0.75825745	PIP_0.5-0.9	NT5ELP	16.888167368759564
chr5:65905596	444	14	76	0.0006058558558558	0.0346914414414414	0.0315315315315315	0.1711711711711711	1.0	PIP>0.9	ERBIN-DT	30.16020307374384
chr5:66287895	449	10	97	-0.0006013363028953	0.0410512249443207	0.0222717149220489	0.2160356347438752	0.99150366	PIP>0.9	ENSG00000251391	13.538425105450475
chr5:66669295	438	10	92	0.0031506849315068	0.0382602739726027	0.0228310502283105	0.2100456621004566	0.98326	PIP>0.9	MAST4-IT1	11.342058539235914
chr5:66778389	440	24	133	-0.0018363636363636	0.0436681818181818	0.0545454545454545	0.3022727272727272	0.5404466	PIP_0.5-0.9	MAST4-IT1	34.575027274258176
chr5:67416313	431	6	69	0.0028120649651972	0.0615313225058004	0.0139211136890951	0.1600928074245939	0.9999543	PIP>0.9	LINC02997	14.991813187978844
chr5:6792528	445	14	128	0.0003280898876404	0.0370921348314606	0.0314606741573033	0.2876404494382023	0.5	PIP_0.5-0.9	ENSG00000272071	29.708376981122036
chr5:68692625	442	14	103	-0.0019276018099547	0.051656108597285	0.0316742081447963	0.2330316742081448	0.124838054	PIP_0.1-0.5	ENSG00000250237	22.680793420083525
chr5:69064922	438	57	122	-0.0014200913242009	0.0247260273972602	0.1301369863013698	0.2785388127853881	0.94324934	PIP>0.9	SUMO2P4	32.99905794986374
chr5:69157983	439	71	125	0.0019202733485193	0.0191958997722095	0.1617312072892938	0.2847380410022779	0.20326972	PIP_0.1-0.5	ENSG00000220986	12.364767799107096
chr5:69402625	436	83	90	-0.0010229357798165	0.0176009174311926	0.1903669724770642	0.2064220183486238	0.046709716	PIP<0.1	MARVELD2	18.115037276441434
chr5:7171544	444	12	126	-0.0010112612612612	0.0529481981981981	0.027027027027027	0.2837837837837837	0.10330212	PIP_0.1-0.5	ENSG00000286254	12.629023817217073
chr5:7206952	444	6	92	0.002018018018018	0.0437702702702702	0.0135135135135135	0.2072072072072072	0.8976093	PIP_0.5-0.9	ENSG00000286254	14.432251607222652
chr5:72929793	431	6	84	0.0015290023201856	0.0409396751740139	0.0139211136890951	0.1948955916473317	0.84734887	PIP_0.5-0.9	ENSG00000271926	20.58901214992345
chr5:73847840	442	4	110	-0.00010407239819	0.0651447963800905	0.0090497737556561	0.248868778280543	0.8068882	PIP_0.5-0.9	RNU7-196P	39.23778162077339
chr5:74668732	450	9	120	-0.0026511111111111	0.0393266666666666	0.02	0.2666666666666666	1.0	PIP>0.9	ENC1	25.43528123673302
chr5:75478164	430	65	99	-0.0011348837209302	0.0227953488372093	0.1511627906976744	0.2302325581395349	0.51136565	PIP_0.5-0.9	ANKDD1B	15.496618138779606
chr5:75605016	426	50	135	-0.0025164319248826	0.035075117370892	0.1173708920187793	0.3169014084507042	0.0188303	PIP<0.1	ANKDD1B	20.269820986085016
chr5:77933128	450	13	103	0.0010622222222222	0.0257466666666666	0.0288888888888888	0.2288888888888889	0.9723189	PIP>0.9	ENSG00000253572	31.09919565025453
chr5:78423607	441	67	88	-0.0011269841269841	0.0216122448979591	0.1519274376417233	0.1995464852607709	0.010053575	PIP<0.1	SCAMP1	11.024162384036234
chr5:78961234	449	60	100	0.0012204899777282	0.0228641425389755	0.133630289532294	0.22271714922049	0.09527773	PIP<0.1	ARSB	10.621233842518295
chr5:79225709	431	35	136	0.0002389791183294	0.0340162412993039	0.0812064965197215	0.3155452436194895	0.026463985	PIP<0.1	RNY3P1	13.043926981725615
chr5:79696202	449	35	95	-0.0004543429844097	0.0316169265033407	0.0779510022271715	0.2115812917594654	0.9625699	PIP>0.9	CMYA5	16.254981055292994
chr5:80363522	439	11	97	-0.0005444191343963	0.0339521640091116	0.0250569476082004	0.2209567198177676	0.99999994	PIP>0.9	RNU6-211P	12.137731508004077
chr5:8186650	437	20	108	0.0010045766590389	0.0444324942791762	0.045766590389016	0.2471395881006865	0.16863775	PIP_0.1-0.5	ENSG00000249486	30.483034279201814
chr5:82340995	439	10	128	-0.0005717539863325	0.0446492027334851	0.0227790432801822	0.2915717539863325	0.106838346	PIP_0.1-0.5	ATP6AP1L	46.13453077955881
chr5:83804010	438	10	94	0.0027168949771689	0.0554246575342465	0.0228310502283105	0.2146118721461187	0.026883602	PIP<0.1	RNU4-11P	9.969613110436656
chr5:85149925	443	21	120	-0.0047810383747178	0.0452595936794582	0.0474040632054176	0.2708803611738149	0.11654097	PIP_0.1-0.5	ENSG00000249349	23.256491162881947
chr5:8893584	432	18	102	0.0004513888888888	0.0542430555555555	0.0416666666666666	0.2361111111111111	0.019482672	PIP<0.1	LINC02199	22.76058489383081
chr5:95447	447	14	118	-0.0004429530201342	0.0392572706935123	0.0313199105145413	0.2639821029082774	0.73327553	PIP_0.5-0.9	PLEKHG4B	28.21735092096529
chr5:96503429	447	12	117	0.0016107382550335	0.0360581655480984	0.0268456375838926	0.261744966442953	0.9999894	PIP>0.9	CAST	27.37071588501304
chr5:97389128	427	23	132	-0.0003208430913348	0.0590281030444964	0.0538641686182669	0.3091334894613583	0.6370364	PIP_0.5-0.9	YTHDF1P1	30.224673334986186
chr5:97716006	433	0	68	0.002866050808314	0.0443764434180138	0.0	0.1570438799076212	0.98690087	PIP>0.9	ENSG00000251193	21.966762628713795
chr5:98082335	438	15	111	-0.001796803652968	0.0378333333333333	0.0342465753424657	0.2534246575342466	0.07510769	PIP<0.1	ENSG00000249101	20.94804218271471
chr5:9840876	445	1	65	-0.0020269662921348	0.0481977528089887	0.0022471910112359	0.146067415730337	0.007120192	PIP<0.1	ENSG00000286556	14.642113690277816
chr5:99206774	435	21	140	-0.0043632183908045	0.0400827586206896	0.0482758620689655	0.3218390804597701	0.10021222	PIP_0.1-0.5	ENSG00000290580	33.793144888569024
chr5:99372780	434	4	116	-0.000942396313364	0.0447764976958525	0.0092165898617511	0.2672811059907834	0.8228966	PIP_0.5-0.9	ENSG00000290580	12.93671296174999
chr5:99526280	445	8	100	0.0025640449438202	0.0516741573033707	0.0179775280898876	0.2247191011235955	0.5024578	PIP_0.5-0.9	GUSBP8	12.185315784586116
chr6:101112141	435	6	96	0.0036919540229885	0.0618298850574712	0.0137931034482758	0.2206896551724138	0.022864461	PIP<0.1	GRIK2	41.94616323202579
chr6:102670236	430	3	92	-0.0021558139534883	0.0583790697674418	0.0069767441860465	0.213953488372093	0.15335679	PIP_0.1-0.5	ENSG00000219757	15.217135076193468
chr6:103281565	395	5	67	-0.0048278481012658	0.0772835443037974	0.0126582278481012	0.1696202531645569	0.6271435	PIP_0.5-0.9	ENSG00000217120	13.432465174821942
chr6:103553550	438	0	78	0.0001986301369863	0.0567648401826484	0.0	0.1780821917808219	0.91563267	PIP>0.9	ENSG00000202283	30.686383833821974
chr6:104148391	430	5	93	-0.0013232558139534	0.0547697674418604	0.0116279069767441	0.2162790697674418	0.020684958	PIP<0.1	NPM1P10	22.67310609302968
chr6:105851840	445	91	148	0.0002044943820224	0.015476404494382	0.2044943820224719	0.3325842696629214	1.0	PIP>0.9	ENSG00000284999	20.46656097405908
chr6:105899493	446	4	131	-0.0041502242152466	0.0447645739910313	0.0089686098654708	0.2937219730941704	0.18628752	PIP_0.1-0.5	RN7SKP211	24.689190489472416
chr6:106562711	436	44	125	0.0009839449541284	0.0267591743119266	0.1009174311926605	0.286697247706422	0.02263552	PIP<0.1	RNU6-527P	17.716018217491925
chr6:108016695	446	10	83	0.001219730941704	0.0351973094170403	0.0224215246636771	0.1860986547085202	0.5489802	PIP_0.5-0.9	RPL3P7	13.245013594854935
chr6:108684980	438	30	123	-0.0038059360730593	0.0483949771689497	0.0684931506849315	0.2808219178082192	0.12357658	PIP_0.1-0.5	LINC00222	32.17779863299818
chr6:108808535	442	13	109	-0.0004524886877828	0.0361085972850678	0.0294117647058823	0.2466063348416289	0.11272776	PIP_0.1-0.5	ENSG00000231559	13.683960930451445
chr6:110142683	435	30	139	-0.000183908045977	0.0516919540229885	0.0689655172413793	0.3195402298850575	0.0148765445	PIP<0.1	WASF1	17.245073238048604
chr6:112009665	442	20	100	0.001314479638009	0.0380384615384615	0.0452488687782805	0.2262443438914027	0.58687806	PIP_0.5-0.9	CCN6	14.010642488461556
chr6:115696970	433	5	58	0.0016096997690531	0.0674896073903002	0.0115473441108545	0.1339491916859122	0.014858842	PIP<0.1	LINC02534	26.46174769576799
chr6:116217679	427	54	104	0.0007377049180327	0.0318618266978922	0.126463700234192	0.243559718969555	0.03307146	PIP<0.1	ENSG00000236326	14.429182288928684
chr6:116874679	419	139	222	0.0022863961813842	0.0395894988066825	0.3317422434367542	0.5298329355608592	0.18023819	PIP_0.1-0.5	GPRC6A	12.733517635308996
chr6:11702712	447	31	128	0.0009709172259507	0.0315838926174496	0.0693512304250559	0.2863534675615212	0.8894192	PIP_0.5-0.9	ENSG00000207419	15.565759015400818
chr6:117069608	440	3	100	-0.000765909090909	0.0501386363636363	0.0068181818181818	0.2272727272727272	0.008293271	PIP<0.1	RNA5SP214	10.15298199526428
chr6:119441997	429	12	107	-0.0022400932400932	0.0322773892773892	0.0279720279720279	0.2494172494172494	0.9582136	PIP>0.9	ENSG00000287100	10.535923083129452
chr6:121407258	435	46	135	-0.0001885057471264	0.0306252873563218	0.1057471264367816	0.3103448275862069	0.04504168	PIP<0.1	GJA1	38.64575148608103
chr6:1230994	446	13	131	0.0007130044843049	0.0376143497757847	0.0291479820627802	0.2937219730941704	0.5441621	PIP_0.5-0.9	ENSG00000289842	15.70071740954475
chr6:123257530	436	2	81	-0.0057614678899082	0.0692706422018348	0.0045871559633027	0.1857798165137614	0.31871402	PIP_0.1-0.5	TRDN-AS1	11.092988497928744
chr6:123589753	446	5	106	0.001262331838565	0.0492399103139013	0.0112107623318385	0.2376681614349775	1.0	PIP>0.9	ENSG00000285941	24.45544387050099
chr6:125300176	437	23	87	0.0006910755148741	0.0238855835240274	0.0526315789473684	0.1990846681922196	0.8167598	PIP_0.5-0.9	ENSG00000286299	10.133850126911977
chr6:127291855	422	35	78	-0.0017274881516587	0.0349218009478673	0.0829383886255924	0.1848341232227488	0.021077335	PIP<0.1	RNF146	10.476231095641625
chr6:128778354	435	6	94	-0.0005287356321839	0.0496735632183908	0.0137931034482758	0.2160919540229885	1.0	PIP>0.9	Y_RNA	30.59314476206318
chr6:129303548	443	12	98	0.0031354401805869	0.0356455981941309	0.0270880361173814	0.2212189616252821	0.19440162	PIP_0.1-0.5	RNU6-861P	11.765075518782428
chr6:131479287	443	38	105	0.0006749435665914	0.0470677200902934	0.0857787810383747	0.237020316027088	0.54834944	PIP_0.5-0.9	ARG1	12.555866296178149
chr6:133739746	433	10	106	-0.0007967667436489	0.0406351039260969	0.023094688221709	0.2448036951501154	0.19150585	PIP_0.1-0.5	FTH1P26	12.162174891706222
chr6:13381951	450	29	135	-0.0021933333333333	0.03818	0.0644444444444444	0.3	0.7819972	PIP_0.5-0.9	TBC1D7	37.43726619817809
chr6:134554703	441	8	71	0.0004943310657596	0.04237641723356	0.0181405895691609	0.1609977324263038	0.7079719	PIP_0.5-0.9	CT69	12.873034538312718
chr6:135903025	451	24	109	0.002430155210643	0.0399423503325942	0.0532150776053215	0.2416851441241685	0.314444	PIP_0.1-0.5	ENSG00000288054	14.16192830705758
chr6:136766384	438	10	74	-0.001	0.0412876712328767	0.0228310502283105	0.1689497716894977	0.8341215	PIP_0.5-0.9	MAP3K5-AS2	35.74242066202225
chr6:136983382	449	8	123	-0.0016369710467706	0.0348975501113585	0.0178173719376391	0.2739420935412027	0.98714304	PIP>0.9	NHEG1	34.81716935024313
chr6:137116778	443	33	102	-2.93453724604966e-05	0.0315462753950338	0.0744920993227991	0.2302483069977426	0.063414454	PIP<0.1	IL20RA	11.94417267863356
chr6:137627283	446	46	150	0.0015986547085201	0.0326973094170403	0.1031390134529148	0.336322869955157	0.51772606	PIP_0.5-0.9	LINC03004	15.638839295557108
chr6:137656461	444	5	105	-0.0008445945945945	0.0485698198198198	0.0112612612612612	0.2364864864864864	0.07619846	PIP<0.1	LINC03004	32.84030569183173
chr6:137682291	445	18	82	0.000629213483146	0.0338426966292134	0.0404494382022471	0.1842696629213483	0.01651746	PIP<0.1	LINC03004	10.200320858783249
chr6:138706489	445	2	125	-0.0002539325842696	0.0527483146067415	0.0044943820224719	0.2808988764044944	0.8946768	PIP_0.5-0.9	NHSL1	21.254824082830265
chr6:141037799	436	15	115	-0.0010848623853211	0.0418830275229357	0.0344036697247706	0.2637614678899082	0.9999422	PIP>0.9	ENSG00000275138	40.12485680301004
chr6:142328541	430	3	73	-0.0018860465116279	0.0469883720930232	0.0069767441860465	0.1697674418604651	0.66791415	PIP_0.5-0.9	ADGRG6	14.231999573646922
chr6:143930447	445	45	106	-0.0002134831460674	0.0309685393258426	0.1011235955056179	0.2382022471910112	0.17480302	PIP_0.1-0.5	ZC2HC1B	14.081331073012512
chr6:14671109	441	17	91	4.720335989052536e-20	0.0512426303854875	0.0385487528344671	0.2063492063492063	0.99572974	PIP>0.9	ENSG00000289958	22.533083819825
chr6:149814095	431	66	101	0.0004315545243619	0.020691415313225	0.1531322505800464	0.2343387470997679	0.13763559	PIP_0.1-0.5	ENSG00000278899	29.08508247584871
chr6:149888548	440	14	120	-0.0030863636363636	0.04375	0.0318181818181818	0.2727272727272727	0.103669584	PIP_0.1-0.5	RAET1E-AS1	14.547399278278393
chr6:150129746	446	6	100	0.0035089686098654	0.0336210762331838	0.0134529147982062	0.2242152466367713	0.5874657	PIP_0.5-0.9	PPP1R14C	24.371354358551912
chr6:150158288	444	33	140	0.0059166666666666	0.0338265765765765	0.0743243243243243	0.3153153153153153	0.55337447	PIP_0.5-0.9	ENSG00000238594	13.86881859330376
chr6:150329913	445	3	97	-0.0021640449438202	0.0335707865168539	0.0067415730337078	0.2179775280898876	0.29655135	PIP_0.1-0.5	RNU4-7P	15.508693719820448
chr6:15128411	449	40	129	0.0006458797327394	0.0258797327394209	0.0890868596881959	0.2873051224944321	0.042413414	PIP<0.1	RN7SL332P	15.036844259394876
chr6:152033514	440	13	102	-0.000415909090909	0.0403022727272727	0.0295454545454545	0.2318181818181818	0.42423618	PIP_0.1-0.5	ENSG00000287914	14.720308854610868
chr6:155120653	446	12	149	4.035874439461892e-05	0.0409641255605381	0.0269058295964125	0.3340807174887892	0.67025	PIP_0.5-0.9	ENSG00000274451	11.697423154428067
chr6:155439051	448	30	157	-0.0008549107142857	0.0338504464285714	0.0669642857142857	0.3504464285714285	1.0	PIP>0.9	NOX3	24.76813875037708
chr6:156582167	444	11	115	0.0022139639639639	0.0437319819819819	0.0247747747747747	0.259009009009009	0.98084986	PIP>0.9	H3P28	19.032589525732217
chr6:157259867	441	15	114	-0.0005986394557823	0.0287029478458049	0.0340136054421768	0.2585034013605442	0.7087444	PIP_0.5-0.9	LDHAL6FP	13.039115551275888
chr6:157538888	438	26	150	-0.0016689497716894	0.0321164383561643	0.0593607305936073	0.3424657534246575	0.102493525	PIP_0.1-0.5	MIR3692	18.21978232900912
chr6:158880453	447	46	121	-0.0026152125279642	0.0250402684563758	0.1029082774049217	0.2706935123042505	0.057688177	PIP<0.1	LINC02901	16.8902115311337
chr6:159526618	448	14	129	-0.0010089285714285	0.0475357142857142	0.03125	0.2879464285714285	0.015501857	PIP<0.1	RPL21P69	19.250049916766805
chr6:160111762	437	99	121	0.0001693363844393	0.0150068649885583	0.2265446224256292	0.2768878718535469	0.33442318	PIP_0.1-0.5	SLC22A1	14.506907530725886
chr6:160355607	440	8	113	0.0010295454545454	0.0360522727272727	0.0181818181818181	0.2568181818181818	0.9999789	PIP>0.9	SLC22A3	33.40560531457579
chr6:161786367	440	18	115	0.0014	0.038190909090909	0.0409090909090909	0.2613636363636363	0.8847491	PIP_0.5-0.9	ENSG00000286805	15.05707484101974
chr6:163309907	449	13	113	0.0020757238307349	0.026293986636971	0.0289532293986636	0.2516703786191537	1.0	PIP>0.9	PACRG-AS1	41.685687776094646
chr6:163896380	443	31	146	-0.0017088036117381	0.0356455981941309	0.0699774266365688	0.3295711060948081	0.12770486	PIP_0.1-0.5	ENSG00000288696	24.26320545185724
chr6:164706458	432	19	112	-0.0060532407407407	0.0387106481481481	0.0439814814814814	0.2592592592592592	0.07338351	PIP<0.1	ENSG00000287550	13.90385060848091
chr6:165731621	441	8	111	-0.001625850340136	0.0419614512471655	0.0181405895691609	0.2517006802721088	0.94787025	PIP>0.9	RNU6-730P	22.829287436232004
chr6:166541407	447	47	213	-0.002324384787472	0.0450223713646532	0.105145413870246	0.4765100671140939	0.82881546	PIP_0.5-0.9	MIR1913	12.732694475861944
chr6:167557125	446	6	112	-0.0024506726457399	0.0371816143497757	0.0134529147982062	0.2511210762331838	0.80329484	PIP_0.5-0.9	ENSG00000287297	10.152671141538484
chr6:168012420	443	18	136	0.0018036117381489	0.0368555304740406	0.0406320541760722	0.3069977426636568	0.118840575	PIP_0.1-0.5	KIF25-AS1	29.204867720340733
chr6:168750465	437	1	92	0.0001098398169336	0.056279176201373	0.0022883295194508	0.2105263157894736	1.0	PIP>0.9	ENSG00000289090	36.59546344985614
chr6:169007088	439	8	109	-0.0045535307517084	0.0446674259681093	0.0182232346241457	0.2482915717539863	0.10820228	PIP_0.1-0.5	ENSG00000285917	16.751725405159604
chr6:170256620	447	23	122	-0.0010805369127516	0.0287941834451901	0.0514541387024608	0.2729306487695749	0.6985702	PIP_0.5-0.9	ENSG00000230960	16.239896709456175
chr6:17135827	441	17	111	0.0013832199546485	0.0517052154195011	0.0385487528344671	0.2517006802721088	0.817884	PIP_0.5-0.9	ENSG00000287359	17.15947066688505
chr6:17821246	436	63	152	0.0017568807339449	0.0358853211009174	0.1444954128440367	0.3486238532110092	0.09244996	PIP<0.1	Y_RNA	31.115003193445947
chr6:18678988	437	11	101	0.0022219679633867	0.0603272311212814	0.0251716247139588	0.2311212814645309	0.3752727	PIP_0.1-0.5	MIR548A1	17.736256789172025
chr6:19534625	434	21	137	0.0034907834101382	0.0481359447004608	0.0483870967741935	0.315668202764977	1.0	PIP>0.9	KRT18P38	28.84967774885339
chr6:20663791	430	38	83	0.000553488372093	0.0232744186046511	0.0883720930232558	0.1930232558139535	0.03349513	PIP<0.1	RPL36AP25	39.23980092953954
chr6:21825885	440	12	107	-0.000590909090909	0.0368727272727272	0.0272727272727272	0.2431818181818182	0.51750827	PIP_0.5-0.9	ENSG00000280443	18.47229664432262
chr6:22838492	444	7	81	0.00575	0.0612905405405405	0.0157657657657657	0.1824324324324324	0.76935995	PIP_0.5-0.9	ENSG00000286954	23.200147494759545
chr6:23402048	448	7	96	-0.0013794642857142	0.0387276785714285	0.015625	0.2142857142857142	0.604793	PIP_0.5-0.9	ENSG00000235743	23.45768149725581
chr6:23752896	436	3	66	0.0051077981651376	0.0835252293577981	0.0068807339449541	0.1513761467889908	0.014531732	PIP<0.1	ENSG00000290589	23.20124190158635
chr6:24548765	444	27	116	0.0033806306306306	0.0308896396396396	0.0608108108108108	0.2612612612612612	0.9998022	PIP>0.9	KRT8P43	12.80822452045912
chr6:25072686	437	35	75	0.0013958810068649	0.0305903890160183	0.080091533180778	0.17162471395881	0.7926845	PIP_0.5-0.9	ENSG00000285801	46.15464111012446
chr6:26620541	434	9	78	0.0002304147465437	0.0487695852534562	0.02073732718894	0.1797235023041474	0.021743536	PIP<0.1	ENSG00000271071	49.79970578569712
chr6:29169710	420	3	85	0.0009857142857142	0.0538571428571428	0.0071428571428571	0.2023809523809523	0.05860877	PIP<0.1	ENSG00000284656	10.238113380680378
chr6:2925471	445	58	105	-0.0013213483146067	0.0230606741573033	0.1303370786516854	0.2359550561797752	0.776015	PIP_0.5-0.9	ENSG00000228365	18.53378808734643
chr6:29719107	433	170	238	0.0126166281755196	0.1273556581986143	0.3926096997690531	0.5496535796766744	0.012437642	PIP<0.1	HLA-F	45.67843819522256
chr6:29812265	436	7	149	0.002098623853211	0.046947247706422	0.0160550458715596	0.341743119266055	0.00040191412	PIP<0.1	ENSG00000237669	23.98230679057889
chr6:29953624	437	63	134	0.0003546910755148	0.0256590389016018	0.1441647597254004	0.3066361556064073	0.00040191412	PIP<0.1	ENSG00000237669	23.98230679057889
chr6:31241273	428	52	158	0.0033247663551401	0.0538995327102803	0.1214953271028037	0.3691588785046729	0.025152504	PIP<0.1	HLA-C	23.33906660236543
chr6:31328463	438	32	173	-0.0010365296803652	0.0500365296803653	0.0730593607305936	0.3949771689497717	0.009434044	PIP<0.1	ENSG00000229836	27.826279159664608
chr6:32616944	429	62	120	0.0008251748251748	0.0245454545454545	0.1445221445221445	0.2797202797202797	0.8881198	PIP_0.5-0.9	HLA-DRB1	23.539025929596104
chr6:32689945	441	9	170	0.0067596371882086	0.1038253968253968	0.0204081632653061	0.3854875283446712	0.0062718987	PIP<0.1	MTCO3P1	11.800506419773956
chr6:32753564	434	12	137	-0.0045599078341013	0.0463110599078341	0.0276497695852534	0.315668202764977	0.0141118765	PIP<0.1	MIR3135B	41.94459199560187
chr6:33059737	435	194	259	-0.0058666666666666	0.1620597701149425	0.4459770114942529	0.5954022988505747	0.003071487	PIP<0.1	HLA-DPA2	19.0519724937563
chr6:33465402	429	5	72	0.0013076923076923	0.0408041958041958	0.0116550116550116	0.1678321678321678	0.5963421	PIP_0.5-0.9	SYNGAP1-AS1	18.549491908290488
chr6:34488548	441	34	136	0.0031519274376417	0.031328798185941	0.0770975056689342	0.3083900226757369	0.49527586	PIP_0.1-0.5	SPDEF	14.555151156405897
chr6:35536954	433	19	115	0.0010600461893764	0.034838337182448	0.0438799076212471	0.2655889145496535	0.15549588	PIP_0.1-0.5	ENSG00000228559	46.42168934861253
chr6:37345695	438	24	81	0.0044429223744292	0.0329634703196347	0.0547945205479452	0.184931506849315	0.64603215	PIP_0.5-0.9	RNF8	27.07650394699136
chr6:37499541	442	5	112	-0.0035067873303167	0.0239819004524886	0.0113122171945701	0.253393665158371	0.20373517	PIP_0.1-0.5	CMTR1	30.75371298937509
chr6:37660244	448	179	254	0.0073549107142857	0.1095558035714285	0.3995535714285714	0.5669642857142857	0.97028387	PIP>0.9	MDGA1	10.547044093536062
chr6:37768546	448	21	128	-0.0025200892857142	0.0285602678571428	0.046875	0.2857142857142857	0.97094053	PIP>0.9	ZFAND3-DT	17.116197448865336
chr6:3814160	441	59	165	0.0003219954648526	0.037501133786848	0.1337868480725623	0.3741496598639456	0.33391	PIP_0.1-0.5	ENSG00000238158	16.373507743612343
chr6:38391124	429	22	71	-0.0037296037296037	0.0297202797202797	0.0512820512820512	0.1655011655011655	0.7365969	PIP_0.5-0.9	BTBD9-AS1	14.827987898063562
chr6:39007513	434	8	116	-0.0070599078341013	0.0574562211981566	0.0184331797235023	0.2672811059907834	0.047677994	PIP<0.1	ENSG00000220556	20.675659869933867
chr6:40080432	433	2	79	-0.0023510392609699	0.0495427251732101	0.0046189376443418	0.1824480369515011	0.31313848	PIP_0.1-0.5	ENSG00000180211	14.349206411315016
chr6:40316585	442	3	92	0.0008190045248868	0.0461764705882353	0.006787330316742	0.2081447963800905	0.30448377	PIP_0.1-0.5	TDRG1	33.19116751016201
chr6:40662455	445	5	98	0.0041932584269662	0.0454651685393258	0.0112359550561797	0.2202247191011236	0.19126034	PIP_0.1-0.5	ENSG00000237947	23.811589886758867
chr6:40829894	441	8	91	-0.0001428571428571	0.0409002267573696	0.0181405895691609	0.2063492063492063	0.12808025	PIP_0.1-0.5	ENSG00000237947	12.535969096384958
chr6:42022175	446	47	256	0.0031165919282511	0.0624304932735426	0.1053811659192825	0.5739910313901345	0.16994792	PIP_0.1-0.5	RNU6-761P	26.463203568268835
chr6:42081355	446	56	138	0.0010381165919282	0.0220739910313901	0.1255605381165919	0.3094170403587444	0.813149	PIP_0.5-0.9	TAF8	43.4800483478398
chr6:43123729	444	41	155	-0.0013423423423423	0.0329099099099099	0.0923423423423423	0.3490990990990991	0.088917375	PIP<0.1	SRF	21.715662878914472
chr6:43166169	439	34	103	0.0015922551252847	0.0260569476082004	0.0774487471526196	0.2346241457858769	0.15153056	PIP_0.1-0.5	SRF	10.578527897473604
chr6:43247993	428	9	143	0.0015957943925233	0.0380210280373831	0.0210280373831775	0.3341121495327103	0.84959185	PIP_0.5-0.9	TTBK1	10.283567207609629
chr6:45424158	445	48	184	-0.0036696629213483	0.0581865168539325	0.1078651685393258	0.4134831460674157	0.8460283	PIP_0.5-0.9	SUPT3H	10.413537061055996
chr6:45955279	442	4	79	0.0009298642533936	0.0402511312217194	0.0090497737556561	0.1787330316742081	0.06087041	PIP<0.1	RNU6-754P	25.444484301870773
chr6:46259798	428	3	67	0.001126168224299	0.0512289719626168	0.0070093457943925	0.1565420560747663	0.06112969	PIP<0.1	ACTG1P9	36.51738847085832
chr6:47083790	436	5	108	0.0015596330275229	0.0425504587155963	0.0114678899082568	0.2477064220183486	0.21726805	PIP_0.1-0.5	ADGRF1	13.682803343665864
chr6:47216374	430	8	100	0.0020162790697674	0.0480023255813953	0.0186046511627906	0.2325581395348837	0.57873034	PIP_0.5-0.9	TNFRSF21	12.212655719906632
chr6:47720865	435	15	107	0.0009471264367816	0.0466804597701149	0.0344827586206896	0.2459770114942528	0.5687187	PIP_0.5-0.9	RN7SKP116	10.08759010892592
chr6:48876053	430	13	109	0.0059186046511627	0.0426581395348837	0.0302325581395348	0.2534883720930233	0.5753376	PIP_0.5-0.9	ENSG00000271162	17.954978539362195
chr6:49946746	437	69	143	0.0020778032036613	0.051487414187643	0.1578947368421052	0.3272311212814645	0.107336104	PIP_0.1-0.5	DEFB133	34.651154374762
chr6:51506929	435	16	132	-0.0001494252873563	0.0372574712643678	0.0367816091954023	0.3034482758620689	0.19997573	PIP_0.1-0.5	ENSG00000214641	18.085506993965296
chr6:52746899	446	2	69	0.0006008968609865	0.0441210762331838	0.0044843049327354	0.1547085201793722	0.7232967	PIP_0.5-0.9	GSTA1	17.84609178752733
chr6:52753942	444	0	88	-0.0011013513513513	0.0448355855855855	0.0	0.1981981981981982	0.46459925	PIP_0.1-0.5	GSTA2	43.54941065708113
chr6:53716898	440	4	99	0.002715909090909	0.0418795454545454	0.009090909090909	0.225	0.13479191	PIP_0.1-0.5	KLHL31	20.476679835576373
chr6:53723277	439	6	120	0.0008610478359908	0.0297220956719817	0.0136674259681093	0.2733485193621868	0.999994	PIP>0.9	KLHL31	11.33155291788588
chr6:54666529	427	13	107	0.0041030444964871	0.036903981264637	0.0304449648711943	0.2505854800936768	0.009399712	PIP<0.1	RPSAP44	14.353106798868629
chr6:55397663	440	0	91	0.0005386363636363	0.067225	0.0	0.2068181818181818	0.06479192	PIP<0.1	GFRAL	14.64229378267205
chr6:55607227	437	12	87	0.0036361556064073	0.0500938215102974	0.0274599542334096	0.1990846681922196	0.060700715	PIP<0.1	ENSG00000220725	9.933859660401316
chr6:56211119	435	5	69	-0.0054804597701149	0.0526436781609195	0.0114942528735632	0.1586206896551724	0.10610336	PIP_0.1-0.5	DHFRP6	16.64447856112824
chr6:58399490	437	3	94	-0.0049176201372997	0.0474530892448512	0.0068649885583524	0.2151029748283753	0.21208274	PIP_0.1-0.5	ENSG00000275046	15.565838896239963
chr6:61504789	435	6	94	-0.0045218390804597	0.0652666666666666	0.0137931034482758	0.2160919540229885	0.072839916	PIP<0.1	KHDRBS2-OT1	37.40039937496767
chr6:615523	441	97	100	0.0005442176870748	0.0149977324263038	0.2199546485260771	0.2267573696145124	0.22596061	PIP_0.1-0.5	HUS1B	12.738494706593851
chr6:61768369	438	13	111	0.0007465753424657	0.0373995433789954	0.0296803652968036	0.2534246575342466	0.24893403	PIP_0.1-0.5	KHDRBS2-OT1	11.998924534624225
chr6:63443070	432	44	132	-0.0016134259259259	0.0302430555555555	0.1018518518518518	0.3055555555555556	0.09023464	PIP<0.1	ENSG00000218048	30.803410584409416
chr6:63970047	430	16	105	0.0015488372093023	0.0585209302325581	0.0372093023255813	0.2441860465116279	0.012544513	PIP<0.1	GCNT1P4	22.991931765042622
chr6:65304899	441	1	103	-0.0018888888888888	0.0527278911564625	0.0022675736961451	0.2335600907029478	0.15039504	PIP_0.1-0.5	ZC3H11C	10.901493216141564
chr6:65456452	437	5	80	-0.0037711670480549	0.0707780320366132	0.011441647597254	0.183066361556064	0.011845827	PIP<0.1	ZC3H11C	45.52808840707084
chr6:66183669	432	0	48	0.0039166666666666	0.059912037037037	0.0	0.1111111111111111	0.05253899	PIP<0.1	NUFIP1P1	30.36027121370517
chr6:66539111	438	7	89	0.0029748858447488	0.0479657534246575	0.0159817351598173	0.2031963470319634	0.5006781	PIP_0.5-0.9	ENSG00000270521	11.63607865414744
chr6:66963086	434	2	79	8.525345622119807e-05	0.0580115207373271	0.0046082949308755	0.1820276497695852	0.17231548	PIP_0.1-0.5	RNU7-66P	18.94447181363112
chr6:67095622	439	27	123	0.0003576309794988	0.0525398633257403	0.061503416856492	0.2801822323462414	0.02475226	PIP<0.1	ENSG00000212229	20.413338889472584
chr6:67141720	437	13	92	0.0060572082379862	0.0607162471395881	0.0297482837528604	0.2105263157894736	0.0032560825	PIP<0.1	ENSG00000212229	24.906446330642385
chr6:67560469	429	12	99	-0.0015641025641025	0.0454615384615384	0.0279720279720279	0.2307692307692307	0.12623239	PIP_0.1-0.5	RNU6-280P	14.001302031599453
chr6:68520783	436	6	84	0.003045871559633	0.0663577981651376	0.0137614678899082	0.1926605504587156	0.0234043	PIP<0.1	ENSG00000288088	33.42446153980431
chr6:68710861	429	0	37	-0.0031678321678321	0.0528461538461538	0.0	0.0862470862470862	0.8840241	PIP_0.5-0.9	ENSG00000288712	13.95876828012802
chr6:6981569	445	15	112	-0.0002404494382022	0.0337280898876404	0.0337078651685393	0.251685393258427	0.90519094	PIP>0.9	ENSG00000203498	21.18773173383681
chr6:70949986	436	2	69	0.0004977064220183	0.0502454128440367	0.0045871559633027	0.1582568807339449	0.20631903	PIP_0.1-0.5	B3GAT2	20.096958829896348
chr6:71026402	440	5	87	0.0019	0.0537318181818181	0.0113636363636363	0.1977272727272727	0.59374684	PIP_0.5-0.9	ENSG00000287939	31.339656770560083
chr6:72257964	436	3	94	0.0020160550458715	0.04475	0.0068807339449541	0.2155963302752293	0.58641034	PIP_0.5-0.9	ENSG00000218732	13.60137131581105
chr6:72470201	443	7	95	1.805869074492089e-05	0.0353950338600451	0.0158013544018058	0.2144469525959368	0.4315576	PIP_0.1-0.5	ENSG00000217483	34.75337414563358
chr6:73995942	436	5	78	0.0010160550458715	0.0480848623853211	0.0114678899082568	0.1788990825688073	0.12877154	PIP_0.1-0.5	TXNP7	21.11047134502503
chr6:7444588	439	51	146	-0.0002892938496583	0.0307357630979498	0.1161731207289293	0.3325740318906606	0.017660081	PIP<0.1	HNRNPLP1	44.10928112770718
chr6:76694520	442	0	68	-0.0001990950226244	0.0522805429864253	0.0	0.1538461538461538	0.99999887	PIP>0.9	ENSG00000231762	15.159417063082408
chr6:77661921	434	46	153	-0.0001658986175115	0.0376774193548387	0.1059907834101382	0.3525345622119815	0.6207911	PIP_0.5-0.9	MEI4	17.330825151104573
chr6:77731444	431	3	81	0.0044129930394431	0.0446310904872389	0.0069605568445475	0.1879350348027842	0.014670312	PIP<0.1	MEI4	22.516954356133706
chr6:78331724	435	7	82	-0.0001241379310344	0.0591402298850574	0.0160919540229885	0.1885057471264367	0.79862905	PIP_0.5-0.9	ENSG00000230309	11.204555996205348
chr6:79931957	435	23	113	-0.0013609195402298	0.0486252873563218	0.0528735632183908	0.2597701149425287	0.14627993	PIP_0.1-0.5	ELOVL4	12.57797156675844
chr6:81429433	439	3	82	0.0018086560364464	0.0503189066059225	0.0068337129840546	0.1867881548974943	0.8804486	PIP_0.5-0.9	ENSG00000226089	38.20845196608328
chr6:8271640	445	2	93	-0.0004786516853932	0.0416831460674157	0.0044943820224719	0.2089887640449438	0.49633557	PIP_0.1-0.5	ENSG00000234763	32.51271041459511
chr6:84802548	433	9	91	0.0061593533487297	0.0614157043879907	0.0207852193995381	0.2101616628175519	0.012423456	PIP<0.1	ENSG00000287294	12.149111155014689
chr6:84846346	438	7	93	0.0017123287671232	0.0542191780821917	0.0159817351598173	0.2123287671232876	0.26439524	PIP_0.1-0.5	ENSG00000287294	38.0278314607083
chr6:8559443	436	5	88	0.0048692660550458	0.0479701834862385	0.0114678899082568	0.2018348623853211	0.0083014965	PIP<0.1	HULC	46.73261484292578
chr6:87687000	441	68	171	0.0015873015873015	0.0333106575963718	0.1541950113378684	0.3877551020408163	0.005915761	PIP<0.1	RNU6-444P	20.831412188189063
chr6:88585633	441	108	203	-0.0024671201814058	0.043156462585034	0.2448979591836734	0.4603174603174603	0.7189541	PIP_0.5-0.9	SNORA73	12.748203552920174
chr6:89215688	440	5	100	0.0016045454545454	0.0347454545454545	0.0113636363636363	0.2272727272727272	0.076264024	PIP<0.1	GABRR1	14.099416746238829
chr6:89932530	445	52	122	0.0014224719101123	0.0249415730337078	0.1168539325842696	0.2741573033707865	1.0	PIP>0.9	ENSG00000226455	29.582579051513417
chr6:90647624	445	10	104	-0.0035191011235955	0.0433573033707865	0.0224719101123595	0.2337078651685393	0.97489005	PIP>0.9	MAP3K7	10.07969747953967
chr6:90676112	445	8	98	-0.0027955056179775	0.0424853932584269	0.0179775280898876	0.2202247191011236	0.5461955	PIP_0.5-0.9	MAP3K7	23.37486778646762
chr6:91406059	432	15	102	-0.0084212962962962	0.0616898148148148	0.0347222222222222	0.2361111111111111	0.99999994	PIP>0.9	ENSG00000224605	42.64151929437668
chr6:91976475	435	5	107	4.597701149425276e-05	0.0560919540229885	0.0114942528735632	0.2459770114942528	0.06523663	PIP<0.1	RPL5P19	11.669259287978717
chr6:92086832	436	3	64	-0.0050412844036697	0.0531467889908256	0.0068807339449541	0.146788990825688	0.1651932	PIP_0.1-0.5	U3	45.06976668626096
chr6:92829950	434	4	74	0.0083617511520737	0.0709654377880184	0.0092165898617511	0.1705069124423963	0.16547692	PIP_0.1-0.5	ATF1P1	35.07072122643634
chr6:94536312	434	7	88	0.001610599078341	0.0488271889400921	0.0161290322580645	0.2027649769585253	0.7795336	PIP_0.5-0.9	MTCYBP36	47.738931487419606
chr6:97356258	430	4	88	0.0008651162790697	0.0446744186046511	0.0093023255813953	0.2046511627906976	0.999961	PIP>0.9	ENSG00000271860	14.29743836436443
chr6:97768029	435	0	51	0.002551724137931	0.0458206896551724	0.0	0.1172413793103448	0.78020453	PIP_0.5-0.9	ENSG00000226207	19.49594831934609
chr6:97798543	439	4	84	0.0011047835990888	0.0402482915717539	0.0091116173120728	0.1913439635535307	0.998205	PIP>0.9	ENSG00000226207	45.83623830336055
chr6:98596268	431	0	62	-0.0043201856148491	0.0593921113689095	0.0	0.1438515081206496	0.0056491494	PIP<0.1	ENSG00000187472	18.042919093946743
chr6:99811040	445	0	74	0.0015617977528089	0.0507033707865168	0.0	0.1662921348314607	0.15519273	PIP_0.1-0.5	MCHR2-AS1	12.00640900525942
chr7:100909633	433	9	116	-6.697459584295637e-05	0.0391616628175519	0.0207852193995381	0.2678983833718245	0.10717273	PIP_0.1-0.5	ACHE	13.777454631429542
chr7:101985317	451	40	152	-0.0033215077605321	0.0282350332594235	0.0886917960088691	0.3370288248337029	0.103559196	PIP_0.1-0.5	ENSG00000272219	13.052726205398343
chr7:10222227	440	3	82	-0.0030772727272727	0.0480499999999999	0.0068181818181818	0.1863636363636363	0.1756106	PIP_0.1-0.5	U3	20.5027247271885
chr7:103577396	445	9	88	0.0053932584269662	0.0443865168539325	0.0202247191011235	0.197752808988764	1.0	PIP>0.9	RN7SKP86	31.829368977430864
chr7:103581676	442	0	74	-0.001997737556561	0.0528167420814479	0.0	0.167420814479638	0.046498895	PIP<0.1	RN7SKP86	14.124037179924647
chr7:104355476	443	0	103	-0.0013182844243792	0.048451467268623	0.0	0.2325056433408578	0.2394799	PIP_0.1-0.5	LHFPL3	36.20091629397764
chr7:104746215	437	18	109	-0.0015102974828375	0.0393501144164759	0.0411899313501144	0.2494279176201373	0.8584576	PIP_0.5-0.9	LHFPL3-AS1	31.330909423688823
chr7:10588258	442	8	86	0.0024932126696832	0.0470090497737556	0.0180995475113122	0.1945701357466063	0.13580984	PIP_0.1-0.5	ENSG00000234356	10.432375847128014
chr7:106158487	445	10	79	-0.0002898876404494	0.0454224719101123	0.0224719101123595	0.1775280898876404	0.21181387	PIP_0.1-0.5	DCAF13P1	17.133901312811968
chr7:107535937	441	56	98	-0.0011383219954648	0.0336507936507936	0.1269841269841269	0.2222222222222222	0.012670159	PIP<0.1	DUS4L	15.858861993930704
chr7:107721372	444	9	72	-0.0034504504504504	0.0418198198198198	0.0202702702702702	0.1621621621621621	0.5140243	PIP_0.5-0.9	CBLL1	10.116865052020398
chr7:108431244	438	18	152	-0.0005228310502283	0.0585684931506849	0.0410958904109589	0.3470319634703196	0.7815553	PIP_0.5-0.9	NRCAM	32.337527605999526
chr7:110187828	449	1	55	-0.0015233853006681	0.0538129175946547	0.0022271714922048	0.1224944320712694	0.0152314305	PIP<0.1	ENSG00000278424	11.54042451585847
chr7:110343442	439	3	71	0.0035717539863325	0.048255125284738	0.0068337129840546	0.1617312072892938	0.6227939	PIP_0.5-0.9	ENSG00000278424	13.051955176991504
chr7:111457330	430	22	84	0.0044790697674418	0.0605302325581395	0.0511627906976744	0.1953488372093023	0.0664199	PIP<0.1	ENSG00000227948	17.53265881494931
chr7:114042719	443	37	114	7.223476297968426e-05	0.0689164785553047	0.0835214446952596	0.2573363431151241	0.006100118	PIP<0.1	PPP1R3A	47.4902966150027
chr7:11475370	442	1	63	0.0040950226244343	0.0513122171945701	0.002262443438914	0.1425339366515837	0.793673	PIP_0.5-0.9	ENSG00000230435	27.94623776407842
chr7:11695399	439	4	93	0.0011503416856492	0.0530273348519362	0.0091116173120728	0.2118451025056947	0.8771508	PIP_0.5-0.9	THRAP3P3	19.201652623081944
chr7:121772073	440	6	68	-0.001890909090909	0.055190909090909	0.0136363636363636	0.1545454545454545	0.13744533	PIP_0.1-0.5	RN7SKP277	23.7199099456482
chr7:12450278	445	2	72	-0.0041303370786516	0.0513123595505618	0.0044943820224719	0.1617977528089887	0.23214597	PIP_0.1-0.5	ENSG00000274970	11.125950718703084
chr7:124721743	436	5	101	-0.0018899082568807	0.0563990825688073	0.0114678899082568	0.231651376146789	0.9478776	PIP>0.9	ENSG00000279419	36.42537978275335
chr7:125596503	424	8	104	-0.0002594339622641	0.0423207547169811	0.0188679245283018	0.2452830188679245	0.1591512	PIP_0.1-0.5	PPIAP93	18.40019444585757
chr7:126106246	440	9	96	0.0002136363636363	0.0557681818181818	0.0204545454545454	0.2181818181818181	0.060537696	PIP<0.1	ENSG00000197462	31.561111551194838
chr7:128564403	436	41	100	0.0002477064220183	0.026197247706422	0.0940366972477064	0.2293577981651376	0.0038942099	PIP<0.1	IMP3P2	22.33733622628296
chr7:131131851	444	61	137	0.0010225225225225	0.0211216216216216	0.1373873873873874	0.3085585585585585	0.969425	PIP>0.9	LINC-PINT	14.857446139620768
chr7:132167391	446	9	101	-0.0007735426008968	0.0391995515695067	0.0201793721973094	0.226457399103139	0.12627989	PIP_0.1-0.5	ENSG00000229532	16.16325214991061
chr7:133920798	432	63	91	0.0029050925925925	0.0242476851851851	0.1458333333333333	0.2106481481481481	0.008933723	PIP<0.1	RPS3AP27	10.25637585460986
chr7:134351381	441	7	120	-0.0017528344671201	0.0426825396825396	0.0158730158730158	0.272108843537415	0.099815845	PIP<0.1	ENSG00000229177	34.39044451304763
chr7:135812508	443	7	103	-0.0033860045146726	0.0421309255079006	0.0158013544018058	0.2325056433408578	0.1308251	PIP_0.1-0.5	ENSG00000224746	43.24094300169309
chr7:135889031	444	37	144	-0.0001013513513513	0.0321689189189189	0.0833333333333333	0.3243243243243243	0.99999994	PIP>0.9	RNU6-223P	22.540208222757315
chr7:136395467	424	10	129	-0.0026344339622641	0.0637004716981132	0.0235849056603773	0.3042452830188679	0.13402086	PIP_0.1-0.5	ZP3P2	12.155403437164829
chr7:138265858	448	20	119	0.0019799107142857	0.0368147321428571	0.0446428571428571	0.265625	0.04390347	PIP<0.1	ENSG00000213238	19.10146155470365
chr7:138843544	441	26	116	0.0013061224489795	0.0313106575963718	0.0589569160997732	0.2630385487528344	0.9997559	PIP>0.9	RNU6-1272P	28.605680183181413
chr7:139091875	441	14	176	-0.0010770975056689	0.0366371882086167	0.0317460317460317	0.3990929705215419	0.5673936	PIP_0.5-0.9	ZC3HAV1	14.59383698539383
chr7:141324960	444	1	63	0.0065247747747747	0.0584166666666666	0.0022522522522522	0.1418918918918918	0.11765438	PIP_0.1-0.5	NDUFB10P2	26.50255201369843
chr7:141698814	440	73	144	-0.0015931818181818	0.018875	0.1659090909090909	0.3272727272727272	0.44079137	PIP_0.1-0.5	DENND11	11.674824892860103
chr7:14236601	447	7	85	-0.0046085011185682	0.0507024608501118	0.0156599552572706	0.1901565995525727	0.99563783	PIP>0.9	EEF1A1P26	12.294584075341724
chr7:143920139	436	4	62	-0.0037087155963302	0.0591261467889908	0.0091743119266055	0.1422018348623853	0.8877558	PIP_0.5-0.9	OR2F2	23.983350305246912
chr7:145139595	443	5	78	-0.0017200902934537	0.0449571106094808	0.0112866817155756	0.1760722347629796	0.011484742	PIP<0.1	ENSG00000226592	10.768731562713583
chr7:145418967	433	8	100	-0.0017690531177829	0.0501247113163972	0.0184757505773672	0.23094688221709	0.7751514	PIP_0.5-0.9	ENSG00000226592	11.46930889772771
chr7:145753760	427	1	78	-0.00711943793911	0.0617564402810304	0.0023419203747072	0.1826697892271662	0.0050600767	PIP<0.1	ENSG00000230746	39.95970625145233
chr7:146225104	438	7	89	-0.0023447488584474	0.0544771689497717	0.0159817351598173	0.2031963470319634	0.18750292	PIP_0.1-0.5	ENSG00000274127	14.257593768452208
chr7:146884953	445	2	91	-0.0012247191011235	0.0463348314606741	0.0044943820224719	0.2044943820224719	0.8385844	PIP_0.5-0.9	CNTNAP2-AS1	27.266809428457684
chr7:14774580	438	14	98	0.0065502283105022	0.0537785388127853	0.0319634703196347	0.2237442922374429	0.9987995	PIP>0.9	ENSG00000226323	10.75061696425214
chr7:148409765	446	99	196	0.0013161434977578	0.0389753363228699	0.2219730941704036	0.4394618834080717	0.03682542	PIP<0.1	U3	32.82322943059384
chr7:148944410	447	13	75	-0.0038791946308724	0.0268501118568232	0.029082774049217	0.1677852348993288	0.99821365	PIP>0.9	ENSG00000286171	26.08157914404152
chr7:149473803	438	141	153	-0.0019018264840182	0.0113904109589041	0.3219178082191781	0.3493150684931507	0.78837633	PIP_0.5-0.9	ZNF746	10.919802319085017
chr7:151465262	442	95	100	-0.0006244343891402	0.0124343891402714	0.2149321266968326	0.2262443438914027	0.03850144	PIP<0.1	RN7SL76P	10.548096312297076
chr7:151811178	447	19	138	-0.0028993288590604	0.0354541387024608	0.0425055928411633	0.3087248322147651	0.80708486	PIP_0.5-0.9	PRKAG2-AS2	43.6976351135113
chr7:151957379	448	21	162	-0.0075133928571428	0.045375	0.046875	0.3616071428571428	0.99999976	PIP>0.9	GALNTL5	37.61123528063074
chr7:151970013	447	2	81	-0.0042393736017897	0.0402572706935123	0.0044742729306487	0.1812080536912751	0.3737415	PIP_0.1-0.5	GALNTL5	17.349489849961603
chr7:15240439	447	21	124	-0.0030715883668903	0.0497293064876957	0.046979865771812	0.2774049217002237	0.70979667	PIP_0.5-0.9	ENSG00000227489	9.93988210950268
chr7:152479768	447	38	127	0.0015078299776286	0.0278165548098434	0.0850111856823266	0.2841163310961969	0.9172576	PIP>0.9	LINC01003	23.969483844954212
chr7:152896722	446	24	145	0.0006165919282511	0.0368766816143497	0.0538116591928251	0.3251121076233184	0.9999704	PIP>0.9	ENSG00000286565	28.68402765398344
chr7:153148067	445	11	126	-0.0012539325842696	0.0450786516853932	0.0247191011235955	0.2831460674157303	0.052533448	PIP<0.1	ENSG00000224104	17.598165847477347
chr7:153540018	451	20	126	0.0018536585365853	0.0459379157427938	0.0443458980044345	0.2793791574279379	0.5870401	PIP_0.5-0.9	PAXBP1P1	16.008340973794905
chr7:153552777	449	7	112	-0.0011403118040089	0.045652561247216	0.0155902004454342	0.2494432071269487	0.1908881	PIP_0.1-0.5	PAXBP1P1	13.178086207447436
chr7:153902636	446	9	123	-0.000652466367713	0.0438497757847533	0.0201793721973094	0.2757847533632287	0.36068463	PIP_0.1-0.5	ENSG00000226509	20.63957797826978
chr7:154028808	446	9	134	0.000262331838565	0.0342757847533632	0.0201793721973094	0.3004484304932735	0.895543	PIP_0.5-0.9	ENSG00000270114	12.931346055684363
chr7:154057871	450	113	181	0.0001866666666666	0.0247422222222222	0.2511111111111111	0.4022222222222222	0.5871228	PIP_0.5-0.9	ENSG00000203335	26.6916198430276
chr7:154668005	450	26	135	-0.0015155555555555	0.0393333333333333	0.0577777777777777	0.3	0.847527	PIP_0.5-0.9	ENSG00000286461	21.59158149021728
chr7:155590771	448	26	134	0.0026674107142857	0.0292790178571428	0.0580357142857142	0.2991071428571428	0.99803156	PIP>0.9	CNPY1	13.780579626903789
chr7:155971267	446	17	130	-0.0010358744394618	0.0327309417040358	0.0381165919282511	0.2914798206278027	0.9902308	PIP>0.9	ENSG00000204876	15.052040624541256
chr7:156054131	444	9	122	-0.0006576576576576	0.0333783783783783	0.0202702702702702	0.2747747747747748	0.99998665	PIP>0.9	ENSG00000289588	11.298698408986183
chr7:156193209	444	20	151	0.000322072072072	0.0388175675675675	0.045045045045045	0.3400900900900901	0.83160055	PIP_0.5-0.9	Y_RNA	12.636126783327075
chr7:156319435	445	17	119	-0.0026112359550561	0.0373573033707865	0.0382022471910112	0.2674157303370786	0.02049166	PIP<0.1	ENSG00000270584	32.69970424691121
chr7:156345485	449	77	182	6.0133630289532265e-05	0.0288797327394209	0.1714922048997773	0.4053452115812918	0.99077255	PIP>0.9	ENSG00000270584	18.589099556058787
chr7:157029259	445	23	142	-0.0009842696629213	0.0311685393258427	0.0516853932584269	0.3191011235955056	0.40199417	PIP_0.1-0.5	MNX1-AS1	14.952456250091158
chr7:157351352	442	51	220	-0.0016380090497737	0.0414027149321266	0.1153846153846153	0.497737556561086	0.65236634	PIP_0.5-0.9	DNAJB6	46.46125375469836
chr7:157710612	448	127	241	0.0010825892857142	0.0285602678571428	0.2834821428571428	0.5379464285714286	0.99999344	PIP>0.9	ENSG00000231515	16.072878501343638
chr7:157733325	451	172	282	0.0019623059866962	0.0411197339246119	0.3813747228381374	0.6252771618625277	0.84834915	PIP_0.5-0.9	ENSG00000231515	11.296781307638293
chr7:157771725	443	72	155	-0.0085643340857787	0.0330112866817155	0.1625282167042889	0.3498871331828442	0.9960501	PIP>0.9	ENSG00000231515	27.83930697647407
chr7:158066276	452	40	166	0.0048141592920353	0.0360663716814159	0.0884955752212389	0.3672566371681416	0.14905977	PIP_0.1-0.5	ENSG00000231980	18.97045291402094
chr7:158134306	445	56	167	0.0043213483146067	0.0382224719101123	0.1258426966292135	0.3752808988764045	0.5702138	PIP_0.5-0.9	ENSG00000231980	10.740752835962448
chr7:158190457	447	54	164	0.002642058165548	0.0302930648769574	0.1208053691275167	0.3668903803131991	0.9225964	PIP>0.9	ENSG00000231980	13.600864621764536
chr7:158381181	447	4	120	-3.355704697986574e-05	0.0429955257270693	0.0089485458612975	0.2684563758389262	0.9268046	PIP>0.9	ENSG00000289418	10.99897855294462
chr7:15845915	446	20	130	0.0033340807174887	0.0378632286995515	0.0448430493273542	0.2914798206278027	1.0	PIP>0.9	ENSG00000229379	18.854606609243024
chr7:15886550	447	10	116	0.0031700223713646	0.0542841163310962	0.0223713646532438	0.2595078299776286	1.0	PIP>0.9	ENSG00000229379	29.39006047995341
chr7:159272339	434	6	103	-0.0053225806451612	0.0520230414746543	0.0138248847926267	0.2373271889400921	0.029549718	PIP<0.1	PIP5K1P2	14.342924513775062
chr7:16220273	442	16	132	0.0059592760180995	0.0504751131221719	0.0361990950226244	0.2986425339366516	0.018661022	PIP<0.1	CRPPA-AS1	20.19833030955963
chr7:18026528	447	18	98	-0.0011118568232662	0.0316711409395973	0.0402684563758389	0.2192393736017897	0.81145436	PIP_0.5-0.9	PRPS1L1	28.149658777374587
chr7:2041723	447	137	164	0.0011297539149888	0.0162438478747203	0.3064876957494407	0.3668903803131991	0.16372979	PIP_0.1-0.5	MAD1L1	23.287781556823354
chr7:21864113	446	21	135	0.0014910313901345	0.0505403587443946	0.0470852017937219	0.3026905829596412	0.49833524	PIP_0.1-0.5	CDCA7L	11.13567140016369
chr7:22081413	449	7	119	0.0001046770601336	0.0192583518930957	0.0155902004454342	0.2650334075723831	0.99987835	PIP>0.9	CDCA7L	13.709182930633828
chr7:22887442	445	43	135	-0.0001977528089887	0.0264584269662921	0.096629213483146	0.3033707865168539	0.9876303	PIP>0.9	RPL12P10	19.53861294388222
chr7:24352354	448	42	161	-0.0035937499999999	0.0628125	0.09375	0.359375	0.042683125	PIP<0.1	NPY	10.981050137304427
chr7:24396751	448	51	214	0.0010535714285714	0.0453125	0.1138392857142857	0.4776785714285714	0.94292086	PIP>0.9	ENSG00000287523	15.158992423833547
chr7:24787979	446	55	106	-0.0012152466367713	0.0198878923766816	0.1233183856502242	0.2376681614349775	0.13897514	PIP_0.1-0.5	ENSG00000287093	12.94941900827834
chr7:24904786	448	1	126	-0.0015424107142857	0.0457254464285714	0.0022321428571428	0.28125	0.91443527	PIP>0.9	SNRPCP19	11.80394570822364
chr7:26088327	446	13	129	-0.0006412556053811	0.0370313901345291	0.0291479820627802	0.289237668161435	0.937241	PIP>0.9	ENSG00000289053	15.34114021484012
chr7:26294302	443	38	110	0.0036659142212189	0.0300541760722347	0.0857787810383747	0.2483069977426636	0.9796953	PIP>0.9	SNX10	10.663400810168788
chr7:26540856	450	14	117	-0.0010422222222222	0.0329355555555555	0.0311111111111111	0.26	0.16414201	PIP_0.1-0.5	KIAA0087	40.16724845815336
chr7:27985612	447	72	125	0.0018523489932885	0.0205861297539149	0.1610738255033557	0.2796420581655481	0.15540415	PIP_0.1-0.5	ENSG00000287489	16.6001039857682
chr7:2807193	442	188	311	-0.006552036199095	0.0838325791855203	0.4253393665158371	0.7036199095022625	0.8946672	PIP_0.5-0.9	ENSG00000231357	16.615793758258945
chr7:28189484	440	0	64	-0.0028590909090909	0.04525	0.0	0.1454545454545454	0.9989935	PIP>0.9	JAZF1	17.72744976468322
chr7:28707429	441	68	164	-0.0022789115646258	0.0476031746031746	0.1541950113378684	0.3718820861678004	0.9996867	PIP>0.9	ENSG00000225286	21.10285566020515
chr7:30695813	450	16	126	0.00174	0.0381977777777777	0.0355555555555555	0.28	0.7396956	PIP_0.5-0.9	INMT	22.17336663645184
chr7:30707827	452	18	136	0.0019269911504424	0.0419491150442477	0.0398230088495575	0.3008849557522124	1.0	PIP>0.9	CRHR2	43.74842548655155
chr7:30807798	444	76	170	0.0016126126126126	0.0341171171171171	0.1711711711711711	0.3828828828828828	0.90718305	PIP>0.9	AQP1	23.67763884389003
chr7:30895563	448	31	168	0.0057522321428571	0.0451227678571428	0.0691964285714285	0.375	1.0	PIP>0.9	AQP1	29.998088776872887
chr7:3160845	448	10	116	-0.0025334821428571	0.0351763392857142	0.0223214285714285	0.2589285714285714	0.13627654	PIP_0.1-0.5	ENSG00000217455	49.71910427096198
chr7:32331786	443	3	89	0.0024762979683972	0.0554966139954853	0.0067720090293453	0.200902934537246	0.8023554	PIP_0.5-0.9	ENSG00000284839	14.983193915932514
chr7:3237933	447	31	147	0.0001275167785234	0.0341275167785234	0.0693512304250559	0.3288590604026846	0.9997655	PIP>0.9	ENSG00000231892	30.31572241956937
chr7:3298243	442	108	223	-0.001631221719457	0.0210701357466063	0.2443438914027149	0.504524886877828	0.60183465	PIP_0.5-0.9	SDK1	31.368882242977847
chr7:34109163	442	16	111	5.882352941176492e-05	0.0399683257918552	0.0361990950226244	0.251131221719457	0.12985396	PIP_0.1-0.5	ENSG00000286300	11.256036842237757
chr7:34493354	441	5	82	-0.0061678004535147	0.0460725623582766	0.0113378684807256	0.1859410430839002	0.25941753	PIP_0.1-0.5	NPSR1	11.42888903744972
chr7:34497880	440	1	67	-0.0028318181818181	0.0469363636363636	0.0022727272727272	0.1522727272727272	1.0	PIP>0.9	NPSR1	19.59666610417123
chr7:34525896	426	7	79	-0.0022159624413145	0.066319248826291	0.0164319248826291	0.1854460093896713	0.017920613	PIP<0.1	NPSR1	27.29520931100268
chr7:373779	449	47	193	0.0027772828507795	0.0274988864142539	0.1046770601336302	0.4298440979955457	0.64671755	PIP_0.5-0.9	ENSG00000249574	19.962961908046157
chr7:38867687	440	18	108	-0.0015227272727272	0.0353181818181818	0.0409090909090909	0.2454545454545454	0.11457902	PIP_0.1-0.5	VPS41	10.656758762987744
chr7:39772430	438	49	207	-0.0020433789954337	0.0606917808219178	0.1118721461187214	0.4726027397260274	0.93925565	PIP>0.9	RNU6-719P	12.602440739580352
chr7:41417957	435	6	99	0.0038482758620689	0.0468689655172413	0.0137931034482758	0.2275862068965517	0.23201883	PIP_0.1-0.5	INHBA-AS1	23.128639918316367
chr7:41945666	446	10	90	0.0020313901345291	0.0413991031390134	0.0224215246636771	0.2017937219730941	0.2692507	PIP_0.1-0.5	HMGN2P30	17.787406617342228
chr7:4208715	447	65	167	0.0012170022371364	0.0310872483221476	0.145413870246085	0.3736017897091722	0.99999785	PIP>0.9	ENSG00000283991	38.15983440294203
chr7:42330823	439	9	85	0.0030683371298405	0.0522164009111617	0.020501138952164	0.1936218678815489	0.6324163	PIP_0.5-0.9	GLI3	24.86966958955003
chr7:4260444	451	72	180	-0.0014079822616407	0.0262416851441241	0.1596452328159645	0.3991130820399113	0.5994634	PIP_0.5-0.9	ENSG00000283991	16.310202015847892
chr7:42983986	434	23	125	-0.0006543778801843	0.0533594470046083	0.0529953917050691	0.2880184331797235	0.62179595	PIP_0.5-0.9	MRPL32	14.727419814632542
chr7:43153856	442	3	94	-0.0081266968325791	0.048683257918552	0.006787330316742	0.2126696832579185	0.99020916	PIP>0.9	MIR3943	12.019128097680566
chr7:45177939	446	12	150	0.0002107623318385	0.0429417040358744	0.0269058295964125	0.336322869955157	0.863902	PIP_0.5-0.9	ENSG00000289251	30.216211250021324
chr7:45389454	441	42	142	-0.0023038548752834	0.0353424036281179	0.0952380952380952	0.3219954648526077	0.06942898	PIP<0.1	ELK1P1	15.47997861134834
chr7:46280248	437	11	81	-0.0049565217391304	0.050695652173913	0.0251716247139588	0.1853546910755149	0.58417386	PIP_0.5-0.9	ENSG00000237760	11.085157138142105
chr7:48885746	441	17	116	-0.0021292517006802	0.0460839002267573	0.0385487528344671	0.2630385487528344	0.10072303	PIP_0.1-0.5	GDI2P1	24.0863588642576
chr7:49388344	435	4	93	-0.0050413793103448	0.0535011494252873	0.0091954022988505	0.2137931034482758	0.1845913	PIP_0.1-0.5	DDX43P2	37.07293907425586
chr7:49796926	446	25	121	0.0024955156950672	0.0508452914798206	0.0560538116591928	0.2713004484304933	1.0	PIP>0.9	VWC2	14.77484465197973
chr7:49868357	437	10	119	-0.0055194508009153	0.0442654462242562	0.022883295194508	0.2723112128146453	1.0	PIP>0.9	GNL2P1	42.98670637824005
chr7:5038617	438	90	190	0.0037077625570776	0.03524200913242	0.2054794520547945	0.4337899543378995	0.054606974	PIP<0.1	RBAK	15.989434529410168
chr7:5072651	445	78	224	-0.0025707865168539	0.0426202247191011	0.1752808988764045	0.503370786516854	0.059367	PIP<0.1	RBAK	12.542215552498096
chr7:50975340	433	8	92	-0.0053533487297921	0.0497505773672055	0.0184757505773672	0.2124711316397228	0.032027483	PIP<0.1	ENSG00000201133	23.47382817915794
chr7:52006800	434	6	87	-0.0038087557603686	0.0540668202764977	0.0138248847926267	0.2004608294930875	0.07339615	PIP<0.1	ENSG00000287039	37.40541092392677
chr7:52025056	437	46	119	0.004995423340961	0.0636407322654462	0.1052631578947368	0.2723112128146453	0.1412642	PIP_0.1-0.5	ENSG00000233960	20.877111527314025
chr7:52288797	436	8	97	0.0022454128440366	0.05075	0.018348623853211	0.2224770642201834	0.025075853	PIP<0.1	ENSG00000253028	10.461192820441692
chr7:5240359	449	5	161	0.0005412026726057	0.0279532293986637	0.0111358574610244	0.3585746102449889	1.0	PIP>0.9	SLC29A4	44.80311316763482
chr7:52406140	434	1	72	0.0001221198156682	0.0523479262672811	0.0023041474654377	0.1658986175115207	0.86657125	PIP_0.5-0.9	ENSG00000286908	16.707510789176027
chr7:52422529	441	20	120	0.0014739229024943	0.0432789115646258	0.0453514739229024	0.272108843537415	0.6616972	PIP_0.5-0.9	ENSG00000286908	29.81360030094486
chr7:54347343	423	5	92	-0.0023806146572104	0.0519078014184397	0.0118203309692671	0.2174940898345153	0.55823076	PIP_0.5-0.9	LINC01445	12.675163518169454
chr7:54484002	434	3	85	0.003405529953917	0.0475115207373272	0.0069124423963133	0.195852534562212	0.18416643	PIP_0.1-0.5	VSTM2A	24.991586809206595
chr7:54803313	441	21	128	0.0009138321995464	0.035938775510204	0.0476190476190476	0.2902494331065759	0.24324489	PIP_0.1-0.5	SEC61G	32.73675987595576
chr7:54840970	444	10	121	0.0066801801801801	0.0531531531531531	0.0225225225225225	0.2725225225225225	1.0	PIP>0.9	SEC61G	48.78339403920533
chr7:55744351	434	107	190	-0.0024746543778801	0.0290138248847926	0.2465437788018433	0.4377880184331797	0.01117146	PIP<0.1	ENSG00000235738	12.086649580592717
chr7:57265992	438	8	117	0.0006438356164383	0.0518401826484018	0.0182648401826484	0.2671232876712329	0.19121033	PIP_0.1-0.5	ENSG00000274299	31.98816586709587
chr7:58006306	444	6	105	-0.0014752252252252	0.0420067567567567	0.0135135135135135	0.2364864864864864	0.022353947	PIP<0.1	ENSG00000271696	12.09991966532817
chr7:58016415	441	6	101	-0.0028344671201814	0.0485986394557823	0.0136054421768707	0.2290249433106576	0.031402707	PIP<0.1	ENSG00000271696	25.36387275152357
chr7:61821609	438	3	66	-0.006404109589041	0.0588835616438356	0.0068493150684931	0.1506849315068493	0.041724443	PIP<0.1	ENSG00000233918	18.247785289086487
chr7:63214035	436	5	96	-0.0015114678899082	0.0506215596330275	0.0114678899082568	0.2201834862385321	0.23457158	PIP_0.1-0.5	ZNF733P	16.19756302289667
chr7:63644016	413	14	100	0.0015084745762711	0.0500363196125908	0.0338983050847457	0.2421307506053268	1.0	PIP>0.9	MIR4283-2	46.6567438082894
chr7:64961909	436	5	64	-0.0035779816513761	0.0513990825688073	0.0114678899082568	0.146788990825688	0.7694723	PIP_0.5-0.9	ENSG00000286342	16.072610958298068
chr7:65211387	429	26	163	-0.0017109557109557	0.0547412587412587	0.0606060606060606	0.3799533799533799	1.0	PIP>0.9	INTS4P1	14.08125844088576
chr7:65321464	429	95	166	-0.0027878787878787	0.0384895104895104	0.2214452214452214	0.3869463869463869	0.048439562	PIP<0.1	ENSG00000277544	13.32970058901174
chr7:65392154	427	57	81	0.0017868852459016	0.0246112412177985	0.1334894613583138	0.189695550351288	0.057819963	PIP<0.1	ZNF92	45.42431253752155
chr7:65927682	428	48	90	-0.0015233644859813	0.0258551401869158	0.1121495327102803	0.2102803738317757	0.8415761	PIP_0.5-0.9	GTF2IP5	11.252038113803136
chr7:66070103	438	20	76	-0.0015433789954337	0.0253470319634703	0.045662100456621	0.1735159817351598	0.016608	PIP<0.1	ENSG00000229886	33.41194949155823
chr7:66824711	434	36	113	0.0010414746543778	0.0247603686635944	0.0829493087557603	0.26036866359447	0.008425713	PIP<0.1	RNU6-1254P	11.476437794778224
chr7:68358242	443	13	128	0.0006523702031602	0.0417720090293453	0.0293453724604966	0.2889390519187358	0.1674946	PIP_0.1-0.5	ENSG00000226829	16.050043177106847
chr7:68577475	443	3	123	-0.0014176072234762	0.056961625282167	0.0067720090293453	0.2776523702031602	0.63195664	PIP_0.5-0.9	ENSG00000228429	47.463588373229456
chr7:69027731	439	23	108	4.100227790432805e-05	0.0405694760820045	0.0523917995444191	0.2460136674259681	0.04040003	PIP<0.1	ENSG00000233689	13.734489267748057
chr7:69071424	450	12	134	0.0037911111111111	0.0357155555555555	0.0266666666666666	0.2977777777777777	0.10606784	PIP_0.1-0.5	ENSG00000233689	11.675835096842068
chr7:69378157	445	10	104	0.0029280898876404	0.0412516853932584	0.0224719101123595	0.2337078651685393	0.021384478	PIP<0.1	RNU6-229P	10.093359979624449
chr7:71301668	445	20	120	-0.0029393258426966	0.0379011235955056	0.0449438202247191	0.2696629213483146	0.54575205	PIP_0.5-0.9	MIR3914-2	28.82692119326593
chr7:71681880	449	44	171	9.354120267260602e-05	0.0484810690423162	0.0979955456570155	0.3808463251670378	0.52546316	PIP_0.5-0.9	RN7SKP75	11.101671428906876
chr7:75808353	447	20	111	0.0017427293064876	0.0302438478747203	0.0447427293064877	0.2483221476510067	0.05077356	PIP<0.1	CCL24	12.930930538968818
chr7:76376182	446	6	125	0.0015044843049327	0.0231457399103139	0.0134529147982062	0.2802690582959641	0.47735006	PIP_0.1-0.5	SSC4D	12.541330249042172
chr7:77447123	443	43	92	-0.0009751693002257	0.0246230248306997	0.0970654627539503	0.2076749435665914	0.77212816	PIP_0.5-0.9	GCNT1P5	10.086754806759298
chr7:78034032	449	16	111	0.0002293986636971	0.0351425389755011	0.0356347438752783	0.2472160356347438	1.0	PIP>0.9	DDX3ILA1	27.28260681930413
chr7:78741185	439	4	79	-0.0054464692482915	0.0548359908883826	0.0091116173120728	0.1799544419134396	0.5	PIP_0.5-0.9	MAGI2-AS1	20.57572785688675
chr7:79463654	437	10	82	-0.0021922196796338	0.0532723112128146	0.022883295194508	0.1876430205949656	0.3556499	PIP_0.1-0.5	MAGI2	11.816935206276732
chr7:79719210	434	6	70	-0.0004976958525345	0.052405529953917	0.0138248847926267	0.1612903225806451	0.99997044	PIP>0.9	GNAI1	26.190781520161103
chr7:80092245	429	10	119	-0.0064172494172494	0.0492843822843822	0.0233100233100233	0.2773892773892774	0.32156086	PIP_0.1-0.5	RPL10P11	22.342285462791
chr7:80647310	444	2	43	-0.0013265765765765	0.0469391891891891	0.0045045045045045	0.0968468468468468	0.17219883	PIP_0.1-0.5	ENSG00000229436	12.974967784308989
chr7:81181476	448	4	105	-0.0017924107142857	0.0479040178571428	0.0089285714285714	0.234375	0.014884472	PIP<0.1	ENSG00000237896	11.647857083376598
chr7:84106764	440	20	119	0.0038045454545454	0.0635136363636363	0.0454545454545454	0.2704545454545454	0.044080257	PIP<0.1	SEMA3A	27.66633382812246
chr7:85417430	444	13	101	0.0026216216216216	0.0443063063063063	0.0292792792792792	0.2274774774774774	1.0	PIP>0.9	LINC00972	12.77722952011068
chr7:87111792	436	13	74	0.0025344036697247	0.0397866972477064	0.0298165137614678	0.1697247706422018	0.6151394	PIP_0.5-0.9	ENSG00000261462	12.820569622820148
chr7:88549235	439	6	90	0.000250569476082	0.0496765375854214	0.0136674259681093	0.20501138952164	0.067352235	PIP<0.1	KPNA2P2	14.228825028235
chr7:91521406	442	14	93	0.002420814479638	0.0609276018099547	0.0316742081447963	0.2104072398190045	0.2813667	PIP_0.1-0.5	ENSG00000235450	16.579263311879323
chr7:91555244	446	17	130	6.053811659192796e-05	0.0409304932735426	0.0381165919282511	0.2914798206278027	0.9978442	PIP>0.9	ENSG00000235450	11.741084626559248
chr7:94881013	439	24	97	0.0009749430523917	0.0437175398633257	0.0546697038724373	0.2209567198177676	0.9999954	PIP>0.9	PPP1R9A	15.401141640333616
chr7:95278587	443	3	85	-0.0027607223476297	0.0494966139954853	0.0067720090293453	0.1918735891647855	0.99999964	PIP>0.9	PON1	21.988539438180844
chr7:9717158	435	15	124	0.0008229885057471	0.0410620689655172	0.0344827586206896	0.2850574712643678	0.80544096	PIP_0.5-0.9	ENSG00000197320	14.561237761906876
chr7:97982590	444	8	104	-0.0004234234234234	0.0313558558558558	0.018018018018018	0.2342342342342342	0.80701804	PIP_0.5-0.9	OCM2	11.049617136345285
chr7:98660341	434	17	125	0.0016221198156682	0.0400230414746543	0.0391705069124423	0.2880184331797235	0.9429369	PIP>0.9	NPTX2	16.443846227967555
chr7:98720153	438	23	142	-0.002607305936073	0.0388767123287671	0.0525114155251141	0.3242009132420091	0.5357941	PIP_0.5-0.9	RNU6-393P	41.28426848020912
chr8:10033058	439	1	83	0.0006059225512528	0.0392072892938496	0.0022779043280182	0.1890660592255125	0.9755652	PIP>0.9	MSRA-DT	15.60008692211152
chr8:102631523	446	28	103	-0.0002466367713004	0.0231434977578475	0.0627802690582959	0.2309417040358744	0.87195414	PIP_0.5-0.9	POU5F1P2	11.74800765891602
chr8:103085643	446	15	99	-0.0016614349775784	0.0348497757847533	0.0336322869955156	0.2219730941704036	0.9989056	PIP>0.9	MTCO1P4	22.02018653651077
chr8:10614600	447	30	144	-0.0003892617449664	0.0374988814317673	0.0671140939597315	0.3221476510067114	0.9999989	PIP>0.9	MIR4286	26.65579646956802
chr8:106845912	410	4	79	0.003160975609756	0.0497073170731707	0.0097560975609756	0.1926829268292683	0.7509267	PIP_0.5-0.9	ABRA	17.233512737273884
chr8:107892841	434	30	131	-0.0019447004608294	0.0445622119815668	0.0691244239631336	0.3018433179723502	0.999986	PIP>0.9	RNA5SP275	39.91825658986468
chr8:112265249	424	3	86	0.00475	0.0562735849056603	0.0070754716981132	0.2028301886792453	0.0769434	PIP<0.1	RNU4-37P	24.1409509549048
chr8:112631836	441	5	95	0.0028798185941043	0.0551428571428571	0.0113378684807256	0.2154195011337868	0.36727494	PIP_0.1-0.5	MIR2053	41.66097309789903
chr8:113405461	434	7	89	0.0009354838709677	0.0434147465437788	0.0161290322580645	0.2050691244239631	0.071101904	PIP<0.1	ENSG00000287819	20.95818547414413
chr8:11385555	448	12	122	-0.0038883928571428	0.041375	0.0267857142857142	0.2723214285714285	0.50467813	PIP_0.5-0.9	RNU6-1084P	10.901649403354062
chr8:115374917	434	11	110	-0.0024377880184331	0.0479400921658986	0.0253456221198156	0.2534562211981567	0.031300247	PIP<0.1	TRPS1-AS1	22.58256234444833
chr8:116786026	443	7	108	0.0018103837471783	0.0376343115124153	0.0158013544018058	0.2437923250564334	0.14148152	PIP_0.1-0.5	UTP23	10.345996560287276
chr8:116838543	443	15	102	0.0035191873589164	0.0331625282167043	0.0338600451467268	0.2302483069977426	0.5002149	PIP_0.5-0.9	MIR3610	12.389771443452132
chr8:1173905	444	31	137	0.0017409909909909	0.0376103603603603	0.0698198198198198	0.3085585585585585	0.22836721	PIP_0.1-0.5	ENSG00000254160	20.465061064965827
chr8:11758138	447	26	177	0.00182774049217	0.0345704697986577	0.058165548098434	0.3959731543624161	0.039643943	PIP<0.1	NEIL2	17.353771142649908
chr8:11953931	445	26	198	-0.0001505617977528	0.0446988764044943	0.0584269662921348	0.4449438202247191	0.96388245	PIP>0.9	ENSG00000287798	12.400394383118629
chr8:12028374	447	35	140	0.0015480984340044	0.0321610738255033	0.0782997762863534	0.3131991051454139	0.99702597	PIP>0.9	ENSG00000254817	9.976554208178351
chr8:121403151	422	11	86	-0.0046090047393364	0.0513862559241706	0.0260663507109004	0.2037914691943128	0.6340172	PIP_0.5-0.9	RPL35AP19	25.05463260201899
chr8:12181586	444	111	248	-0.0042139639639639	0.0569076576576576	0.25	0.5585585585585585	0.94943106	PIP>0.9	ALG1L11P	15.19947262013067
chr8:12289716	109	5	27	0.0051467889908256	0.0994036697247706	0.0458715596330275	0.2477064220183486	0.07956195	PIP<0.1	DEFB131C	20.250555798493146
chr8:123179292	448	33	175	-0.0007075892857142	0.0426183035714285	0.0736607142857142	0.390625	0.110461056	PIP_0.1-0.5	FAM83A-AS2	41.08773930951352
chr8:123877418	443	5	108	-0.0009548532731376	0.0329097065462754	0.0112866817155756	0.2437923250564334	0.8984245	PIP_0.5-0.9	FER1L6	20.374949433603568
chr8:124651948	448	37	142	0.0017790178571428	0.033265625	0.0825892857142857	0.3169642857142857	0.9995469	PIP>0.9	MTSS1	38.10834890102107
chr8:125487286	447	12	96	0.0013355704697986	0.0364675615212528	0.0268456375838926	0.2147651006711409	0.9944131	PIP>0.9	ENSG00000253111	27.25986727885321
chr8:1260030	448	47	183	0.0036004464285714	0.0478058035714285	0.1049107142857142	0.4084821428571428	0.9996577	PIP>0.9	ENSG00000254160	11.398029714177456
chr8:12659622	445	9	144	-0.0009415730337078	0.0385370786516853	0.0202247191011235	0.3235955056179775	0.6626091	PIP_0.5-0.9	ENSG00000284724	23.456903580280137
chr8:126923050	441	14	136	0.0022018140589569	0.0545102040816326	0.0317460317460317	0.3083900226757369	0.8197692	PIP_0.5-0.9	ENSG00000253573	10.146689272160348
chr8:13019321	446	5	89	0.0025717488789237	0.0434641255605381	0.0112107623318385	0.1995515695067264	0.99999905	PIP>0.9	RNU6-842P	27.72415379529859
chr8:130598303	447	2	69	0.0029172259507829	0.0413288590604026	0.0044742729306487	0.1543624161073825	0.97982883	PIP>0.9	ENSG00000253656	12.672466301255778
chr8:130883995	445	8	105	0.0008112359550561	0.0575033707865168	0.0179775280898876	0.2359550561797752	0.9005257	PIP>0.9	ENSG00000253259	25.481647659766445
chr8:13134927	449	20	134	1.3363028953229471e-05	0.0368908685968819	0.0445434298440979	0.2984409799554566	0.84094083	PIP_0.5-0.9	ENSG00000287134	20.389170990159613
chr8:13186703	442	4	114	0.0008506787330316	0.0409502262443438	0.0090497737556561	0.2579185520361991	0.92402637	PIP>0.9	Y_RNA	18.047679873136254
chr8:132978305	441	4	89	0.0049501133786848	0.0565918367346938	0.0090702947845804	0.2018140589569161	0.1298902	PIP_0.1-0.5	RPL21P78	12.476952400990882
chr8:133378657	448	15	137	-0.0008080357142857	0.0424508928571428	0.0334821428571428	0.3058035714285714	0.99992085	PIP>0.9	DPPA3P7	12.440641972947589
chr8:133941608	445	23	95	-0.0007550561797752	0.0400988764044943	0.0516853932584269	0.2134831460674157	0.9999989	PIP>0.9	ENSG00000277576	27.72363196460488
chr8:134486407	443	63	129	-0.0009864559819413	0.0253747178329571	0.1422121896162528	0.291196388261851	0.7333325	PIP_0.5-0.9	ENSG00000288067	17.309687307347055
chr8:134741362	444	44	153	0.001313063063063	0.0365112612612612	0.0990990990990991	0.3445945945945945	0.9986558	PIP>0.9	ENSG00000272456	21.941892160488585
chr8:135140036	443	8	104	-0.0022460496613995	0.0408871331828442	0.0180586907449209	0.2347629796839729	0.9985194	PIP>0.9	LINC01591	11.617339367338152
chr8:13619305	446	15	119	-0.000567264573991	0.0371905829596412	0.0336322869955156	0.2668161434977578	0.25095117	PIP_0.1-0.5	ENSG00000286798	48.33240276811366
chr8:138205249	448	3	89	0.0047075892857142	0.0485736607142857	0.0066964285714285	0.1986607142857142	1.0	PIP>0.9	ENSG00000253288	26.621229563856563
chr8:138518953	443	7	104	0.000334085778781	0.0552776523702031	0.0158013544018058	0.2347629796839729	0.99895877	PIP>0.9	FAM135B	24.152913835964256
chr8:139294354	451	31	139	-0.0025254988913525	0.0399090909090909	0.0687361419068736	0.3082039911308204	0.6508732	PIP_0.5-0.9	ENSG00000254258	21.505013732177314
chr8:139634006	448	7	107	0.0032433035714285	0.0411049107142857	0.015625	0.2388392857142857	0.9999856	PIP>0.9	KCNK9	13.724851583681144
chr8:139964410	450	37	128	0.0003222222222222	0.0280288888888888	0.0822222222222222	0.2844444444444444	0.42926514	PIP_0.1-0.5	C8orf17	12.716150204381323
chr8:14026073	445	29	131	-0.0035662921348314	0.0449235955056179	0.0651685393258427	0.2943820224719101	0.52063715	PIP_0.5-0.9	ENSG00000255437	21.90482315631944
chr8:141014618	448	29	146	0.0017834821428571	0.0337165178571428	0.0647321428571428	0.3258928571428571	0.7761551	PIP_0.5-0.9	PTK2	17.02239818084368
chr8:14115651	445	5	91	0.0008808988764044	0.0515685393258427	0.0112359550561797	0.2044943820224719	0.44662756	PIP_0.1-0.5	ENSG00000254575	38.5571706216688
chr8:142039696	450	16	139	-0.00142	0.0340955555555555	0.0355555555555555	0.3088888888888889	0.029772758	PIP<0.1	ENSG00000261710	17.884875167661832
chr8:142156248	449	17	131	-0.0012850779510022	0.0345367483296213	0.0378619153674833	0.2917594654788418	1.0	PIP>0.9	MIR4472-1	30.609186393635746
chr8:142913460	448	39	177	1.3392857142856922e-05	0.03815625	0.0870535714285714	0.3950892857142857	0.66293114	PIP_0.5-0.9	CYP11B2	39.96732618772061
chr8:142990412	444	15	141	-0.0011148648648648	0.0403265765765765	0.0337837837837837	0.3175675675675675	0.63338405	PIP_0.5-0.9	CDC42P3	13.319842368506578
chr8:143120128	447	51	141	0.0006308724832214	0.0235480984340044	0.1140939597315436	0.3154362416107382	0.37627816	PIP_0.1-0.5	LY6H	19.55948615223401
chr8:143542551	444	51	218	0.0028806306306306	0.0406599099099099	0.1148648648648648	0.4909909909909909	0.9988301	PIP>0.9	RN7SKP175	13.095404595537593
chr8:143664304	449	50	129	-0.0002783964365256	0.0261135857461024	0.111358574610245	0.2873051224944321	0.8064739	PIP_0.5-0.9	ZNF707	50.13159338961786
chr8:144426847	445	116	324	-0.0092696629213483	0.0666494382022472	0.2606741573033708	0.7280898876404495	0.903937	PIP>0.9	VPS28	31.61021856728119
chr8:15110597	443	35	152	0.0039954853273137	0.0424334085778781	0.0790067720090293	0.3431151241534989	0.841038	PIP_0.5-0.9	SGCZ	12.749071383187635
chr8:15308408	444	17	112	-0.0003693693693693	0.0455045045045045	0.0382882882882882	0.2522522522522522	0.040572107	PIP<0.1	ENSG00000249368	37.449212963092656
chr8:15817514	442	6	116	-0.0059140271493212	0.052656108597285	0.0135746606334841	0.2624434389140271	0.06766665	PIP<0.1	PPM1AP1	14.30657565920933
chr8:16329503	431	3	92	-0.0054825986078886	0.0540812064965197	0.0069605568445475	0.2134570765661252	0.014412284	PIP<0.1	MRPL49P2	10.98689757231728
chr8:1658014	445	12	117	-0.0030921348314606	0.0428898876404494	0.0269662921348314	0.2629213483146067	0.013079524	PIP<0.1	DLGAP2-AS1	18.27800516591521
chr8:17603000	446	12	142	-0.0037309417040358	0.042744394618834	0.0269058295964125	0.3183856502242152	1.0	PIP>0.9	ENSG00000287303	24.73093181317149
chr8:18719666	443	17	96	0.0037020316027088	0.0395259593679458	0.0383747178329571	0.2167042889390519	0.9338941	PIP>0.9	ENSG00000187229	11.144382594823238
chr8:18838908	444	11	129	0.0010878378378378	0.0372364864864864	0.0247747747747747	0.2905405405405405	0.9999598	PIP>0.9	ENSG00000283402	47.21536892554136
chr8:19070120	447	33	161	0.0016353467561521	0.034248322147651	0.0738255033557047	0.3601789709172259	0.70535344	PIP_0.5-0.9	PSD3	15.360748702942358
chr8:19109501	448	24	111	-0.0051964285714285	0.0419017857142857	0.0535714285714285	0.2477678571428571	0.076007724	PIP<0.1	ENSG00000254242	18.532051838471546
chr8:1973478	450	48	257	-0.0006955555555555	0.0286111111111111	0.1066666666666666	0.5711111111111111	0.9999967	PIP>0.9	ENSG00000270988	26.586515798957763
chr8:20026215	436	2	78	0.0034288990825688	0.0528738532110091	0.0045871559633027	0.1788990825688073	0.045624197	PIP<0.1	ENSG00000253775	16.894745040399947
chr8:20726394	444	14	112	-0.0013445945945945	0.0537229729729729	0.0315315315315315	0.2522522522522522	0.10039216	PIP_0.1-0.5	ENSG00000253300	15.926943777206596
chr8:21232781	438	2	86	5.936073059360702e-05	0.0497853881278538	0.0045662100456621	0.1963470319634703	0.2042532	PIP_0.1-0.5	ENSG00000254334	25.734230958889373
chr8:21383689	449	2	98	-0.0005144766146993	0.0417973273942093	0.0044543429844097	0.2182628062360802	0.7985882	PIP_0.5-0.9	ENSG00000254092	20.7106369464064
chr8:21404467	449	15	134	-0.0009487750556792	0.0446547884187082	0.0334075723830735	0.2984409799554566	0.999979	PIP>0.9	ENSG00000254092	35.36754006882703
chr8:21516279	447	8	101	0.0009955257270693	0.0456219239373601	0.017897091722595	0.2259507829977628	0.030575633	PIP<0.1	ENSG00000254092	16.122972121624073
chr8:22115698	445	54	214	0.0029640449438202	0.0430269662921348	0.1213483146067415	0.4808988764044943	0.164294	PIP_0.1-0.5	NUDT18	25.61286836528767
chr8:22996282	447	40	222	0.0010335570469798	0.022979865771812	0.0894854586129754	0.4966442953020134	0.99999994	PIP>0.9	PEBP4	45.92798725015092
chr8:2335422	445	33	144	0.0026269662921348	0.0575438202247191	0.0741573033707865	0.3235955056179775	0.7044235	PIP_0.5-0.9	ENSG00000288782	14.35451537008161
chr8:23581436	441	3	100	0.0001269841269841	0.0413877551020408	0.0068027210884353	0.2267573696145124	0.019547641	PIP<0.1	RNU4-71P	19.67762714547952
chr8:23854609	443	20	143	-0.0060135440180586	0.0573318284424379	0.0451467268623024	0.3227990970654628	0.9808162	PIP>0.9	STC1	26.61339840555663
chr8:24307000	436	4	88	-0.0012706422018348	0.0531009174311926	0.0091743119266055	0.2018348623853211	0.9769952	PIP>0.9	ADAM28	18.03349886833484
chr8:25314979	445	20	137	0.0010921348314606	0.040867415730337	0.0449438202247191	0.3078651685393258	0.53690135	PIP_0.5-0.9	MIR6876	15.276820276612666
chr8:25361360	440	38	154	0.0021022727272727	0.0451795454545454	0.0863636363636363	0.35	0.9999983	PIP>0.9	MIR6876	17.290575048542767
chr8:26127341	442	3	88	0.0008235294117647	0.0395837104072398	0.006787330316742	0.1990950226244343	0.07140267	PIP<0.1	RNA5SP258	23.04047537662241
chr8:26164751	446	0	90	-0.0004349775784753	0.0530538116591928	0.0	0.2017937219730941	1.0	PIP>0.9	RNA5SP258	47.42701101038584
chr8:26890715	436	4	92	0.0013096330275229	0.0532545871559633	0.0091743119266055	0.2110091743119266	0.21310556	PIP_0.1-0.5	ADRA1A	13.676563092804551
chr8:27466423	445	27	137	-0.0021842696629213	0.0319191011235955	0.0606741573033707	0.3078651685393258	0.3299595	PIP_0.1-0.5	CHRNA2	13.980729429981611
chr8:28091018	441	3	134	0.0008775510204081	0.0222108843537415	0.0068027210884353	0.3038548752834467	0.56332934	PIP_0.5-0.9	ELP3	22.848997542966448
chr8:29273821	435	23	111	0.0005977011494252	0.0366390804597701	0.0528735632183908	0.2551724137931034	0.5328227	PIP_0.5-0.9	KIF13B	17.73101785280359
chr8:30799466	435	59	103	8.965517241379318e-05	0.0246551724137931	0.135632183908046	0.2367816091954023	0.7641359	PIP_0.5-0.9	PPP2CB	13.190564960158175
chr8:31397710	441	3	73	0.0038095238095238	0.0464988662131519	0.0068027210884353	0.1655328798185941	0.8177063	PIP_0.5-0.9	ENSG00000254095	48.84266770610432
chr8:31584588	444	2	76	-0.0008873873873873	0.0532072072072072	0.0045045045045045	0.1711711711711711	0.3079703	PIP_0.1-0.5	ENSG00000287204	21.07059524481612
chr8:31700375	432	5	92	1.6203703703703687e-05	0.0641643518518518	0.011574074074074	0.2129629629629629	0.15474576	PIP_0.1-0.5	NRG1	38.87415795999105
chr8:31894405	435	11	104	0.0002528735632183	0.0445747126436781	0.025287356321839	0.2390804597701149	0.999371	PIP>0.9	ENSG00000286648	12.629621659508068
chr8:32798149	434	14	97	-0.0030967741935483	0.0582119815668202	0.032258064516129	0.2235023041474654	0.32906163	PIP_0.1-0.5	RNU6-663P	20.02313926996487
chr8:33956454	432	5	83	-0.0001180555555555	0.0509282407407407	0.011574074074074	0.1921296296296296	0.13944674	PIP_0.1-0.5	ENSG00000188512	40.3108015407542
chr8:34073363	427	19	107	-0.0023419203747072	0.0467634660421545	0.0444964871194379	0.2505854800936768	0.03417009	PIP<0.1	ENSG00000254194	16.278946198525826
chr8:37681739	440	15	117	-0.0011499999999999	0.0432954545454545	0.034090909090909	0.2659090909090909	0.12153864	PIP_0.1-0.5	ZNF703	10.545304929532234
chr8:3850577	446	15	121	0.000152466367713	0.0429775784753363	0.0336322869955156	0.2713004484304933	1.0	PIP>0.9	RNA5SP251	42.52911862796998
chr8:38710613	447	2	114	0.0010738255033557	0.0286666666666666	0.0044742729306487	0.2550335570469799	0.15907907	PIP_0.1-0.5	ENSG00000254321	11.81690577039728
chr8:3933166	449	10	119	0.0036792873051224	0.0456391982182628	0.0222717149220489	0.2650334075723831	0.5542767	PIP_0.5-0.9	RNA5SP251	27.777140561552383
chr8:40612186	448	15	131	-0.001890625	0.049203125	0.0334821428571428	0.2924107142857143	0.055900216	PIP<0.1	ENSG00000272479	21.03157104941828
chr8:41747761	442	38	157	0.0022217194570135	0.0351402714932126	0.085972850678733	0.3552036199095023	0.81775814	PIP_0.5-0.9	ENSG00000289514	31.17281465986396
chr8:42602437	444	23	99	-0.0004256756756756	0.0279662162162162	0.0518018018018018	0.2229729729729729	0.9999824	PIP>0.9	SLC20A2	10.3828033752249
chr8:42714955	435	45	128	0.0011471264367816	0.0291655172413793	0.1034482758620689	0.2942528735632184	0.008018255	PIP<0.1	ENSG00000255101	12.808637599271895
chr8:43365972	438	29	130	0.0004634703196347	0.0432762557077625	0.0662100456621004	0.2968036529680365	0.014060557	PIP<0.1	U3	34.441438174408574
chr8:46694263	422	9	88	0.0011232227488151	0.0746208530805687	0.0213270142180094	0.2085308056872037	0.13406652	PIP_0.1-0.5	ENSG00000254070	16.240461023403242
chr8:50831957	431	10	77	-0.0032714617169373	0.0672529002320185	0.0232018561484918	0.1786542923433874	0.0390774	PIP<0.1	ENSG00000253340	23.66808511093207
chr8:5294727	446	10	99	-0.0008116591928251	0.0379596412556053	0.0224215246636771	0.2219730941704036	0.06167221	PIP<0.1	ENSG00000278256	43.89672569168291
chr8:53348883	420	14	95	-0.0052809523809523	0.0476380952380952	0.0333333333333333	0.2261904761904762	0.020208418	PIP<0.1	ENSG00000260484	29.48512089889183
chr8:5371935	445	2	94	0.0008202247191011	0.0503573033707865	0.0044943820224719	0.2112359550561797	0.18235803	PIP_0.1-0.5	ENSG00000278256	39.13000035798891
chr8:54188982	437	10	101	0.0021441647597254	0.0463409610983981	0.022883295194508	0.2311212814645309	0.050869226	PIP<0.1	ENSG00000270980	27.712116520626417
chr8:54277156	438	18	114	0.0018675799086757	0.0356666666666666	0.0410958904109589	0.2602739726027397	0.05155337	PIP<0.1	ENSG00000253840	11.503888032953697
chr8:54360655	449	10	113	0.0017149220489977	0.0355144766146993	0.0222717149220489	0.2516703786191537	0.99984777	PIP>0.9	ENSG00000276605	48.14206702250423
chr8:55116202	443	12	91	0.000510158013544	0.0509074492099322	0.0270880361173814	0.2054176072234763	0.5359307	PIP_0.5-0.9	ENSG00000253976	20.149441959016208
chr8:55293045	441	5	96	-0.002485260770975	0.0510249433106576	0.0113378684807256	0.2176870748299319	0.1063202	PIP_0.1-0.5	ENSG00000253857	10.145049325529865
chr8:5583524	447	8	102	-0.0003467561521252	0.0551476510067114	0.017897091722595	0.2281879194630872	0.10150987	PIP_0.1-0.5	ENSG00000253510	11.233945377434368
chr8:5747844	448	21	133	0.0036941964285714	0.0453325892857142	0.046875	0.296875	0.013797879	PIP<0.1	ENSG00000275461	10.957851889222283
chr8:57747769	446	3	97	-0.0030044843049327	0.0387130044843049	0.0067264573991031	0.2174887892376681	0.23384738	PIP_0.1-0.5	LINC03018	13.185985494109394
chr8:57826615	445	7	108	1.7977528089887873e-05	0.0414696629213483	0.0157303370786516	0.2426966292134831	0.9389463	PIP>0.9	ENSG00000253322	22.39566484736666
chr8:58364342	442	12	97	-0.0009547511312217	0.0563846153846153	0.0271493212669683	0.2194570135746606	0.018057942	PIP<0.1	UBXN2B	37.7831736322696
chr8:58371542	445	27	135	-0.0001078651685393	0.0453438202247191	0.0606741573033707	0.3033707865168539	0.018057942	PIP<0.1	UBXN2B	37.7831736322696
chr8:59209176	422	11	74	0.0020142180094786	0.0835402843601895	0.0260663507109004	0.1753554502369668	0.14636302	PIP_0.1-0.5	ENSG00000206853	9.94834069122878
chr8:59722032	432	8	91	-0.0015833333333333	0.043787037037037	0.0185185185185185	0.2106481481481481	0.019512355	PIP<0.1	ENSG00000253413	13.419030914085535
chr8:61085649	447	27	121	-0.0021834451901565	0.0281565995525727	0.0604026845637583	0.2706935123042505	0.5134849	PIP_0.5-0.9	CLVS1	12.482371957484713
chr8:62469884	439	5	96	0.0019066059225512	0.0539020501138952	0.0113895216400911	0.2186788154897494	0.61371094	PIP_0.5-0.9	ENSG00000254050	11.755905669574355
chr8:6286242	447	47	135	-0.0027941834451901	0.0328568232662192	0.105145413870246	0.3020134228187919	0.98168164	PIP>0.9	ENSG00000253880	11.355572374467366
chr8:65671311	435	85	93	9.655172413793107e-05	0.0189241379310344	0.1954022988505747	0.2137931034482758	0.064944446	PIP<0.1	ENSG00000272010	14.068963566496798
chr8:65713879	431	76	95	-0.0001322505800464	0.0170464037122969	0.1763341067285382	0.2204176334106728	0.056862175	PIP<0.1	LINC01299	10.662404937543904
chr8:67981291	443	4	76	-0.0016523702031602	0.0456839729119638	0.0090293453724604	0.1715575620767494	0.0810765	PIP<0.1	PREX2	41.918843206234655
chr8:6841173	449	64	212	0.0029420935412026	0.0425100222717149	0.1425389755011135	0.4721603563474387	0.9087574	PIP>0.9	GS1-24F4.2	12.883515900711243
chr8:6874198	448	14	142	-0.0009754464285714	0.046046875	0.03125	0.3169642857142857	0.17071319	PIP_0.1-0.5	DEFB1	42.16008339088199
chr8:68956153	447	10	109	0.0014183445190156	0.0514854586129754	0.0223713646532438	0.2438478747203579	0.8064322	PIP_0.5-0.9	ENSG00000254337	39.34601393994858
chr8:6905510	448	16	139	0.0026941964285714	0.040390625	0.0357142857142857	0.3102678571428571	0.95704055	PIP>0.9	RPL23AP96	16.61309440374458
chr8:70308986	428	48	74	-0.0022032710280373	0.0252546728971962	0.1121495327102803	0.1728971962616822	0.040112495	PIP<0.1	H2AZP2	15.580963554011346
chr8:70715575	434	7	105	0.0055829493087557	0.0735460829493087	0.0161290322580645	0.2419354838709677	0.007422209	PIP<0.1	Y_RNA	35.295452382352686
chr8:71056376	437	5	98	0.0019679633867276	0.0425125858123569	0.011441647597254	0.2242562929061785	0.72126853	PIP_0.5-0.9	Y_RNA	15.816437559243422
chr8:71922624	440	3	88	0.0014636363636363	0.0493318181818181	0.0068181818181818	0.2	0.10149938	PIP_0.1-0.5	RPS20P20	11.226149857389556
chr8:7238178	434	20	144	-0.0009585253456221	0.0375852534562212	0.0460829493087557	0.3317972350230415	0.9999848	PIP>0.9	VPS51P8	10.702899282563026
chr8:73352848	443	24	130	-0.0033205417607223	0.0440880361173814	0.0541760722347629	0.2934537246049661	0.68681693	PIP_0.5-0.9	RDH10-AS1	15.102839800785835
chr8:73978388	446	78	97	-0.0002892376681614	0.0175852017937219	0.1748878923766816	0.2174887892376681	0.12389082	PIP_0.1-0.5	TMEM70	36.96028199337042
chr8:75563393	434	7	118	-0.0024493087557603	0.0590299539170506	0.0161290322580645	0.271889400921659	0.111111104	PIP_0.1-0.5	HNF4G	15.542866471094255
chr8:75668011	438	5	75	-0.0034223744292237	0.0605730593607306	0.0114155251141552	0.1712328767123287	0.04798758	PIP<0.1	HNF4G	30.203553044971635
chr8:77134730	445	12	139	0.004067415730337	0.0402651685393258	0.0269662921348314	0.3123595505617977	0.45411348	PIP_0.1-0.5	HIGD1AP18	14.362681578204484
chr8:77583714	443	11	102	-0.0002279909706546	0.0405349887133182	0.0248306997742663	0.2302483069977426	0.99999774	PIP>0.9	ENSG00000254366	45.07447758006068
chr8:77825544	431	0	55	-2.320185614848804e-06	0.0708004640371229	0.0	0.1276102088167053	0.14033985	PIP_0.1-0.5	ENSG00000254001	20.317143197368857
chr8:7913242	362	82	199	0.0157707182320442	0.0848038674033149	0.2265193370165746	0.5497237569060773	0.9991382	PIP>0.9	ZNF705B	10.697101663957314
chr8:79738914	447	5	105	0.0004362416107382	0.036234899328859	0.0111856823266219	0.2348993288590604	0.9999883	PIP>0.9	ENSG00000287052	12.376640667380771
chr8:79751136	445	24	138	-0.0005460674157303	0.0712337078651685	0.0539325842696629	0.3101123595505618	0.332909	PIP_0.1-0.5	ENSG00000287052	31.196615638528208
chr8:80956616	439	30	112	-0.0029157175398633	0.0266013667425968	0.0683371298405467	0.255125284738041	0.32099795	PIP_0.1-0.5	ENSG00000286763	23.543000933552165
chr8:81404695	437	5	107	-0.0018924485125858	0.0501350114416475	0.011441647597254	0.2448512585812357	0.6842931	PIP_0.5-0.9	ENSG00000253859	13.439812405745789
chr8:81421573	443	5	75	0.0008261851015801	0.0421715575620767	0.0112866817155756	0.1693002257336343	0.8185267	PIP_0.5-0.9	ENSG00000253859	19.077170903251105
chr8:81777105	446	5	100	-0.0029439461883408	0.0320874439461883	0.0112107623318385	0.2242152466367713	0.00926882	PIP<0.1	ENSG00000253334	11.92681797340213
chr8:82753106	444	5	94	0.0010495495495495	0.0513693693693693	0.0112612612612612	0.2117117117117117	0.0074462295	PIP<0.1	ENSG00000253503	22.177523646689803
chr8:83199298	435	5	68	-0.0060804597701149	0.0554	0.0114942528735632	0.1563218390804597	0.04915732	PIP<0.1	ENSG00000274116	33.90851544049695
chr8:83259005	426	10	96	-0.0078708920187793	0.0550915492957746	0.0234741784037558	0.2253521126760563	0.033588886	PIP<0.1	ENSG00000274116	22.339331692489694
chr8:83281994	432	0	61	0.0033472222222222	0.0608148148148148	0.0	0.1412037037037037	0.5	PIP_0.5-0.9	ENSG00000274116	47.23515927137315
chr8:84906880	440	3	87	-0.0071363636363636	0.06085	0.0068181818181818	0.1977272727272727	0.99898183	PIP>0.9	ACTBP6	24.54666247802841
chr8:84950221	430	1	68	-0.0007465116279069	0.0511837209302325	0.0023255813953488	0.1581395348837209	0.021734178	PIP<0.1	ACTBP6	16.067326932357535
chr8:85927028	428	5	105	0.0015817757009345	0.0489088785046729	0.0116822429906542	0.2453271028037383	0.02872175	PIP<0.1	ENSG00000287927	15.023219538168531
chr8:87676873	438	3	70	-0.001917808219178	0.0506849315068493	0.0068493150684931	0.1598173515981735	0.08034819	PIP<0.1	IARS2P1	41.3772433221041
chr8:89374710	443	17	105	0.0032934537246049	0.0473702031602708	0.0383747178329571	0.237020316027088	0.027403891	PIP<0.1	KRT8P4	12.187944602298442
chr8:89834956	439	2	102	0.0003895216400911	0.043760820045558	0.0045558086560364	0.2323462414578587	0.9999939	PIP>0.9	ENSG00000275103	12.33522735080475
chr8:931162	448	48	212	-0.0039508928571428	0.0451026785714285	0.1071428571428571	0.4732142857142857	0.99889904	PIP>0.9	ENSG00000282759	28.10986391151133
chr8:93163739	437	33	113	-0.0031990846681922	0.0449016018306636	0.0755148741418764	0.2585812356979405	0.50530785	PIP_0.5-0.9	LINC02906	13.215515149803702
chr8:93894346	442	13	113	0.0004683257918552	0.035735294117647	0.0294117647058823	0.255656108597285	0.5974668	PIP_0.5-0.9	MIR378D2	23.796792160519797
chr8:94189494	436	3	78	0.0061284403669724	0.0409770642201835	0.0068807339449541	0.1788990825688073	0.11344707	PIP_0.1-0.5	RPL6P23	31.83008346940652
chr8:94614607	443	4	91	-0.0016207674943566	0.0336659142212189	0.0090293453724604	0.2054176072234763	0.4990772	PIP_0.1-0.5	ENSG00000254283	13.313678471612816
chr8:97212779	447	7	99	0.0004653243847874	0.0518568232662192	0.0156599552572706	0.2214765100671141	1.0	PIP>0.9	ENSG00000260640	28.68541677826636
chr8:97865815	448	91	252	0.0001964285714285	0.03428125	0.203125	0.5625	0.6896978	PIP_0.5-0.9	MATN2	14.479706928843918
chr9:102039652	438	8	113	0.0004885844748858	0.0564018264840182	0.0182648401826484	0.2579908675799087	0.6230238	PIP_0.5-0.9	ARL2BPP7	32.55509986233063
chr9:103274070	441	23	109	-0.0016553287981859	0.062657596371882	0.0521541950113378	0.2471655328798186	0.47632527	PIP_0.1-0.5	LINC01492	21.09152713813347
chr9:103478066	439	2	64	-0.0031594533029612	0.0551685649202733	0.0045558086560364	0.1457858769931662	0.124390185	PIP_0.1-0.5	ENSG00000226566	10.990100677712633
chr9:10464349	443	19	120	-0.0017968397291196	0.0468758465011286	0.0428893905191873	0.2708803611738149	0.64551365	PIP_0.5-0.9	ENSG00000234360	10.124100694597931
chr9:105316866	431	12	115	-0.0024385150812064	0.0483271461716937	0.0278422273781902	0.2668213457076566	0.105357826	PIP_0.1-0.5	SLC44A1	10.350596294078995
chr9:107309299	442	41	113	-0.0011221719457013	0.0260497737556561	0.0927601809954751	0.255656108597285	0.102548	PIP_0.1-0.5	RAD23B	20.90961851142252
chr9:108000786	444	26	166	-0.0001914414414414	0.0510698198198198	0.0585585585585585	0.3738738738738739	0.9998762	PIP>0.9	RPL31P43	16.792558309146408
chr9:108038466	436	6	83	0.0004564220183486	0.0534288990825688	0.0137614678899082	0.1903669724770642	0.1496883	PIP_0.1-0.5	RPL31P43	32.029843883550264
chr9:108286530	438	8	91	0.0024748858447488	0.0380182648401826	0.0182648401826484	0.2077625570776255	0.9659597	PIP>0.9	ENSG00000230030	11.919496977217786
chr9:108334870	437	2	85	-0.0016338672768878	0.0547505720823798	0.0045766590389016	0.1945080091533181	0.04240811	PIP<0.1	ENSG00000230030	18.67576296898173
chr9:109173610	445	7	106	0.000105617977528	0.0367168539325842	0.0157303370786516	0.2382022471910112	0.16451633	PIP_0.1-0.5	FRRS1L	18.47009275913462
chr9:111544831	446	15	124	-0.0006390134529147	0.0530156950672645	0.0336322869955156	0.2780269058295964	0.42391562	PIP_0.1-0.5	ZNF483	10.426580727233228
chr9:111867392	437	92	178	0.0008283752860411	0.0403844393592677	0.2105263157894736	0.4073226544622426	0.19135249	PIP_0.1-0.5	UGCG	24.76427097503877
chr9:113005514	445	10	121	0.0001977528089887	0.0552943820224719	0.0224719101123595	0.2719101123595505	0.16505265	PIP_0.1-0.5	ZNF883	15.677078853137166
chr9:114291974	450	8	110	-0.0006022222222222	0.0407488888888889	0.0177777777777777	0.2444444444444444	0.6446691	PIP_0.5-0.9	ORM1	22.61742550967581
chr9:11486249	431	2	73	0.0052064965197215	0.0521716937354988	0.0046403712296983	0.1693735498839907	0.012044251	PIP<0.1	ENSG00000285784	10.133610539648856
chr9:115364366	435	69	184	-4.5977011494253874e-06	0.0523310344827586	0.1586206896551724	0.4229885057471264	0.24451959	PIP_0.1-0.5	ENSG00000234692	28.44909275512698
chr9:115438696	438	15	124	-0.0031780821917808	0.0448630136986301	0.0342465753424657	0.2831050228310502	0.11599702	PIP_0.1-0.5	ENSG00000234692	30.380095396784675
chr9:11629194	422	13	107	0.0056374407582938	0.0496800947867298	0.0308056872037914	0.2535545023696682	0.046637475	PIP<0.1	ENSG00000275130	15.836070762474009
chr9:118811085	439	7	80	0.0004259681093394	0.0494510250569476	0.0159453302961275	0.1822323462414578	0.008760691	PIP<0.1	TUBB4BP6	10.559482355727717
chr9:11998099	426	0	46	-0.0011830985915492	0.0655539906103286	0.0	0.107981220657277	0.12455851	PIP_0.1-0.5	ENSG00000224935	11.791006902895704
chr9:120286519	425	8	98	-0.0033058823529411	0.0472164705882353	0.0188235294117647	0.2305882352941176	0.96409225	PIP>0.9	MIR147A	13.976214206885867
chr9:120657601	432	60	143	4.86111111111113e-05	0.0392893518518518	0.1388888888888889	0.3310185185185185	0.99749416	PIP>0.9	MEGF9	10.46355665676992
chr9:121482382	426	15	115	-0.0025117370892018	0.0379906103286385	0.0352112676056338	0.2699530516431925	1.0	PIP>0.9	RN7SL187P	19.205359833053237
chr9:121643697	443	25	172	-0.0014266365688487	0.0432054176072234	0.0564334085778781	0.3882618510158013	0.5460781	PIP_0.5-0.9	ENSG00000229854	11.266602188866724
chr9:121807752	445	28	140	0.0020516853932584	0.030591011235955	0.0629213483146067	0.3146067415730337	0.23791784	PIP_0.1-0.5	ENSG00000229854	24.412004444030387
chr9:122571578	435	13	119	-0.0009862068965517	0.0565126436781609	0.0298850574712643	0.2735632183908046	0.70541877	PIP_0.5-0.9	OR1L8	39.51760683073539
chr9:126303382	449	3	101	-0.0001291759465478	0.0351492204899777	0.0066815144766146	0.2249443207126948	0.38760817	PIP_0.1-0.5	ENSG00000228392	28.62336495552429
chr9:126635943	441	30	192	0.0048412698412698	0.0368866213151927	0.0680272108843537	0.4353741496598639	0.21968555	PIP_0.1-0.5	ENSG00000238010	16.166962979763618
chr9:127376524	437	30	113	-0.0036933638443935	0.0313821510297482	0.068649885583524	0.2585812356979405	0.52904624	PIP_0.5-0.9	SLC2A8	35.628939300018146
chr9:127539361	444	30	128	-0.002804054054054	0.0323716216216216	0.0675675675675675	0.2882882882882883	0.6332669	PIP_0.5-0.9	NIBAN2	14.0590885069384
chr9:130373161	447	5	111	-0.002731543624161	0.0361185682326622	0.0111856823266219	0.2483221476510067	1.0	PIP>0.9	RN7SL665P	20.772902531891955
chr9:131099199	447	31	157	-0.0025458612975391	0.0336062639821029	0.0693512304250559	0.3512304250559284	0.9999999	PIP>0.9	AIF1L	16.027371125689474
chr9:131839862	441	39	147	-0.0015600907029478	0.0279410430839002	0.0884353741496598	0.3333333333333333	0.566574	PIP_0.5-0.9	ENSG00000236687	10.746580530412569
chr9:132213059	449	46	184	0.0012873051224944	0.0414966592427617	0.1024498886414253	0.4097995545657015	0.5566527	PIP_0.5-0.9	NTNG2	13.738650988988486
chr9:132249071	449	5	128	0.0003964365256124	0.0309309576837416	0.0111358574610244	0.2850779510022271	0.8856026	PIP_0.5-0.9	NTNG2	18.96943638482342
chr9:132795362	440	25	152	0.0023681818181818	0.0367681818181818	0.0568181818181818	0.3454545454545454	0.23388004	PIP_0.1-0.5	ENSG00000224992	31.214863833503102
chr9:133203200	444	43	170	0.0015698198198198	0.0337184684684684	0.0968468468468468	0.3828828828828828	0.9990957	PIP>0.9	OBP2B	11.922822056725904
chr9:133531953	446	30	180	-0.0015896860986547	0.0278408071748878	0.0672645739910313	0.4035874439461883	0.6038242	PIP_0.5-0.9	ADAMTSL2	19.31628396109863
chr9:134292190	449	38	188	-0.0012093541202672	0.0330445434298441	0.0846325167037861	0.4187082405345211	0.9971102	PIP>0.9	LINC02247	46.58150058904246
chr9:134433402	446	58	137	-0.0002130044843049	0.0216165919282511	0.1300448430493273	0.3071748878923767	0.9999403	PIP>0.9	MIR4669	13.374725561467
chr9:134709335	447	35	153	-0.0008926174496644	0.0344496644295302	0.0782997762863534	0.3422818791946309	0.99836695	PIP>0.9	COL5A1-AS1	28.86469098595621
chr9:135040668	450	32	156	0.00144	0.0339555555555555	0.0711111111111111	0.3466666666666667	0.7030806	PIP_0.5-0.9	OLFM1	20.93948325239232
chr9:135282591	449	84	215	-0.0006703786191536	0.0338240534521158	0.1870824053452116	0.4788418708240534	1.0	PIP>0.9	ENSG00000233936	41.196092494101215
chr9:136065825	449	94	173	-8.908685968819608e-06	0.0271893095768374	0.2093541202672605	0.3853006681514476	0.99999434	PIP>0.9	NACC2	19.900590119346905
chr9:136272844	447	38	167	-0.001413870246085	0.0331677852348993	0.0850111856823266	0.3736017897091722	0.006718874	PIP<0.1	ENSG00000283769	13.370124680755854
chr9:136345773	451	64	206	0.0025232815964523	0.033290465631929	0.1419068736141907	0.4567627494456763	0.6983647	PIP_0.5-0.9	DNLZ	10.59687940229696
chr9:136544871	446	73	229	0.0054955156950672	0.018634529147982	0.163677130044843	0.5134529147982063	1.0	PIP>0.9	MIR4674	22.457687270516743
chr9:136583061	448	62	195	0.0007678571428571	0.0388303571428571	0.1383928571428571	0.4352678571428571	0.8932559	PIP_0.5-0.9	MIR4674	13.79345872027808
chr9:136613699	451	63	185	-0.000170731707317	0.032170731707317	0.1396895787139689	0.4101995565410199	0.86620545	PIP_0.5-0.9	LINC01451	14.626928527354156
chr9:137048911	445	49	219	0.0033415730337078	0.0399707865168539	0.1101123595505618	0.4921348314606741	0.72248834	PIP_0.5-0.9	ENSG00000236394	35.12921211313621
chr9:13769128	447	3	105	0.0041677852348993	0.0443914988814317	0.0067114093959731	0.2348993288590604	0.9926944	PIP>0.9	ENSG00000288556	11.285816489062878
chr9:13796577	447	13	109	-0.0002729306487695	0.0638434004474273	0.029082774049217	0.2438478747203579	1.0	PIP>0.9	ENSG00000288556	12.670912654051673
chr9:14858213	448	10	113	-0.0001696428571428	0.0448482142857142	0.0223214285714285	0.2522321428571428	0.5207336	PIP_0.5-0.9	RNU6-1260P	10.087725825525547
chr9:15986699	440	34	139	-0.00225	0.0457818181818181	0.0772727272727272	0.3159090909090909	0.0332312	PIP<0.1	RNU6-14P	15.937430790580883
chr9:16321120	445	44	150	0.002552808988764	0.0437573033707865	0.098876404494382	0.3370786516853932	0.9764786	PIP>0.9	LINC03041	18.89563342604317
chr9:16491117	445	8	115	-0.0029168539325842	0.0436629213483146	0.0179775280898876	0.2584269662921348	0.9995218	PIP>0.9	ENSG00000231756	11.081676481350089
chr9:16862574	443	12	121	0.0017584650112866	0.0400293453724605	0.0270880361173814	0.27313769751693	0.42832696	PIP_0.1-0.5	BNC2	12.306363865603643
chr9:17424735	440	112	186	0.0030068181818181	0.1028113636363636	0.2545454545454545	0.4227272727272727	0.020998776	PIP<0.1	SAMM50P1	10.226642950855268
chr9:18176219	442	32	130	0.0016515837104072	0.033420814479638	0.0723981900452488	0.2941176470588235	0.99999624	PIP>0.9	ENSG00000227167	28.911972270537436
chr9:18695140	442	5	88	0.0003076923076923	0.0526425339366515	0.0113122171945701	0.1990950226244343	0.62540996	PIP_0.5-0.9	RAP1BP1	22.451558311741685
chr9:19479127	449	12	104	0.0020890868596881	0.0382048997772828	0.0267260579064587	0.2316258351893095	0.5445313	PIP_0.5-0.9	MAP1LC3BP1	17.088830220030484
chr9:20231526	443	19	131	-0.0018848758465011	0.0378261851015801	0.0428893905191873	0.2957110609480812	0.08112955	PIP<0.1	ENSG00000237434	12.958365661581135
chr9:22659811	436	17	140	-0.0063256880733944	0.0424541284403669	0.0389908256880734	0.3211009174311927	0.9992199	PIP>0.9	LINC01239	45.574944200909655
chr9:23737782	443	1	77	-0.0033950338600451	0.0434898419864559	0.0022573363431151	0.1738148984198645	0.42803586	PIP_0.1-0.5	NOP56P2	12.838431841249196
chr9:247061	443	68	154	-1.1286681715575568e-05	0.0349683972911963	0.1534988713318284	0.3476297968397291	0.99743766	PIP>0.9	ENSG00000235880	30.448406176769144
chr9:24870635	441	2	63	-0.0002494331065759	0.0523038548752834	0.0045351473922902	0.1428571428571428	0.9552508	PIP>0.9	RMRPP5	12.525248838128276
chr9:25290232	448	23	140	0.0011986607142857	0.0440424107142857	0.0513392857142857	0.3125	0.4362867	PIP_0.1-0.5	RN7SKP120	13.342997678274024
chr9:26976172	438	33	131	-0.0003173515981735	0.040445205479452	0.0753424657534246	0.2990867579908676	0.9140919	PIP>0.9	IFT74-AS1	16.996895816691293
chr9:27688963	447	261	321	0.0118814317673378	0.155496644295302	0.5838926174496645	0.7181208053691275	0.99997455	PIP>0.9	CTAGE12P	29.89355713631856
chr9:28000269	447	9	142	-0.0004809843400447	0.0513400447427293	0.0201342281879194	0.3176733780760626	0.7358123	PIP_0.5-0.9	ENSG00000260412	32.19674326371695
chr9:29087170	426	2	50	-0.0031737089201877	0.0596572769953051	0.0046948356807511	0.1173708920187793	0.12617636	PIP_0.1-0.5	LINGO2	18.020598686948688
chr9:31123742	448	65	204	-0.003703125	0.0906004464285714	0.1450892857142857	0.4553571428571428	0.005328238	PIP<0.1	ENSG00000223421	23.382307735671294
chr9:31335086	437	5	97	-0.004649885583524	0.0696109839816933	0.011441647597254	0.2219679633867277	0.0537892	PIP<0.1	LINC01243	15.962332042860725
chr9:3134949	438	3	111	-0.0023173515981735	0.0393127853881278	0.0068493150684931	0.2534246575342466	0.733591	PIP_0.5-0.9	LINC01231	24.04462371309144
chr9:31589987	441	4	94	-0.0055646258503401	0.0650068027210884	0.0090702947845804	0.2131519274376417	0.025744557	PIP<0.1	HMGB3P23	11.60778005630994
chr9:31647564	439	13	98	0.0035148063781321	0.0438291571753986	0.0296127562642369	0.2232346241457858	0.8375194	PIP_0.5-0.9	HMGB3P23	21.521789966898584
chr9:32669034	437	1	76	0.0048421052631578	0.0446590389016018	0.0022883295194508	0.1739130434782608	1.0	PIP>0.9	SNRPCP1	40.70871810860766
chr9:33675492	437	65	138	-0.0003890160183066	0.0280594965675057	0.148741418764302	0.3157894736842105	0.031407595	PIP<0.1	ENSG00000287495	14.710382200661394
chr9:33880433	432	68	103	0.0019166666666666	0.0214629629629629	0.1574074074074074	0.2384259259259259	0.227418	PIP_0.1-0.5	TRBV29OR9-2	22.169509968075836
chr9:37062124	442	17	126	-4.298642533936637e-05	0.0350158371040724	0.0384615384615384	0.2850678733031674	0.63827574	PIP_0.5-0.9	LINC01400	25.459328276422568
chr9:37122920	432	27	143	-0.0007916666666666	0.040074074074074	0.0625	0.3310185185185185	0.012744069	PIP<0.1	ZCCHC7	32.78136717244795
chr9:3734805	441	7	108	-0.0042947845804988	0.0376054421768707	0.0158730158730158	0.2448979591836734	0.07192665	PIP<0.1	ENSG00000226669	15.555022416920767
chr9:37383809	447	75	224	0.0011946308724832	0.0554630872483221	0.1677852348993288	0.5011185682326622	0.14264834	PIP_0.1-0.5	LINC01627	16.654443549241133
chr9:38706932	446	14	121	-0.0016973094170403	0.0379618834080717	0.0313901345291479	0.2713004484304933	0.6316262	PIP_0.5-0.9	FAM240B	25.406908283223984
chr9:41560814	452	147	389	-0.0105951327433628	0.1229756637168141	0.3252212389380531	0.8606194690265486	0.56881815	PIP_0.5-0.9	RN7SL565P	9.964652062854231
chr9:42570028	397	37	154	0.0005869017632241	0.0917959697732997	0.0931989924433249	0.3879093198992443	0.8827653	PIP_0.5-0.9	ENSG00000275297	10.347446217930246
chr9:42851397	438	335	373	-0.0121598173515981	0.1690593607305936	0.7648401826484018	0.8515981735159818	0.012921691	PIP<0.1	ANKRD20A7P	22.68975570590149
chr9:5839963	444	9	167	-0.0004999999999999	0.0450495495495495	0.0202702702702702	0.3761261261261261	0.9686831	PIP>0.9	AK4P4	17.579121543716134
chr9:61550220	222	14	59	-0.0024639639639639	0.042572072072072	0.063063063063063	0.2657657657657657	0.01165086	PIP<0.1	ENSG00000231454	13.94068172403511
chr9:66858774	421	44	142	-0.001667458432304	0.0532589073634204	0.1045130641330166	0.33729216152019	0.6070827	PIP_0.5-0.9	ENSG00000277490	16.567924297932507
chr9:69199686	446	37	143	-0.0016076233183856	0.0364955156950672	0.0829596412556053	0.3206278026905829	0.0057970285	PIP<0.1	TJP2	17.113294398018592
chr9:69566182	437	1	98	0.0027139588100686	0.043578947368421	0.0022883295194508	0.2242562929061785	0.9693473	PIP>0.9	ENSG00000229312	11.649507850280555
chr9:70461513	436	4	72	0.0028256880733944	0.0400825688073394	0.0091743119266055	0.1651376146788991	0.24691057	PIP_0.1-0.5	ENSG00000289159	16.78384471497764
chr9:71057440	440	5	66	-0.0003795454545454	0.054765909090909	0.0113636363636363	0.15	0.01710689	PIP<0.1	PIGUP1	13.133511319195184
chr9:71067906	440	13	88	-0.0002022727272727	0.0471022727272727	0.0295454545454545	0.2	0.1827184	PIP_0.1-0.5	PIGUP1	16.5406667421622
chr9:7534504	444	3	86	-0.0001193693693693	0.0502725225225225	0.0067567567567567	0.1936936936936936	0.9987212	PIP>0.9	RPL4P5	20.49566856308486
chr9:75839785	441	1	73	-0.0002176870748299	0.0538820861678004	0.0022675736961451	0.1655328798185941	0.082922995	PIP<0.1	PCSK5	21.39122713667809
chr9:76063104	449	82	163	0.0004298440979955	0.0260957683741648	0.1826280623608017	0.3630289532293986	0.54258686	PIP_0.5-0.9	PCSK5	17.487500900533867
chr9:76318940	450	18	130	0.00032	0.0303244444444444	0.04	0.2888888888888888	0.6367817	PIP_0.5-0.9	RBM22P5	10.665347269981568
chr9:79302316	445	8	97	0.0020224719101123	0.0431370786516853	0.0179775280898876	0.2179775280898876	0.96423167	PIP>0.9	CHCHD2P9	15.8777021850207
chr9:80220119	441	26	101	0.0031496598639455	0.0373356009070294	0.0589569160997732	0.2290249433106576	0.10720235	PIP_0.1-0.5	NPAP1P4	16.074980724804927
chr9:8112692	441	2	84	-0.0023741496598639	0.0601700680272108	0.0045351473922902	0.1904761904761904	0.28342134	PIP_0.1-0.5	ENSG00000231902	11.06335374760451
chr9:81891262	435	31	129	0.0015333333333333	0.0445540229885057	0.0712643678160919	0.296551724137931	0.7843397	PIP_0.5-0.9	ENSG00000200969	46.41450924821348
chr9:83271292	439	69	142	0.0001230068337129	0.0291526195899772	0.1571753986332574	0.3234624145785877	0.18593681	PIP_0.1-0.5	ENSG00000237529	13.074523316109367
chr9:8430073	443	8	110	0.0072437923250564	0.0490857787810383	0.0180586907449209	0.2483069977426636	0.8826409	PIP_0.5-0.9	ENSG00000235389	22.800400912605284
chr9:84341087	441	9	108	-0.0026780045351473	0.0342154195011337	0.0204081632653061	0.2448979591836734	0.012391269	PIP<0.1	SLC28A3	15.559591506995533
chr9:86042223	440	79	199	0.0018227272727272	0.04895	0.1795454545454545	0.4522727272727272	0.99999946	PIP>0.9	GOLM1	36.426969117610426
chr9:87148143	427	52	170	-0.0006580796252927	0.0400538641686182	0.1217798594847775	0.3981264637002342	0.1280669	PIP_0.1-0.5	LINC02872	14.291291327701202
chr9:87226784	436	1	79	0.0047522935779816	0.0482339449541284	0.0022935779816513	0.1811926605504587	0.026230752	PIP<0.1	ENSG00000212421	11.679402543816291
chr9:87652299	446	116	219	0.0029686098654708	0.0566233183856502	0.2600896860986547	0.4910313901345291	0.99998397	PIP>0.9	CTSL	10.303320117559256
chr9:88692942	438	23	126	-0.0005228310502283	0.0462899543378995	0.0525114155251141	0.2876712328767123	0.9745585	PIP>0.9	LINC02843	16.117603438589487
chr9:89570512	440	22	150	0.0009204545454545	0.036925	0.05	0.3409090909090909	0.03952682	PIP<0.1	ENSG00000285907	29.78378005710004
chr9:90213511	434	39	131	0.0003479262672811	0.0264262672811059	0.0898617511520737	0.3018433179723502	0.30494094	PIP_0.1-0.5	OR7E31P	15.292676190991273
chr9:90403767	432	5	98	-0.0022291666666666	0.0472430555555555	0.011574074074074	0.2268518518518518	0.1491518	PIP_0.1-0.5	LINC01508	43.87261560060225
chr9:90413274	435	19	116	0.001983908045977	0.0292344827586206	0.0436781609195402	0.2666666666666666	0.0136704445	PIP<0.1	LINC01508	21.64773193111866
chr9:91093934	445	36	152	0.0050898876404494	0.0519213483146067	0.0808988764044943	0.3415730337078652	0.89284205	PIP_0.5-0.9	LINC00484	19.976668355770784
chr9:94242684	438	9	68	0.002107305936073	0.0386917808219178	0.0205479452054794	0.1552511415525114	0.03825724	PIP<0.1	ZNF169	17.928790388420428
chr9:96526954	426	62	109	0.0017957746478873	0.0306173708920187	0.1455399061032863	0.2558685446009389	0.09431535	PIP<0.1	HABP4	13.504041221361591
chr9:97865282	430	7	78	-0.0022418604651162	0.0482837209302325	0.0162790697674418	0.1813953488372093	0.9870178	PIP>0.9	FOXE1	10.00090491347385
chr9:97894656	434	21	112	0.0009677419354838	0.0362258064516129	0.0483870967741935	0.2580645161290322	0.07052499	PIP<0.1	Y_RNA	23.355195284235005
chr9:98423478	444	4	109	-0.0012747747747747	0.0385225225225225	0.009009009009009	0.2454954954954954	0.82077265	PIP_0.5-0.9	TBC1D2	15.841843599094428
chr9:98657496	434	7	100	-0.0031175115207373	0.0389838709677419	0.0161290322580645	0.2304147465437788	0.08598298	PIP<0.1	GABBR2	15.02856742441655
chr9:98869222	448	10	102	0.0005290178571428	0.0384040178571428	0.0223214285714285	0.2276785714285714	0.5242071	PIP_0.5-0.9	ENSG00000267026	19.099792856326104
