variant_id	best_cpg	n_cpgs	cpg_snp_any	pip	pval_nominal	slope	score_weighted	score_elasticnet	nearest_gene	dist_to_tss	cpg_island	ccre	sv_implicated
chr10:30752051:A:G	chr10_30752054	25	False	1.0	1.447411912909803e-153	-1.2871453	40.072531700664	0.2778288068176368	LINC02644	28804	no	dELS	True
chr2:74958729:G:T	chr2_74934884	405	False	1.0	1.9028918650796155e-162	1.3394295	38.141378995882455	0.4331478663621203	LINC01293	-5373	no	none	False
chr17:43766611:C:G	chr17_43766598	19	False	0.98292327	1.8568406894666608e-146	-1.2534003	38.10273250407955	0.3496253987329754	SOST	7808	no	dELS	True
chr9:122219390:C:T	chr9_122226227	124	False	1.0	1.8574050352937465e-119	-1.232888	37.73767601666648	0.2474432519906736	LHX6	-3398	yes	pELS	True
chr10:86207780:C:T	chr10_86207777	2	False	1.0	8.205520738226076e-134	-1.2443309	37.67860207666583	0.2698292449264217	MIR346	-57010	no	CA	True
chr17:13318137:C:T	chr17_13318134	2	False	1.0	1.5063421162577575e-156	-1.2534275	37.50096607465491	0.3779561174949114	LINC02093	11364	no	none	True
chr19:12766150:G:C	chr19_12766128	49	False	1.0	7.982574632913142e-173	1.2497106	37.3894978109183	0.3289093945109443	BEST2	14427	yes	dELS	True
chr10:113680160:G:T	chr10_113678602	13	False	1.0	1.9406828384701894e-102	-1.2675449	37.29015145888427	0.1762209927737646	CASP7	-559	no	none	False
chr10:3047225:T:C	chr10_3047228	2	False	1.0	5.073086378417839e-116	1.1635197	37.21910387899256	0.2579307778858084	ENSG00000287560	146	no	PLS	True
chr6:3978023:A:C	chr6_3978046	48	False	1.0	2.0214226990546687e-155	-1.1575081	37.15214027767469	0.2018737892238662	GLRX3P2	-15	no	PLS	True
chr9:128192959:A:G	chr9_128193158	73	False	0.98998344	1.1818710915308233e-104	-1.1454811	37.14325552711536	0.2970414683579052	DNM1	1504	yes	pELS	True
chr17:79629112:C:T	chr17_79629109	4	False	1.0	2.744745248057878e-156	-1.1577557	37.08685855345557	0.4039779642020296	RBFOX3	18059	no	dELS	False
chr5:3535822:T:C	chr5_3535819	4	False	1.0	1.2408300406070029e-87	1.1185085	36.942114662967214	0.2604480749924538	LINC01019	-274	yes	CA-H3K4me3	True
chr11:134889867:T:C	chr11_134889864	4	False	1.0	2.493844272490101e-165	1.2372099	36.937669901625625	0.3252835554726507	LINC02697	-60843	no	TF	True
chr10:14236131:C:A	chr10_14236128	4	False	1.0	2.095121021803667e-147	-1.2518092	36.87053896950077	0.2844385218095402	ENSG00000285671	-135872	no	dELS	False
chr2:30447171:T:C	chr2_30446892	11	False	0.8742222	1.7278347366323874e-132	1.2918041	36.52090113374686	0.4606688571383011	LCLAT1	-333	no	pELS	True
chr9:21509659:C:T	chr9_21509656	1	False	1.0	8.500448381013781e-133	-1.126706	36.30705153611206	0.3789067522248921	MIR31	-2528	no	dELS	True
chr17:5771076:C:G	chr17_5771108	66	False	0.9999987	1.0360898490295072e-144	1.1554334	36.29410273962301	0.3510208281013488	ENSG00000284837	-1125	no	pELS	False
chr17:47843212:T:C	chr17_47843214	15	False	0.8836426	1.696268815616056e-137	-1.377419	36.29124848846221	0.3699621061575133	SCRN2	1926	no	pELS	True
chr21:45556197:C:T	chr21_45556294	73	False	1.0	7.144437920105843e-168	1.2298081	36.2555406733283	0.3222579423593913	ENSG00000288885	647	yes	pELS	False
chr17:76504302:G:C	chr17_76504189	17	False	1.0	4.15401871234776e-147	-1.2643187	36.16388842008948	0.3279612692769889	RHBDF2	2400	no	none	False
chr10:118938179:C:T	chr10_118938176	1	False	1.0	1.6101427287849876e-157	-1.3304772	36.156320352418845	0.275249804372579	LDHAP5	4882	no	none	False
chr10:130576479:C:A	chr10_130576476	3	False	1.0	1.53182622485978e-149	-1.131197	36.14824083046111	0.2556916767948001	ENSG00000285529	50765	no	none	True
chr10:18936633:C:T	chr10_18936635	14	False	1.0	2.2794095984845904e-140	-1.1642648	36.03963895777237	0.2576791330492528	ENSG00000234813	-3865	no	none	True
chr15:40807151:C:T	chr15_40808139	22	False	0.99990237	9.792494324656975e-157	1.2771164	35.99724738640096	0.2190923753448456	DNAJC17	662	no	none	True
chr17:82751805:G:C	chr17_82750568	76	False	0.87697065	1.2428267861956765e-108	1.1607615	35.78186624205305	0.2278258692365115	TBCD	-1473	yes	none	True
chr9:11481233:C:T	chr9_11481230	1	False	1.0	1.6763906773346735e-163	-1.2289679	35.7482661934815	0.3831252265452808	ENSG00000285784	-137299	no	none	True
chr10:11863881:T:G	chr10_11863876	28	False	1.0	3.201050940793461e-128	1.4429965	35.68770391089203	0.2790390738412838	PROSER2-AS1	-30823	no	dELS	False
chr8:142670280:T:C	chr8_142670396	43	False	1.0	9.644352140430035e-130	-1.0848001	35.645644123244814	0.3669405395224609	PSCA	89	yes	pELS	False
chr12:630843:C:G	chr12_631100	70	False	1.0	7.4896955963588545e-165	1.1901137	35.60520088901817	0.2698048544131999	NINJ2-AS1	243	no	none	False
chr10:1553352:C:T	chr10_1553347	2	False	1.0	2.3606198097011376e-71	-0.9920546	35.58039051972688	0.2372180946172781	ADARB2-AS1	26711	yes	dELS	True
chr10:70762332:C:T	chr10_70762329	3	False	1.0	3.2170849272363876e-156	-1.2711176	35.42891957661369	0.2729678906704771	TBATA	-23071	no	none	False
chr10:127907787:T:G	chr10_127906109	2	False	0.9909316	1.2065500365260131e-87	1.1658154	35.37051711455938	0.1656519284764772	PTPRE	-993	no	pELS	False
chr10:75920852:C:T	chr10_75920849	1	False	1.0	1.1411057321100745e-134	-1.1915064	35.28366815460126	0.2778097793771409	ENSG00000228280	178110	no	CA-CTCF	False
chr10:13074699:C:A	chr10_13074696	4	False	1.0	6.138690789141312e-109	-1.180902	35.223011365034786	0.2584172412658481	RPL5P25	16021	no	CA-H3K4me3	True
chr17:81488583:C:A	chr17_81488654	35	False	1.0	3.987137938689269e-85	1.0465374	35.19539270511075	0.2461994432054776	ENSG00000289140	7003	yes	dELS	True
chr9:127424421:C:T	chr9_127419178	10	False	0.98559	1.342399488554159e-76	-1.4340497	35.17309917192413	0.230724351570518	ZNF79	-5195	no	none	True
chr5:151239432:C:T	chr5_151239421	87	False	1.0	4.302021684652717e-147	1.4566054	35.151547843674415	0.2557124070053416	CCDC69	15329	no	dELS	True
chr11:35351833:A:C	chr11_35351737	22	False	0.99952865	2.1387412010346902e-151	-1.2308611	35.150196445367605	0.2641258704408145	ENSG00000215380	-22527	no	none	True
chr7:3118068:A:G	chr7_3118087	12	False	1.0	4.795058277401451e-156	-1.21574	35.11891669962604	0.2876988034533613	ENSG00000228334	39	no	PLS	False
chr10:127906089:A:G	chr10_127906070	7	False	1.0	1.0110458852621287e-124	1.1243343	35.11723929964292	0.2430875943614744	PTPRE	-1032	no	pELS	False
chr10:15222689:A:C	chr10_15222686	2	False	0.99737954	8.465341989003771e-128	1.1468182	35.07089646215643	0.2725611952017799	ENSG00000232739	-14805	no	dELS	False
chr10:63872514:G:A	chr10_63872498	27	False	0.9999995	1.6656806679596071e-127	1.3030032	35.00084902598381	0.2557843485003154	RPL7AP50	-30746	no	CA-H3K4me3	False
chr10:120260759:T:C	chr10_120260756	2	False	1.0	8.432402625838235e-131	1.1699735	34.989826750304985	0.2753449602426172	RPL21P16	-94426	no	CA	False
chr19:7004521:G:A	chr19_7004499	35	False	1.0	4.0043732434786034e-179	1.1981552	34.96667390218738	0.3034083358680214	ENSG00000269761	-1574	no	CA-CTCF	True
chr17:48513357:T:G	chr17_48513272	8	False	1.0	5.545648227418993e-121	1.161648	34.965013924022884	0.2801467018008566	HOXB1	-17738	no	dELS	True
chr10:75380949:G:T	chr10_75380945	3	False	1.0	5.79702975486142e-129	-1.1466073	34.87007758305487	0.2445195173544419	SPA17P1	-1898	no	none	True
chr10:17839303:A:C	chr10_17839304	1	False	1.0	2.9079785139920632e-148	1.1736134	34.849661752180324	0.2769328534628256	MIR511	-5802	no	none	False
chr6:2971332:G:T	chr6_2972332	10	False	1.0	1.7876772782982595e-77	1.1927748	34.77331275278337	0.1307616561083563	SERPINB6	168	no	pELS	True
chr10:120484796:T:C	chr10_120484781	2	False	1.0	2.2596041896827842e-111	1.0855057	34.76694083181679	0.2326965192942943	PLPP4	27555	no	CA	True
chr2:88170344:G:C	chr2_88170013	135	False	0.9999883	2.368431489514878e-100	-1.1779608	34.68175759145058	0.410246594804923	THNSL2	-281	no	none	True
chr17:14330388:C:T	chr17_14330385	1	False	1.0	4.455412666835236e-104	-1.2166721	34.676633223076635	0.3171116406367782	ENSG00000266378	3051	no	dELS	True
chr17:57046387:C:T	chr17_57046599	58	False	1.0	2.119035337433323e-76	1.0129966	34.6540070334175	0.2224818586247271	RNF126P1	1122	yes	pELS	True
chr10:38280219:A:G	chr10_38280226	346	False	1.0	1.3719798020672596e-134	1.1423944	34.59538761743994	0.2396966478238312	ENSG00000234941	29624	no	none	True
chr17:74558581:A:G	chr17_74558720	16	False	1.0	2.661558921149264e-136	1.1653942	34.559677387426795	0.3127246478233131	ENSG00000236770	5984	no	dELS	False
chr17:83104747:C:T	chr17_83103711	41	False	0.99853146	2.1697658245608026e-111	1.1504431	34.511885036282166	0.225702306232714	ENSG00000261888	-543	yes	pELS	True
chr10:75062502:G:A	chr10_75062524	23	False	0.9998899	1.0978434161498584e-107	-1.0549555	34.46119640062449	0.2238498883781416	DUSP29	-11117	no	dELS	True
chr10:46228732:T:C	chr10_46228759	11	False	0.9955127	4.536797540251756e-103	1.4146943	34.45865233898908	0.2350966012106101	ANTXRLP1	-44797	no	dELS	True
chr10:133226659:C:A	chr10_133226570	32	False	0.9923551	3.362996200155052e-81	0.9915984	34.42007205008609	0.2046929698187478	UTF1	-3646	yes	dELS	False
chr10:94363069:C:T	chr10_94363401	10	False	0.99999815	5.449912435202754e-52	-1.0675919	34.37108234275806	0.1659953603045076	NOC3L	443	no	none	True
chr7:128461555:G:A	chr7_128461268	3	False	1.0	1.0303927602174369e-147	1.2579197	34.34205660578072	0.2186537406262098	EFCAB3P1	-5294	no	none	True
chr5:491711:G:C	chr5_491712	3	False	1.0	1.1169424362481868e-72	-1.0440599	34.30772238461723	0.2659642452546384	SLC9A3-AS1	18477	yes	CA-H3K4me3	True
chr10:101939322:G:A	chr10_101939250	10	False	0.99999267	1.7198001190645933e-104	1.229496	34.30358320172388	0.2114439285012333	Y_RNA	-13453	no	none	True
chr10:66924868:C:T	chr10_66924865	2	False	1.0	3.3743416947412606e-120	-1.2099024	34.299098501288874	0.2477914325892456	LRRTM3	-1170	no	none	True
chr10:43088968:C:T	chr10_43088959	6	False	1.0	6.334899883895522e-103	-1.1000115	34.24681211819989	0.2378711169502507	RET	11896	no	CA-H3K4me3	True
chr17:16506402:T:C	chr17_16506399	1	False	1.0	4.1320691639894927e-128	1.1290759	34.24403373885822	0.3657397576670774	LRRC75A	14207	no	dELS	False
chr17:76239124:A:C	chr17_76239148	20	False	0.99991053	4.738969880057061e-102	-1.1851596	34.22793076143606	0.2825342821493468	RNF157	-1344	no	pELS	True
chr5:73814567:C:T	chr5_73814564	2	False	0.9775294	1.8701001491016097e-144	-1.2003251	34.2193367686438	0.2541908851899025	ENSG00000184084	10966	no	pELS	True
chr10:125023122:C:T	chr10_125023119	2	False	1.0	4.3179819614772165e-115	-1.2394857	34.14424246731156	0.2721747717205044	MIR4296	-9750	no	dELS	False
chr10:76990980:C:T	chr10_76990977	2	False	1.0	4.184787720829929e-150	-1.1878006	34.14219847890241	0.2680613033039877	KCNMA1-AS1	102934	no	none	False
chr10:129911455:C:G	chr10_129911451	1	False	0.9970996	8.275211918703604e-149	1.2026045	34.12337604106617	0.2643344329395268	EBF3-AS1	53814	no	none	False
chr17:410351:G:T	chr17_410842	70	False	0.95748746	1.839284984651852e-69	-1.0475729	34.11772555985608	0.1974738949117061	C17orf97	518	no	none	True
chr11:6926908:T:G	chr11_6885854	904	False	1.0	8.615397186670161e-102	1.1290243	34.09247265169026	0.1944570329786898	OR2D2	-6645	no	none	False
chr10:26669956:A:C	chr10_26669953	2	False	1.0	5.435515291777185e-128	1.1120445	34.08145501409375	0.2473942571096294	FAM238B	19400	no	none	True
chr2:233729157:T:C	chr2_233729154	3	False	1.0	7.16207960718706e-138	1.1797303	34.06575687768688	0.4547242907447365	UGT1A3	113	no	PLS	True
chr7:42192823:T:C	chr7_42192820	2	False	1.0	1.7449590026941006e-164	1.2050581	34.049470728070546	0.3136493078218598	GLI3	-71279	no	dELS	False
chr4:165517305:T:C	chr4_165517306	1	True	1.0	5.664710848882869e-126	1.2091271	33.976265720162374	0.2703013789910667	SCGB1D5P	-194	no	pELS	True
chr5:168653294:T:C	chr5_168653291	3	False	1.0	9.820680770667396e-156	1.1675727	33.97131486142358	0.2636999538517094	ENSG00000254192	-1221	no	pELS	False
chr17:70934698:A:G	chr17_70934694	1	False	1.0	1.606444285839259e-110	1.0675868	33.94699197707344	0.3166156239838201	ENSG00000271101	-77302	no	dELS	True
chr6:90688630:C:A	chr6_90688627	2	False	1.0	2.3516375730936625e-163	-1.2442031	33.944040441826345	0.2493487417055862	MAP3K7	101542	no	CA	False
chr9:69133363:G:A	chr9_69133364	5	True	1.0	3.2628907647829944e-116	-1.0641314	33.930050864557344	0.3681061552383023	TJP2	12101	no	dELS	True
chr2:49277982:T:C	chr2_49277979	3	False	1.0	3.336471881863586e-156	1.180358	33.919182248268825	0.4457421893473409	RNU6-439P	44081	no	dELS	True
chr2:235105825:A:C	chr2_235105822	1	False	1.0	2.024314328930348e-150	1.2765584	33.90788562571038	0.4495167372029409	ENSG00000226542	17237	no	dELS	True
chr10:49036103:A:G	chr10_49036260	12	False	1.0	1.7390544975157142e-105	1.221908	33.89874838645179	0.1993250203406761	ENSG00000233665	43215	no	dELS	True
chr11:116829279:A:G	chr11_116829280	1	True	0.9998246	1.1535392079675659e-120	1.1336191	33.877042770114585	0.3080596192443542	APOC3	-425	no	pELS	True
chr9:5768609:C:T	chr9_5768793	4	False	0.99993753	4.273742368779812e-126	-1.1475734	33.84279246384358	0.2910128766008198	ENSG00000225408	48550	no	dELS	True
chr4:169867382:T:C	chr4_169867379	5	False	1.0	1.6530943920443792e-150	1.2042936	33.82053689407788	0.2433650182677554	ENSG00000287660	34	no	none	True
chr11:12962505:T:G	chr11_12962544	11	False	1.0	2.642436305153381e-136	-1.230226	33.8107333122616	0.2709303864527745	LINC00958	-27052	no	none	True
chr10:46059891:A:G	chr10_46051208	45	False	0.999786	3.581615228527546e-134	-1.1971782	33.77459498680639	0.1265905409106162	MSMB	3029	no	dELS	True
chr9:98933915:T:C	chr9_98933912	2	False	1.0	2.624636587780024e-161	1.1895468	33.757159403014924	0.4037667957245572	COL15A1	-9266	no	none	False
chr10:59297082:C:T	chr10_59297079	1	False	0.9999835	2.582736502662073e-120	-1.26259	33.75559128891216	0.2511962983426541	ENSG00000236556	14933	no	none	True
chr10:14696028:A:G	chr10_14696011	2	False	1.0	1.6851905801528366e-119	1.1487467	33.74298178456376	0.2455976085411928	RPSAP7	-28043	no	dELS	False
chr10:102433069:G:T	chr10_102433166	26	False	1.0	2.4298438456093297e-88	-1.3246427	33.70449788886067	0.2039494749259415	CUEDC2	583	no	pELS	True
chr17:17501182:C:T	chr17_17501300	23	True	1.0	8.45273549322416e-102	-1.2472931	33.686396126813335	0.2536010014986035	ENSG00000286430	-2704	no	none	True
chr10:58058184:C:T	chr10_58058190	1	False	0.9997374	5.376068840997955e-101	-1.0826988	33.68107652550448	0.2429521247178374	ENSG00000232115	-48688	no	CA	True
chr12:42145045:C:G	chr12_42145396	23	False	0.9805453	1.2486353471765844e-82	-1.0805087	33.668913940661255	0.2582421229496402	GXYLT1	523	no	pELS	True
chr4:1025884:T:C	chr4_1025881	1	False	1.0	1.942605888029868e-133	1.1618176	33.61172121231641	0.2544970529230771	ENSG00000250259	-1796	no	pELS	True
chr10:11894846:C:T	chr10_11894843	1	False	1.0	2.6287691063874392e-31	-1.261271	33.603306694922125	0.2399603582536959	PROSER2-AS1	144	yes	PLS	True
chr17:206326:A:G	chr17_207268	33	False	1.0	2.0466708276210682e-131	-1.2869148	33.56224347720406	0.2387185099056554	LINC02091	15682	yes	dELS	True
chr10:21482421:T:C	chr10_21482418	1	False	1.0	4.6764785933663067e-113	1.154964	33.53084771712234	0.2428856864555099	Y_RNA	703	no	none	True
chr11:81868026:C:G	chr11_81868028	3	False	0.995595	4.035918044679632e-128	1.2214357	33.52404486934126	0.3095693305807714	MIR4300	-22807	no	dELS	True
chr9:31211161:T:C	chr9_31211311	425	False	1.0	2.0225114575182645e-143	-1.2270982	33.50144934682123	0.3356165841373936	SLC25A6P2	-42589	no	dELS	False
chr4:186191475:G:C	chr4_186192764	151	False	1.0	9.709212829266036e-71	0.96860754	33.49998690297557	0.2602230015324955	CYP4V2	1198	no	none	True
chr11:116217206:C:T	chr11_116217208	20	False	1.0	2.2474115915243202e-153	-1.2713482	33.481550209086684	0.3360762974828163	ENSG00000239600	265718	no	dELS	False
chr3:184017498:C:G	chr3_184017352	22	False	0.9999983	2.1920893340027583e-67	1.0400593	33.47535927188628	0.1936791260846693	ABCC5	-586	yes	pELS	True
chr17:8862095:C:T	chr17_8856936	26	False	0.9998613	3.4131963382025184e-114	1.0584543	33.46318076513259	0.1992431661160227	PIK3R6	-10740	no	dELS	True
chr10:10072207:C:T	chr10_10072212	2	False	1.0	5.494495502301602e-122	-1.11129	33.45621086960651	0.2386024613332295	LINC02670	13491	no	none	True
chr17:18421632:T:C	chr17_18419053	10	False	1.0	1.975906089616692e-104	-1.1509283	33.44097988422545	0.1922863943529699	YWHAEP2	748	no	none	True
chr3:108406767:C:T	chr3_108406749	32	False	1.0	7.336446992247625e-154	1.3077946	33.4003511152502	0.2542853703646924	HNRNPA1P17	79936	no	dELS	True
chr10:83507156:T:C	chr10_83507153	2	False	1.0	3.181312870332317e-113	1.3155243	33.37037417320023	0.2760632803661064	LINC02650	-169968	no	CA	False
chr7:142352914:G:T	chr7_142351656	15	False	0.9999953	1.203461407877996e-132	-1.1509588	33.36388157208859	0.1831556498630757	TRBV7-2	-1162	no	none	True
chr10:120177948:A:G	chr10_120177950	2	False	0.99843246	2.7209033322467358e-127	1.0367087	33.36341091926672	0.2494046000171491	ENSG00000223455	107792	no	none	True
chr10:100625309:T:C	chr10_100625306	4	False	1.0	8.683176776620566e-95	1.1305984	33.32566347559598	0.2520526463251881	Metazoa_SRP	-41702	no	dELS	True
chr4:1051037:C:G	chr4_1051030	24	False	0.9999995	4.426830424991397e-79	1.0960404	33.32473835158518	0.3389706640399944	ENSG00000250259	23353	yes	CA-H3K4me3	True
chr10:104387667:A:G	chr10_104387826	24	False	1.0	3.764430369956131e-120	-1.1631669	33.32402288814246	0.2107648457203579	CFAP58	33994	no	dELS	False
chr9:8335692:G:A	chr9_8335668	7	False	1.0	2.5448181572126017e-148	1.1861928	33.25403980772168	0.3320929428639402	ENSG00000235389	-365883	no	none	True
chr9:122219632:C:G	chr9_122227360	117	False	1.0	3.277507633363745e-104	-1.2665089	33.24836987555861	0.2094462603880696	LHX6	-2265	yes	PLS	True
chr17:20677588:G:A	chr17_20677891	534	False	1.0	2.378781374150216e-110	1.0787731	33.246310805556725	0.2399543730346637	ENSG00000236504	30605	no	none	True
chr10:123553252:G:A	chr10_123553335	38	False	1.0	1.7139301610223154e-98	1.0227522	33.24536047497649	0.198072208520766	ENSG00000286344	-6990	no	dELS	True
chr9:71129597:T:C	chr9_71129594	8	False	0.9494205	3.5264569456612373e-149	1.2136766	33.23642948281396	0.3711937881048134	PIGUP1	212094	no	none	True
chr17:82905981:T:C	chr17_82894055	39	False	0.99819267	9.335091755038859e-116	-1.112205	33.213620097742606	0.1757210445538495	ENSG00000262663	-24226	no	dELS	True
chr9:79397692:T:C	chr9_79397689	1	False	1.0	2.670679462478392e-154	1.2238016	33.199124979505164	0.3967067466750447	CHCHD2P9	6386	no	none	False
chr11:86422374:T:C	chr11_86422371	3	False	1.0	1.0313593113075901e-149	1.2072694	33.160253800475004	0.2910153705673203	ENSG00000254733	-9218	no	none	True
chr17:21490806:T:C	chr17_21490803	4	False	1.0	9.902701919283449e-116	1.1814326	33.15148260501914	0.3214441896017124	RPL21P120	-13754	no	none	True
chr7:158061349:T:C	chr7_158061346	7	False	1.0	9.494272377733316e-132	1.2190734	33.148579908491456	0.2874280464288863	ENSG00000231980	33974	no	dELS	True
chr5:25520514:T:G	chr5_25520505	1	False	0.9999832	1.8367689685698768e-131	1.3944087	33.14195854799347	0.2540001697647326	ENSG00000248605	74581	no	CA	True
chr10:100831697:A:G	chr10_100831701	1	False	1.0	1.3785214171741393e-111	1.2208481	33.11098229782729	0.267477214607288	Y_RNA	-75578	no	CA-H3K4me3	False
chr10:99458568:C:T	chr10_99458561	1	False	1.0	5.386910227560823e-97	-0.97594345	33.09551424068827	0.2346490134554338	GOT1-DT	27647	no	dELS	True
chr17:79044046:T:C	chr17_79044043	4	False	1.0	1.0885629722991054e-115	1.204065	33.06065382184296	0.3531474676896269	C1QTNF1-AS1	16371	no	pELS	False
chr10:19725221:C:G	chr10_19725227	3	False	1.0	4.8249142244448966e-116	1.0665219	33.05460920182478	0.2316103204559254	ENSG00000233968	-3334	no	none	True
chr7:135877941:T:C	chr7_135877929	19	False	1.0	5.0416660514094364e-157	1.2135433	33.05130063112895	0.2908654855202046	RNU6-223P	-82773	no	dELS	False
chr8:141327691:C:T	chr8_141327529	29	False	0.9994523	6.869061648015753e-144	1.2666315	33.04190183385903	0.3176693600979273	ENSG00000254291	1400	no	pELS	True
chr6:166752298:C:T	chr6_166752212	24	True	1.0	1.8666299801335663e-158	1.2355425	33.036702612944495	0.2053101216908001	ENSG00000235008	49374	no	dELS	False
chr6:166313485:G:C	chr6_166313867	14	False	0.99739194	1.2765656436653282e-131	1.168547	33.02673011971232	0.1577253027246689	ENSG00000287189	4364	no	none	True
chr17:335230:C:T	chr17_335334	35	False	1.0	6.236174148689851e-98	-1.1429542	33.024089942064464	0.2495429923757368	RPH3AL-AS1	4130	yes	dELS	True
chr5:4408712:C:G	chr5_4408708	1	False	1.0	7.412154609382636e-133	1.1513417	33.021282201044215	0.2470000822139829	ENSG00000260763	-31550	no	dELS	True
chr9:27690769:T:C	chr9_27690835	42	False	0.9801449	3.627787034478884e-120	-1.1782991	33.01912166173654	0.3068869412369124	CTAGE12P	80091	no	dELS	True
chr10:77513006:C:T	chr10_77513003	2	False	0.9928908	1.7979134899512448e-139	-1.197557	33.00751835041347	0.264851230021514	RNA5SP321	-74045	no	none	False
chr7:102279207:G:A	chr7_102279254	49	False	1.0	1.3228551325728174e-149	1.3008895	32.9918045970256	0.2725755116812911	SH2B2	-5836	no	none	False
chr17:71901793:G:A	chr17_71901800	3	False	0.92155373	4.415793271816211e-114	-1.0726765	32.96903921432982	0.3101398618290155	ENSG00000283517	30051	no	dELS	True
chr9:136296025:C:T	chr9_136296022	2	False	1.0	1.7115489580128388e-88	-1.1090779	32.96104736725168	0.3733498383326046	CCDC187	-10878	yes	dELS	False
chr9:15636262:C:A	chr9_15636183	18	False	0.9999817	1.0826191215880006e-115	1.1771612	32.950066948874294	0.3009295100378925	HMGN2P16	47829	no	CA	True
chr13:49620258:G:A	chr13_49619963	174	False	0.9999866	8.656318423128625e-157	1.2118223	32.94753866271387	0.1989346470964528	ENSG00000176882	-350	no	pELS	True
chr17:52482688:T:G	chr17_52482691	1	False	0.99967724	2.5486444577964577e-119	1.2150642	32.937540169389884	0.3262370739613595	LINC01982	92177	no	none	True
chr6:134882641:T:C	chr6_134882633	28	False	1.0	1.5667639855901965e-139	1.4765433	32.899665538612524	0.2405285569880368	MEMO1P2	-15240	no	dELS	False
chr12:9448558:C:T	chr12_9449059	43	False	0.98991686	3.712762660582984e-76	-1.0549027	32.896709024792145	0.2470418954525966	ENSG00000284634	765	no	none	True
chr10:116163602:C:T	chr10_116163599	2	False	1.0	3.5893370520911443e-107	-1.3257571	32.87654253663748	0.2743302092108654	ENSG00000285587	-110670	no	dELS	False
chr6:31834907:A:C	chr6_31835643	52	False	0.99992067	4.445062860330552e-44	1.411588	32.85683138060607	0.1342130590955137	SNORD48	381	no	pELS	True
chr9:89798356:C:T	chr9_89798353	1	False	1.0	5.0760565117188116e-123	-1.1094525	32.84793676233693	0.38671889035915	ENSG00000226206	-1341	no	pELS	False
chr4:2665845:G:A	chr4_2665868	15	False	1.0	2.1213481576788688e-134	1.4142059	32.822340311155344	0.2362462447002085	Y_RNA	50645	no	dELS	True
chr17:35244527:G:A	chr17_35268968	270	True	1.0	1.2670985741414996e-105	1.1507454	32.81422820360419	0.1514994663088546	SLFN5	25898	no	dELS	True
chr2:237906181:A:C	chr2_237906153	303	False	0.9999965	1.4241624841066565e-170	-1.1335424	32.80354015281972	0.4448427124007142	SNORD39	36250	no	dELS	False
chr2:173899208:G:A	chr2_173899274	26	False	1.0	4.1347448528614337e-150	-1.1796837	32.80108502693357	0.3843753889514645	RPL5P7	26810	no	dELS	True
chr17:50508193:T:C	chr17_50508028	56	False	0.999925	3.034466431488592e-73	0.98622674	32.75956845784552	0.242325188914989	ENSG00000249451	-299	yes	pELS	False
chr4:167800352:C:A	chr4_167800349	3	False	1.0	1.5966107950638686e-163	-1.288227	32.74849708001298	0.2425733036086592	ENSG00000270336	58063	no	none	True
chr10:2942507:T:A	chr10_2942483	10	False	0.9999999	1.3549113283753264e-89	1.0744203	32.73438730451232	0.2171551936982515	ENSG00000231743	6463	no	CA-CTCF	True
chr17:79733322:G:A	chr17_79732962	408	False	1.0	7.972830738497803e-117	-1.1890824	32.67962991225571	0.2694140893412053	ENPP7	2020	no	pELS	False
chr11:105537821:C:T	chr11_105537829	1	False	1.0	4.890090203489866e-120	-1.118751	32.674183035416725	0.2817784449032154	CARD18	6133	no	CA	True
chr17:6655449:C:T	chr17_6655515	180	False	0.79841197	2.868328854900542e-129	1.1462897	32.66465684046847	0.3296293684178101	MIR4520-1	7	no	none	False
chr6:84681850:A:G	chr6_84681973	3	False	1.0	1.369554530480063e-125	-1.1485807	32.64423299422764	0.1708586349942383	TBX18-AS1	-5738	no	CA-CTCF	True
chr4:24333114:C:T	chr4_24333111	2	False	1.0	1.3603010730412468e-148	-1.2657391	32.59860297834949	0.277676714263869	ENSG00000289902	11658	no	CA-CTCF	False
chr10:114289948:C:T	chr10_114289945	4	False	0.99999774	5.478003141665402e-129	-1.1912814	32.598413188259855	0.2602112886769311	ENSG00000275024	8688	no	none	False
chr12:100888449:C:T	chr12_100888446	2	False	1.0	2.251505035836615e-152	-1.2081435	32.58400646132267	0.3101747611995186	ENSG00000257325	29185	no	none	True
chr10:133226636:G:A	chr10_133222442	52	False	0.99564517	3.4915748821326056e-54	-0.9017725	32.56459336277355	0.11969838701586	UTF1	-7774	no	none	True
chr11:60841939:T:C	chr11_60841646	11	False	0.94110847	1.0642182845312542e-71	1.0365087	32.53970012158119	0.2460637813608614	CCDC86	-466	no	none	True
chr10:43126920:T:A	chr10_43127026	44	False	0.996503	1.2751610370935457e-91	-1.1186583	32.535626287335354	0.1961685996432625	CSGALNACT2-DT	-11307	no	dELS	True
chr9:135291460:C:T	chr9_135291457	3	False	1.0	2.000182676789844e-128	-1.1882917	32.52592693894137	0.3883853445775788	ENSG00000233936	38750	no	dELS	False
chr3:42346048:T:G	chr3_42346031	9	False	1.0	6.605045244037664e-139	1.1262003	32.52033334917026	0.2396072031533791	EIF4BP4	5444	no	dELS	True
chr9:70938680:C:T	chr9_70938677	1	False	1.0	8.036791112499865e-127	-1.2947832	32.50166484186904	0.3606485981146208	PIGUP1	21177	no	none	True
chr12:75034414:C:T	chr12_75034411	2	False	1.0	1.522515312988128e-146	-1.3099203	32.48959661967758	0.3121013094237098	ENSG00000257434	13443	no	none	True
chr10:68713962:C:A	chr10_68713954	3	False	1.0	3.678557878322132e-85	-1.019226	32.480855996444845	0.2298295077116629	ENSG00000270494	-3840	no	dELS	True
chr7:80092985:T:C	chr7_80092982	1	False	1.0	1.1352943406260892e-146	1.1836796	32.471675812600104	0.2745492409256226	RPL10P11	-4232	no	none	True
chr7:98168805:G:A	chr7_98168787	17	False	1.0	1.0663465122061829e-146	1.322525	32.43785356489387	0.2887210933524477	BHLHA15	-42651	no	dELS	False
chr10:114597804:T:C	chr10_114597801	3	False	0.99971265	6.849240245884312e-107	1.1602098	32.43455926438138	0.2670895480414544	PPIAP19	-92832	no	dELS	False
chr10:80158826:G:A	chr10_80158932	16	False	0.99993616	3.345656815188813e-91	-1.157	32.420450073695626	0.1980486945705626	PLAC9	27251	no	dELS	True
chr17:32311466:C:A	chr17_32311461	8	False	1.0	5.367317593282605e-91	1.0179062	32.41832481577132	0.2884685478624189	ENSG00000265794	-12969	no	dELS	True
chr8:143617254:G:C	chr8_143632585	15	False	1.0	2.016385720302272e-95	-1.1399877	32.401772348482154	0.2223158450423162	ENSG00000254812	-1170	no	PLS	True
chr13:110438382:C:T	chr13_110438379	3	False	1.0	1.116529274556773e-112	-1.1726784	32.36687855420048	0.3875364231856361	COL4A2-AS2	-24907	yes	dELS	False
chr3:124769002:A:G	chr3_124768990	13	False	1.0	1.0276211005473007e-135	1.2471579	32.36065116797869	0.255880329191688	ITGB5-AS1	-12164	no	dELS	True
chr10:65265486:T:C	chr10_65265808	1	False	0.997718	4.327878296359322e-110	1.0876127	32.34165193528399	0.1919795084047144	ENSG00000235356	-5510	no	none	False
chr10:53611659:T:C	chr10_53611656	4	False	1.0	3.1834286743330515e-89	1.1161058	32.339394190096485	0.2501818099926362	RNA5SP318	153460	no	CA-CTCF	True
chr9:126334195:C:T	chr9_126334192	5	False	0.9999931	1.0918353862573447e-120	-1.2271725	32.33110970134758	0.39088323388441	MVB12B	7364	no	dELS	False
chr10:18658450:G:A	chr10_18658424	25	False	0.9731424	7.79807473378645e-98	1.3194991	32.31644263982281	0.2376235571180815	NSUN6	-860	no	pELS	False
chr7:116806828:C:A	chr7_116806825	4	False	0.9998088	1.0581344175500928e-118	-1.1577288	32.30246094095254	0.2809448097893658	CAPZA2	-4244	no	dELS	True
chr9:136866722:G:C	chr9_136866834	19	False	0.9388199	2.774485008738349e-84	-1.2229108	32.30012728464071	0.3160316282568977	EDF1	527	no	pELS	False
chr17:81163152:C:A	chr17_81163149	6	False	0.9999852	4.8876549722326097e-82	-1.0910816	32.29800606385784	0.2922525579559014	PVALEF	-2357	no	dELS	True
chr10:5643338:C:T	chr10_5643335	4	False	0.9999504	7.785262914131052e-81	-1.1555067	32.290080307001624	0.2479542150725691	LASTR	10770	no	dELS	True
chr17:20031650:A:C	chr17_20031659	5	False	0.99970454	3.029785724669785e-89	-1.2254583	32.28579939095928	0.2780929793349899	SPECC1-DT	22426	no	dELS	True
chr5:10932581:T:C	chr5_10932578	1	False	1.0	1.0645194092916597e-150	1.1730397	32.269399604339114	0.2641057572463816	RNU6-429P	-94621	no	dELS	False
chr10:124571717:T:C	chr10_124571714	4	False	0.9853383	3.401761852562005e-113	1.2081338	32.24872450634159	0.2470814813629145	ENSG00000278831	-51638	no	dELS	True
chr10:27714630:C:T	chr10_27714620	5	False	1.0	1.1531431033331826e-87	-1.054195	32.23117185649839	0.2297636548592055	MKX-AS1	-30165	no	dELS	True
chr11:62123896:G:C	chr11_62122757	6	False	1.0	3.0759368355979457e-61	1.0030698	32.21510587221777	0.2161376694506984	ENSG00000285656	-1009	no	TF	True
chr3:119219272:T:C	chr3_119219156	7	False	1.0	3.126087259700092e-138	1.227711	32.20280335646385	0.2135773902834681	B4GALT4-AS1	-7329	no	dELS	True
chr2:206228835:C:T	chr2_206228832	3	False	0.99999994	3.828859752433514e-130	-1.2927539	32.18451689775741	0.4289427147529593	RN7SKP200	7518	no	dELS	True
chr17:19508169:C:T	chr17_19506645	15	False	0.91961765	3.415490547276245e-113	-1.2402554	32.16197591010962	0.2163576310741072	RPL17P43	9703	no	dELS	True
chr10:86939675:A:C	chr10_86940080	13	False	1.0	3.603302394824401e-90	1.0962371	32.15831421040749	0.1728144564201746	ENSG00000281974	-8596	no	none	True
chr5:16724054:C:T	chr5_16724051	1	False	1.0	1.332082886445755e-127	-1.114733	32.15586622696566	0.2478375279901845	Y_RNA	100957	no	dELS	True
chr10:10372103:T:C	chr10_10372092	1	False	1.0	4.224760087572754e-83	1.037119	32.14455669775103	0.2253799470314554	ENSG00000234306	5606	no	none	True
chr11:60291670:C:T	chr11_60291667	2	False	1.0	7.295436343510578e-144	-1.1805671	32.11940522639332	0.2865876270128203	MS4A6E	-35587	no	none	True
chr13:27424632:T:C	chr13_27425173	33	False	1.0	7.0966354193462125e-99	-1.0496596	32.09929872181928	0.2764876584380566	GTF3A	555	no	pELS	False
chr7:29547705:T:G	chr7_29547670	6	False	0.9995495	1.320425594999492e-138	1.2916049	32.08850503105552	0.274321431254629	GTF3C6P3	-3850	no	CA-TF	False
chr5:24554525:T:C	chr5_24554522	3	False	0.9973122	1.033905317271941e-136	1.2716718	32.0862381631204	0.2368575518483617	ENSG00000251294	505	no	none	True
chr9:9028880:C:A	chr9_9028883	1	False	1.0	6.931784899247235e-126	-1.1853461	32.08047290081841	0.3870259200572468	RPS26P3	-62014	no	CA	False
chr2:214809647:C:T	chr2_214854733	945	False	1.0	7.2990967940309475e-109	1.158357	32.079650847938275	0.3063001651679706	RPL10P6	7606	no	TF	True
chr2:131682500:G:C	chr2_131712788	475	False	1.0	4.964765998629494e-103	1.1672013	32.07665041047493	0.2947512103018052	NBEAP2	-9628	no	CA	True
chr10:46284209:G:A	chr10_46283445	41	False	0.99159557	2.1659504808343447e-102	1.2941744	32.0741638977658	0.1837352495834933	ANTXRL	-2899	no	none	False
chr7:110466108:A:C	chr7_110466105	3	False	1.0	1.500003029279893e-149	1.2141863	32.068281137434646	0.2757742987656597	ENSG00000226965	-68651	no	none	True
chr17:11746974:T:C	chr17_11746980	2	False	0.99999917	1.0530728771181802e-115	1.0738328	32.06629735911723	0.3070935384389283	ENSG00000263684	-134689	no	none	True
chr6:17066810:T:G	chr6_17066800	8	False	1.0	2.0743292728711032e-141	-1.1926914	32.05842170989057	0.2275364864172039	STMND1	-35249	no	none	False
chr10:44907724:C:T	chr10_44907721	1	False	1.0	3.415958448451564e-70	-1.3697565	32.05712440014969	0.2531398348319017	TMEM72	-3594	no	dELS	True
chr10:66023074:C:T	chr10_66023062	2	False	0.9702131	6.841936768113206e-136	-1.2007296	32.04913699788921	0.2444097246192315	ENSG00000273360	-56180	no	none	False
chr7:816683:C:T	chr7_815414	9	False	0.8915839	6.914212420057109e-89	1.0633345	32.04290185838654	0.1838476914908264	SUN1	-1200	no	pELS	True
chr9:133271745:T:C	chr9_133271842	74	False	0.99999297	1.2386414610910344e-99	-1.2098002	32.03209784110375	0.28637772038453	ABO	-4181	no	dELS	True
chr4:6513750:T:C	chr4_6513747	1	False	1.0	2.85167759835662e-150	1.1761787	32.022596729824	0.2721633361424851	PPP2R2C	-49852	no	dELS	False
chr2:149828846:T:C	chr2_149828839	2	False	1.0	3.118501752126383e-138	1.1570649	32.00510170481247	0.4095695697425159	LINC01931	-30351	no	none	True
chr9:62897671:A:G	chr9_62871365	134	False	1.0	1.0246963134149891e-81	-1.2596271	31.99592288567671	0.2081791604237489	ADGRF5P1	6409	no	none	False
chr17:35802063:A:G	chr17_35802287	25	False	1.0	1.014909634592723e-90	-1.1610959	31.98056233995485	0.2222205868406836	MMP28	6581	no	none	True
chr10:132331071:C:G	chr10_132331072	22	False	0.99970365	3.9701819315833794e-95	-1.23496	31.975343304088007	0.2518118797590481	STK32C	-774	no	none	True
chr10:10747855:T:C	chr10_10747862	3	False	1.0	9.5324720789592e-131	1.0663922	31.96065647043139	0.2446370856992853	ORMDL1P1	-28798	no	none	False
chr17:74309395:C:T	chr17_74309392	1	False	1.0	6.4089538132835065e-115	-1.1411117	31.95748558944085	0.348567466879916	ENSG00000266106	-397	no	none	False
chr10:15341878:A:G	chr10_15341875	9	False	0.90351254	1.5996222375671263e-116	1.1304446	31.95668815655757	0.2684692079487725	FAM171A1	-29413	no	dELS	False
chr10:113550016:A:G	chr10_113550028	4	False	0.99994123	1.1220472626003264e-92	-1.1513263	31.954192793952632	0.2407005545657837	HABP2	-808	no	pELS	False
chr10:129025856:G:C	chr10_129025851	1	False	0.9994633	7.574734290615253e-102	-0.9990642	31.953872535828488	0.2509822165509409	ENSG00000289400	-10905	no	dELS	False
chr10:71314521:G:C	chr10_71314901	11	False	1.0	6.257513990721352e-89	-1.0003195	31.953593595567263	0.1690697460980297	SLC29A3	-4357	no	dELS	True
chr9:133638697:T:C	chr9_133638694	2	False	1.0	7.481452066765861e-140	1.2235762	31.94162872688977	0.3873982655293557	DBH	2332	no	none	False
chr11:8878452:C:T	chr11_8878449	2	False	1.0	7.321946788016465e-130	-1.22662	31.933421976615364	0.2814337077003949	Y_RNA	932	no	none	True
chr17:8329767:T:G	chr17_8329764	1	False	0.9999969	8.689157909060691e-89	1.2352903	31.92698902929336	0.2972447781388055	ENSG00000212206	182	no	none	True
chr10:94222648:T:C	chr10_94222645	1	False	1.0	8.950113992777521e-102	1.193365	31.92659300000524	0.2416550279454488	ENSG00000228553	-4642	no	none	True
chr11:65791795:A:G	chr11_65790404	170	False	1.0	2.714398418104789e-118	-1.0971135	31.90989101134852	0.1952769268087852	OVOL1-AS1	-463	no	pELS	True
chr10:13118103:A:T	chr10_13118235	43	False	0.99996674	1.477278546669638e-103	1.1756905	31.90008596888727	0.208480324736946	SNRPGP5	13443	no	dELS	False
chr10:128481648:C:T	chr10_128481645	2	False	1.0	7.58431605056652e-105	-1.0946002	31.89100752795741	0.2638596667338552	ENSG00000234640	161432	no	CA-TF	False
chr10:9058241:C:T	chr10_9058238	9	False	0.9399902	4.160982052946325e-138	-1.2056679	31.886298638874905	0.2648270486233625	ENSG00000223808	88114	no	none	False
chr1:63237659:C:A	chr1_63237656	3	False	0.9932067	2.3684116791749068e-175	-1.1608019	31.88386814590181	0.3149572350730964	ENSG00000228734	-12263	no	none	True
chr10:78552650:G:A	chr10_78552644	1	False	1.0	2.711504047099666e-92	-1.1036216	31.88312415448228	0.24872101989422	ENSG00000282952	926	no	pELS	False
chr10:133097125:G:A	chr10_133097077	19	False	0.99999964	3.679623996825743e-84	1.0525072	31.874465353754854	0.2035549578451477	ADGRA1-AS1	8587	no	CA-H3K4me3	True
chr4:186191672:A:G	chr4_186192616	115	False	0.97612596	9.483798358108413e-66	0.8840892	31.86949505698039	0.2544378119161329	CYP4V2	1050	no	pELS	True
chr9:124798374:C:T	chr9_124798371	9	False	1.0	1.2277522037509927e-121	-1.1464726	31.867660070097045	0.3792932522553598	OLFML2A	21239	no	dELS	False
chr17:70920931:C:T	chr17_70920928	4	False	1.0	6.50057123116409e-132	-1.1287017	31.86172680722295	0.3617194945564544	ENSG00000271101	-91068	no	none	False
chr9:98103919:A:C	chr9_98103830	21	False	0.9945744	1.0316757530740916e-103	1.1287845	31.86097773303448	0.2861727811979287	Metazoa_SRP	-12054	no	dELS	True
chr10:98383436:C:G	chr10_98382425	5	False	0.99687105	1.8915534666967812e-110	-1.064775	31.85765186046642	0.1727486590065433	MIR1287	-12881	no	none	False
chr11:6013365:C:T	chr11_6013362	1	False	1.0	2.5131785968868543e-132	-1.2518836	31.84570173962331	0.283992894502421	RNA5SP329	-3633	no	none	True
chr10:20271220:C:G	chr10_20271212	9	False	0.9649633	2.8016758555796655e-107	-1.2013775	31.83225233034983	0.2556364578854264	AMD1P1	-78836	no	dELS	False
chr6:30717643:A:C	chr6_30718167	35	False	0.97981274	2.4960970155539044e-48	0.8928783	31.81457478539278	0.1204081816245911	MDC1	721	no	none	True
chr11:93850202:C:T	chr11_93844836	10	False	1.0	2.243395272615587e-64	-1.012714	31.8028230746347	0.1923116177338664	VSTM5	-5781	no	dELS	True
chr4:95645178:A:G	chr4_95645182	2	False	0.9999762	5.500706570724809e-127	1.1300151	31.79656850465038	0.2668207994403855	RPL30P6	-110	no	pELS	False
chr6:26134824:T:A	chr6_26134753	22	False	0.99913806	2.8111595284746818e-115	1.1839496	31.77293319076615	0.1768868287325276	H2AC6	10609	no	TF	True
chr6:30746702:T:C	chr6_30746699	3	False	1.0	1.3879626051809678e-103	1.107809	31.76687059874629	0.2106207970821933	IER3	2152	no	dELS	True
chr9:5275005:C:G	chr9_5275055	6	False	1.0	6.197014517136458e-103	1.1659096	31.7659079096965	0.2963086945630594	RLN2	-29660	no	CA-CTCF	True
chr2:112432634:A:T	chr2_112433181	382	False	0.9989683	3.628131654267089e-75	1.5419363	31.765880269578624	0.3724295453487163	RGPD8	-1306	yes	pELS	True
chr17:65604544:C:T	chr17_65604541	1	False	1.0	1.581207997920789e-126	-1.2145764	31.765217855610825	0.359086734855659	ENSG00000266076	-36491	no	none	False
chr10:42991438:C:G	chr10_42991439	1	False	0.99983776	5.73860733284984e-90	1.2384082	31.760735980526466	0.2750370335381485	MIR5100	-6123	no	dELS	False
chr6:150123895:C:T	chr6_150123873	9	False	1.0	1.7873149236043256e-114	1.1684588	31.756062537377733	0.1917892154209344	PPP1R14C	-19170	no	CA	True
chr8:78665491:A:C	chr8_78665382	99	False	0.9997352	2.707580536168039e-128	-1.1780088	31.754905588511257	0.3066008810091959	ENSG00000286675	-599	no	pELS	True
chr17:11872043:C:T	chr17_11872040	3	False	0.99974245	2.67539186439291e-102	-1.1375821	31.751538107374003	0.3357891798120351	ENSG00000263684	-9629	no	CA-H3K4me3	False
chr9:10414204:T:C	chr9_10414201	2	False	1.0	1.033220988013982e-126	1.2327765	31.750445919839656	0.3540603427004534	ENSG00000234360	-117943	no	none	True
chr12:124636811:C:T	chr12_124636815	4	False	0.98477435	9.734525384883352e-131	-1.3054745	31.74801378262633	0.3307614880028083	ENSG00000279087	-1628	no	pELS	False
chr17:19636650:T:C	chr17_19636647	10	False	1.0	1.064037287908467e-101	1.0658748	31.735504979494547	0.30740720810301	ENSG00000290544	7197	no	none	True
chr17:72579061:C:G	chr17_72579062	1	False	0.99049276	2.258117470938547e-105	-1.2531884	31.719147321625265	0.354181635932116	RPL32P33	-48168	no	dELS	False
chr10:120599832:C:T	chr10_120599837	1	False	1.0	6.093281461844607e-90	-1.1921219	31.718246025064857	0.2545613133081436	LINC01561	1889	no	pELS	False
chr9:130545681:T:C	chr9_130545678	5	False	0.9999989	6.750760227785566e-143	1.1760252	31.709405571413065	0.3806694941038344	ENSG00000289933	8745	no	none	False
chr10:52586230:C:T	chr10_52586227	5	False	1.0	2.7252955271680594e-128	-1.1894552	31.70372282491668	0.2612054157182014	LNCAROD	-169281	no	none	False
chr6:43896027:G:C	chr6_43896023	1	False	1.0	2.575547525518868e-129	1.1406374	31.698684730924946	0.2331447266750299	LINC01512	4979	no	dELS	False
chr10:30696987:A:G	chr10_30696905	16	False	0.99347043	3.7125068877287655e-82	-1.045489	31.673275933224264	0.1935587874090789	ENSG00000290952	3244	no	dELS	True
chr10:54675619:C:T	chr10_54675663	4	False	1.0	4.632772021805699e-86	-1.1032369	31.667671379271383	0.2086390870639259	MIR548F1	67707	no	dELS	True
chr9:105006401:A:C	chr9_105006407	2	False	0.9999994	7.494977490569796e-124	1.0996081	31.666845801326662	0.3307608071331597	CT70	14590	no	none	True
chr5:140740569:C:A	chr5_140740566	16	False	1.0	3.014472247878765e-143	-1.159821	31.64323862158125	0.2285550568310296	ENSG00000250515	7704	no	none	True
chr17:50199610:G:C	chr17_50199606	13	False	1.0	1.880184633256664e-36	-0.8541522	31.64059201815388	0.2370443702294443	ENSG00000249406	-269	yes	dELS	True
chr17:13042768:C:T	chr17_13042765	3	False	0.9999114	8.441422776399837e-100	-1.3504895	31.624102723157563	0.3028948402373156	ELAC2	24701	no	none	True
chr6:168901262:T:C	chr6_168901259	4	False	1.0	4.0837512923785975e-116	1.0455528	31.61599500861827	0.2116578703846915	ENSG00000225879	-63126	no	dELS	True
chr2:89977447:A:G	chr2_89977465	18	False	0.985979	6.94577991559606e-135	-1.1219691	31.60605645946445	0.3920931427811215	IGKV2D-26	-8456	no	TF	True
chr10:6239434:T:C	chr10_6239454	7	False	1.0	6.205968594928095e-76	-1.1740532	31.606005643099383	0.2197833815457189	Y_RNA	-6376	no	dELS	True
chr10:121821577:T:C	chr10_121821607	5	False	1.0	9.005720009220365e-105	1.2871815	31.59263801788552	0.2138810315959201	Y_RNA	-24992	no	none	True
chr10:128507390:T:G	chr10_128507391	1	False	1.0	1.1183371945642722e-78	1.2134573	31.58859092834081	0.2623137284244725	ENSG00000234640	187178	no	CA-CTCF	True
chr10:113573091:C:T	chr10_113573088	1	False	1.0	2.544168881652711e-96	-1.1123452	31.58302451268161	0.260957577504799	HABP2	22252	no	dELS	False
chr11:726581:T:C	chr11_722953	7	False	0.9974875	2.224670210581311e-82	1.0138417	31.57987199565099	0.219113103722631	ENSG00000269915	-4093	no	none	False
chr10:6900474:T:C	chr10_6900471	1	False	1.0	6.326872182318881e-122	1.2067603	31.577455629564724	0.2590643199457512	ENSG00000291288	27528	no	none	False
chr17:4757213:G:A	chr17_4757210	4	False	1.0	8.215459546167323e-83	-0.9776931	31.573157011869977	0.2848389121932149	TM4SF5	-14673	no	CA-CTCF	True
chr10:1064636:C:A	chr10_1058199	8	False	1.0	4.7512661200332653e-119	1.0969403	31.555839126727243	0.1229100236082389	WDR37	8662	no	pELS	True
chr17:11843129:T:C	chr17_11843117	1	False	1.0	5.664052185852372e-107	1.1364584	31.547567867383908	0.2840982444853602	ENSG00000263684	-38552	no	none	True
chr9:2307616:C:T	chr9_2307613	1	False	1.0	3.692042677033783e-94	-1.3725092	31.544868212451263	0.3518478498544161	RN7SL592P	78373	no	dELS	True
chr7:157716063:C:T	chr7_157716426	26	False	1.0	1.0886162129509992e-125	1.1788597	31.543343281042866	0.2022182073559274	ENSG00000231515	-24029	no	none	True
chr10:105919960:A:G	chr10_105919962	1	False	1.0	5.45821507196251e-82	0.9977379	31.53617742899419	0.2471047432173687	ENSG00000286609	-67764	no	dELS	True
chr7:157520518:A:G	chr7_157520374	90	False	1.0	2.2216124951356764e-119	-1.1686717	31.53541649281289	0.2172051145807164	ENSG00000280266	-5408	no	dELS	True
chr20:5593013:A:G	chr20_5593057	30	False	1.0	3.008394034898951e-140	1.145701	31.51722847718901	0.3778163264393211	GPCPD1	-17948	no	dELS	True
chr10:1240467:C:A	chr10_1241086	73	False	1.0	2.5861706165262138e-86	-1.1650703	31.498567013826985	0.1681220082294379	ENSG00000287043	32698	no	dELS	True
chr12:15551004:C:T	chr12_15551019	6	False	1.0	2.6464129189611785e-121	1.2362939	31.49389168639216	0.2902117247552928	ENSG00000243916	111493	no	dELS	True
chr17:13286594:A:G	chr17_13286583	3	False	0.9999998	7.828136711614956e-106	1.0366032	31.4928585337214	0.2850500185099603	LINC02093	-20187	no	none	True
chr6:169072664:G:A	chr6_169072658	2	False	0.9998405	8.481531925605111e-106	-1.0746096	31.485967057130445	0.2022621589495357	ENSG00000234519	4895	no	dELS	True
chr17:15609751:C:T	chr17_15609741	7	False	0.9997368	1.0238621108553897e-82	1.0035335	31.482223327886764	0.2659574367911678	FBXW10B	-9962	no	CA-CTCF	True
chr7:157626212:T:C	chr7_157626208	10	False	1.0	1.3225566790222486e-134	1.1523026	31.47898130213932	0.2988605078231069	ENSG00000222012	12186	no	dELS	False
chr17:32495589:C:T	chr17_32495564	23	False	0.9879776	8.034200175402399e-69	1.071532	31.465612191509408	0.2436219963957006	ENSG00000266718	29	no	pELS	True
chr5:488887:C:T	chr5_488884	5	False	1.0	2.04420303000138e-113	-1.1371342	31.458687352186644	0.2495003327975261	SLC9A3-AS1	15649	no	dELS	True
chr2:192731779:C:T	chr2_192731776	21	False	1.0	2.210191811047494e-171	-1.2106652	31.437206433489337	0.4782367604189891	PCGEM1	-18068	no	none	False
chr5:1856857:C:G	chr5_1856817	80	False	1.0	5.504959677837763e-41	-0.8376957	31.435130319997665	0.2025285024250427	LINC02116	250	yes	pELS	True
chr5:177291360:A:G	chr5_177291381	39	False	0.9817778	4.7012670802169605e-121	-1.0785788	31.433943249703628	0.2179959227428479	RAB24	-12362	no	dELS	True
chr10:55549007:C:A	chr10_55545558	7	False	0.99999994	2.5745756363391045e-92	-1.0737846	31.42911473300778	0.1382331015593711	ENSG00000228048	39340	no	CA	True
chr10:104456977:C:T	chr10_104456996	4	False	1.0	4.604935999306739e-73	1.3452418	31.428890541396683	0.2275203095924176	LINC02620	-23277	no	dELS	True
chr10:53660300:C:T	chr10_53660297	5	False	0.9998909	7.127910586972511e-105	-1.2064909	31.42822440968759	0.2446013265340827	ENSG00000233805	-106102	no	none	True
chr2:80772273:T:C	chr2_80772270	3	False	1.0	2.7509454031900176e-134	1.1703321	31.412497970944173	0.4123517919429962	ENSG00000230975	-97919	no	CA-H3K4me3	True
chr12:120384650:C:T	chr12_120384647	1	False	1.0	1.0398551389116931e-156	-1.197588	31.410085271696623	0.3199966984972103	ENSG00000256695	-4854	no	none	False
chr10:80376908:G:T	chr10_80376911	4	False	0.9874917	1.5173288909827466e-124	-1.0898566	31.39360246140473	0.2547920230476139	DYDC1	20157	no	none	False
chr17:54930710:C:T	chr17_54930707	2	False	0.9999997	9.650419519736949e-97	-1.4139235	31.38583981817297	0.2983655369461023	ENSG00000279059	-27718	no	none	True
chr11:692908:T:C	chr11_692889	35	False	0.99911386	1.7231091643301408e-100	1.270967	31.38184617508637	0.2655512405493714	EPS8L2	-1548	no	dELS	True
chr10:54627098:T:C	chr10_54627087	1	False	0.9999999	2.5584106222568727e-123	1.1309999	31.377008445238083	0.2381513297223646	MIR548F1	19131	no	none	False
chr17:35791857:G:C	chr17_35791835	7	False	1.0	8.11639086662454e-77	1.2073178	31.37267858274461	0.2510647171430371	MMP28	-3871	no	dELS	True
chr10:127250186:C:T	chr10_127249467	3	False	0.9999703	2.94537179931968e-79	-1.4511757	31.36547618685766	0.1758109624503783	INSYN2A	52877	no	none	True
chr9:119913995:G:T	chr9_119913996	1	False	1.0	7.667855086449438e-144	-1.0634825	31.36448003670177	0.3932332770532347	LINC01613	-21056	no	none	False
chr7:151901471:T:C	chr7_151901468	1	False	0.99093264	1.5601858566079943e-127	1.1606566	31.362169544700244	0.3027713150088854	RNU6-604P	1194	no	pELS	False
chr17:27090553:A:G	chr17_27090557	99	False	0.9995726	7.404211529522906e-93	1.0689065	31.3601932217764	0.3189647619594871	ENSG00000285822	1013	no	TF	False
chr5:173578247:G:A	chr5_173578250	2	False	0.9999377	7.89495734498233e-122	-1.174602	31.34902315893673	0.2296522262429483	LINC02995	-24	no	none	True
chr17:2689796:T:C	chr17_2689818	77	False	1.0	1.5508954962394502e-32	-1.4377859	31.3432495574493	0.2053370085941163	ENSG00000272911	1346	yes	pELS	True
chr12:129896305:T:C	chr12_129896302	1	False	1.0	2.8460355620423967e-133	1.1206758	31.34245073637839	0.3214252598439846	TMEM132D	-7722	no	CA-CTCF	False
chr3:75398487:T:C	chr3_75398484	1	False	1.0	1.0399872847459203e-145	1.2314633	31.34174518550617	0.2574612181692122	ENSG00000242953	2949	no	none	True
chr10:12075365:G:C	chr10_12075530	31	False	1.0	6.142928958458513e-82	1.0109147	31.341189466302488	0.1809574081802453	DHTKD1	6577	no	none	True
chr6:144818846:T:C	chr6_144820439	1	False	0.9955737	6.1851761895223515e-127	1.200443	31.325630428253348	0.1380381180569128	ENSG00000289850	-101875	no	dELS	True
chr5:115438879:G:C	chr5_115438881	2	False	0.99999416	6.051484763863786e-112	1.1562618	31.31646873141248	0.2555031363572417	ENSG00000289497	23614	no	dELS	True
chr5:139394348:T:C	chr5_139394614	123	False	1.0	2.070881763775888e-66	0.9869021	31.313602895967364	0.1956949584500431	PROB1	-489	yes	none	False
chr7:103031787:A:G	chr7_103031780	3	False	0.9998914	1.4980789262973232e-134	1.148519	31.31229327992471	0.2569306513804451	ENSG00000236226	1677	no	none	True
chr6:17549191:C:T	chr6_17549188	2	False	1.0	8.013793725743751e-135	-1.1662605	31.31156926197971	0.2060089043250614	RPL7P26	17537	no	none	True
chr10:111428581:T:C	chr10_111428575	3	False	1.0	2.847629360611758e-123	1.1963276	31.31142016660821	0.2503150641753004	RPS6P15	-70365	no	none	False
chr11:94603265:T:C	chr11_94603276	17	False	1.0	4.011961956273465e-113	-1.0731045	31.30346300394817	0.2710254226665523	ENSG00000233536	-34761	no	dELS	True
chr2:29189257:A:G	chr2_29189302	15	False	1.0	8.004139743220778e-160	-1.1305857	31.28969646643716	0.4173349660602344	CLIP4	91598	no	dELS	False
chr10:89562339:T:C	chr10_89562336	1	False	1.0	1.113467135998402e-90	1.4080025	31.2875198957958	0.2472801513883252	SLC16A12	5696	no	none	True
chr9:2931315:C:T	chr9_2931638	2	False	1.0	5.1556928428304e-123	1.1918813	31.284052583618863	0.3046306791372468	ENSG00000291284	-17947	no	none	False
chr9:93916810:T:C	chr9_93916807	2	False	0.99904484	1.0891193845431993e-115	1.2531394	31.28025966517287	0.3869497334219447	BARX1	-38547	no	dELS	False
chr5:55421097:T:C	chr5_55421478	13	False	0.9994052	3.522053094049436e-128	1.0769005	31.27781126950275	0.1723989105243305	ENSG00000279883	-62924	no	none	True
chr17:13208340:C:T	chr17_13208346	1	False	0.99760455	4.977295235085152e-128	-1.1406626	31.27528618725181	0.3445468862906158	LINC02093	-98424	no	none	False
chr9:84367989:C:T	chr9_84367868	18	False	1.0	4.2714515367932556e-98	-1.2383595	31.27323600020616	0.2820255072498888	SLC28A3	27111	no	dELS	True
chr4:54951218:C:G	chr4_54951214	1	False	1.0	3.1035997364806468e-112	-1.1992714	31.27027366706338	0.2456437055455229	ENSG00000248317	7589	no	CA-CTCF	True
chr7:32512910:C:A	chr7_32512869	12	False	1.0	8.822633380249907e-143	-1.2152234	31.26710117641828	0.2324788281281027	AVL9	17444	no	none	True
chr17:50294390:T:C	chr17_50294387	2	False	1.0	1.0165815344384197e-95	1.1670325	31.26541294163732	0.3308982807439222	TMEM92-AS1	6533	no	dELS	False
chr3:14453947:G:A	chr3_14453991	25	False	0.9991642	2.912617508891018e-156	1.2251694	31.259610123201767	0.2431908436556306	SLC6A6	51416	no	dELS	False
chr9:19102830:T:C	chr9_19103454	16	False	1.0	1.2461026589838828e-81	-1.5995104	31.25287186362838	0.2781420426239748	HAUS6	551	no	pELS	False
chr6:66793278:C:G	chr6_66793273	1	False	1.0	7.761912183031891e-141	1.1359632	31.247392203647667	0.2009103117261867	RNU7-66P	64370	no	none	True
chr10:69061238:C:G	chr10_69061202	4	False	1.0	3.5702781500325594e-80	-1.0675207	31.24350053101552	0.2079832476126261	SRGN	-26900	no	none	True
chr12:63336421:T:C	chr12_63336426	3	False	0.8806912	1.2582135771478336e-155	1.2489886	31.231890952369696	0.3058276740316413	LINC03056	-23610	no	none	True
chr10:66369549:G:A	chr10_66369552	1	False	0.99999875	6.180228105106768e-103	-1.3074633	31.22641160950457	0.2487207008680851	ENSG00000273360	290310	no	none	True
chr17:9973671:G:C	chr17_9973694	4	False	0.9924608	1.3100632339371573e-108	1.1731634	31.219512774389145	0.3099077256245118	RCVRN	68424	no	dELS	False
chr19:46616653:T:G	chr19_46616481	21	False	1.0	5.724550190816062e-148	1.2014532	31.219010836468456	0.2405503453437952	ENSG00000269292	5703	no	none	True
chr11:132746435:C:G	chr11_132746437	1	False	1.0	1.1225685488882994e-107	-1.1012461	31.2178638626462	0.2927644503196802	ENSG00000279497	-26933	no	dELS	True
chr17:8728718:G:C	chr17_8728714	2	False	0.9997693	1.532087524884966e-95	1.3108007	31.19725935985896	0.294389347116534	CCDC42	-16504	no	none	True
chr17:269591:A:G	chr17_269592	1	True	1.0	9.045119790773188e-102	1.0674508	31.193284428840258	0.3479541214389522	ENSG00000262920	-51799	no	dELS	False
chr2:200053306:T:C	chr2_200053300	60	False	1.0	6.97646072344993e-131	1.1306438	31.1910309781937	0.4012458977731097	ENSG00000287027	-33569	no	dELS	True
chr17:50772507:A:G	chr17_50772683	23	False	1.0	1.2983849336850671e-77	-1.3448299	31.187844939805142	0.2143265906983502	MIR8059	4034	no	none	True
chr17:21252638:C:T	chr17_21252252	5	False	0.9999909	1.0571721353961386e-77	1.1405106	31.18391645096972	0.2006704757910503	NATD1	-1157	no	none	True
chr10:110557198:A:G	chr10_110557210	5	False	1.0	6.56768862408704e-87	1.2927157	31.172403563000096	0.2457470716874575	RPL7P35	6357	no	dELS	False
chr9:124080213:T:C	chr9_124080210	5	False	0.9999555	7.961999573029382e-122	1.1013767	31.16598778921534	0.340632928186289	ENSG00000234921	47687	no	none	True
chr5:140776679:T:C	chr5_140776687	15	False	1.0	1.9562181031925302e-112	1.0693182	31.165390749560444	0.2315477226314006	PCDHA1	-9448	no	CA-H3K4me3	True
chr10:129494881:G:A	chr10_129494847	10	False	0.98991877	3.1490248897092385e-99	1.1081558	31.16524262702398	0.2263397633720726	MGMT	27658	no	dELS	False
chr10:44358158:G:A	chr10_44358165	3	False	0.9985172	1.3311445638611094e-77	-1.0306154	31.16221673362134	0.2306435682110109	CXCL12	-28327	no	dELS	True
chr10:71442089:T:C	chr10_71443345	4	False	0.9940202	6.041710571478996e-90	-1.0318121	31.160411793601234	0.1522058011498968	CDH23	46426	no	none	True
chr12:37269679:C:T	chr12_37269676	52	False	1.0	1.7052076906318357e-146	-1.1452596	31.160295343071343	0.3014308721707167	ZNF970P	-305910	no	none	True
chr4:163598228:C:G	chr4_163598200	8	False	1.0	9.245727798564519e-125	1.1693262	31.15858483382908	0.2129207286935175	ENSG00000273449	68430	no	dELS	True
chr10:65357928:G:C	chr10_65357929	5	False	1.0	5.937815462030833e-103	-1.1059843	31.15730258431229	0.2509302297481008	ENSG00000235356	86611	no	none	True
chr11:1182048:A:T	chr11_1182030	30	False	0.99934834	2.300272402379836e-60	-0.9109316	31.156601211209228	0.2797434687607852	MUC5AC	24078	yes	CA-H3K4me3	True
chr10:21358641:T:C	chr10_21358638	3	False	1.0	1.4309489349940874e-91	1.0953783	31.15553297481572	0.2584835961895648	LINC02643	-14311	no	dELS	False
chr12:1668968:A:G	chr12_1668935	69	False	1.0	8.903952188336579e-98	-1.3487017	31.14780113007103	0.2779008445636248	ENSG00000289832	-189	no	dELS	True
chr4:154729073:C:T	chr4_154729070	2	False	0.9647649	8.632347760676521e-144	-1.2322228	31.14056933351286	0.2381427862821015	NDUFB2P1	4485	no	none	True
chr9:84926727:T:C	chr9_84926724	1	False	1.0	1.712384949095061e-126	1.0933692	31.129215993436794	0.3443120853097515	UBE2V1P10	-232957	no	none	True
chr4:2761339:G:A	chr4_2761335	3	False	1.0	1.5741586024317692e-105	1.3158439	31.1193355423091	0.2550761080953493	TNIP2	4994	no	dELS	True
chr6:164330302:C:T	chr6_164330299	2	False	1.0	9.040199609180266e-155	-1.2221988	31.108630340495296	0.230912500995957	ENSG00000226739	-18344	no	none	False
chr10:115069012:C:G	chr10_115069013	1	False	0.99947226	1.3443386168850994e-113	1.2925681	31.108245858239	0.27128896067126	ATRNL1	-24351	no	none	False
chr10:99861777:G:C	chr10_99861778	3	False	1.0	1.9263681623988142e-101	-1.1172131	31.106334789289768	0.2507908340068661	DNMBP-AS1	-65231	no	none	True
chr3:72996737:G:A	chr3_72996534	2	False	0.99997264	2.374793181198726e-34	-1.0337859	31.10526095546946	0.1873212508347304	PPP4R2	-268	no	pELS	True
chr7:15108114:T:C	chr7_15108111	6	False	1.0	2.415453267676084e-138	1.2015178	31.09536019399213	0.2721040711753247	ENSG00000227489	41905	no	none	True
chr8:272012:C:G	chr8_271999	10	False	1.0	3.1426683469974317e-122	-1.1668038	31.079443019686884	0.3383035835863191	ENSG00000288985	-2351	no	dELS	True
chr1:182608676:C:G	chr1_182608720	15	False	1.0	7.329461230181478e-140	-1.239389	31.076777471891464	0.2896758661954903	RGS16	4332	no	dELS	True
chr6:135497759:C:A	chr6_135483132	105	False	0.99995345	1.0612709140347068e-44	-0.95089513	31.075198992489447	0.0758273828369716	Y_RNA	8524	no	none	True
chr10:122151830:T:C	chr10_122151827	1	False	1.0	1.7789934243997228e-88	1.0396119	31.072584730345845	0.2544542099866494	ENSG00000285973	-3369	no	dELS	False
chr11:99773715:C:T	chr11_99773718	2	False	1.0	5.601000048904361e-136	-1.1126792	31.06916820787637	0.3141622351761693	RPA2P3	-563137	no	dELS	False
chr11:11072928:T:C	chr11_11072924	5	False	0.9999991	5.465188544232754e-109	1.1103002	31.06772866417524	0.2853469087458001	LINC02752	52042	no	dELS	True
chr4:1605698:G:A	chr4_1605618	38	False	0.9984461	1.2739914444816023e-121	-1.2132257	31.06186261663791	0.2047711858784324	ENSG00000244459	25092	no	dELS	True
chr5:170110126:C:T	chr5_170110123	3	False	0.99940926	1.048207383774496e-97	-1.3884441	31.057636510448045	0.2681546378466371	FOXI1	4227	no	dELS	True
chr7:23713112:C:T	chr7_23713114	4	False	0.99999994	9.814731259591056e-102	-1.2346971	31.044069483120985	0.2866738610889772	STK31	2912	no	dELS	True
chr2:160202279:G:T	chr2_160202289	17	False	0.9995671	6.2621092364121786e-139	1.2179402	31.041521737503764	0.4450935059322445	ITGB6	1977	no	dELS	False
chr9:134883309:T:C	chr9_134883306	2	False	0.9999986	9.422236998746811e-133	1.1877782	31.040658757037967	0.377225361250801	FCN2	2497	no	none	False
chr12:89351700:C:A	chr12_89355117	29	False	0.99911743	1.8551050347335689e-65	-0.9570311	31.03526147519504	0.199937241221492	ENSG00000286608	1320	no	none	True
chr5:107263818:G:A	chr5_107263871	38	False	0.99665326	8.095233368914526e-141	1.2372807	31.032901705393	0.2274114224644831	PSMC1P5	68716	no	dELS	False
chr10:72550448:T:A	chr10_72550471	7	False	1.0	6.764548785583707e-75	-1.0557561	31.024108105938783	0.21239313117906	COX7CP4	-9792	no	dELS	True
chr5:135245771:G:A	chr5_135245764	1	False	0.9999807	1.721935797293416e-127	-1.1557744	31.02007921651138	0.2517818149260637	LINC02900	-2414	no	dELS	False
chr10:6828071:T:C	chr10_6828076	3	False	1.0	2.4254990826605253e-96	1.3293966	31.014503055654743	0.2400467261623516	ENSG00000291288	-44867	no	none	True
chr10:80265926:C:A	chr10_80265923	1	False	1.0	1.0084571010293732e-83	-1.3569181	31.010904839779545	0.2671403971259953	ENSG00000279359	16214	no	dELS	False
chr6:155003619:C:A	chr6_155003707	7	False	1.0	1.309259126303238e-101	-1.1202434	31.00270315985604	0.1678592711349245	ENSG00000274451	-1610	no	pELS	True
chr17:51536026:C:G	chr17_51535880	14	False	1.0	9.75223549393282e-108	1.1277567	30.99752513034861	0.2705666800778263	RPL7P48	32648	no	CA-CTCF	False
chr5:6077071:A:G	chr5_6077073	4	False	1.0	1.3509896808524287e-134	1.1467587	30.9924626885157	0.2667379572003396	ENSG00000259861	47039	no	dELS	False
chr7:2243329:T:G	chr7_2243351	17	False	0.9999995	2.685503028541546e-108	-1.044659	30.99024117099	0.2399397362527973	NUDT1	1126	no	pELS	True
chr12:39145452:C:T	chr12_39145585	68	False	0.9999608	1.0152825991472784e-47	-1.0170399	30.990058310286948	0.2603683311700701	LINC02406	104	yes	PLS	True
chr11:101643378:A:C	chr11_101643375	1	False	1.0	1.8901630581044896e-134	1.1512127	30.968855438834787	0.2801364349487661	ENSG00000254506	59081	no	none	True
chr17:34733585:C:T	chr17_34733582	2	False	1.0	1.5522877594364545e-115	-1.0958128	30.967796450880808	0.345161264096343	ENSG00000264174	7413	no	none	False
chr10:54258727:T:C	chr10_54258724	4	False	0.9997148	6.3390205873864584e-105	1.0924443	30.95112681496648	0.2400100309301909	RNU6-687P	-193786	no	none	True
chr9:95323936:G:C	chr9_95323922	2	False	0.9954202	4.3365454582590894e-120	1.1685452	30.95069955368599	0.3168374213138614	ENSG00000230221	31585	no	none	True
chr10:77963527:T:C	chr10_77963528	1	True	1.0	8.099735260409835e-109	1.1886735	30.9365634323149	0.2643132243347308	Metazoa_SRP	-2644	no	none	False
chr17:73731932:T:C	chr17_73732096	44	False	1.0	3.6745366340810646e-81	1.059207	30.92952718746542	0.2156739417376491	ENSG00000263574	-5757	no	none	True
chr9:133709471:C:G	chr9_133709461	39	False	1.0	7.010609443700034e-116	-1.1540697	30.923122078326696	0.3567534103215822	SARDH	-30493	no	dELS	False
chr9:137488253:T:C	chr9_137488250	4	False	0.99995047	2.823638407151958e-115	1.0919551	30.9174224983144	0.3706506925179835	NSMF	28917	no	none	False
chr10:97812539:T:C	chr10_97812536	9	False	0.9999999	1.660050588773389e-118	1.1276089	30.915066506392243	0.2546959037571211	GOLGA7B-DT	-37261	no	none	False
chr9:21684434:G:C	chr9_21684428	1	False	0.9999949	1.0978700215172971e-90	1.0711355	30.9138456386257	0.32518826018704	KHSRPP1	-10747	no	dELS	True
chr4:176485325:A:C	chr4_176485322	1	False	0.99999887	4.9712152496222756e-145	1.334744	30.90658204682837	0.2442257953554125	ENSG00000289520	144225	no	none	True
chr2:86221285:A:G	chr2_86221143	5	False	1.0	4.463232954898222e-131	-1.231893	30.906280675079653	0.3475352874217923	MRPL35	21789	no	dELS	True
chr11:80525789:G:A	chr11_80525784	1	False	0.9982178	1.7460559407155076e-117	-1.163512	30.901815670509905	0.3000632999285072	RNU6-544P	-2175	no	dELS	False
chr17:7280727:G:A	chr17_7279873	31	False	1.0	1.2273263978221298e-60	1.2669894	30.89595444226001	0.2004364250389845	SLC2A4	-1844	no	none	False
chr6:30931600:C:G	chr6_30931596	1	False	0.85809547	9.475353480499296e-120	1.1299087	30.88911004914786	0.2127619848817667	Y_RNA	-1112	no	pELS	True
chr17:76646855:A:G	chr17_76646841	4	False	0.90303874	3.8780056309226255e-113	1.0709909	30.88653618121655	0.324859160911765	ST6GALNAC1	3056	no	TF	False
chr8:143577779:C:A	chr8_143577794	66	False	0.99741304	2.2501261248251416e-63	1.1558844	30.871171841755523	0.3191979384790647	ENSG00000279605	-563	yes	pELS	True
chr2:54259643:T:C	chr2_54259594	21	False	1.0	2.2094599894958038e-122	1.2139153	30.857232931166337	0.3673427935788774	TSPYL6	3366	no	CA-TF	True
chr17:73760017:T:G	chr17_73760001	4	False	1.0	5.127537844964729e-77	-1.1791768	30.83749776007328	0.2544257442263415	ENSG00000263574	22148	no	pELS	True
chr10:124605932:T:C	chr10_124605905	3	False	0.999997	3.317557939484645e-71	1.1978732	30.83362126052568	0.2149845447823763	ENSG00000278831	-17447	no	dELS	True
chr4:132544894:A:C	chr4_132545520	1	False	0.9999723	2.9778614360596086e-158	1.1683676	30.83261731149764	0.1557032078658343	LINC01256	-45543	no	none	True
chr17:65158206:G:A	chr17_65158194	10	False	1.0	1.8615621585786697e-72	-1.444654	30.83012969417933	0.252501678049758	ENSG00000265883	-27287	no	dELS	True
chr17:9724341:T:C	chr17_9724338	1	False	1.0	4.283164569015577e-117	1.2453227	30.82761232373753	0.3486922619389506	ENSG00000282882	-39847	no	none	False
chr10:91617552:T:C	chr10_91617549	1	False	0.99937785	5.891760254907366e-71	1.0433793	30.826521032399658	0.2400886791230198	PPP1R3C	-15521	no	dELS	True
chr10:117849503:T:C	chr10_117849497	1	False	1.0	5.252131773273926e-120	1.010159	30.82466248967477	0.2407020335885872	ENSG00000263041	18254	no	none	False
chr6:19302945:C:T	chr6_19302942	1	False	1.0	2.7639939570574264e-125	-1.3020118	30.82213196858508	0.2085627048508138	ENSG00000231662	-18078	no	none	True
chr9:70874538:T:C	chr9_70874530	1	False	1.0	3.707795819305733e-95	1.0442988	30.82014663324665	0.320297511165851	PIGUP1	-42970	no	dELS	True
chr10:56611574:G:T	chr10_56611569	2	False	0.9991534	2.1657238406466307e-99	-1.038588	30.812947908322208	0.2281584983755724	ENSG00000238707	15539	no	none	True
chr3:12787537:C:T	chr3_12787447	36	False	0.99022114	6.927671258185661e-118	-1.1773646	30.808175053441857	0.213993797725975	KRT18P17	-1223	no	pELS	True
chr4:64964916:C:T	chr4_64964913	2	False	0.99999994	3.158013204736398e-143	-1.246931	30.80806752070392	0.2416505307389125	LINC02232	-59571	no	none	True
chr9:29528954:G:C	chr9_29528950	1	False	1.0	3.640098957580438e-143	1.1588478	30.807356602025383	0.3746026652291867	ENSG00000229834	-107535	no	none	False
chr17:18226830:T:C	chr17_18226827	2	False	0.9999546	1.7677455646662716e-67	0.9569914	30.80543899607728	0.268396400555724	LLGL1	1193	no	pELS	True
chr10:42678121:T:C	chr10_42678118	2	False	0.9999992	7.124772017898631e-85	1.5398854	30.79743394736176	0.2513931684955499	LINC01518	-13604	no	none	True
chr6:106970848:T:C	chr6_106970845	1	False	0.999915	1.1323148603487908e-95	1.0881754	30.794423310292323	0.2077362830693715	CD24	-4781	no	TF	True
chr10:14359258:C:T	chr10_14359259	1	True	1.0	2.19503672465746e-71	-0.93570125	30.79188640690022	0.2468832995880813	ENSG00000285671	-12741	no	dELS	True
chr10:132201149:T:C	chr10_132201146	4	False	1.0	2.5725976421305507e-74	0.8885025	30.79120094087176	0.2345343363444167	DPYSL4	14199	no	CA	True
chr9:130606176:C:G	chr9_130606199	9	False	1.0	8.668740684480725e-114	1.1995214	30.79088014576125	0.3432651069603215	MIR6856	-20097	no	CA-CTCF	False
chr10:5601081:T:C	chr10_5601078	6	False	0.99113536	6.185495460841948e-93	1.0178608	30.78665736270721	0.2558428068738254	ENSG00000228685	-23852	no	dELS	False
chr6:168950751:G:T	chr6_168950746	1	False	1.0	6.9258103715750804e-102	-1.0399269	30.78432791808386	0.2020125982281644	ENSG00000225879	-13639	no	dELS	True
chr17:49153799:C:T	chr17_49153796	3	False	1.0	2.560994245538019e-89	-1.160389	30.779447943169902	0.2921492757500776	ENSG00000240995	4686	no	none	True
chr9:28204243:T:C	chr9_28204240	1	False	1.0	2.957167433062377e-88	1.2849233	30.774050747365024	0.3448195594258365	ENSG00000229060	56030	no	none	True
chr3:125958416:G:A	chr3_125958099	26	False	1.0	4.238229237574789e-67	0.93291664	30.770160029658484	0.1515479945487498	FBRSL1P1	-456	yes	none	True
chr10:58864414:T:C	chr10_58864411	5	False	0.8997868	2.132616913808451e-109	1.137488	30.76883515353655	0.2417768539607739	RN7SKP196	-4772	no	none	True
chr10:111973555:A:G	chr10_111973547	4	False	0.99999994	3.6046029266020716e-91	1.0473137	30.767601520030823	0.2430902677348312	ENSG00000287231	-16361	no	dELS	False
chr20:20827165:C:A	chr20_20827162	2	False	0.9999977	8.740192354758774e-152	-1.1679382	30.760685624349925	0.4272565112723328	MRPS11P1	-27479	no	none	True
chr17:5771168:T:C	chr17_5771413	22	False	0.8798196	3.4857855967159685e-139	1.1675613	30.75990420240913	0.2978493121113699	ENSG00000284837	-820	no	pELS	False
chr14:89104686:A:C	chr14_89104683	6	False	0.9990124	1.3319131449587468e-150	1.1922954	30.75495822120672	0.3336523785324619	MPPE1P1	-6539	no	CA-TF	False
chr10:71452666:T:C	chr10_71452651	4	False	0.9963202	5.739346702802267e-79	0.9666014	30.754033091408765	0.217312378747899	CDH23	55732	no	dELS	True
chr7:20584524:A:G	chr7_20584518	3	False	1.0	2.4780028166217167e-103	1.117713	30.75212724869916	0.2642908884663985	EEF1A1P27	2447	no	TF	True
chr10:122132413:T:G	chr10_122132420	6	False	1.0	4.544292354942598e-71	-1.0986767	30.74531603435092	0.231315724305553	ENSG00000285973	-22776	no	dELS	True
chr17:71680542:A:G	chr17_71680551	1	False	0.9999998	6.282892212601379e-101	1.0749305	30.74475914874076	0.2799100450828548	MYL6P5	59574	no	none	True
chr4:7207066:T:C	chr4_7207063	2	False	1.0	2.9172136272503364e-132	1.1444765	30.735815821546893	0.2706680177242517	SORCS2	14526	no	dELS	False
chr11:12839720:C:T	chr11_12839717	3	False	1.0	7.488847920071555e-146	-1.1864411	30.72592320797414	0.2985618379418381	ENSG00000255067	-9077	no	none	False
chr11:18412342:A:C	chr11_18412623	111	False	0.99212664	2.3805684857166968e-79	-1.6103277	30.724507242026363	0.2267717636633328	LDHC	306	no	PLS	True
chr2:209173570:C:T	chr2_209165469	1	False	0.9999999	9.868728873205883e-159	-1.1803969	30.72373192268266	0.2906954925180013	MEAF6P1	-13334	no	none	True
chr10:4798395:C:T	chr10_4798387	1	False	1.0	6.000826802054163e-74	-0.922433	30.72078814043806	0.2225137057354733	AKR1E2	11759	no	none	True
chr10:91611371:C:T	chr10_91611372	2	True	1.0	2.299829071987293e-71	-0.9634501	30.71978224234254	0.2482951637594872	PPP1R3C	-21698	no	dELS	True
chr17:12704692:G:C	chr17_12704679	4	False	1.0	1.6312837103344145e-109	1.1610056	30.70141675996257	0.3150946748500401	MYOCD-AS1	-1455	no	none	False
chr6:43842065:T:C	chr6_43842062	2	False	1.0	5.483027267207194e-114	1.3385457	30.70117006589274	0.2395536304984786	LINC02537	-10254	no	dELS	False
chr6:65429327:C:A	chr6_65429313	1	False	1.0	1.5380176054386612e-110	-1.0706239	30.68181755420404	0.1929056429210916	ZC3H11C	127838	no	CA	True
chr13:108013279:T:C	chr13_108013276	1	False	1.0	9.594256959985693e-150	1.1449066	30.68042660143561	0.2798676352210805	ENSG00000274718	142894	no	CA	True
chr21:42301100:A:C	chr21_42301097	5	False	1.0	1.4089333922304745e-141	1.1884489	30.672760566601305	0.3754988818749407	TFF3	-14311	no	dELS	True
chr13:113931211:T:G	chr13_113931349	76	False	1.0	1.9021682217409842e-143	1.1554718	30.670858536264973	0.2113433792375558	SWINGN	2359	no	none	True
chr9:25084312:G:A	chr9_25084302	3	False	0.9690568	7.588180339165528e-116	-1.1246687	30.67017756157757	0.3229364710227994	RN7SKP120	-4848	no	none	True
chr17:11830745:T:C	chr17_11830740	2	False	1.0	4.067069524377833e-120	1.0794115	30.66658795644489	0.3396466847020265	ENSG00000263684	-50929	no	none	False
chr17:50843073:T:C	chr17_50843070	5	False	0.9387631	1.2872994616237225e-119	1.059456	30.65502062127052	0.3538351751727461	ENSG00000261976	1445	no	none	False
chr10:37254978:G:A	chr10_37254972	1	False	1.0	8.839955248937156e-96	-1.0417941	30.646412385722822	0.22423271429472	LINC00993	6855	no	none	True
chr9:110696885:T:C	chr9_110696882	4	False	1.0	1.3441993757505007e-114	1.1385891	30.64485329277931	0.3340148546354576	MUSK	28104	no	none	True
chr6:168758027:C:T	chr6_168758024	2	False	1.0	1.1424066281423422e-125	-1.2834004	30.630474888485843	0.2079624736297034	ENSG00000289090	31890	no	none	True
chr10:130593034:A:G	chr10_130593019	3	False	0.99997437	1.2546824656443103e-116	1.2652985	30.63038444404653	0.2375410870844697	ENSG00000285529	67308	no	none	False
chr3:184735065:C:T	chr3_184735062	1	False	1.0	3.723470336627847e-136	-1.1809293	30.61442056775644	0.2844558782634513	ENSG00000273403	-6874	no	dELS	False
chr17:35166657:G:C	chr17_35166667	2	False	0.9870951	1.5983952750791113e-83	-1.200682	30.611399807380312	0.2697073270424953	ENSG00000267782	-344	no	none	True
chr6:165186567:T:C	chr6_165186564	2	False	1.0	9.058384169091848e-101	1.1789615	30.60848334251128	0.2125506815997073	ENSG00000217878	69041	no	dELS	True
chr10:75926983:C:G	chr10_75926976	9	False	1.0	3.327378451677443e-70	1.289686	30.60493230898868	0.2401074016774901	ENSG00000228280	184237	no	CA-CTCF	True
chr6:87408238:C:G	chr6_87397169	6	False	1.0	1.205681596042149e-23	1.4136977	30.60163952539338	0.0914719442541836	CFAP206	-10802	no	dELS	True
chr17:16574201:T:C	chr17_16574198	3	False	0.9999946	8.44394271240147e-88	1.1591679	30.60125801121706	0.2912294947355156	ZNF287	4995	no	none	True
chr7:128347254:T:C	chr7_128347251	1	False	1.0	1.580050569702256e-100	1.1409786	30.598555205905907	0.2749524626462555	RNU7-27P	3171	no	CA-CTCF	True
chr10:53667376:A:G	chr10_53667364	4	False	0.9995863	1.5850917750983784e-79	0.9073778	30.596229574661784	0.2186142096882944	ENSG00000233805	-99035	no	CA-H3K4me3	True
chr17:68725451:T:G	chr17_68725461	3	False	1.0	1.7841634947584416e-93	1.1258823	30.595377080992915	0.3122530729554865	ENSG00000283376	9398	no	dELS	False
chr6:80077815:C:T	chr6_80077811	6	False	0.99999815	5.190463693693593e-116	-1.0993768	30.592508676560502	0.1953150383816381	AK4P5	-550	no	none	True
chr12:780667:A:G	chr12_780718	4	False	0.9968696	1.645139554238722e-101	-1.164054	30.590254310079445	0.2569433164510243	RNU4ATAC16P	-414	no	pELS	True
chr10:31086426:T:G	chr10_31086415	4	False	1.0	1.250151077043081e-103	0.96688366	30.589271416352545	0.2156834348888243	ENSG00000287564	53327	no	none	True
chr10:60987995:G:A	chr10_60983835	18	False	0.9576952	1.0279912156825047e-133	-1.1464255	30.5887271527199	0.1463627220734538	LINC00845	-17252	no	none	False
chr17:6332341:G:A	chr17_6332355	1	False	1.0	8.239074015006786e-96	-0.98353475	30.587909037984005	0.2706596396179205	BTF3P14	9128	no	none	True
chr6:165334424:C:T	chr6_165334421	1	False	0.9998782	1.5965246475768037e-35	-0.8616061	30.579287019425607	0.1828817741188104	C6orf118	24817	yes	CA	True
chr17:13146609:A:G	chr17_13146613	1	False	1.0	5.113521178266114e-113	1.4197396	30.577837668870743	0.3380966792423666	ENSG00000273098	50919	no	none	False
chr10:20353308:G:C	chr10_20353305	2	False	0.95008844	4.203677880063631e-102	0.97983295	30.57306939124372	0.232486498096179	AMD1P1	3257	no	none	True
chr7:84505690:A:C	chr7_84505686	2	False	0.9605561	7.289927328750476e-112	1.1157343	30.57208994014356	0.2716348546932814	SEMA3A	12963	no	CA	True
chr4:32592190:T:C	chr4_32592187	1	False	1.0	3.5101582494780794e-147	1.1402543	30.56118656696412	0.2282749728131668	ENSG00000286784	-153337	no	none	True
chr17:50547162:A:C	chr17_50547826	88	False	0.99999994	2.909858022085369e-46	0.87275547	30.55729268712294	0.1588343179329202	SPATA20	4769	no	PLS	True
chr9:108744981:T:C	chr9_108744969	3	False	0.9999979	4.368070011566925e-114	1.1431116	30.55520247723928	0.3501740322053522	ENSG00000231678	41878	no	dELS	False
chr10:14137780:T:C	chr10_14137784	2	False	1.0	6.627468462467348e-98	1.1185877	30.54410806641848	0.2346884698463728	ENSG00000235410	63501	no	none	True
chr10:127872741:A:G	chr10_127872699	10	False	1.0	1.3390618357013238e-88	-1.0657495	30.53947722256779	0.2169174290084123	BUB1P1	4819	no	dELS	False
chr10:82957633:T:C	chr10_82957636	3	False	0.97996694	1.0025171768001712e-76	0.9105468	30.539409522114106	0.2365947339431372	ENSG00000288918	-30144	no	dELS	True
chr9:89542795:T:G	chr9_89542835	18	False	1.0	8.549676226279899e-95	1.0753493	30.536607493163707	0.2870978448471665	SEMA4D	44706	no	dELS	True
chr4:59702694:G:T	chr4_59702691	1	False	1.0	2.40500277615412e-141	-1.229737	30.527947119003063	0.2412518392944097	ENSG00000249392	72368	no	none	True
chr6:106026874:C:T	chr6_106026887	19	False	1.0	1.9089604769005976e-122	1.2413441	30.527577072245748	0.2209243024093893	PRDM1	33425	no	dELS	False
chr9:98104590:T:C	chr9_98103822	14	False	0.96405077	1.2860273521186352e-99	1.124818	30.52563931460258	0.2392508157401308	Metazoa_SRP	-12062	no	dELS	True
chr7:103576945:T:C	chr7_103576942	3	False	1.0	2.4205326991499528e-129	1.1723171	30.52502785943459	0.3015734348849861	RN7SKP86	92404	no	CA	False
chr7:95324583:G:A	chr7_95324497	25	False	0.999999	3.5250207673177284e-51	0.9579801	30.52371923910304	0.2147652157367759	PON1	-34	yes	PLS	True
chr17:3386296:C:G	chr17_3386305	41	False	0.9999998	1.3003479121224293e-22	0.63276815	30.51794251825556	0.2211187111205261	OR3A2	-11	yes	pELS	True
chr4:19809255:A:G	chr4_19809247	2	False	1.0	2.4101818299071247e-106	1.1009771	30.516516577821275	0.2301509126074191	RPL21P46	-4501	no	dELS	True
chr11:130964916:C:T	chr11_130964911	4	False	1.0	2.772495851088827e-130	-1.1221402	30.512779174124617	0.2696884545770242	RN7SL167P	-39517	no	none	True
chr3:124772812:T:C	chr3_124772809	1	False	1.0	2.7836354663849706e-111	1.2137213	30.51235749986247	0.2749671965893389	ITGB5-AS1	-8345	no	dELS	True
chr3:197628262:C:T	chr3_197628459	10	False	0.9994141	3.853874635284837e-29	1.1915684	30.51050123056428	0.2013688245073714	SDHAP4	530	no	pELS	True
chr10:129049699:T:C	chr10_129049693	1	False	1.0	7.601786280021039e-70	0.99127024	30.50494228479944	0.2282638903980693	ENSG00000289400	12937	no	dELS	True
chr2:119291056:G:A	chr2_119291210	52	False	0.9915246	1.2708288693808172e-150	1.1450965	30.501878594568417	0.3897986702657941	STEAP3-AS1	20497	no	dELS	False
chr7:76384857:T:C	chr7_76388884	120	False	0.9969009	9.420439576675495e-146	-1.1888028	30.50087208854037	0.1497400377033241	ZP3	-8633	no	dELS	True
chr2:185425115:C:T	chr2_185420753	2	False	1.0	3.509116555783304e-116	-1.1842072	30.487217506315503	0.2901429634404814	ENSG00000286797	-4309	no	none	True
chr10:63858044:C:T	chr10_63858046	1	False	0.99999756	7.2812689907114315e-96	-1.1018574	30.486895049173587	0.2415138767037057	RPL7AP50	-45198	no	none	True
chr10:60238127:A:C	chr10_60238215	5	False	0.9318136	5.0908228378627775e-102	1.334179	30.48600254829009	0.2221945393599848	ENSG00000282121	98304	no	dELS	False
chr4:168536662:C:T	chr4_168536659	5	False	0.9584041	4.717008853113638e-108	-1.0243883	30.47753538255708	0.2383544362599912	DDX60L	-1126	no	dELS	True
chr10:117827902:C:T	chr10_117827907	3	False	1.0	3.54902273357052e-67	-0.93550366	30.475021725459484	0.2269364293152819	ENSG00000263041	-3336	no	dELS	True
chr9:22829913:T:C	chr9_22829910	1	False	1.0	2.0601230749608933e-115	1.1378849	30.463964288592805	0.3384147552185296	ENSG00000224549	62736	no	none	True
chr19:52858141:A:G	chr19_52858281	32	False	0.9799528	9.713981475115563e-133	-1.2588856	30.45932954096419	0.2353919500059111	ZNF468	633	no	none	True
chr10:51834408:A:C	chr10_51834405	3	False	0.97281975	1.4849110598932656e-96	1.3743277	30.457734847257967	0.2491512557115573	CSTF2T	134811	no	none	True
chr10:58847757:T:A	chr10_58845167	1	False	0.9999625	3.286288578347438e-126	1.120309	30.451380166846352	0.1507550334893665	RN7SKP196	-24016	no	none	False
chr11:62567436:G:C	chr11_62567484	27	False	1.0	4.6467588456144316e-105	-1.4158535	30.45089593908206	0.2707571228053099	MIR6747	414	no	pELS	False
chr17:14718184:C:T	chr17_14718191	2	False	0.9722443	1.330499092495916e-95	-1.1436703	30.44672523246364	0.3178595675898433	ENSG00000226130	-7537	no	CA	False
chr10:2334070:G:C	chr10_2334061	2	False	1.0	5.734334479804379e-70	-1.0291272	30.43893985366855	0.2242537900570362	LINC00701	18987	no	CA-CTCF	True
chr6:104223667:A:G	chr6_104223668	1	True	1.0	2.014051228004369e-130	1.2090719	30.436587777369823	0.2159771142598363	NPM1P10	196906	no	none	True
chr2:44377017:C:T	chr2_44377030	7	False	0.9990322	7.31901464294533e-121	1.1890558	30.4270691506076	0.3821598865183243	CAMKMT	15084	no	CA	True
chr19:28823439:G:A	chr19_28823450	6	False	0.97370726	2.516522347076646e-142	-1.2026961	30.42619658779416	0.2943022634535368	MAN1A2P1	30580	no	dELS	True
chr17:27061250:T:C	chr17_27061257	54	False	0.99419415	3.0389705373440134e-110	1.1287482	30.41729253096662	0.330139738020145	VN1R71P	3859	no	none	False
chr7:68292349:T:C	chr7_68292346	1	False	1.0	2.136819631183724e-131	1.1425774	30.412527316151408	0.2665762471479591	MTND4P3	25488	no	none	True
chr10:6912633:G:A	chr10_6912671	15	False	0.7733554	2.364797777314293e-109	1.1669441	30.40699432963285	0.2210966721269393	ENSG00000291288	39728	no	dELS	True
chr3:125775836:G:C	chr3_125775829	14	False	0.94625056	7.853231547067276e-117	-1.0969301	30.40574572192076	0.2520281667418235	ENSG00000272840	1116	no	pELS	True
chr9:132433386:T:C	chr9_132433383	4	False	1.0	8.549754814647273e-102	1.3450433	30.40263541046563	0.3779126321844476	RNU5D-2P	11743	no	dELS	False
chr10:133071012:G:A	chr10_133071014	11	False	0.7978754	1.1457815118996484e-57	-0.84971005	30.38304861277019	0.2377950041995466	ADGRA1	-16909	yes	CA	True
chr5:23591346:T:C	chr5_23591343	3	False	1.0	6.364383548418799e-104	1.257777	30.38246439765975	0.258455443330896	TRPC6P9	-97583	no	CA-CTCF	True
chr4:184613571:A:C	chr4_184613553	3	False	1.0	4.248480551466794e-108	1.1747646	30.378471588390312	0.224674651449101	LINC02365	-11476	no	CA-H3K4me3	True
chr12:91341849:A:G	chr12_91341853	1	False	0.9061703	1.2288047924592158e-116	1.2060149	30.375462764055648	0.3088903771437932	LINC02823	14809	no	dELS	True
chr10:20919253:T:G	chr10_20919247	1	False	1.0	1.1110939383298596e-59	1.513251	30.37309680741109	0.2480183711965967	ENSG00000230112	77873	no	CA-CTCF	True
chr11:66595526:A:G	chr11_66595487	6	False	0.9812657	1.1743222916116523e-125	-1.1879355	30.35318078970496	0.2386888560136844	CCS	2335	no	dELS	True
chr9:107944769:T:C	chr9_107944766	1	False	1.0	2.33635958303955e-129	1.3269453	30.35076173516665	0.3808571244569984	RPS15AP27	-19278	no	none	False
chr6:10112182:C:T	chr6_10112179	1	False	1.0	5.617611191278353e-113	-1.1659636	30.350037685931945	0.2327509516357898	RPL7AP36	-6272	no	CA	False
chr17:66838308:G:C	chr17_66838321	1	False	1.0	3.152122187534915e-63	1.3081863	30.34675280780785	0.2445657613668165	CACNG5	3205	no	TF	True
chr17:80454724:C:T	chr17_80454244	6	False	1.0	4.750918906537093e-23	0.78197086	30.34192206723654	0.1514291596795159	ENSG00000260369	-484	no	none	True
chr17:32495602:C:G	chr17_32495705	25	False	0.9501211	3.270394461233206e-69	1.0683988	30.34053245561853	0.218054406556665	ENSG00000266718	170	no	none	True
chr10:54060364:C:T	chr10_54060370	3	False	0.96083313	7.345730357442153e-126	-1.1422575	30.338920858626928	0.2494792923451991	ENSG00000233805	293971	no	none	False
chr10:69238245:G:A	chr10_69238772	10	False	1.0	1.256193865443679e-102	-0.98993933	30.33469846503408	0.15345388853247	ENSG00000229261	6283	no	none	True
chr10:1368886:G:A	chr10_1368684	12	False	0.9999999	8.18856167471378e-75	0.947003	30.33449846924916	0.1726554983110504	ENSG00000233052	7048	no	dELS	True
chr4:139826635:C:T	chr4_139826623	2	False	0.99999994	1.6010050892782855e-108	-1.1431416	30.33400949838547	0.2265849306540993	ENSG00000290022	-14918	no	dELS	True
chr4:163346771:T:C	chr4_163346768	2	False	0.9935564	4.3287600582748077e-151	1.1682162	30.33354415120995	0.2582323501700462	NPY1R	1937	no	none	False
chr9:106599857:G:A	chr9_106599862	2	False	0.99743676	2.6375401326674423e-81	-0.95256984	30.33120329460748	0.3181558065555174	MIR8081	-1065	no	CA-H3K4me3	True
chr17:13268850:A:C	chr17_13268853	2	False	1.0	1.286360440258574e-72	1.0421705	30.330189705760613	0.2788441831499162	LINC02093	-37917	no	dELS	True
chr10:65169303:C:T	chr10_65169305	2	False	0.9999979	6.815874859561269e-77	-1.3348187	30.32589933446384	0.2433335771212071	MYL6P3	-563	no	none	True
chr5:113759393:C:T	chr5_113759390	1	False	0.9868399	1.9885058570752051e-131	-1.2343022	30.325259675361075	0.2340836671068851	ENSG00000286839	-17446	no	none	True
chr10:119965000:A:G	chr10_119965006	1	False	1.0	9.635126330483354e-104	1.3500633	30.32466305528739	0.2494421604105134	MIR4682	6494	no	none	False
chr2:219196314:C:T	chr2_219196311	3	False	1.0	3.618411738345343e-133	-1.1190332	30.32255378972441	0.4162708786478658	ZFAND2B	1075	no	none	True
chr10:69963095:C:T	chr10_69963175	24	False	1.0	8.112372696481204e-95	1.0418977	30.319719758844663	0.2086481109113714	LINC02636	-56320	no	dELS	False
chr7:109672049:C:T	chr7_109672041	1	False	1.0	2.504310004400008e-102	-1.1762313	30.319641909247643	0.2624457994777368	ENSG00000230192	11948	no	dELS	True
chr7:21898622:C:A	chr7_21898754	22	False	1.0	6.5885240175790934e-108	1.3471593	30.318103701502668	0.2260639022294776	CDCA7L	-47148	no	dELS	True
chr10:28474076:C:T	chr10_28474073	1	False	1.0	3.258746070031e-106	-1.3287581	30.31686898710592	0.2590263293489584	LINC02652	-21739	no	none	False
chr10:6412302:C:T	chr10_6412295	4	False	0.99942625	1.056578641547172e-95	-1.0807368	30.30775905661392	0.2243207926267593	ENSG00000289934	29213	no	none	True
chr11:133019762:C:T	chr11_133019759	1	False	1.0	1.743258303517021e-118	-1.1903659	30.29996558503528	0.3087206786062688	ENSG00000279711	-44937	no	dELS	False
chr10:121452788:A:G	chr10_121340647	185	False	0.999989	2.2405223298260386e-91	0.97069424	30.293909989796223	0.076554807727973	RN7SKP167	-70268	no	dELS	True
chr10:1901142:T:C	chr10_1901139	1	False	1.0	5.669550027915735e-110	1.2683575	30.285904130641505	0.258095407873586	ENSG00000287653	-56449	no	none	False
chr6:33080765:C:T	chr6_33080508	17	True	0.9694761	6.166738917969369e-26	0.6668894	30.28350540234825	0.1155743769387556	HLA-DPA1	-266	no	pELS	True
chr10:49762383:G:A	chr10_49752532	3	False	0.9977246	5.100121335727935e-16	0.952119	30.27623471633358	0.092581912913862	OGDHL	-9846	no	none	True
chr9:112150034:G:T	chr9_112150052	5	False	0.99999285	2.734865687157706e-112	1.108947	30.26870869284736	0.3024789073139214	RNU6-855P	12256	no	none	True
chr6:37695848:T:C	chr6_37644947	712	False	1.0	4.4002641167806784e-111	-1.1685939	30.265455355873847	0.0848717492977441	MDGA1	-54358	no	none	True
chr22:39388840:G:C	chr22_39388960	89	False	1.0	2.365592966117104e-137	-1.3227968	30.257331252208694	0.4794127389412316	ENSG00000280216	9351	yes	dELS	False
chr10:78323423:G:A	chr10_78323325	1	False	0.9964098	9.589908536422391e-76	0.9881891	30.25544525235086	0.18707785554472	ENSG00000230229	-29271	no	CA-CTCF	True
chr10:86377467:G:A	chr10_86377940	7	False	0.99990165	3.621419845597482e-49	-0.90065324	30.25523741400995	0.163616733157447	GRID1	11146	no	CA-H3K4me3	False
chr17:8799483:C:T	chr17_8799577	45	False	0.97694385	3.2310690338894504e-30	0.9507276	30.25517808136016	0.184575838169755	MFSD6L	213	no	PLS	True
chr3:69133560:T:C	chr3_69133557	1	False	1.0	1.0110445345976042e-137	1.2466066	30.247238755316296	0.2591474054831731	LMOD3	10526	no	none	True
chr5:28809576:G:C	chr5_28809580	9	False	1.0	5.094329463391237e-53	-0.84722614	30.244832610992365	0.2141271183709177	LINC02109	250	yes	none	True
chr9:12614610:C:G	chr9_12614618	1	False	0.7655167	6.05107198786991e-121	1.120395	30.242832688681883	0.3461714814526451	TYRP1	-70820	no	dELS	True
chr3:167497990:T:C	chr3_167497987	3	False	0.99999994	6.446833875435108e-164	1.2293183	30.24200861774812	0.2696913868050722	SERPINI2	19016	no	none	False
chr4:114323981:G:T	chr4_114323985	1	False	1.0	7.143982904258873e-111	-1.071403	30.240859872426	0.2378546253051747	ENSG00000288781	-40992	no	dELS	True
chr10:18994473:A:G	chr10_18994461	10	False	0.9686504	4.115845487270444e-104	1.0333925	30.238744326050384	0.2173782038905287	ENSG00000234813	53961	no	none	True
chr7:155551950:C:G	chr7_155551947	2	False	1.0	4.947816044803543e-116	-1.2102447	30.23717659562569	0.3022262144113312	CNPY1	-3502	no	CA-H3K4me3	False
chr5:3188129:G:A	chr5_3188121	3	False	1.0	1.1007278293364216e-56	-0.9306667	30.234510065573755	0.2455263768308546	LINC01377	10287	yes	dELS	False
chr3:110757211:T:C	chr3_110757208	5	False	0.9431529	4.7377445776497726e-154	1.1524436	30.23420566448521	0.2508329721648207	Y_RNA	30188	no	none	True
chr9:133638942:G:A	chr9_133638944	2	False	0.997248	3.060384078094022e-126	-1.1504256	30.23161544314308	0.3752343187640399	DBH	2582	no	none	False
chr5:31940329:A:G	chr5_31940320	1	False	0.99999857	1.9212906729526232e-120	1.1770288	30.22774412215464	0.2498046475409205	MIR4279	4162	no	dELS	False
chr11:20571091:G:A	chr11_20571263	2	False	1.0	8.27194503901548e-128	-1.0986302	30.22767710493872	0.2108630402613054	HMGB1P40	-2922	no	none	True
chr10:27100466:G:C	chr10_27101672	3	False	0.973956	1.0670755872508704e-14	1.1275158	30.225416237875447	0.1346660130046893	ANKRD26	1179	no	pELS	True
chr10:113508938:T:C	chr10_113508931	3	False	1.0	9.95220070073482e-95	1.0291348	30.22385308174685	0.2215572961268144	ENSG00000286289	16878	no	none	True
chr10:131578100:T:C	chr10_131578097	1	False	0.99903685	1.6136088567788976e-91	1.0259216	30.21910318771971	0.2566507973753212	ENSG00000286295	-198288	no	CA	False
chr12:94955273:T:C	chr12_94955270	2	False	1.0	3.8167087770539656e-131	1.1712365	30.21604120965352	0.2972882401639473	NDUFA12	-48477	no	none	True
chr10:32187538:C:G	chr10_32187560	7	False	1.0	8.467745077205549e-107	1.1235158	30.21184521318248	0.2205920993375743	PPIAP31	-1256	no	none	False
chr10:308361:C:T	chr10_308412	29	False	1.0	3.373689948057739e-71	-1.0618019	30.211210974058247	0.1992210967400323	RNA5SP298	26288	no	dELS	True
chr17:36859323:C:T	chr17_36859315	1	False	1.0	2.070367071975129e-95	-1.1658306	30.211142403381768	0.3119796607267883	LHX1-DT	-77354	no	dELS	False
chr10:82866459:T:C	chr10_82866474	1	False	1.0	2.852545062735162e-75	0.9645386	30.2100158469206	0.2163541862654185	ENSG00000288918	-121306	no	dELS	True
chr10:42866841:C:T	chr10_42866921	7	False	0.99999994	1.891638074946291e-28	0.7202254	30.2085120183328	0.1682101963126949	LINC02623	-4599	no	CA-H3K4me3	True
chr9:67012486:G:A	chr9_67013731	5	False	0.9999978	3.2957385266826926e-121	1.1013192	30.20649712741365	0.2269811091071698	SPATA31A3	21182	no	none	True
chr10:26682231:G:C	chr10_26682228	10	False	0.939924	1.196543758812844e-75	1.0210975	30.200196293478133	0.2406606490147118	SELENOOLP	-15066	no	dELS	True
chr5:173785568:T:A	chr5_173785521	7	False	1.0	1.1853858404022835e-128	1.1961753	30.19962535606869	0.2262366123261959	LINC01485	-23517	no	dELS	False
chr9:130378095:C:T	chr9_130378092	3	False	1.0	9.28355652312655e-108	-1.2233689	30.194234195069093	0.3391997574142786	RN7SL665P	-22173	no	none	True
chr11:131516297:T:C	chr11_131516294	1	False	1.0	1.104947374839087e-141	1.2477571	30.188693122911484	0.2993840466644317	ENSG00000237654	-24572	no	none	False
chr11:86422742:C:T	chr11_86422734	3	False	0.99998564	4.981782071426177e-89	-1.3666736	30.18450673032473	0.2775893727612396	ENSG00000254733	-8855	no	dELS	True
chr5:166300489:C:T	chr5_166300486	4	False	0.99999934	1.2571521542363147e-157	-1.1884334	30.18173726516036	0.2426191298445075	RPLP0P9	-81818	no	none	False
chr21:34688369:C:G	chr21_34688374	22	False	1.0	4.683769123742468e-134	-1.3460594	30.17748252287932	0.3882578771243108	CLIC6	19381	no	dELS	True
chr9:137461922:C:A	chr9_137461766	38	False	1.0	3.953660153225793e-71	0.88246864	30.16920196516443	0.2731202387930916	NSMF	2433	no	none	False
chr22:47918714:G:A	chr22_47918791	168	False	1.0	7.174676003966652e-149	-1.2665809	30.16379651667523	0.4388929302389953	ENSG00000279712	2064	no	dELS	True
chr10:87855840:G:C	chr10_87855862	2	False	0.99999565	3.020070375256522e-74	1.4640115	30.161672244154584	0.2396129000236673	PTEN	-6775	no	dELS	False
chr9:127809844:A:G	chr9_127809831	45	False	0.98751175	9.810100126313504e-49	-0.84250015	30.161050940225778	0.2756519364484249	ENSG00000225032	-6234	yes	dELS	True
chr5:112334040:C:G	chr5_112334032	1	False	0.98623985	1.2732917650056045e-106	-1.0939678	30.1608643143488	0.2333774235597324	ENSG00000248350	-29633	no	dELS	True
chr9:136178507:T:C	chr9_136178504	2	False	0.9998147	1.4934060706409283e-131	1.204286	30.15726488151949	0.3678705733529798	LHX3	-26623	no	dELS	False
chr12:43128989:T:C	chr12_43128986	1	False	0.9456744	5.235570176318622e-109	1.2353104	30.154549047647137	0.3116893982620159	LINC02461	-26328	no	dELS	True
chr7:125953783:C:T	chr7_125953780	3	False	1.0	1.552735520938384e-128	-1.1830748	30.14940241942459	0.2682503217586287	ENSG00000197462	35910	no	none	True
chr10:13242155:A:G	chr10_13242148	3	False	0.9999983	6.609651663167692e-92	1.0311958	30.143976287158868	0.2203817798835545	UCMA	7775	no	none	True
chr7:43189465:T:C	chr7_43189473	3	False	1.0	1.894924239571881e-126	1.1198075	30.14324514889976	0.2500585586401045	RNU7-35P	-4947	no	none	True
chr5:149545783:T:A	chr5_149537771	5	False	0.90452075	5.981106642141092e-110	1.2134559	30.13419280728264	0.1340515013184958	RPL29P14	-8038	no	none	True
chr6:115054321:T:C	chr6_115054318	2	False	1.0	6.74303839996927e-102	1.0733689	30.132675649455244	0.2088613173603991	RNU6-475P	187343	no	dELS	True
chr17:183975:T:C	chr17_184658	15	False	0.87134445	4.190712876893487e-95	-1.2630423	30.12546161428301	0.2097836727799784	DOC2B	3009	no	none	True
chr17:913876:C:T	chr17_913873	1	False	1.0	2.88514925683306e-77	-1.5108777	30.123493350387413	0.3056847929881194	ENSG00000262003	4242	no	dELS	False
chr5:10954439:A:G	chr5_10954448	2	False	0.99999994	7.894922392888132e-130	1.1242856	30.11945111813532	0.2458896075994817	RNU6-429P	-72751	no	CA	False
chr6:163260351:A:G	chr6_163260268	19	False	1.0	4.297835892958439e-103	1.1688648	30.11577158852692	0.1708961552539247	PACRG-AS1	-64261	no	dELS	True
chr6:80768890:G:A	chr6_80768884	2	False	1.0	8.510982324909801e-105	-1.032509	30.114435558953435	0.2003982909806407	ENSG00000216352	211696	no	dELS	True
chr4:1604073:C:T	chr4_1604070	9	False	1.0	6.310443418066766e-107	-1.0658677	30.11120846900932	0.2414352291574655	ENSG00000244459	23544	no	dELS	True
chr2:242073339:T:C	chr2_242073336	16	False	1.0	2.5858845015787343e-136	1.2122486	30.10924013645553	0.4131498596739434	LINC01880	-10896	no	none	True
chr17:82971296:C:T	chr17_82971293	1	False	1.0	1.858759291460489e-34	-0.68894917	30.10914085601289	0.2386064012070099	ENSG00000262339	-7231	yes	dELS	True
chr6:77942539:G:A	chr6_77942540	4	True	1.0	1.4620348056632778e-129	-1.1512864	30.09826763077173	0.2135579250637032	MEI4	292267	no	none	True
chr7:13452179:G:C	chr7_13452160	4	False	1.0	9.409719027535734e-107	-1.2029741	30.09368197414608	0.2499576562584209	ENSG00000237713	87112	no	CA	True
chr10:86077127:C:T	chr10_86077124	2	False	1.0	9.309971320142392e-92	-1.0767937	30.08745278836155	0.2341265582518049	RNA5SP322	24677	no	none	True
chr10:124871508:C:A	chr10_124871505	3	False	0.99999845	4.6364978152723686e-88	-1.0349425	30.0815186262284	0.2303308986821493	NPM1P31	3996	no	none	True
chr8:141391470:G:C	chr8_141391571	33	False	1.0	2.8945032433332216e-62	1.0205766	30.07940943978552	0.28278515193604	PTP4A3	-423	yes	pELS	True
chr10:13781810:T:G	chr10_13781894	6	False	0.976142	4.917172228480875e-82	1.5976241	30.0776331202372	0.2273802438141829	FRMD4A-AS1	52512	no	dELS	False
chr10:1615454:C:T	chr10_1615451	1	False	0.96266776	2.8416387960233333e-85	-1.3662853	30.06176500171	0.2687929613517721	ADARB2-AS1	88815	no	CA-CTCF	False
chr7:114561630:C:T	chr7_114561627	8	False	1.0	1.373492986534166e-112	-1.3196213	30.055410810195475	0.275060076528604	ENSG00000282859	667	no	none	True
chr7:76502953:C:A	chr7_76499948	152	False	0.9808575	9.828614303865238e-114	-1.2221068	30.055148570526384	0.164461352149347	UPK3B	-10576	no	CA-H3K4me3	True
chr7:815439:A:T	chr7_815446	6	False	0.99762046	3.0460839312887004e-95	1.0957977	30.053046433405765	0.2586170192307375	SUN1	-1168	no	pELS	True
chr10:19925186:G:A	chr10_19925187	1	True	0.99935263	7.25489682670587e-82	-1.2189167	30.05077264104424	0.2728113976012596	ENSG00000285852	108910	no	dELS	False
chr18:78548575:G:A	chr18_78548576	2	True	1.0	6.700776571603666e-78	-0.9990398	30.049308263714515	0.4217908569819077	Y_RNA	4389	yes	CA-H3K4me3	True
chr10:4535055:G:A	chr10_4535047	1	False	0.9999996	3.210589246198153e-87	-1.2809118	30.04905879700849	0.2280027865095485	RNU6-163P	20096	no	none	True
chr2:57005461:T:C	chr2_57005458	1	False	1.0	1.0420317762729808e-140	1.1985613	30.047012103276465	0.4103644353567842	EIF2S2P7	-43877	no	none	True
chr10:127323492:G:C	chr10_127323494	2	False	0.99977577	1.0877393312362576e-94	1.0915298	30.04661786591482	0.2411402008402777	INSYN2A	126904	no	none	True
chr17:4899034:G:A	chr17_4899038	10	False	0.99899995	2.34953802881984e-23	-0.78631383	30.04608747804044	0.23205579037889	C17orf107	-379	yes	pELS	True
chr7:80974620:T:C	chr7_80974617	3	False	0.9999991	3.61317598342575e-131	1.2022536	30.04120182499797	0.2920237298549885	ENSG00000279326	-106	no	none	False
chr10:14991498:A:G	chr10_14991387	22	False	0.9849898	1.464001669592822e-84	1.1925113	30.037490022653227	0.2052606185227412	OR7E110P	3873	no	dELS	False
chr5:133291305:T:C	chr5_133291302	2	False	1.0	2.6322735216635382e-151	1.2586449	30.037100483143902	0.2478308093204334	ENSG00000250244	34811	no	none	False
chr5:717484:C:T	chr5_717481	10	False	0.9982086	1.8659798379027254e-127	-1.2315093	30.03618149243204	0.2338763591268677	ENSG00000289088	23989	no	none	True
chr1:247008088:C:G	chr1_247008249	327	False	1.0	1.2609988325312878e-55	1.4408019	30.03584657456598	0.3283670870200588	ZNF695	157	no	PLS	True
chr17:32997639:T:C	chr17_32997546	3	False	1.0	4.277063233072479e-76	-1.0502802	30.02932444000122	0.2152303883190758	SPACA3	27171	no	CA-CTCF	True
chr10:131773549:G:A	chr10_131773532	5	False	0.99999285	1.0151948911231798e-65	-0.8999269	30.028857590149048	0.2068940789463983	ENSG00000286295	-2853	no	dELS	True
chr10:14692973:T:G	chr10_14692621	13	False	0.9793726	2.783033148246369e-105	-1.0424408	30.027563121179185	0.1638685552092404	RNA5SP302	29128	no	dELS	True
chr10:111972211:C:G	chr10_111972219	4	False	0.97342485	2.5397862198964616e-90	-0.99247223	30.02739742217404	0.2405044464245971	ENSG00000287231	-17689	no	dELS	False
chr5:152176742:G:A	chr5_152176734	1	False	1.0	6.662653511641799e-138	-1.1514789	30.02544635098224	0.2150170930770246	ENSG00000286749	-198263	no	none	True
chr7:22147337:T:C	chr7_22147345	37	False	1.0	4.841056623497711e-125	1.2592342	30.02109764086676	0.2912425192350045	RNA5SP227	-151248	no	dELS	False
chr5:150166578:C:T	chr5_150166574	5	False	1.0	4.605208945951716e-20	0.81629443	30.01885348320316	0.2344603883015957	CDX1	-203	yes	PLS	True
chr16:85103645:T:C	chr16_85103664	40	False	1.0	3.8656036496603744e-140	-1.104557	30.015539815350216	0.4737788413933728	CIBAR2	-8807	no	dELS	True
chr12:48542507:G:A	chr12_48542502	11	False	0.99996644	3.066924337579202e-120	1.2283634	30.01484570071701	0.3174945237744325	OR8S1	16871	no	CA-CTCF	False
chr17:51734657:G:T	chr17_51734685	7	False	0.9999994	1.1390977976343994e-94	1.0694658	30.008606922810326	0.2884393315369618	ENSG00000279743	-28711	no	dELS	False
chr5:172897555:G:A	chr5_172897516	15	False	0.9998963	9.727304293284096e-130	-1.1699206	30.008016476937968	0.2271922846254257	ENSG00000254295	-57390	no	dELS	False
chr1:222250922:T:C	chr1_222250919	2	False	0.99999994	6.271868914349544e-125	1.2627778	30.00734790194916	0.3348720680494095	QRSL1P2	-11876	no	CA	True
chr11:26558416:T:C	chr11_26558420	1	False	0.9999956	8.581269204640807e-90	1.2734004	30.006546062546068	0.2832299046682316	MUC15	-13842	no	CA	True
chr14:52060469:C:T	chr14_52060457	5	False	1.0	1.1543314474061232e-151	1.158258	30.003579269392034	0.272762129799624	NID2	-8601	no	none	True
chr4:973551:C:G	chr4_968006	155	False	0.9994842	6.492123045766294e-61	0.9754153	29.999807099722315	0.2247540396549474	DGKQ	-18888	yes	CA-H3K4me3	True
chr17:41648866:G:A	chr17_41649862	34	False	0.9992838	6.391832784727584e-100	1.0375596	29.99957039711397	0.2264743456476635	KRT42P	9664	no	none	False
chr10:49300284:G:T	chr10_49300068	16	False	1.0	8.239292312679572e-76	1.3417573	29.998713935962503	0.1973918999803938	C10orf71	899	no	pELS	False
chr4:2763976:A:G	chr4_2763934	29	False	1.0	2.227597583365261e-65	-1.3436408	29.99871074941382	0.3165530413938027	TNIP2	7593	yes	none	True
chr3:76967833:T:C	chr3_76967830	3	False	1.0	7.490153025075368e-147	1.1613595	29.998415794247457	0.251605122164022	RNU6-386P	-124226	no	none	True
chr6:48258797:T:C	chr6_48258794	11	False	1.0	1.0595808090908541e-144	1.228642	29.99288290937453	0.2284304991089155	RBMXP1	44001	no	none	False
chr16:3102232:C:T	chr16_3101940	58	False	1.0	7.891302469273789e-140	1.1781507	29.99182867431822	0.4192388899668216	ZSCAN10	2646	no	dELS	True
chr9:93907717:C:A	chr9_93907714	1	False	1.0	6.77219770571253e-107	-1.1529832	29.98809448736448	0.3697771643943452	BARX1	-47640	no	TF	False
chr17:15593058:G:A	chr17_15592975	18	False	1.0	4.778636691061882e-112	1.0587814	29.9848511839025	0.2852574355109971	ENSG00000223544	4124	no	none	False
chr9:118332872:C:G	chr9_118332865	3	False	0.9977498	4.657547224215976e-140	-1.1314807	29.98018269301242	0.3582342295948058	TPT1P9	249484	no	none	False
chr6:888163:A:G	chr6_888157	4	False	1.0	2.7646924266357493e-93	1.0789254	29.97975686904074	0.1990380020655555	ENSG00000276687	-20848	no	CA	True
chr9:131361379:G:C	chr9_131361306	21	False	1.0	3.160209911532768e-111	-1.1157259	29.97207714629833	0.2729578931483593	ENSG00000285287	-9626	no	none	True
chr17:77806077:T:C	chr17_77806074	1	False	1.0	1.486834471930182e-70	1.0907099	29.96655773893628	0.2744889555855161	LINC01987	77516	no	TF	True
chr2:134220770:C:A	chr2_134220749	5	False	1.0	6.133701116695378e-117	1.1521987	29.96313694523262	0.3686909290204728	RNA5SP104	-10445	no	dELS	True
chr12:58140985:G:C	chr12_58140979	1	False	0.99999726	1.0175244607724516e-131	1.0657126	29.95544770438444	0.2815239787328505	ENSG00000279411	37073	no	none	True
chr4:135068220:G:A	chr4_135068221	2	True	1.0	2.199413322476771e-140	-1.2018205	29.953362671336382	0.2757497140544382	ENSG00000248434	989	no	none	False
chr1:153617778:C:A	chr1_153617791	14	False	1.0	4.357841932268156e-146	1.1114497	29.94657101393688	0.3178836768373777	S100A14	806	no	pELS	False
chr7:3481368:T:C	chr7_3481360	1	False	1.0	7.1024653396955095e-134	1.1217817	29.94477194940706	0.2503422183088031	RPL21P72	143472	no	none	True
chr5:56909530:A:G	chr5_56908871	36	False	0.99932724	8.454175047519624e-51	-0.97083133	29.941499236144573	0.1800848506230989	SETD9	-388	no	pELS	False
chr8:58535019:T:G	chr8_58535060	30	False	1.0	3.2449304659639787e-139	-1.2460606	29.929368989520768	0.3541542600598998	SDCBP	-17863	no	dELS	False
chr17:9097352:C:T	chr17_9097349	1	False	1.0	7.281656209146552e-113	-1.0979714	29.92709054998108	0.3386227640179832	NTN1	75840	no	none	False
chr17:65129222:G:A	chr17_65129316	7	False	1.0	1.694127975008145e-95	-1.1385077	29.92367074345284	0.2676154993238445	RGS9	28505	no	CA-CTCF	False
chr6:85496250:C:A	chr6_85496278	5	False	1.0	1.2426170189566172e-90	-1.02105	29.92363422320553	0.1765678859088856	ENSG00000280232	-2779	no	dELS	True
chr7:55809603:T:C	chr7_55809600	1	False	1.0	5.0747228173039456e-117	1.2060596	29.91781598766964	0.2682578716853767	ENSG00000229762	-1810	no	none	True
chr10:101253704:G:C	chr10_101253722	5	False	0.980785	6.2638700553755e-72	-0.8732537	29.912790171305	0.2074488503004807	LINC02681	-9827	no	CA	True
chr5:150846783:C:T	chr5_150846884	38	False	0.9669419	5.25592128500721e-97	1.117635	29.9061894889734	0.1964583098542836	IRGM	364	no	pELS	True
chr4:97679944:T:C	chr4_97679946	4	False	1.0	1.8890004931597592e-131	1.2460806	29.902944599685	0.2439542518109853	ENSG00000254044	46124	no	none	True
chr7:1860572:C:T	chr7_1860569	11	False	1.0	9.2817623200216e-124	-1.1815987	29.902179895445293	0.267272664733385	MIR4655	16317	no	none	True
chr6:165692298:T:C	chr6_165692295	3	False	0.99991864	2.0300704272961338e-89	1.1573758	29.89726460346292	0.2086613777495926	RNU6-730P	-26042	no	dELS	True
chr7:62555782:A:G	chr7_62555790	10	False	1.0	2.1796977788086288e-136	1.0790933	29.89362064935872	0.2478524357163943	ENSG00000233918	280113	no	none	True
chr9:136653871:G:A	chr9_136653811	15	False	1.0	1.2473541527119198e-35	1.3044872	29.89325220354244	0.2658943500685243	EGFL7	-5044	yes	dELS	True
chr6:11644529:C:T	chr6_11644526	2	False	1.0	2.3878960389535077e-124	-1.3041523	29.88175817045223	0.2257774906513415	Metazoa_SRP	460	no	none	False
chr5:1208292:T:C	chr5_1208289	5	False	1.0	3.0781164562956144e-116	1.1698312	29.88049049193708	0.2638675935643038	SLC6A19	6695	no	dELS	False
chr11:3642192:A:G	chr11_3641930	11	False	0.99991244	6.332526955429018e-41	-0.77732295	29.87743336686543	0.2187605631880964	ART5	-385	yes	PLS	True
chr4:16902310:T:C	chr4_16902307	2	False	1.0	4.4938467144194665e-127	1.0877281	29.87399324462286	0.2305443007937851	LDB2	3630	no	none	True
chr6:120724389:C:T	chr6_120724390	2	True	0.9999657	3.2299589624311767e-120	-1.1195112	29.871070458615183	0.2098262375820408	RNA5SP215	37770	no	none	True
chr5:789923:G:C	chr5_789951	11	False	0.99999845	6.294558853716545e-95	1.2092799	29.87009558002648	0.2232967115399444	ENSG00000288930	5127	no	CA-TF	True
chr10:19979518:A:G	chr10_19979522	2	False	0.99982536	2.024067553144309e-58	1.3873185	29.862974105418857	0.2478910297873791	ENSG00000238246	-112261	no	dELS	True
chr1:2172996:C:T	chr1_2172993	7	False	1.0	1.967793998139729e-80	-1.0876646	29.858615373442227	0.3732092344062671	PRKCZ-AS1	-11395	yes	dELS	True
chr1:86340197:C:T	chr1_86340194	1	False	1.0	3.478448118197759e-123	-1.3125696	29.855111150602543	0.3388520769208723	MIR7856	-17492	no	dELS	True
chr2:106262145:A:G	chr2_106262153	14	False	1.0	7.219928937770563e-113	1.1554964	29.84516465819747	0.3818885111052715	SRSF3P4	8437	no	dELS	True
chr7:66887155:T:A	chr7_66887278	33	False	0.90566343	2.075637983897459e-110	1.3753717	29.8442073038792	0.231273397398479	RNU6-1254P	-3909	no	dELS	True
chr11:18866266:A:G	chr11_18866273	1	False	1.0	1.9683933989392496e-88	1.0737475	29.843380678931567	0.264744709023281	MRGPRX7P	1765	no	pELS	True
chr6:110400319:C:A	chr6_110400329	9	False	0.9973854	1.3863558440255532e-31	-0.7448432	29.841561751843862	0.163475542789816	DDO	-15245	yes	dELS	True
chr5:132690255:A:G	chr5_132690129	68	False	0.99999976	4.92476198409523e-98	1.0798389	29.840965383654	0.190160517586687	ENSG00000230612	1449	no	none	True
chr9:79542489:T:C	chr9_79542486	1	False	1.0	9.470730793960665e-111	0.98182327	29.84036940686008	0.3247868927394131	LNCARSR	-25315	no	none	True
chr10:69096216:A:T	chr10_69096271	3	False	1.0	3.8524116405104253e-81	1.041888	29.83582969991416	0.2088018780028004	Metazoa_SRP	-2224	no	dELS	False
chr7:7821036:A:G	chr7_7821232	14	False	1.0	7.705880623305757e-130	-1.2068233	29.833049315452747	0.2340417487283728	ENSG00000234718	78659	no	dELS	False
chr12:99342182:C:T	chr12_99342179	1	False	1.0	1.6089942827031442e-131	-1.1867647	29.82901813414896	0.2977653867377765	ENSG00000258039	248821	no	none	True
chr17:57541284:T:C	chr17_57541295	5	False	1.0	9.89053673079231e-87	-1.0552083	29.82724429566823	0.263368476733997	ENSG00000280028	9527	no	none	True
chr12:30630250:C:G	chr12_30630318	1	False	1.0	6.97759045536859e-110	1.0919081	29.817676225906496	0.2473740902476966	IPO8	-65550	no	dELS	True
chr10:33289360:C:T	chr10_33289349	4	False	0.98675853	2.040466043060203e-80	-0.91772354	29.81650230548583	0.2279826342643303	RN7SL398P	749	no	pELS	False
chr9:558343:A:G	chr9_558332	2	False	1.0	2.9952170726127607e-76	0.9073091	29.815184793321443	0.2939897957969838	RNU6-1327P	-493	no	pELS	True
chr10:132053996:T:C	chr10_132053993	4	False	1.0	4.5636310543722496e-85	1.2012534	29.81447432043044	0.2371054006202731	JAKMIP3	17658	no	none	True
chr3:42490447:G:A	chr3_42490448	116	True	1.0	3.368477605004767e-112	-1.3859348	29.797505184960897	0.3149532126827309	VIPR1	1150	no	pELS	False
chr4:129681552:T:C	chr4_129681546	1	False	1.0	3.967835583784733e-137	1.1739591	29.79479476133452	0.2237785026444757	LINC02466	-89980	no	none	True
chr11:119184653:A:G	chr11_119184482	20	False	0.9999987	6.129911416639029e-93	1.0516039	29.793852364107178	0.2146130309330925	NHERF4	-974	no	CA	True
chr7:153028458:T:C	chr7_153028455	3	False	1.0	2.938694974864349e-127	1.2018844	29.788258696156475	0.2685330307541047	ENSG00000286565	103223	no	none	True
chr7:68027426:C:T	chr7_68027423	2	False	0.99999475	5.8680162612124696e-139	-1.2603221	29.78526422718432	0.2956045696474922	ENSG00000225209	7189	no	none	False
chr9:18349345:C:G	chr9_18349352	2	False	1.0	5.904924390676585e-107	1.085477	29.779588014650702	0.3176625808533365	ENSG00000227167	-12867	no	none	True
chr10:50964635:C:T	chr10_50964632	2	False	1.0	9.435811518490942e-95	-1.1661226	29.779335349212147	0.246537531799638	ENSG00000261368	363	no	none	False
chr10:127012405:C:T	chr10_127012418	16	False	1.0	1.9508255980685727e-77	-1.2357043	29.77904890175251	0.2393454277238158	ENSG00000232935	-14056	no	dELS	False
chr10:120270541:G:A	chr10_120270533	1	False	1.0	7.105995941734367e-112	-1.1137267	29.7736665656478	0.2390230874488051	RPL21P16	-84649	no	none	False
chr10:36009596:C:T	chr10_36009593	1	False	1.0	3.1159133915663095e-83	-1.407404	29.773237248290243	0.2459713301883219	ENSG00000227475	-79795	no	none	True
chr7:4867062:G:C	chr7_4867064	2	False	0.99999726	2.732032779142104e-110	1.1093863	29.768828895390968	0.2997434005172673	RPL22P16	1261	no	CA	False
chr11:44066439:G:T	chr11_44081690	92	False	1.0	4.7028553126095344e-57	1.3791283	29.76871680930286	0.1996849958534793	ENSG00000255165	10229	no	none	False
chr10:82295555:G:T	chr10_82295541	6	False	1.0	3.741100775991153e-70	-0.8952885	29.763722857017644	0.2123434498120381	RNU6-441P	-45229	no	CA	True
chr6:8435650:C:T	chr6_8436110	33	False	1.0	2.401530489291688e-23	0.65448934	29.76128154091749	0.1064154544331189	HULC	543	no	PLS	True
chr10:66743096:T:C	chr10_66743089	6	False	0.991342	1.1294836594914802e-114	1.059524	29.76050088970604	0.2395989172597525	ENSG00000277056	-94367	no	none	False
chr6:52871587:C:T	chr6_52871584	1	False	0.93312776	3.200504800346811e-117	-1.2792131	29.75942799706707	0.2055172677619494	GSTA11P	1256	no	none	True
chr17:82963046:G:A	chr17_82962631	24	False	0.9999965	9.805022309841382e-72	-1.2521839	29.755684657856943	0.1896946916357196	ENSG00000262339	-15893	no	dELS	True
chr6:117070251:A:C	chr6_117070245	2	False	1.0	5.7000585017551694e-117	1.1235741	29.754920641952868	0.191859318100844	RNA5SP214	9564	no	none	True
chr6:76104974:G:A	chr6_76104960	1	False	1.0	3.63328264102956e-87	-1.2003784	29.75342080760698	0.1914871345237775	RNU6-248P	12127	no	none	True
chr6:33157450:T:C	chr6_33157447	1	False	1.0	1.978036992433545e-117	1.0907886	29.75235821173336	0.1984453727336434	HCG24	12665	no	none	True
chr9:80565943:C:T	chr9_80565959	2	False	0.9999968	1.2186008610368773e-91	-0.94610894	29.74850892945821	0.2880869184251806	MTND2P9	-2	no	none	True
chr10:18962955:T:C	chr10_18962952	20	False	0.80599356	2.1369981368298862e-120	1.1112964	29.746981690945702	0.2449389148578702	ENSG00000234813	22452	no	none	True
chr12:103626683:T:C	chr12_103626724	4	False	1.0	1.9610471980312995e-104	-1.1518441	29.743453289732656	0.258896000162861	ENSG00000257737	-31270	no	dELS	True
chr8:73268207:C:A	chr8_73268204	1	False	1.0	1.5051014765157994e-132	-1.2803386	29.738764771424464	0.349132713675472	C8orf89	8675	no	none	True
chr16:5572466:T:C	chr16_5572463	2	False	1.0	5.940629888731477e-159	1.2007706	29.736638694016936	0.5284654315232884	LINC01570	-43909	no	none	True
chr3:14454566:G:A	chr3_14453888	9	False	1.0	1.1419234956581925e-146	1.1996982	29.73011460768451	0.1907649704516646	SLC6A6	51313	no	dELS	False
chr17:11478902:G:A	chr17_11478895	2	False	0.97505367	8.314364863696885e-99	-0.99874437	29.727873779634848	0.2865729152967119	DNAH9	-119574	no	none	True
chr14:21611989:G:C	chr14_21611985	10	False	1.0	3.8658164718685592e-109	1.1741897	29.727666791397485	0.3115730941985213	UBE2NP1	-395	no	CA	True
chr6:775505:C:T	chr6_775502	2	False	1.0	3.69064411861963e-83	-1.0842156	29.72755341419449	0.2041990557402743	ENSG00000272485	-4711	no	CA-CTCF	True
chr10:25219108:C:G	chr10_25219113	1	False	1.0	1.7558394340227322e-85	1.2216246	29.72252103684971	0.2316429107678603	ENSG00000274242	-25740	no	none	True
chr9:117650914:A:G	chr9_117650915	1	True	1.0	1.57022693368389e-102	1.0760671	29.7217289705732	0.3355532183510642	ENSG00000233569	7765	no	none	True
chr17:83105016:A:G	chr17_83103973	10	False	0.79320323	7.890668567133142e-71	1.0410627	29.721437257990527	0.1828517429285679	ENSG00000261888	-281	yes	none	True
chr17:83164210:G:A	chr17_83164215	5	False	0.9997835	9.277981008767505e-90	-0.9644193	29.718309004130028	0.3095448061539176	ENSG00000279143	28066	no	CA	False
chr5:53895313:C:T	chr5_53895306	1	False	1.0	3.307157096136332e-93	-1.0131215	29.71443017660467	0.2292527118385364	ENSG00000287087	-2157	no	CA	True
chr10:88672181:G:A	chr10_88672147	2	False	1.0	9.359070470083873e-57	1.282381	29.71267795621463	0.2098558012286686	LIPF	7707	no	dELS	True
chr6:18446739:C:T	chr6_18446733	4	False	1.0	8.173352729055559e-123	-1.1366949	29.70817714800115	0.1939375863880298	RNF144B	59384	no	none	True
chr10:80549671:T:C	chr10_80549802	4	False	1.0	3.700668945761486e-68	0.9872396	29.70212379196144	0.1794484572654752	SH2D4B	11901	no	none	True
chr6:32369853:G:A	chr6_32369910	6	False	1.0	8.762226472609276e-90	0.9832253	29.701209084626825	0.1653675113361621	TSBP1	-1996	no	pELS	True
chr5:135157157:C:G	chr5_135157161	5	False	1.0	1.9290802947975865e-100	-0.99187773	29.69841114391035	0.2351633398457931	ENSG00000248482	25913	no	dELS	True
chr1:44103597:T:C	chr1_44103605	22	False	0.9969308	2.498338373899205e-72	1.1210908	29.696177053096115	0.3592515830209429	KRT8P47	-1097	yes	CA-H3K4me3	True
chr10:126166954:A:C	chr10_126166988	5	False	1.0	2.1985740478158228e-79	1.2436097	29.692345598204383	0.2255133100720432	RNA5SP328	21407	no	dELS	False
chr5:134553551:C:A	chr5_134553455	26	False	1.0	5.482645816777358e-128	1.1065867	29.69115565197096	0.2083791428960418	JADE2	29144	no	none	False
chr6:31272264:C:T	chr6_31271010	4	False	0.9998761	3.1551993600203683e-23	0.57084835	29.688451960961523	0.0894355614849102	HLA-C	-1119	no	pELS	True
chr2:132088175:G:T	chr2_132088181	2	False	1.0	1.893019034220995e-126	-1.1600848	29.686519251989928	0.4004137417242469	ENSG00000225594	893	no	none	True
chr10:117677517:C:T	chr10_117677514	1	False	1.0	1.7343947401774042e-82	-1.047317	29.683089073096568	0.25406078515366	LINC02674	-56995	no	dELS	False
chr17:81351322:T:A	chr17_81351390	21	False	1.0	1.5816763063352074e-63	1.2303609	29.676828177149616	0.2136106485272956	RENO1	5425	no	dELS	True
chr10:65487142:G:C	chr10_65487129	2	False	1.0	1.0601678088307828e-96	0.95664126	29.6728301536796	0.2106494177893581	LINC01515	-83208	no	none	True
chr5:173974461:T:C	chr5_173974458	1	False	1.0	8.213836484595635e-87	1.036457	29.668745457017646	0.2420272271273148	C5orf47	680	no	dELS	True
chr7:68151532:T:C	chr7_68151529	1	False	0.99903244	1.2701265958601711e-120	1.3386405	29.666982882322564	0.2760557085887704	MTCO1P57	53793	no	none	True
chr17:81487730:C:G	chr17_81487651	17	False	0.999519	1.0566041663030764e-35	0.7592237	29.666629923816767	0.1813286873199588	ENSG00000289140	6000	no	dELS	True
chr1:228511776:T:C	chr1_228511773	1	False	1.0	2.2602162580544087e-137	1.1520602	29.66593030791924	0.3450426697104299	BTNL10P	-531	no	pELS	False
chr10:77610516:G:A	chr10_77610521	1	False	1.0	8.93963574360585e-65	-0.927363	29.663059208902705	0.2266558610996492	RNA5SP321	23473	no	dELS	True
chr9:65407189:A:G	chr9_65407192	1	False	1.0	3.795313475020438e-106	1.0833853	29.65547238130799	0.3282519894837524	ENSG00000287329	21544	no	none	True
chr12:9462189:G:A	chr12_9462109	39	False	1.0	1.1535632631533086e-129	-1.1137242	29.650209163270937	0.2376052433355002	ENSG00000284634	13815	no	none	True
chr2:229364943:T:C	chr2_229364940	3	False	0.9760278	3.0287425586669743e-160	1.163426	29.649686831381928	0.4563256301478419	ENSG00000290097	33705	no	none	False
chr10:1543906:A:T	chr10_1542491	21	False	0.97635883	3.6274602107502464e-78	-0.963986	29.64915665562623	0.1430810445943097	ADARB2-AS1	15855	no	none	True
chr11:2811675:C:T	chr11_2811672	1	False	0.9999997	1.507977112496739e-93	-1.1004686	29.649117488035245	0.280402576964494	COX6CP18	40317	no	dELS	True
chr17:4769728:A:G	chr17_4769660	3	False	1.0	7.173647443589199e-84	1.1240166	29.64843993901004	0.2640391463825824	TM4SF5	-2223	no	none	False
chr17:52095824:C:T	chr17_52095830	1	False	1.0	7.545706504899198e-91	-0.99621975	29.643860329795203	0.2753937961772988	CA10	-64186	no	none	True
chr5:39682062:T:C	chr5_39682059	2	False	1.0	8.947927743257467e-125	1.2190106	29.64211665478826	0.232948597969737	INTS6P1	-39453	no	none	True
chr7:83900749:C:T	chr7_83900746	2	False	1.0	1.1002192058733336e-127	-1.2163607	29.6400275076223	0.2691313120530402	RAD23BP2	237328	no	none	True
chr9:109698758:T:C	chr9_109698755	1	False	0.9977031	2.027462636493636e-106	1.2327791	29.63594062646698	0.3345240580163082	ENSG00000232939	-73556	no	none	True
chr11:13783999:C:G	chr11_13784001	2	False	0.99919754	1.1781082828423051e-116	1.1499069	29.63478992366805	0.2860738293832659	LINC02548	-15	no	none	False
chr9:124052844:C:T	chr9_124052856	2	False	0.9381854	1.1631722864828208e-114	-1.1493169	29.63459443936196	0.3185135603136755	ENSG00000234921	20333	no	none	True
chr11:5042188:C:T	chr11_5042183	3	False	0.9436312	4.0070184077935135e-97	-1.084208	29.63449453917697	0.2746993426265247	OR52J3	-4342	no	CA	True
chr5:99609326:T:A	chr5_99596819	2	False	0.9461185	2.271725365506423e-121	-1.1116991	29.63250221394132	0.1194042405818223	ENSG00000248928	1940	no	none	True
chr17:21777047:T:G	chr17_21760741	32	False	1.0	7.59976597460445e-81	-0.9976346	29.63032049916709	0.1309649237091765	ENSG00000283566	-22723	no	none	True
chr17:1935953:A:C	chr17_1935950	2	False	1.0	2.175561822588111e-67	1.0273179	29.62091589095645	0.2693982202863334	ENSG00000262445	-59663	no	dELS	True
chr9:2545486:C:T	chr9_2545488	1	False	1.0	7.505766736441073e-99	-1.1498802	29.618514627675232	0.3333752911816132	ENSG00000231052	4392	no	none	True
chr10:56710896:T:C	chr10_56710892	2	False	0.9673994	1.1579248777253778e-99	0.984447	29.611640956277107	0.2297935843702314	ENSG00000238707	114862	no	none	True
chr5:56564954:A:G	chr5_56564909	7	False	1.0	2.543735276004736e-90	-1.4887255	29.608427330959582	0.2366899058275516	ENSG00000234553	27084	no	dELS	True
chr9:119592067:A:G	chr9_119595040	8	False	0.9309642	3.5136184829833054e-131	-1.108515	29.600003799225377	0.2189692193933561	ENSG00000260970	99666	no	none	True
chr5:6718555:C:T	chr5_6718514	11	False	0.9999981	7.102874491896427e-117	-1.199132	29.59997799967815	0.2285833364039322	TENT4A	5083	no	dELS	False
chr4:42247759:A:G	chr4_42247761	1	False	1.0	1.9944421837756319e-122	1.165781	29.59901228759745	0.2750398031620599	ENSG00000289643	-44882	no	CA-H3K4me3	False
chr18:40416091:A:C	chr18_40416088	3	False	0.9992345	5.367798378739043e-144	1.3260351	29.5975654801495	0.4199033650700379	ENSG00000286844	170210	no	dELS	True
chr10:80078900:A:C	chr10_80060876	56	False	0.989811	7.107792339066337e-21	0.68699807	29.595875479273047	0.0732674162309995	ENSG00000282432	7329	no	none	True
chr7:130476747:A:G	chr7_130474913	133	False	1.0	2.613546065599304e-108	-1.0873168	29.594004820026804	0.1629484813247525	ENSG00000259920	-9478	no	none	True
chr17:8109879:G:C	chr17_8109854	4	False	1.0	1.5766384421752623e-33	-0.75784594	29.59307414008808	0.2071909447379857	ALOXE3	-9192	yes	dELS	True
chr10:85604465:T:C	chr10_85606016	2	False	0.8897042	2.213979863190112e-130	1.2380753	29.59201030857169	0.1651430354652183	ENSG00000278333	-7169	no	none	False
chr5:154493417:G:C	chr5_154493458	15	False	1.0	2.4175370537265392e-24	0.6463799	29.58029774394954	0.1879435578047728	ENSG00000253886	-117	yes	PLS	True
chr9:116424723:A:C	chr9_116424727	1	False	1.0	7.645487633824854e-105	1.1403114	29.57845036262088	0.3276203736172142	PAPPA-AS1	24122	no	none	True
chr6:88616498:C:T	chr6_88616339	368	False	1.0	2.339900065082651e-99	1.1929321	29.577970245738804	0.1619270553373653	SNORA73	-98090	no	none	True
chr1:30783058:T:C	chr1_30783032	18	False	1.0	8.579082422666673e-155	-1.1340733	29.577962538781165	0.3078329277626778	LAPTM5	25259	no	dELS	False
chr11:44615283:G:A	chr11_44615328	14	False	0.99650234	2.153274179038962e-92	-1.1450869	29.577874106475942	0.2410587092618156	ENSG00000255092	7228	no	dELS	True
chr17:81488316:G:A	chr17_81488718	25	False	0.9999917	5.2182799490484576e-39	0.7549199	29.57600070249382	0.1557463155059949	ENSG00000289140	7067	yes	none	True
chr6:87484302:T:C	chr6_87484238	22	False	0.9999985	5.372426535100086e-89	1.0577385	29.56879973105244	0.1664050898767707	RNU6-444P	-4206	no	dELS	True
chr17:19506842:A:C	chr17_19506789	12	False	0.8149329	1.4836740051953423e-120	-1.2425306	29.564908465045605	0.2808492346652233	RPL17P43	9847	no	dELS	True
chr20:63029497:C:A	chr20_63029776	75	False	0.7811931	5.258012171323787e-104	1.1672952	29.56345965476036	0.3449244324228591	LINC00029	-7251	no	dELS	True
chr17:8034455:G:C	chr17_8034457	1	False	1.0	3.735877769079488e-57	1.0605407	29.558625067383808	0.2680925418926611	ALOX15B	-4576	no	dELS	True
chr17:5774466:C:T	chr17_5771493	15	False	0.95002407	3.651807024949358e-122	1.098401	29.552154525190865	0.2293643380226731	ENSG00000284837	-740	no	pELS	False
chr6:168191602:C:T	chr6_168191599	1	False	1.0	9.642876120417414e-67	-1.5113574	29.5412945012857	0.2159144098593078	ENSG00000234768	-2758	no	dELS	True
chr10:1474996:G:C	chr10_1475028	19	False	1.0	4.931749475112552e-25	0.7761518	29.536805854280026	0.1852226845391208	ADARB2-AS1	-51608	yes	dELS	True
chr10:16742811:C:T	chr10_16742767	7	False	1.0	1.0495920309637708e-59	1.0914531	29.53529278786459	0.1984099311573214	ENSG00000225213	-5609	no	dELS	True
chr11:131095248:T:C	chr11_131095244	1	False	1.0	2.266773585125225e-112	1.2236202	29.53446199259596	0.3033804433310104	RN7SL167P	90816	no	dELS	False
chr9:135262386:A:T	chr9_135262349	4	False	1.0	1.9648009461564238e-82	-1.0115049	29.531584969873688	0.2775502320950141	ENSG00000233936	9642	no	CA-TF	True
chr8:134581470:T:C	chr8_134581478	9	False	0.9999987	2.7286213022615675e-157	-1.2300076	29.5261349407791	0.3733505554412722	ZFAT-AS1	-16592	no	none	False
chr8:20511015:T:C	chr8_20511007	3	False	0.99999845	1.2971824010022649e-139	1.1909391	29.526042796111724	0.3338354607019225	ENSG00000253178	-40193	no	none	True
chr10:28702853:G:T	chr10_28702848	2	False	1.0	1.1842677440058324e-85	-1.1407813	29.52250332247204	0.2282386265611501	BAMBI	25339	no	none	True
chr4:26452344:A:C	chr4_26452359	7	False	1.0	5.668645662684197e-106	1.0609726	29.52137453651001	0.2193051489705123	CCKAR	-38124	no	dELS	True
chr10:8521095:G:C	chr10_8521096	1	False	0.9999999	2.558267146980397e-80	-1.1119703	29.514835397601743	0.2426029145167632	KRT8P37	5991	no	none	True
chr10:130309621:C:T	chr10_130309626	1	False	0.9673428	8.192731387233159e-92	-1.104406	29.512811906682536	0.2286601300620043	ENSG00000276375	23023	no	none	True
chr5:1860057:C:T	chr5_1860054	20	False	0.99963	3.6293743417999e-107	-1.1831913	29.509653331282458	0.2302897924027814	ENSG00000279222	165	no	none	True
chr3:148930027:C:T	chr3_148930024	1	False	1.0	5.8710235175340845e-152	-1.2273035	29.50186983293713	0.2696034283827359	ENSG00000287198	7322	no	none	False
chr3:15475313:C:T	chr3_15475310	10	False	0.9862813	5.74582744957219e-108	-1.1268272	29.501731414407267	0.2674582625406606	EAF1-AS1	19371	no	dELS	True
chr5:103259015:T:C	chr5_103224648	7	False	0.9709	5.504556639515991e-29	1.2068075	29.49937849124584	0.1226921357940502	ENSG00000248203	-28870	no	dELS	True
chr5:102618077:A:G	chr5_102618073	3	False	0.99337107	1.389328920035652e-95	1.0412091	29.496396238537898	0.2388251265548089	ENSG00000247402	12439	no	dELS	True
chr11:76657509:A:G	chr11_76657464	17	False	1.0	2.135129647180351e-105	1.0799104	29.49577952397564	0.2553636084962444	ENSG00000236304	481	no	pELS	False
chr6:64263505:C:T	chr6_64263502	32	False	0.98853445	7.419365774565177e-123	-1.1608949	29.491844921784395	0.2025664634259914	ENSG00000232120	-114292	no	none	True
chr10:124222131:T:C	chr10_124222221	15	False	0.9991319	6.732151786801375e-71	1.0196546	29.489359656236417	0.1888627132440354	CHST15	128624	no	dELS	True
chr10:66998158:A:G	chr10_66998153	1	False	1.0	6.028302163662995e-91	0.9989051	29.48164407050132	0.2242465790966527	ENSG00000225299	-54455	no	none	True
chr17:20556282:A:G	chr17_20550668	14	False	1.0	1.2600496350058582e-91	-1.1578137	29.481366537834194	0.1583665048695133	TBC1D3P3	-294	no	none	True
chr9:68418622:T:C	chr9_68418623	3	True	0.9999998	2.9947205793954585e-78	0.9158753	29.47880488069503	0.3268008152747415	ENSG00000229019	-8219	no	dELS	True
chr2:129938247:C:A	chr2_129936586	25	False	1.0	6.581632681537453e-140	1.1609569	29.47835302868956	0.3024020088893775	PLAC9P1	2247	no	dELS	True
chr17:61480239:C:T	chr17_61480236	3	False	1.0	5.96144788760806e-81	-1.1802235	29.468039763057064	0.3113307658482268	ENSG00000267137	16853	no	dELS	False
chr17:19238269:C:G	chr17_19203069	24	False	0.99410844	4.226524050905109e-51	-0.8863167	29.46729729567458	0.0906977558369184	ENSG00000236022	-755	no	none	True
chr7:147321440:C:T	chr7_147313582	5	False	1.0	4.5045703790928624e-117	1.0493587	29.46541191353089	0.1356088681056109	MIR548F4	-64538	no	none	True
chr5:139759410:A:C	chr5_139759436	43	False	0.8328916	2.719856380682027e-65	-1.4077721	29.464013828475377	0.2634393673566808	PSD2-AS1	12031	yes	dELS	False
chr11:111470685:G:C	chr11_111470681	5	False	0.99999976	6.3183904623658515e-133	1.2585833	29.45340041562719	0.2915300727923955	POU2AF1	15052	no	none	False
chr6:10514647:G:T	chr6_10514626	5	False	1.0	8.737288711699293e-74	-0.96126723	29.450616721801858	0.1735476010159977	ENSG00000237685	81	no	pELS	True
chr3:195614883:T:A	chr3_195614899	19	False	1.0	5.265907938706693e-89	-1.0583152	29.44625612585565	0.2350641610447517	MUC20P1	-47	no	PLS	True
chr6:110357859:T:G	chr6_110357703	17	False	0.9999998	3.1198068405160626e-35	-1.0675355	29.44473261001405	0.1574716746835597	METTL24	-645	yes	pELS	False
chr5:161752108:T:C	chr5_161752104	1	False	0.99645436	1.408357518134409e-113	1.0476714	29.438060669029937	0.2166755336456501	GLRXP3	337	no	none	True
chr17:73596084:T:C	chr17_73596081	2	False	0.9726625	6.574507354548881e-90	1.1345941	29.43716633505454	0.318102634907452	ENSG00000264750	-44944	no	dELS	False
chr10:7120242:A:G	chr10_7120654	2	False	1.0	2.381026540718748e-61	-1.0537091	29.43675167294225	0.1605678936190731	ENSG00000287277	2186	no	none	True
chr5:160165737:G:A	chr5_160165748	15	False	1.0	5.694820269486902e-91	-1.2697756	29.436702883382303	0.2418443431997208	FABP6	-21618	no	dELS	True
chr8:13107779:C:T	chr8_13107776	6	False	0.99860996	4.5311206594116335e-112	-1.1721966	29.43628964606983	0.339227166287924	ENSG00000287134	-39612	no	dELS	True
chr11:125254186:G:A	chr11_125254189	3	False	1.0	2.544641691035333e-113	-1.1844575	29.436187479458223	0.2705641659670633	ENSG00000254932	-12608	no	none	True
chr3:98334189:T:C	chr3_98334175	12	False	0.9999979	1.9686896700357254e-102	-1.2249224	29.43164151464239	0.2514752379755914	ENSG00000289509	8957	no	CA-CTCF	True
chr11:58344227:A:G	chr11_58344228	2	True	1.0	2.930099162149452e-99	1.2744434	29.430370436533448	0.2791724505476249	OR5B19P	-435	no	none	True
chr12:132687746:C:T	chr12_132688693	18	False	0.9851525	6.938053212559199e-70	-0.99294597	29.430176988844853	0.2106363031817089	ENSG00000256632	645	yes	none	True
chr7:101126257:A:G	chr7_101126446	14	False	1.0	5.82122451418503e-120	-1.1629194	29.429705434427625	0.1972848720295344	SERPINE1	-657	no	pELS	True
chr5:133551847:C:T	chr5_133551844	4	False	1.0	2.004498690272123e-123	-1.1275326	29.427435629656664	0.2261583405084419	ENSG00000279197	-23453	no	none	True
chr3:194240876:T:C	chr3_194240873	1	False	1.0	9.04423169196478e-130	1.1427015	29.42277580881053	0.2501279518247999	LINC02037	-6743	no	none	True
chr9:107069171:C:T	chr9_107069172	1	True	1.0	3.5526520112293227e-100	-1.1221052	29.42267703794997	0.3722704145282196	ENSG00000230782	-33815	no	dELS	False
chr21:36126057:G:A	chr21_36126069	3	False	1.0	5.653407453082352e-119	-1.2090191	29.419704526839904	0.3563779825384507	CBR1-AS1	-570	no	pELS	True
chr11:65444651:C:T	chr11_65444682	7	False	1.0	9.553099189772657e-75	1.2891132	29.4195875065275	0.2449029434573228	MIR612	225	no	pELS	True
chr4:188624641:C:T	chr4_188624638	2	False	1.0	2.996398160128101e-113	-1.1840758	29.41644076951868	0.2704157100259233	ENSG00000250523	-6285	no	CA	False
chr7:157972066:C:T	chr7_157972061	1	False	1.0	7.01703577938225e-117	-1.0494031	29.41502927023265	0.283761985490492	ENSG00000285821	-15107	no	dELS	False
chr10:64573548:T:C	chr10_64573536	3	False	0.99994296	6.366712333028911e-109	1.0674795	29.412708436957946	0.2298102572761883	RPL17P35	-47385	no	none	False
chr3:10212139:A:G	chr3_10212010	31	False	0.9999208	6.82875016950784e-114	-1.1988873	29.410960664740976	0.2092637547052976	TATDN2	-36012	no	dELS	True
chr7:78040379:G:A	chr7_78040251	31	False	0.99853766	4.0787700750507606e-70	1.3628949	29.40934385981184	0.2541639611676525	DDX3ILA1	49868	no	none	False
chr17:78577560:C:T	chr17_78577557	1	False	1.0	3.658088333009555e-85	-1.2542894	29.407870170299777	0.3153276628819899	DNAH17	162	no	none	False
chr3:129975838:C:G	chr3_129979245	5	False	1.0	8.788380877956199e-59	-0.96865404	29.40739983707127	0.1419834026157399	TRH	4558	no	none	False
chr4:114108957:A:G	chr4_114108929	33	False	0.99917704	7.96568728205551e-99	1.0592146	29.402468508503013	0.2109334175195286	ENSG00000248716	4992	no	none	True
chr6:124213100:C:G	chr6_124213095	3	False	0.99434966	9.068741500025984e-126	-1.1762981	29.39945810730331	0.1983573283080429	ENSG00000237321	389856	no	none	True
chr10:122557852:C:T	chr10_122557849	2	False	1.0	6.542482730350798e-75	-0.93449336	29.398534932792835	0.2454420889590907	DMBT1	-2815	no	dELS	False
chr11:126583968:C:A	chr11_126583965	3	False	1.0	3.633521901540821e-109	-1.1815417	29.39580550235753	0.3033360612234177	KIRREL3-AS1	40019	no	dELS	False
chr6:100188743:A:G	chr6_100188736	1	False	1.0	6.028988143520585e-135	1.2137127	29.39269404754299	0.2156851434381249	ENSG00000216378	11528	no	none	False
chr17:1169192:A:T	chr17_1169225	4	False	0.9802439	1.95042673989116e-68	-1.067155	29.39263152364557	0.2316138545447485	ABR-AS1	-12667	no	none	True
chr10:11742089:T:C	chr10_11741816	95	False	0.99999964	2.515517968270404e-33	0.78708136	29.392548544558046	0.1609443830893359	ECHDC3	-549	no	pELS	False
chr3:161221353:C:T	chr3_161222437	18	False	0.9995222	5.8535803536019475e-40	0.7652344	29.39252989397129	0.1334913891226402	SRP14P5	-709	no	TF	True
chr22:23924767:A:C	chr22_23924893	289	False	1.0	3.227112904682894e-166	1.204625	29.39191777935797	0.4268955758353709	ENSG00000225282	-2006	no	none	True
chr17:31481889:C:G	chr17_31481890	1	False	0.9291935	1.2974965299082485e-73	0.98828775	29.391905588066347	0.2918678492553026	RN7SL79P	16348	no	CA-TF	True
chr6:4820912:A:C	chr6_4820900	8	False	1.0	2.2790360491639444e-90	1.0961239	29.38773387627085	0.190379432290522	CDYL-AS1	45493	no	dELS	True
chr6:56433241:C:G	chr6_56433251	4	False	0.9958634	3.605620860305144e-29	-0.67621684	29.386423723431896	0.1776128047513033	RCC2P7	39	yes	PLS	False
chr2:71154485:C:T	chr2_71154482	1	False	1.0	2.653058590593261e-127	-1.2609977	29.385547362479763	0.4398682843618681	ENSG00000233870	-24104	no	dELS	False
chr10:64870890:T:C	chr10_64870872	2	False	0.9998723	2.7177549241763903e-90	1.0605317	29.37922609317951	0.2077261182970953	ANXA2P3	45301	no	none	True
chr10:69797990:C:T	chr10_69797985	2	False	1.0	8.346819962765832e-71	-1.1494509	29.37845823183801	0.2467881841085819	COL13A1	-3894	no	dELS	False
chr11:33431174:C:T	chr11_33431171	3	False	1.0	7.092270747494431e-110	-1.3370035	29.377751819660634	0.27628725241144	ENSG00000255207	-19474	no	none	True
chr6:141271755:C:T	chr6_141271752	6	False	0.9999979	1.0744303478704874e-115	-1.2982196	29.3726015787256	0.2058232306765125	ENSG00000286452	-131487	no	none	True
chr5:126595330:T:G	chr5_126569086	202	False	1.0	5.467417762403914e-28	0.7768021	29.36984638609616	0.0950692991391365	RNU6-290P	15685	no	dELS	True
chr5:783983:G:C	chr5_727226	37	False	0.99996555	6.28734383844877e-32	1.0462874	29.369493808773555	0.1027850026542889	ENSG00000289088	33734	no	CA-CTCF	True
chr6:88201412:T:C	chr6_88201409	1	False	1.0	4.548787512102964e-137	1.1856731	29.369393495859413	0.2247386434606292	ENSG00000279565	29149	no	none	False
chr4:3802347:T:C	chr4_3802344	2	False	1.0	1.591763799783633e-98	1.1232842	29.36727282539203	0.2469840019930616	ADRA2C	35997	no	dELS	True
chr8:143617735:C:G	chr8_143618275	15	False	0.9543707	3.1142142802839266e-66	0.9133225	29.366479085902707	0.2498076915137094	GFUS	228	yes	pELS	True
chr3:65760690:A:C	chr3_65760687	1	False	1.0	1.7900291577069748e-160	1.1847563	29.36581680916955	0.2659511110526846	ILF2P1	73387	no	none	False
chr10:76673:C:G	chr10_76951	26	False	0.99980956	5.0309395108546414e-39	0.7792905	29.360328964434792	0.1631478529520831	TUBB8	2789	no	none	False
chr12:129340803:G:A	chr12_129340788	1	False	1.0	2.4482481590468485e-128	-1.1131214	29.357988900673583	0.2651231440769069	ENSG00000280051	78444	no	none	True
chr9:11603567:T:C	chr9_11603564	3	False	0.9904351	2.501533212563834e-93	1.5123429	29.357960929378457	0.3401099129030849	ENSG00000285784	-14965	no	none	True
chr1:99406738:T:C	chr1_99406735	1	False	0.9998227	3.4426486116071635e-122	1.2992556	29.356240834803167	0.3365338568634589	ENSG00000233983	-57642	no	CA	True
chr4:146214499:T:C	chr4_146214506	1	False	0.99986523	2.339879158731288e-92	1.1742592	29.35545231769243	0.2599316907236445	REELD1	-8	no	CA	False
chr9:129919505:T:C	chr9_129919200	34	False	0.9990573	5.840487296454513e-100	1.3897622	29.35083846612401	0.2914456658401611	ENSG00000230684	-14335	no	none	False
chr10:105689978:C:T	chr10_105689986	1	False	0.9999948	1.1174628714464862e-81	-1.0687993	29.34784468652952	0.2163805690351826	YWHAZP5	3665	no	none	True
chr11:50236531:C:T	chr11_50236534	26	False	1.0	1.3360732977992755e-112	-1.1631695	29.34271897060212	0.2691278587774982	PHKG1P3	-11226	no	none	True
chr16:52369481:C:T	chr16_52369478	2	False	1.0	5.405470396116222e-132	-1.1114775	29.341843531202564	0.4994117480430546	ENSG00000289907	-14261	no	dELS	True
chr3:53218322:G:A	chr3_53218278	6	False	1.0	1.1969215987333101e-110	1.1221675	29.34092766212991	0.2223612966568894	ENSG00000286531	21459	no	dELS	True
chr9:1732880:G:A	chr9_1733003	5	False	0.9843233	2.001472110728666e-94	-0.9902946	29.339512932052425	0.2590887276495707	ENSG00000287465	182901	no	none	True
chr17:49014714:C:T	chr17_49014709	68	False	0.9998344	4.645600483175915e-22	-0.6527589	29.33903034065728	0.2182591880028379	ENSG00000251461	985	yes	pELS	True
chr9:120045324:C:T	chr9_120045321	2	False	0.99876714	1.2547502272358609e-95	-1.4365753	29.33823352165186	0.372825286244246	ENSG00000225960	72228	no	CA	False
chr10:124349192:A:G	chr10_124349183	2	False	1.0	2.3444939583860766e-67	0.859316	29.33804274429956	0.2167143689723547	OAT	-69792	no	CA	True
chr10:70457165:A:T	chr10_70457166	18	False	1.0	3.167209821532364e-72	1.0785724	29.3358191749393	0.2625773742182611	NODAL	9216	no	dELS	False
chr7:126469765:A:C	chr7_126469762	7	False	0.9064618	1.2593652731786928e-132	1.245255	29.335268212298168	0.2736728642582758	ENSG00000287702	-25549	no	none	True
chr13:24328368:G:A	chr13_24328157	57	False	0.99498606	2.1088182893917683e-46	1.141784	29.33464089721437	0.2915537511907904	NUS1P3	-53	yes	none	True
chr10:12413197:T:C	chr10_12413255	11	False	0.99999774	8.529040425581994e-57	-1.0795422	29.331539317254943	0.1922046081894539	ENSG00000252438	-2672	no	dELS	True
chr9:137048660:A:G	chr9_137048693	20	False	0.99992627	1.6922388703412968e-56	-1.0508807	29.3294028540028	0.3008834732427496	NPDC1	2515	yes	dELS	False
chr6:165021090:C:T	chr6_165021086	1	False	1.0	9.712418308779138e-85	-1.2713228	29.327132916826585	0.2086342354099342	ENSG00000287877	92896	no	CA	True
chr13:30923938:T:C	chr13_30923935	5	False	0.9999993	8.453345276636791e-145	1.2348213	29.32509650215073	0.3145851270482706	TEX26	-8720	no	dELS	False
chr17:50828992:A:C	chr17_50829013	13	False	0.9997753	4.6230604995187845e-103	1.0745375	29.32393765487541	0.2978743119495011	WFIKKN2	-5636	no	none	False
chr6:117288366:A:G	chr6_117288370	1	False	1.0	1.1726607810427772e-104	1.1276166	29.322111314173974	0.2259768965298026	RN7SKP18	-10993	no	dELS	False
chr9:107999182:C:T	chr9_107999175	2	False	1.0	6.230770771703656e-81	-1.0365417	29.321815223238623	0.311172329635593	RPS15AP27	35131	no	dELS	True
chr10:126279091:C:T	chr10_126279085	4	False	0.99862635	5.935966304878894e-75	-1.0383588	29.321697951112395	0.2410885935888911	SAR1AP2	6268	no	dELS	False
chr10:54170234:C:T	chr10_54170227	4	False	0.9999564	3.85017647753173e-95	-0.9668492	29.32125857752255	0.2202651524521073	RNU6-687P	-282283	no	none	True
chr12:30858657:T:C	chr12_30858543	14	False	0.9999875	8.215578003751887e-100	1.0016987	29.319324027926207	0.2305169377843109	PPIAP44	-3377	no	CA-CTCF	True
chr10:84260944:T:C	chr10_84260931	2	False	1.0	1.3607072440412974e-84	1.043071	29.31857391654578	0.2092791923110086	LINC00858	-6815	no	none	True
chr13:52600328:C:A	chr13_52600313	81	False	0.99664825	2.962127175369337e-65	1.1036553	29.31819655873081	0.3606228997149016	ENSG00000290856	195	yes	pELS	False
chr9:76768526:G:A	chr9_76768535	2	False	0.99743587	3.894423794250297e-103	-1.0812957	29.312098349106915	0.3038016349884865	ENSG00000274326	-11121	no	none	True
chr10:133374509:A:C	chr10_133374499	12	False	0.99999523	9.823874703422349e-43	1.2773393	29.311605785676928	0.2226409874330044	ENSG00000274685	-369	no	pELS	True
chr9:83810493:A:G	chr9_83810497	7	False	0.999997	3.910583416202218e-100	1.0805712	29.30792352785582	0.3131544394283556	ENSG00000226877	-7145	no	none	True
chr7:152593059:A:G	chr7_152593060	1	True	1.0	8.962439224728395e-70	-1.2380209	29.306210349266248	0.2878521342118709	5S_rRNA	-30	no	pELS	True
chr5:71820404:T:C	chr5_71820400	4	False	0.99998164	6.343157871638063e-148	1.182983	29.305148802804904	0.2386597080192718	ENSG00000278824	64100	no	none	False
chr5:6837760:A:G	chr5_6837587	15	False	0.9938843	3.1622549792324806e-113	1.2408961	29.30479449040199	0.2090396540099223	LINC02196	-1872	no	CA-CTCF	False
chr12:109436816:C:T	chr12_109436813	4	False	0.9994932	5.302513891845544e-119	-1.1249741	29.300828686977283	0.2890785507017493	ENSG00000255655	-10683	no	none	True
chr6:152111767:C:T	chr6_152111742	5	False	1.0	3.106548929562945e-79	-1.0181342	29.300555965820383	0.1748749555961865	ENSG00000284615	-1016	no	none	True
chr8:143549172:C:T	chr8_143554115	84	False	0.9977868	2.832376241496459e-108	1.3307959	29.294635159390022	0.2341935767054193	GSDMD	909	no	none	True
chr8:11449106:T:C	chr8_11449128	14	False	1.0	5.749748666306455e-138	-1.1916087	29.293976305590256	0.3144332444643292	FAM167A	-26779	no	none	True
chr10:71131403:C:T	chr10_71131400	5	False	1.0	2.5575328073938e-108	-1.0075309	29.293595206787693	0.2465708033995653	UNC5B	-81169	no	none	False
chr3:190740404:G:A	chr3_190740406	2	False	1.0	9.47707311600587e-134	-1.1049592	29.291767976927105	0.2522405173899803	CCT6P4	25596	no	none	True
chr7:137145201:G:A	chr7_137145211	14	False	0.9695775	4.113432276727084e-102	-1.0338911	29.28848953457717	0.2491556794761173	ENSG00000224469	-18831	no	dELS	True
chr10:64653162:C:T	chr10_64653152	1	False	0.9960998	2.427891799041948e-66	-0.83374316	29.281668251674883	0.2133919861601337	RPL17P35	32231	no	CA-CTCF	True
chr10:64922884:T:C	chr10_64922871	1	False	1.0	4.98625038312524e-90	1.0829985	29.27925025934985	0.213918729737345	LINC02671	-94767	no	none	True
chr10:69215178:T:C	chr10_69215162	4	False	1.0	2.0003528451730485e-54	1.1159745	29.277585314075868	0.2136205304617467	HKDC1	-5169	no	dELS	True
chr16:88737574:C:G	chr16_88737660	21	False	1.0	2.989186954823344e-110	-1.1901593	29.27113797099464	0.4567629008807947	ENSG00000260617	-3970	yes	pELS	False
chr7:1157996:A:C	chr7_1159204	61	False	0.977756	2.282591439570361e-103	-1.1189197	29.26588461775939	0.1718154851606039	ZFAND2A-DT	-1169	no	none	True
chr11:40297612:G:C	chr11_40297613	1	False	0.9822303	3.4874555035817604e-138	-1.1647019	29.263269262005323	0.3050331874499594	Y_RNA	-53950	no	none	False
chr17:59899297:T:C	chr17_59899198	16	False	0.9264278	4.486802169803738e-74	-1.291099	29.26305888934176	0.2185550525984483	RPS6KB1	6153	no	dELS	True
chr17:77254449:C:T	chr17_77254446	2	False	0.9987521	1.4513681357023832e-57	-1.0735861	29.25739523016125	0.2615946689741178	ENSG00000265121	-10329	no	dELS	True
chr3:94961644:G:T	chr3_94961648	2	False	0.93236285	1.189178364038214e-114	-1.162073	29.256868080813405	0.2664559862125462	WDR82P1	23625	no	dELS	True
chr17:39057064:C:A	chr17_39058445	125	False	0.99990714	9.75336352145761e-78	0.9535268	29.25666080515848	0.2011717185093409	RDM1P5	1427	no	TF	False
chr6:9025241:T:C	chr6_9025205	21	False	0.9159742	5.900280517336982e-112	1.1271057	29.255538482314304	0.1829996834889035	ENSG00000225775	-136571	no	none	True
chr4:43919829:T:C	chr4_43919826	1	False	1.0	1.8767911860400902e-123	1.1978822	29.254925923720112	0.2332218273740004	NDUFB4P12	20865	no	none	True
chr7:44768492:T:G	chr7_44768474	28	False	0.9999997	9.59042333006762e-96	1.1207727	29.25418568704829	0.243278779546699	ENSG00000228596	-18865	no	none	True
chr12:108450527:T:C	chr12_108450524	4	False	0.99997455	2.7141525002401302e-121	1.2104541	29.25131529198722	0.2950115443999173	LINC01498	-64498	no	none	True
chr17:1981616:A:G	chr17_1981618	1	False	1.0	1.3175740438445859e-56	1.1290675	29.25051368973101	0.2656556696808422	ENSG00000262445	-13995	no	dELS	True
chr4:4107370:G:C	chr4_4090831	91	False	0.9309358	5.337240248654673e-44	1.1733239	29.24759775499309	0.224821432765912	ENSG00000250940	4194	no	TF	True
chr17:82757826:G:C	chr17_82750755	63	False	0.8219261	4.2338453235200274e-107	-1.1162109	29.239939925753752	0.1794467248683258	TBCD	-1286	no	pELS	True
chr17:14460248:T:C	chr17_14460238	2	False	1.0	7.736533281633901e-70	0.8775048	29.23936566611572	0.2517246626879239	ENSG00000230647	86100	no	dELS	True
chr14:100603617:T:A	chr14_100603463	14	False	0.9552931	6.926969862308193e-151	1.2269473	29.238144896680502	0.2687219298058515	ENSG00000258576	14138	no	none	False
chr13:24606013:C:T	chr13_24606088	16	False	1.0	2.453048549927902e-151	1.2057202	29.236185267765737	0.2512847957833649	ENSG00000285228	-5877	no	dELS	False
chr12:15521036:A:C	chr12_15521106	6	False	1.0	1.6525505922161085e-119	1.3238351	29.235655702881807	0.2767106819153277	ENSG00000243916	81580	no	dELS	False
chr10:385221:C:T	chr10_385216	2	False	1.0	1.885205222312306e-63	-0.88722056	29.231994251684927	0.2247952781707094	RN7SL754P	-45287	no	dELS	True
chr11:69536663:T:C	chr11_69536660	1	False	1.0	4.519404952699185e-88	1.1786171	29.22916100651752	0.2813637953358004	LINC01488	54999	no	CA-CTCF	True
chr11:1540254:T:C	chr11_1540251	4	False	1.0	7.941260416530971e-87	1.161262	29.22767788119995	0.2798436709824876	KRTAP5-AS1	-31101	no	dELS	True
chr6:152779495:G:C	chr6_152779497	2	False	1.0	2.884747401754898e-98	1.3882732	29.22694018364267	0.241138434442731	VIP	28701	no	CA	False
chr17:65731353:G:A	chr17_65731345	1	False	1.0	2.995006350410712e-83	-1.267527	29.219487882332466	0.2645900326636162	ENSG00000270870	76432	no	none	True
chr10:38970393:A:G	chr10_38970394	24	True	1.0	6.625262820201671e-86	1.1328697	29.21675557078707	0.2468333036437673	ENSG00000233832	187391	no	none	True
chr17:31409560:G:C	chr17_31409555	2	False	1.0	4.28326301261035e-81	1.0558529	29.21520730101279	0.27312404438105	RAB11FIP4	17881	no	none	True
chr10:3305356:T:C	chr10_3305351	1	False	1.0	5.570843749009462e-72	1.1289151	29.215104551258936	0.246664309814607	ENSG00000287428	9014	no	dELS	False
chr10:68990392:C:G	chr10_68990420	1	False	0.98463917	2.6519707545413404e-81	1.0683469	29.213330699533824	0.196398455315206	MED28P1	-716	no	none	True
chr6:168096394:C:T	chr6_168096391	1	False	1.0	2.5795133344401543e-97	-1.2193537	29.21313356473249	0.2305309592853112	FRMD1	-5119	no	dELS	False
chr9:129762616:C:G	chr9_129762610	2	False	1.0	4.392165888984177e-97	1.1083758	29.20937662301651	0.3419561788664797	PTGES	9569	no	dELS	False
chr12:132178835:C:G	chr12_132178839	12	False	1.0	4.485194492526637e-56	-1.1742835	29.206855596314945	0.3373041458268841	ENSG00000276693	9017	yes	dELS	False
chr3:125990523:G:A	chr3_125990853	195	False	0.19999915	6.473670821905153e-135	1.3460131	29.206730736570243	0.2045617938751753	ENSG00000291096	274	no	pELS	True
chr3:6249950:G:A	chr3_6249961	362	False	1.0	1.1425606142055432e-102	1.3084322	29.20498289714252	0.2629116677006156	MTARC2P1	41693	no	dELS	True
chr5:14248098:G:T	chr5_14248059	49	False	1.0	2.173972939945258e-82	-1.7442873	29.19880462757071	0.2578863334197522	TRIO	104718	no	dELS	True
chr11:92556615:C:T	chr11_92556612	15	False	0.6016366	4.207465834944244e-149	-1.27606	29.192592782716293	0.3185914096881022	RPS3AP42	57678	no	dELS	True
chr7:29154324:A:G	chr7_29154316	4	False	0.99764466	6.227615503621907e-92	1.0937113	29.19027516315408	0.2543690788345264	CHN2	7770	no	dELS	True
chr10:115709007:A:G	chr10_115709012	2	False	0.9764175	1.7968982020339278e-68	0.9230083	29.18954442350864	0.2283630214598008	NTAN1P1	-111474	no	TF	True
chr10:133195310:G:A	chr10_133195314	7	False	1.0	7.391749992682638e-62	-0.8919592	29.18778706034	0.2273447313411515	UTF1	-34902	no	dELS	True
chr9:22181188:A:G	chr9_22181240	3	False	0.9999661	5.889447352845527e-100	-1.2952013	29.1837565798259	0.3197888772924063	ENSG00000236921	-33431	no	dELS	False
chr17:33199313:C:T	chr17_33199310	1	False	0.99994814	5.763999099687449e-82	-1.2708722	29.180840268129536	0.3109109222599907	ENSG00000266535	87453	no	dELS	False
chr4:92688786:T:C	chr4_92688791	4	False	1.0	2.8175169070537702e-124	1.1231346	29.17843109642544	0.2223264714060921	MTND1P19	-13553	no	none	True
chr17:17325495:T:C	chr17_17325492	1	False	1.0	4.432942063118158e-52	1.4818633	29.177012600385765	0.2483286997190154	NT5M	22158	no	dELS	True
chr17:18638462:A:G	chr17_18638466	22	False	0.99916047	1.1909778619496621e-45	0.8538197	29.175357897424608	0.2489415949792184	ENSG00000262262	97	no	CA	True
chr7:719423:C:T	chr7_726281	15	False	1.0	1.1041369577139805e-131	1.1665125	29.1742548028594	0.1351089542635687	DNAAF5	-417	no	pELS	True
chr17:66104492:T:C	chr17_66104489	4	False	0.9999926	9.410248604222796e-85	1.0619812	29.170933771657623	0.2829587364425033	CEP112	-87643	no	none	True
chr10:81442362:T:C	chr10_81442359	1	False	1.0	7.998689416560242e-103	1.3059757	29.169819742083977	0.2580996523798733	RPA2P2	305025	no	none	False
chr17:31710022:C:G	chr17_31710023	1	False	1.0	7.530045175194293e-43	-1.176536	29.16749778070345	0.2596462058151639	ENSG00000266448	456	no	CA-H3K4me3	True
chr17:56094630:T:C	chr17_56094627	5	False	1.0	1.468024399147896e-109	1.0470089	29.15995170828456	0.3313167534539774	ANKFN1	212327	no	none	False
chr9:104490363:C:T	chr9_104490360	5	False	1.0	4.317195825974e-92	-1.3011061	29.15945401810932	0.3660162779744791	OR13F1	-13902	no	CA-H3K4me3	False
chr6:69603646:T:C	chr6_69603641	1	False	0.99999994	4.9371438143562055e-120	1.0630367	29.15533925996882	0.1925196566385008	NPM1P37	-102518	no	none	True
chr6:138405046:A:C	chr6_138409229	137	False	0.97284704	3.898990195720404e-51	-1.0358993	29.155017070705064	0.1153992355727197	MARCKSL1P2	5670	no	none	False
chr10:83917665:A:C	chr10_83917683	24	False	1.0	5.697774400139378e-53	-1.1255424	29.148624369859967	0.2116969192125779	ENSG00000233258	4762	no	dELS	True
chr10:52020459:T:C	chr10_52020455	2	False	0.9995483	2.337620329067603e-75	1.0364625	29.148135144556715	0.2471246009821133	ENSG00000289527	-18762	no	dELS	False
chr12:10409426:C:T	chr12_10411495	148	False	0.9111342	2.702455076838672e-108	-1.0912455	29.147420558267832	0.1879018744825827	KLRC4-KLRK1	1350	no	pELS	True
chr6:47096411:C:T	chr6_47096322	4	False	1.0	5.2690590237936796e-117	1.0987469	29.14547905731873	0.1884472073528376	ADGRF1	53973	no	none	False
chr3:72996720:A:G	chr3_72996417	13	False	0.49844235	5.148551614615604e-97	-1.1104779	29.14215365209665	0.1858734698772448	PPP4R2	-385	no	pELS	True
chr11:129249401:C:T	chr11_129249389	4	False	0.93516237	1.668754526760611e-95	-1.279496	29.130752205076256	0.2705472012589859	ARHGAP32	-29934	no	none	True
chr20:64115023:T:G	chr20_64118894	5	False	0.99993885	4.5610660121606416e-122	-1.1666296	29.13057106587724	0.2658754376795262	NPBWR2	11330	no	none	True
chr2:119219910:C:A	chr2_119219907	3	False	1.0	8.770328257888043e-123	-1.1052845	29.126864822068782	0.4347189086162594	STEAP3	-3923	no	dELS	False
chr6:66688536:T:C	chr6_66688542	2	False	0.9999545	4.113614477672083e-112	1.1447545	29.1264076508386	0.1913454147339843	ENSG00000270521	-22284	no	none	True
chr3:183230545:C:T	chr3_183230542	1	False	1.0	3.415850211886568e-118	-1.3719519	29.12549189911564	0.3008553972920667	B3GNT5	-22710	no	TF	False
chr12:46933679:C:G	chr12_46933675	1	False	1.0	4.3876514609793134e-116	1.1177479	29.1225362102646	0.3087686824105866	ENSG00000274723	-36828	no	dELS	False
chr4:16062184:C:T	chr4_16062141	30	True	1.0	2.9456313123042068e-121	-1.1766557	29.122012941234285	0.2335262098286396	PROM1	-22236	no	none	False
chr10:15530532:C:T	chr10_15530523	6	False	1.0	4.001792951790328e-91	-1.0088699	29.121711400826147	0.2168431589966436	FAM171A1	159235	no	none	True
chr3:118002897:C:T	chr3_118002894	2	False	0.99495196	4.0795528231687207e-122	-1.2839134	29.121626917534684	0.2623059387350394	LINC03051	5303	no	none	True
chr13:113351498:A:C	chr13_113351495	14	False	1.0	1.78266893660922e-128	1.1855582	29.119189794315567	0.3151920659269526	GRTP1-AS1	-149	no	PLS	False
chr10:58164278:G:C	chr10_58164282	3	False	0.99991727	1.3956095200978665e-82	-1.1632684	29.11803124366664	0.2314627307251605	TPT1P10	-48753	no	none	True
chr17:77549562:C:T	chr17_77549559	1	False	0.9986646	5.980335763562351e-67	-1.3440195	29.11636007388852	0.2965488434106123	ENSG00000286534	1431	no	pELS	False
chr6:15820641:A:G	chr6_15820657	7	False	1.0	7.53313391816047e-108	-1.0937912	29.11611814488924	0.2087186078095103	ENSG00000289953	16013	no	dELS	False
chr9:131827265:T:C	chr9_131827262	2	False	0.9997198	2.419715006372553e-90	1.3300978	29.115256456923507	0.3660119621972612	ENSG00000236687	11071	no	CA-TF	False
chr2:223053265:T:G	chr2_223053261	2	False	1.0	1.6462902807652554e-73	-1.0015055	29.11519148868785	0.4162254778259707	KCNE4	1072	yes	none	True
chr10:121516577:G:A	chr10_121516650	8	False	1.0	3.5712239113490507e-78	1.273757	29.11513608206787	0.2147434428646978	FGFR2	-81807	no	dELS	False
chr17:47020018:C:T	chr17_47020011	9	False	0.96710783	1.7988603396390028e-102	-1.0783161	29.10591590031041	0.3156187856883364	LRRC37A17P	2819	no	none	False
chr3:29016288:C:G	chr3_29016282	1	False	1.0	1.076392701682755e-108	1.0889512	29.10577374405534	0.2539918178035669	MESTP4	-71113	no	CA-CTCF	True
chr17:40681487:T:C	chr17_40681484	5	False	1.0	3.8076575253717184e-97	1.1145959	29.10568516859936	0.3181311764472445	KRT224P	-7875	no	none	False
chr17:377163:C:T	chr17_377171	2	False	1.0	1.249977182814167e-60	-0.8818058	29.10422275768262	0.2478650334246025	RPH3AL	-9082	no	dELS	True
chr17:68397040:C:G	chr17_68397055	4	False	1.0	2.162857895503386e-62	-0.9737174	29.101572192091364	0.2321748587035807	ENSG00000267009	-16567	no	dELS	True
chr5:106859167:G:A	chr5_106859172	3	False	1.0	1.5334817041851956e-97	-1.0737622	29.101024701649152	0.2383369623553484	LINC01950	-151879	no	dELS	True
chr17:293891:C:T	chr17_293888	2	False	1.0	2.737348627611135e-56	-1.2311424	29.09982917327	0.2586186558876385	ENSG00000262920	-27503	no	dELS	True
chr3:121344094:A:G	chr3_121344089	19	False	1.0	6.243860706076387e-130	1.1300387	29.091901527916185	0.241532687490461	ARPC1AP1	-12901	no	none	True
chr5:30564713:C:T	chr5_30564701	1	False	1.0	1.974432890080734e-97	-1.1176068	29.091164009082068	0.2292739646981457	ENSG00000287176	-129282	no	none	True
chr7:135794687:G:A	chr7_135794694	1	False	1.0	6.0718053964707055e-114	-1.088446	29.090993965631235	0.2801796197902779	ENSG00000224746	20174	no	dELS	False
chr17:67290315:C:T	chr17_67290312	1	False	1.0	3.0520723046689e-76	-1.1641222	29.09039181793145	0.2746952013852242	ENSG00000264093	13962	no	none	True
chr10:26183031:A:C	chr10_26183028	2	False	1.0	2.124586552832673e-81	1.1423988	29.087719189119163	0.2336720492589251	GAD2	-33636	no	none	True
chr5:180072292:A:G	chr5_180077143	2	False	0.99956644	8.39321556046136e-30	-0.6647731	29.08660291801804	0.113646054448021	ENSG00000278965	-4547	no	none	True
chr12:106225846:C:T	chr12_106225073	9	False	1.0	3.1110072622112203e-148	-1.207652	29.081759514547823	0.2176157960074721	ENSG00000258355	-21882	no	none	False
chr8:80152054:A:C	chr8_80152140	23	False	0.9998914	3.450229394938017e-135	1.1923257	29.07909809059231	0.3324821060892016	ENSG00000254205	29289	no	dELS	False
chr4:159655157:T:C	chr4_159655154	9	False	1.0	6.328015974487134e-152	1.1542592	29.07813874486252	0.2519579769992447	LINC02233	-122673	no	none	False
chr9:87866330:T:C	chr9_87866325	3	False	1.0	3.7022436915077895e-70	0.9168528	29.063591017408697	0.3033322617850046	ENSG00000234460	1006	no	pELS	True
chr8:88922972:C:G	chr8_88922973	3	False	1.0	1.2833058917611839e-110	1.1447083	29.06305721829301	0.3460303302527071	ENSG00000286984	109830	no	TF	True
chr7:21054660:T:C	chr7_21054664	1	False	1.0	1.950744263940856e-114	1.0422403	29.056886499407444	0.2855822817552524	ENSG00000285592	25852	no	dELS	False
chr9:93033577:A:C	chr9_93033676	16	False	1.0	8.487747472795075e-82	1.0543275	29.0560985575397	0.2553558155696435	SUSD3	-25011	no	dELS	True
chr7:1800921:C:T	chr7_1800918	10	False	0.99999946	3.3661949683961496e-110	-1.2197438	29.05608512574581	0.2998793903757146	ENSG00000176349	-37667	no	dELS	False
chr1:45429219:G:T	chr1_45429195	21	False	1.0	6.483464631777351e-146	1.2588459	29.05146227652218	0.2808670319748753	PPIAP36	14176	no	none	True
chr6:35498009:A:C	chr6_35498474	19	False	1.0	1.2957633824992579e-24	-0.6302347	29.04913771029731	0.1056926344791299	TEAD3	1396	yes	pELS	True
chr13:41512658:C:T	chr13_41512643	28	False	1.0	6.766260411811368e-119	-1.2255809	29.046213509394008	0.2657825143840839	ENSG00000288598	-4524	no	dELS	True
chr6:3434878:A:C	chr6_3434814	5	False	0.9998113	4.095077939267895e-110	1.1536809	29.04490803416036	0.193138914837327	SLC22A23	-22235	no	dELS	False
chr10:789602:C:T	chr10_789514	28	False	0.9938282	4.968545119991183e-59	1.2431931	29.04376201159	0.1944345552911126	ENSG00000231601	45523	no	dELS	True
chr6:64545324:T:G	chr6_64545317	1	False	1.0	2.7315435300673105e-139	1.1792386	29.04349695806411	0.2155568361134982	HNRNPDP2	-86364	no	none	False
