variant_id	nearest_gene	pip	asm_frac_fisher	score_v2	score_convergence	ccre	sv
chr2:206253038:G:T	HMGN1P6	1.0	1.0	64.84593208687545	2	none	False
chr1:123268477:G:C	LINC01691	1.0	1.0	57.8479616887211	3	none	False
chr1:122821584:C:A	LINC01691	0.97843194	1.0	43.78100394251654	2	none	False
chr1:122802093:A:G	LINC01691	0.99494696	1.0	43.77994045089648	2	none	False
chr19:56842187:C:A	ENSG00000268407	0.99947673	1.0	55.71844795904661	3	none	True
chr18:18993727:A:C	ROCK1	0.9619899	1.0	45.34396399517075	2	none	False
chr18:17092841:G:A	ENSG00000215512	0.97652197	1.0	46.68578664361448	2	none	False
chr16:3449158:A:C	NAA60	0.99924946	1.0	46.3151237589358	2	none	False
chr13:17542539:C:G	ENSG00000279924	0.997616	1.0	43.327598636795926	2	none	False
chr10:42178302:C:A	KSR1P1	0.9993195	1.0	67.4063829901263	3	none	True
chr10:41278445:C:A	KSR1P1	0.9574079	1.0	44.59890272350971	2	none	False
chr2:95936864:G:T	ANKRD36C	0.99997604	0.9977876106194692	51.110153207933166	3	none	True
chr16:3441209:T:C	ZNF597	0.9553665	0.9953596287703016	44.219211470259175	2	none	False
chr10:42171102:G:A	IGKV1OR10-1	1.0	0.9933628318584072	43.26401503286529	4	none	True
chr20:29111550:G:T	FRG1DP	0.98205656	0.986725663716814	41.654621090175866	2	none	False
chr9:41556647:G:A	RN7SL565P	0.9788423	0.9823008849557522	45.7164495377069	3	none	True
chr2:242147339:C:T	SEPTIN14P2	1.0	0.9800884955752212	54.59504186379852	4	none	True
chr9:62813962:G:T	ENSG00000287168	0.9745044	0.9778761061946902	46.53967415789023	2	none	False
chr18:79617184:C:G	ENSG00000267409	0.99519503	0.9778761061946902	49.37461469844177	3	none	True
chr2:242150106:G:A	RPL23AP88	0.9999192	0.9756637168141592	50.29479980765613	2	none	False
chr4:49309171:A:T	SNX18P25	0.99844074	0.975501113585746	44.21976484992781	2	none	False
chr2:242158345:A:T	RPL23AP88	0.91703624	0.9712389380530974	47.741346420363385	3	none	False
chr17:21296464:G:C	MAP2K3	0.99410343	0.9690265486725664	53.69867510717245	4	dELS	True
chr2:242170295:C:A	RPL23AP88	0.9951337	0.9668141592920354	46.393174437490416	3	none	True
chr21:8402836:T:C	ENSG00000286267	0.9959916	0.9668141592920354	39.01983987512939	2	none	False
chr3:75681674:T:A	ZNF717	0.9469619	0.966740576496674	48.20968747225976	3	none	True
chr9:62819122:A:G	BMS1P9	0.992301	0.9646017699115044	43.21573291613227	2	none	False
chr9:62806392:G:A	ENSG00000287168	0.93863606	0.9601769911504424	50.09394699180972	4	CA-CTCF	False
chr2:242141907:C:T	RPL23AP88	1.0	0.9601769911504424	53.10511951756369	3	none	False
chr17:21307535:T:C	MAP2K3	0.9067741	0.9601769911504424	52.16799633979233	3	none	True
chr9:40923614:G:A	MIR1299	0.91955256	0.9579646017699116	50.87158514615161	4	dELS	True
chr9:61803399:C:T	ENSG00000283541	0.9924957	0.951951951951952	53.536548996842924	2	none	False
chr20:28606649:C:T	FRG1CP	0.99961287	0.9491150442477876	51.17787927149559	3	none	False
chr3:75704970:C:G	DUX4L26	0.99475944	0.9488888888888888	52.06533073454403	4	pELS	False
chr4:6106159:C:T	ENSG00000284684	0.9954809	0.9455782312925172	48.83979184204362	4	dELS	True
chr22:12356805:A:T	FRG1GP	0.9843974	0.9424778761061948	41.086497093982	3	none	True
chr8:102528596:T:C	LINC03047	0.99732643	0.9413092550790068	49.73313671723599	3	none	False
chr22:16411167:G:A	ENSG00000226160	0.9993401	0.9402654867256636	41.52035927844175	2	none	False
chr3:75675378:G:A	LINC00960	0.99997455	0.9355555555555556	46.27560943440703	3	none	False
chr22:11213887:C:A	ENSG00000288262	0.99967563	0.9330543933054394	46.15644711935618	3	none	False
chr9:40587587:G:A	ENSG00000289843	0.99999994	0.9290465631929048	42.56488616736051	3	none	False
chr8:2727062:A:G	ENSG00000253853	1.0	0.9290465631929048	50.882702178860114	5	PLS	True
chr21:10395581:C:T	ENSG00000278106	0.999948	0.922566371681416	38.21965615697177	3	CA	False
chr20:29407129:C:T	FRG2EP	0.9863616	0.9203539823008848	41.2182344824772	2	none	False
chr4:190069251:G:C	DUX4L9	0.97392994	0.9201773835920176	39.12709854903007	2	none	False
chr9:40571113:T:C	ENSG00000289843	0.9941167	0.9175946547884188	46.05375162692151	2	none	False
chr4:190065312:C:A	ENSG00000277162	0.95043814	0.9175946547884188	41.5838708866856	2	none	False
chr9:41562102:T:C	ENSG00000278054	0.91911924	0.915929203539823	40.721661994637145	2	none	False
chr1:234787699:G:A	ENSG00000289377	0.99999833	0.9113082039911308	44.78171194371979	4	dELS	False
chr2:232351798:C:G	NRBF2P6	0.9423474	0.910377358490566	39.42828717549843	2	none	False
chr4:49173787:C:A	MTND3P22	0.95643586	0.90929203539823	39.56537407886545	2	none	False
chr1:68047801:C:T	ARL5AP3	0.9986734	0.9080459770114944	50.23833573446955	3	CA-H3K4me3	False
chr9:62835438:T:C	PTGER4P3	0.9999989	0.9070796460176992	37.263499113533086	2	none	False
chr16:34161767:C:A	IGHV3OR16-16	0.9978038	0.9070796460176992	36.16595855870397	2	none	False
chr16:14990011:A:C	ENSG00000261819	1.0	0.9068736141906872	50.90317035531774	4	none	True
chr8:2733490:C:T	LINC03021	0.9988011	0.9038031319910514	47.38664503355598	2	none	False
chr5:179633381:C:T	HNRNPH1	0.9994062	0.8974358974358975	46.61424118299224	2	none	False
chr9:61854101:G:A	FAM27C	0.9992847	0.8970189701897019	47.945279699685535	4	pELS	False
chr9:62810564:C:T	ENSG00000287168	0.94429	0.8960176991150443	40.21339060934817	3	none	True
chr12:28582:A:G	WASH8P	1.0	0.8960176991150443	40.4023608030345	4	none	True
chr7:16851441:A:G	ENSG00000270593	0.97814727	0.8948545861297539	43.25036493114722	2	none	False
chr1:234792598:G:C	LINC02961	0.9761959	0.893569844789357	43.58290533119308	2	none	False
chr12:31121188:G:A	DDX11-AS1	0.9160785	0.8933333333333333	44.32951047190038	4	none	True
chr6:291634:C:T	LINC03066	0.98164326	0.8926174496644296	47.6463592932023	3	dELS	False
chr10:130301184:C:T	ENSG00000276375	0.97690195	0.8922018348623854	45.3225119506828	3	dELS	False
chr1:143498246:G:A	ENSG00000277702	0.922694	0.8904428904428905	41.28511709189755	2	none	False
chr20:29401324:A:C	DUX4L34	0.97780937	0.8893805309734514	41.73340469797719	2	none	False
chr9:43182635:G:A	ENSG00000286506	0.98985136	0.8891352549889135	40.246835150734505	2	none	False
chr1:143270277:A:G	ENSG00000203825	0.942864	0.8831460674157303	34.36898827204362	2	none	False
chr1:234784821:G:A	ENSG00000289377	0.9175819	0.8824833702882483	38.31372593185016	2	none	False
chr1:37996149:C:T	RNU6-510P	1.0	0.8819599109131403	51.75369831681169	4	none	True
chr4:49300807:G:A	SNX18P25	0.9488759	0.88	34.8586564923757	2	none	False
chr9:66153517:C:T	ENSG00000286945	0.9892183	0.8797327394209354	36.21538741535696	2	none	False
chr12:10700:G:A	DDX11L8	0.92719245	0.8761061946902655	33.81188012232687	2	none	False
chr21:13980370:C:T	ANKRD20A11P	0.99992186	0.8747203579418344	45.62166131084483	4	none	True
chr9:41530325:T:C	ENSG00000275297	0.99344146	0.8708240534521158	43.22810639316327	3	none	True
chr10:123991676:G:C	YBX2P1	1.0	0.8696629213483146	46.08798323658708	5	PLS	True
chr14:68628719:T:A	ENSG00000259038	1.0	0.8693693693693694	48.93943142874649	4	pELS	False
chr1:16692422:G:C	PDE4DIPP8	0.9703532	0.8691796008869179	35.71333436100684	2	none	False
chr6:27827331:G:A	H3C12	0.96241385	0.8674418604651163	37.40952026398287	2	none	False
chr20:3751578:G:A	ADISSP	0.99888647	0.8665158371040724	41.73900213462463	5	dELS	True
chr4:190040634:A:G	RARRES2P4	0.9999782	0.8662131519274376	42.6318296630967	2	none	False
chr5:181184053:G:C	LINC01962	0.99999666	0.8635346756152126	39.63711566172525	3	none	True
chr16:807697:C:A	GNG13	0.99334246	0.8626126126126126	43.83311476515604	3	dELS	False
chr4:6007882:A:G	ENSG00000284684	1.0	0.8594104308390023	41.82637104439776	2	none	False
chr11:133916929:C:G	MIR4697	0.9861587	0.8587443946188341	39.39691829709788	4	dELS	True
chr1:234795828:C:T	ENSG00000289377	0.95946825	0.8584070796460177	35.91826243118884	2	none	False
chr17:21754463:A:G	ENSG00000283566	0.9517901	0.8580931263858093	37.75008994214915	4	none	True
chr2:20672115:C:A	PUM2	0.9528956	0.8574610244988864	42.6661072749368	4	pELS	True
chr1:2699998:G:C	ENSG00000285945	0.9999971	0.8564593301435407	37.41807603590514	2	none	False
chr2:241899783:C:T	FAM240C	1.0	0.8555304740406321	38.98062277240351	3	pELS	False
chr15:28455207:G:T	ENSG00000260159	0.9999512	0.8517699115044248	35.958178528793226	2	none	False
chr1:722408:G:C	CICP3	0.97684556	0.8511111111111112	38.20167071928316	2	none	False
chr8:57142567:G:T	LINC01606	0.9999964	0.8504672897196262	40.30775400474008	3	none	True
chr10:42102423:G:A	KSR1P1	0.99922156	0.8504464285714286	32.87794450012384	3	none	True
chr20:29412029:G:A	DUX4L34	0.9972153	0.8495575221238938	37.372871111773925	2	none	False
chr9:113060926:G:C	ENSG00000284763	0.930223	0.8492239467849224	38.85699772012419	4	none	True
chr15:20193513:G:A	RHPN2P1	0.97559917	0.8473451327433629	38.77415748600887	3	CA-CTCF	False
chr1:16685746:G:T	RNU1-4	0.9946789	0.8463687150837989	41.82368605014679	2	none	False
chr5:136078775:C:T	Vault	0.9955415	0.8434579439252337	44.89159676857019	3	none	False
chr2:127695843:C:T	SFT2D3	0.9010204	0.8433179723502304	45.46382927570875	5	dELS	True
chr22:16522789:A:G	ENSG00000273362	1.0	0.8425720620842572	41.306723450814246	3	none	False
chr10:41877078:C:A	KSR1P1	0.9300263	0.8425720620842572	35.85820088487864	3	none	True
chr9:40110729:A:C	ENSG00000291181	0.9523659	0.8385650224215246	41.14704301851954	3	none	False
chr19:519749:A:G	MADCAM1-AS1	0.93486565	0.8370535714285714	37.81514653839578	4	dELS	True
chr14:105530256:G:C	TMEM121	0.9995124	0.8356481481481481	44.43052991734677	5	pELS	True
chr4:186199057:C:A	ENSG00000290316	0.9999997	0.8355855855855856	41.19063010590337	4	none	True
chr9:113084202:G:C	ENSG00000284867	0.9975277	0.8351893095768375	37.5926724857527	3	none	True
chr17:22105338:C:A	KCNJ18	0.956118	0.8348214285714286	40.46670527623847	3	none	True
chr15:20504201:G:A	HERC2P3	0.9313987	0.8333333333333334	41.69526109569733	2	none	False
chr19:610729:A:G	ENSG00000267036	0.9999992	0.8329621380846325	41.74435954752862	4	dELS	True
chr6:169577323:C:T	ENSG00000285887	0.99284923	0.8314087759815243	37.5812748249384	3	PLS	False
chr6:28884587:G:A	ZNF90P2	0.9985006	0.8313817330210773	43.530344164919946	5	dELS	True
chr1:161605748:C:T	HSPA7	0.99850076	0.8311345646437994	34.59012085299196	3	dELS	False
chr1:145506401:A:C	ENSG00000278182	1.0	0.8306997742663657	42.51904664037371	4	none	True
chr8:143547232:T:A	ENSG00000254859	0.9987893	0.8299776286353467	40.76317503877196	3	pELS	False
chr9:41553218:G:A	ENSG00000275297	0.98882294	0.8296460176991151	38.69667232008147	3	none	True
chr18:75202325:G:A	PTGR3	0.92732257	0.8292134831460675	40.401262286702966	3	pELS	False
chr21:43740981:C:G	ENSG00000281420	1.0	0.8285077951002228	38.76166640589327	3	pELS	False
chr2:131300473:G:C	ENSG00000290654	0.9908606	0.828125	41.26035588721589	3	none	True
chr2:91571824:A:G	ENSG00000230964	0.99852884	0.827433628318584	37.79248176235415	2	none	False
chr22:50577409:T:C	CPT1B	0.999996	0.8251121076233184	41.52147031569417	3	none	False
chr2:242136987:C:T	SEPTIN14P2	0.95915335	0.8230088495575221	48.81198096106017	4	none	True
chr16:1533633:T:C	ENSG00000280062	1.0	0.8227272727272728	46.06860690187388	5	pELS	True
chr9:43188134:T:C	ENSG00000286916	0.97306865	0.8226164079822617	43.583821306916526	3	none	False
chr4:49306625:C:A	SNX18P25	0.94743824	0.8222222222222222	35.56110339217227	2	none	False
chr12:7639700:G:A	ENSG00000285142	0.9999999	0.8220720720720721	41.47246798493669	4	dELS	True
chr5:172683325:T:C	ENSG00000253445	0.99843013	0.821826280623608	35.73445851893565	3	dELS	False
chr13:21326386:A:C	GRK6P1	0.96642834	0.8216704288939052	44.714627834310384	4	dELS	True
chr4:57194654:G:T	ENSG00000250192	0.9650868	0.8202247191011236	35.67269786308876	3	dELS	False
chr5:1052245:C:T	MIR4635	0.9999906	0.8179775280898877	37.26973836845236	4	TF	True
chr9:128192959:A:G	DNM1	0.98998344	0.8179723502304147	49.991103455221854	5	pELS	True
chr9:133701837:A:C	SARDH	0.99636304	0.8169642857142857	39.00694419579186	4	dELS	True
chr22:50178377:A:G	TRABD	1.0	0.8165548098434005	40.71243233120674	5	dELS	True
chr15:90956756:G:T	RCCD1-AS1	1.0	0.8159090909090909	39.17157130140742	4	pELS	True
chr19:4784721:C:T	ENSG00000268536	0.9665416	0.8157303370786517	40.80423357533283	5	dELS	True
chr16:32812239:T:G	ENSG00000261127	0.96231955	0.8155555555555556	33.200846897892426	2	none	False
chr13:19345045:C:A	PSPC1P1	0.9353573	0.8144796380090498	37.22802516677636	2	none	False
chr9:62914794:A:G	ADGRF5P1	1.0	0.8141592920353983	39.6827886875558	4	pELS	False
chr21:8988128:C:A	ENSG00000264063	0.9767325	0.8141592920353983	36.29129680218145	4	CA-CTCF	False
chr9:41300085:C:A	FAM242F	0.9463845	0.8113636363636364	39.3531421246336	2	none	False
chr9:124838176:T:C	WDR38	0.99909693	0.8112359550561797	41.27275507687605	5	dELS	True
chr19:7862797:C:T	ENSG00000268120	1.0	0.8108108108108109	40.23191659316451	4	dELS	False
chr9:41235784:C:T	FRG1HP	1.0	0.8095238095238095	47.82851625002019	3	none	False
chr2:113236840:G:T	PAX8	0.9704553	0.8087557603686636	36.18351533314913	2	none	False
chr16:90106953:G:A	ENSG00000260507	0.9934212	0.8082191780821918	38.08359090761324	3	none	False
chr16:34179960:C:G	ENSG00000260525	0.9573686	0.8064516129032258	35.674316555394604	3	none	False
chr6:37648227:C:G	MDGA1	0.97505057	0.8058035714285714	39.34378510827055	3	dELS	False
chr22:16446154:A:G	PABPC1P9	0.99157995	0.8053097345132744	33.461149770601104	2	none	False
chr21:10375362:T:C	BAGE2	0.9995385	0.8053097345132744	37.19487235327017	4	none	True
chr4:55158531:C:A	ENSG00000287060	0.9936947	0.8026905829596412	42.91835502338238	5	CA-CTCF	True
chr6:33078965:T:C	HLA-DPA1	0.94942117	0.8022988505747126	41.88821217877019	3	pELS	False
chr4:190038136:G:A	AGGF1P1	1.0	0.8022727272727272	42.74503406775678	4	none	True
chr2:130038610:C:T	KLF2P1	1.0	0.8018867924528302	46.41315581978476	4	none	True
chr17:43231682:T:C	WHSC1L2P	0.9219608	0.8016997167138811	38.612689729365705	3	pELS	False
chr10:42150134:A:G	KSR1P1	0.9999262	0.8008849557522124	34.0854233263235	3	none	True
chr4:80197942:C:G	PRDM8-AS1	0.9718902	0.800453514739229	38.96334979472061	3	pELS	False
chr19:28725986:T:C	ENSG00000283269	0.9995674	0.800453514739229	37.13072100980773	3	none	True
chr16:812656:C:T	ENSG00000287855	0.9841449	0.7991071428571429	33.472990410403554	3	none	True
chr12:138734:G:A	ENSG00000249695	0.9997052	0.7991071428571429	33.573449247274525	3	dELS	False
chr7:158996574:T:C	ENSG00000286407	0.9980521	0.7986725663716814	34.6018516919413	3	none	True
chr9:41255178:T:C	ENSG00000291075	1.0	0.7982261640798226	41.026205982027896	3	none	False
chr8:1373348:T:G	ENSG00000282160	0.999999	0.7982261640798226	38.81855225070546	4	pELS	True
chr12:132603994:T:C	LRCOL1	0.9908429	0.7982261640798226	36.86579993299334	3	dELS	False
chr17:49014714:C:T	ENSG00000251461	0.9998344	0.7972972972972973	41.50149356598541	4	pELS	True
chr9:97078476:G:C	GAS2L1P2	0.995255	0.7972350230414746	35.48414608078986	3	pELS	False
chr17:81120022:A:G	MIR657	0.98815185	0.7968397291196389	39.687864368074415	3	dELS	False
chr14:23970711:A:C	ENSG00000286931	0.9983116	0.7964601769911505	34.30096126270691	2	none	False
chr21:46161305:C:T	FTCD	0.9614449	0.796420581655481	37.85807086729942	3	dELS	False
chr1:121007265:G:A	U1	0.99003303	0.7955056179775281	36.40239199235644	2	none	False
chr22:16434220:T:C	PABPC1P9	0.9967162	0.7942477876106194	34.59615256068467	2	none	False
chr9:138148037:T:C	IL9RP1	0.9370498	0.7937219730941704	39.13263685045226	3	CA	False
chr5:177370342:G:A	SLC34A1	0.9927846	0.7927107061503417	43.39183329304568	5	dELS	True
chr19:21569009:G:C	ENSG00000268081	0.9455067	0.7923250564334086	37.56105973916377	4	PLS	True
chr17:43360446:T:C	ENSG00000279602	0.99985033	0.7913832199546486	44.670267158606	4	pELS	False
chr1:120354933:A:G	ENSG00000223804	0.9629504	0.7912844036697247	41.79293639043731	3	none	False
chr9:41533821:T:G	ENSG00000279561	0.96102655	0.7911111111111111	37.30716761023319	3	dELS	False
chr15:22417889:A:G	HERC2P2	0.9359957	0.7906403940886699	37.86068431159441	3	none	False
chr16:16369176:G:A	MIR6511A3	0.96369404	0.7905405405405406	35.88795829277337	4	CA	True
chr9:41645748:C:T	ENSG00000275297	0.9921313	0.7888631090487239	31.599701516028997	2	none	False
chr1:10639009:G:C	ENSG00000272078	0.99580604	0.7886363636363637	33.62647577785387	2	none	False
chr4:8580786:T:G	CPZ	0.9998325	0.7874720357941835	32.82470003913332	3	pELS	False
chr9:42402136:G:A	RPL7AP45	0.9204155	0.7871396895787139	36.68688490835104	2	none	False
chr1:234805882:C:T	RNY4P16	0.9766778	0.7871396895787139	34.756225647069435	2	none	False
chr17:8797798:G:A	RNU7-43P	0.96935236	0.7869955156950673	32.94929002607638	3	dELS	False
chr1:935265:T:C	SAMD11	0.9997163	0.7857142857142857	36.90107313053497	4	none	True
chr9:62396774:C:G	FAM88F	0.9851055	0.7855477855477856	36.38765495995748	2	none	False
chr1:227887946:G:T	MIR5008	0.99992025	0.7848970251716247	43.43665042496146	5	dELS	True
chr9:138150601:G:T	ENSG00000278130	0.9435871	0.7842696629213484	38.89526450403356	4	none	True
chr19:50458805:G:A	EMC10	0.93769425	0.7842696629213484	37.428370788601285	4	dELS	True
chr21:46559263:A:T	RNU6-396P	0.9642262	0.7840909090909091	36.02882449184469	3	none	True
chr19:10293843:G:A	ICAM5	0.98539233	0.7840909090909091	35.63550009181519	3	dELS	False
chr3:125958416:G:A	FBRSL1P1	1.0	0.7837837837837838	39.91970507615167	4	none	True
chr16:1432307:A:C	PERCC1	0.9942201	0.7832957110609481	34.3329082091234	3	none	True
chr10:80536352:G:A	TSPAN14-AS1	0.9425909	0.7832957110609481	41.5875456680844	4	pELS	True
chr17:21332986:A:T	KCNJ12	0.9224061	0.7831858407079646	33.96677873804072	2	none	False
chr1:234808110:T:C	RAC1P7	0.9998598	0.7827050997782705	32.030670866136795	2	none	False
chr1:1290565:G:C	MIR6726	0.9575896	0.7822222222222223	35.39284520440793	4	dELS	True
chr11:128824546:T:C	KCNJ1	0.99531937	0.7797752808988764	34.71360781652576	3	dELS	False
chr13:20119008:C:T	LINC01072	0.9999773	0.779510022271715	38.42720644335071	4	dELS	True
chr4:183722518:A:T	ENSG00000287349	0.99047154	0.7782805429864253	35.016302232811775	3	dELS	False
chr11:636706:G:C	DRD4	0.9997581	0.7782705099778271	33.21632454400658	4	pELS	False
chr5:178003207:A:C	FAM153CP	0.99313384	0.7775280898876404	30.4281379111375	2	none	False
chr1:736829:G:A	CICP3	1.0	0.7775280898876404	41.90392010355019	3	none	False
chr20:44749629:C:T	ENSG00000276223	0.999999	0.777027027027027	37.29604560526684	3	none	False
chr1:157279114:A:G	LINC02772	0.92403364	0.777027027027027	40.679303372988734	5	dELS	True
chr1:143259318:C:T	ENSG00000276118	0.9757534	0.7767857142857143	29.0236232130506	2	none	False
chr7:44065740:G:A	UPK3BL3P	0.90089035	0.7767653758542141	34.24295932584196	2	none	False
chr13:22838450:C:G	IPMKP1	0.99542046	0.7765237020316027	38.3604561075528	2	none	False
chr4:49315130:G:A	ENSG00000269848	0.95093435	0.7760532150776053	30.00317850874015	2	none	False
chr2:43101347:T:C	RNU6-242P	0.9855972	0.7743362831858407	35.843720536908656	4	pELS	False
chr22:16506281:T:C	CECR3	0.9845718	0.7743362831858407	33.7190033593214	2	none	False
chr22:12333680:T:C	FRG1GP	0.9832267	0.7743362831858407	35.58247318305752	4	none	True
chr7:157613456:A:G	ENSG00000222012	0.97050184	0.7742663656884876	32.35402797954526	3	none	True
chr20:63774510:G:C	ZBTB46-AS2	0.9396434	0.7740492170022372	34.799567184701736	2	none	False
chr4:49296316:T:A	SNX18P25	0.99999774	0.7738359201773836	37.54373080275619	3	none	False
chr2:113604322:C:T	ENSG00000279267	0.9898541	0.773542600896861	36.97237258208628	2	none	False
chr21:10271429:A:G	BAGE2	0.9987688	0.7729357798165137	36.48713309620366	3	CA	False
chr13:41427250:C:T	OR7E36P	0.9520726	0.7727272727272727	35.71898465889624	4	CA-H3K4me3	False
chr7:379853:T:G	ENSG00000249574	0.9753452	0.7718120805369127	38.50587459962829	3	pELS	False
chr10:133663722:G:C	ENSG00000282875	0.9571244	0.7714285714285715	34.829848056638546	2	none	False
chr22:46060723:C:T	ENSG00000231010	0.977027	0.7713004484304933	37.43744305067091	3	dELS	False
chr19:2888829:C:A	ENSG00000266938	1.0	0.7707865168539326	41.743430593597225	5	dELS	True
chr1:225939743:G:C	LEFTY2	1.0	0.7702702702702703	38.33579183536163	4	pELS	True
chr9:41632325:A:G	ENSG00000276868	0.9886266	0.7700892857142857	34.45540349316378	2	none	False
chr6:325307:G:A	ENSG00000287265	0.9969257	0.7699115044247787	37.325047735349216	4	pELS	False
chr9:42974938:C:G	ENSG00000286916	0.98379135	0.7697516930022573	36.4711536605864	2	none	False
chr1:240492491:T:C	ENSG00000224359	0.99999994	0.7695749440715883	35.21551084593436	3	none	False
chr19:4328662:C:A	ENSG00000269425	0.99757326	0.7692307692307693	34.12338254758959	4	dELS	True
chr2:242046282:A:G	ENSG00000287971	0.93450075	0.7690582959641256	40.49022716790253	4	none	True
chr17:1030916:G:A	MIR3183	0.90083337	0.7688888888888888	31.667175701745357	3	pELS	False
chr16:767213:G:A	ENSG00000279136	0.9853142	0.7688888888888888	31.001511184213697	2	none	False
chr1:9864619:T:C	ENSG00000223989	0.999998	0.7688787185354691	45.55818221252504	4	dELS	False
chr9:94332944:C:T	ENSG00000232063	0.94648683	0.7684964200477327	43.33258189251022	4	none	True
chr13:22926477:C:G	ENSG00000289217	0.99999416	0.7683741648106904	39.89417442919751	5	pELS	True
chr5:139392844:C:T	MZB1	0.9962195	0.7676056338028169	37.11154591684839	4	dELS	True
chr15:98869459:C:A	ENSG00000259621	0.9840219	0.7674943566591422	33.084387888428104	2	none	False
chr10:124542832:C:T	RPS10P18	0.9999998	0.7666666666666667	36.55365165733206	3	none	False
chr4:947502:A:C	TMEM175	0.9229443	0.7659090909090909	36.732612284881206	4	CA-H3K4me3	True
chr14:103279856:T:G	RAP2CP1	0.9995774	0.7659090909090909	34.13418311075385	3	none	True
chr1:247518011:C:T	GCSAML	0.9401301	0.7657657657657657	34.56766297999473	3	PLS	False
chr10:1359772:A:G	ENSG00000233052	0.9999813	0.765625	30.430960065773995	2	none	False
chr13:114118888:T:C	RASA3-IT1	0.9989725	0.7644444444444445	34.25219461459809	4	dELS	True
chr6:159820927:G:A	PNLDC1	0.98863816	0.7640449438202247	36.893481973176165	3	dELS	False
chr12:630843:C:G	NINJ2-AS1	1.0	0.7640449438202247	50.856224978415	3	none	False
chr2:240520080:G:A	ENSG00000287049	0.9019078	0.7639198218262806	33.925259245181614	4	CA-H3K4me3	True
chr7:76499985:C:G	DTX2	0.9931529	0.7635135135135135	33.2141331556232	3	none	True
chr7:128269994:A:G	ENSG00000272915	0.99999875	0.7633928571428571	31.078462217983716	2	none	False
chr1:161422178:T:C	ENSG00000283317	0.9653278	0.7631578947368421	35.952521163888	4	none	True
chr6:32634009:C:A	HLA-DQA1	0.9810545	0.7625570776255708	47.3052249471567	5	pELS	True
chr6:32528242:G:A	HLA-DRB5	0.94368404	0.7619047619047619	51.024546616814206	5	dELS	True
chr21:46295649:G:C	YBEY	0.98026806	0.7616926503340757	36.25797291007788	4	dELS	True
chr11:2909757:G:C	SLC22A18AS	0.9558473	0.7616926503340757	32.04649199996783	2	none	False
chr20:43558657:G:A	SGK2	0.94995713	0.7611607142857143	32.506057587984216	3	pELS	False
chr4:1517727:A:G	ENSG00000272783	1.0	0.7610619469026548	35.771900169973655	3	CA-H3K4me3	False
chr1:16648374:G:C	ENSG00000271732	0.9873732	0.7610619469026548	29.77696379558641	2	none	False
chr1:247373824:G:A	ENSG00000286216	0.99500346	0.7605321507760532	35.78993459707396	4	dELS	True
chr1:247639621:T:G	ENSG00000235749	0.99999696	0.7600896860986547	36.94072098303949	4	PLS	True
chr17:37976176:T:C	TBC1D3	0.99972785	0.7599067599067599	37.31350155512026	3	none	True
chr4:49228553:C:A	SNX18P25	0.92835337	0.7583892617449665	33.4877301318134	2	none	False
chr20:63941711:T:C	MIR1914	0.9999827	0.7583892617449665	32.71055540305753	3	none	True
chr9:41743743:C:T	ENSG00000275297	0.9772361	0.7583148558758315	35.18498018154859	4	none	True
chr6:32522099:T:A	HLA-DRB5	0.9234892	0.7579617834394905	41.12152748248887	5	dELS	True
chr7:130942189:C:T	ENSG00000273319	0.9380869	0.7579185520361991	39.01005745736629	4	dELS	True
chr21:10767250:A:T	IGHV1OR21-1	0.9054471	0.7566765578635015	33.98731048073031	2	none	False
chr10:42181242:C:T	ENSG00000290458	0.93134815	0.7566371681415929	37.21038318298976	3	none	True
chr5:566127:G:C	MIR4456	0.9999988	0.756152125279642	37.34437782878747	4	none	True
chr5:1494324:C:T	MIR6075	0.99999934	0.756152125279642	36.62972690398725	4	dELS	True
chr11:403484:G:C	PKP3	0.9996279	0.7560975609756098	36.30857845373277	3	none	True
chr20:3749537:T:C	SLC4A11	0.95271206	0.755656108597285	31.746206600537864	2	none	False
chr7:156948515:T:C	NOM1	0.99999774	0.7556053811659192	34.7776623818694	3	pELS	False
chr20:3093394:G:A	RN7SL555P	1.0	0.755056179775281	31.50233163005803	3	none	True
chr9:41689092:C:T	ENSG00000274688	0.9133986	0.755011135857461	35.484837414414805	2	none	False
chr19:34500685:G:A	WTIP	0.9998151	0.755011135857461	35.4514738419923	4	dELS	True
chr7:2110312:G:A	MAD1L1	0.9786584	0.7545045045045045	36.92607569204744	4	none	True
chr1:143223700:G:A	ENSG00000276118	0.99999994	0.754424778761062	28.063484916332285	2	none	False
chr17:22136206:T:G	UBBP4	0.99962825	0.754424778761062	34.145988682586655	4	dELS	True
chr1:16873360:G:A	ESPNP	0.99988616	0.7539149888143176	34.60605689581353	4	dELS	False
chr10:1240467:C:A	ENSG00000287043	1.0	0.753880266075388	45.81886369285063	5	dELS	True
chr12:131806516:A:C	RNU6-1017P	0.9999913	0.7528089887640449	35.04835617124008	3	none	True
chr8:22702678:C:T	ENSG00000287812	1.0	0.7527839643652561	36.4652211486617	4	pELS	False
chr20:26557952:G:C	MIR663AHG	0.9709478	0.7525510204081632	31.266722207308675	2	none	False
chr19:843687:C:G	PRTN3	0.9577818	0.7522321428571429	32.91319539102807	4	pELS	True
chr6:295604:G:C	ENSG00000287265	0.96179503	0.7522123893805309	35.4320157433307	3	dELS	False
chr1:16586225:T:G	ENSG00000290851	0.95566815	0.7522123893805309	31.651407561215656	3	dELS	False
chr4:49319702:C:T	SNX18P25	0.9999654	0.7516629711751663	32.55231529459756	2	none	False
chr19:13818709:G:A	RN7SL619P	0.98397833	0.7511415525114156	33.19699929288813	3	none	False
chr22:17036498:C:T	ENSG00000290931	0.9718587	0.751131221719457	32.82542840470028	3	PLS	False
chr8:2714579:T:A	ENSG00000253853	0.94789475	0.7511111111111111	36.52056739048775	3	none	True
chr9:65735084:G:T	IGKV1OR-3	0.9990631	0.7505567928730512	31.37869368068059	3	none	True
chr2:16013037:C:T	GACAT3	0.94596565	0.7505567928730512	34.84162638601529	2	none	False
chr5:1855471:G:C	LINC02116	0.9974022	0.7494456762749445	34.14690923772483	3	none	False
chr5:179560536:G:A	RUFY1	0.9999277	0.748868778280543	36.30191692782672	3	none	False
chr19:54215899:T:C	ENSG00000224579	1.0	0.7477678571428571	33.896457727162506	4	none	True
chr12:130337901:G:T	PIWIL1	0.9220586	0.7477477477477478	35.288732418994776	3	none	False
chr4:213204:T:C	ZNF876P	0.9863611	0.7471264367816092	39.30269872012462	5	pELS	True
chr13:114194757:A:G	ENSG00000283347	0.9992838	0.7466666666666667	34.24814058583604	4	CA-H3K4me3	True
chr3:198105787:G:C	ENSG00000290936	1.0	0.7466367713004485	46.19487473823346	5	dELS	True
chr15:100973173:G:T	ALDH1A3-AS1	0.998711	0.7466367713004485	36.63316214788832	4	dELS	True
chr10:26392062:G:C	ENSG00000284951	0.9998565	0.746606334841629	35.94228538259238	4	dELS	True
chr1:247531068:G:C	OR2C3	0.99416655	0.7460674157303371	39.54322028642912	5	dELS	True
chr11:65456441:T:C	FAUP4	1.0	0.7459954233409611	44.15756061728297	3	none	False
chr5:75612360:G:A	ANKDD1B	0.9082108	0.7458823529411764	36.33630974308232	4	pELS	False
chr9:123365221:G:C	MIR601	0.99988896	0.7455357142857143	32.39954642382784	3	pELS	False
chr18:76406212:G:A	ENSG00000280205	1.0	0.7455357142857143	41.5303916211739	4	dELS	False
chr7:5144343:G:A	ENSG00000291037	0.98377657	0.7454954954954955	33.632770684196586	2	none	False
chr10:14009457:C:T	ENSG00000229751	0.99970925	0.7454954954954955	35.47469269851334	3	none	True
chr19:50137397:G:C	ENSG00000287001	0.9999998	0.7450110864745011	33.36642914648921	4	none	True
chr16:53373594:C:G	ENSG00000261804	0.9989937	0.7443946188340808	41.24692419287436	5	pELS	True
chr2:219243701:C:T	STK16	0.9978827	0.7442922374429224	39.12999615074606	5	PLS	True
chr3:308870:C:G	RPS8P6	0.9993698	0.7438752783964365	34.94800364338359	3	pELS	False
chr8:144427029:C:G	VPS28	0.96823263	0.7438202247191011	32.94075190694837	3	pELS	False
chr16:737738:G:C	CIAO3	0.9053831	0.7433035714285714	36.993810058898354	4	pELS	True
chr22:11839107:G:T	ENSG00000290397	0.9965802	0.7432432432432432	31.78539017484873	2	none	False
chr13:24328368:G:A	NUS1P3	0.99498606	0.7431818181818182	40.19471759697642	4	none	True
chr17:38213679:G:A	TBC1D3	0.99669087	0.7429245283018868	38.01438537022037	3	none	True
chr17:48564541:G:A	HOXB-AS2	0.9437938	0.7420814479638009	35.52525316497961	3	dELS	False
chr1:185404804:G:C	RNU7-183P	0.9982951	0.7420091324200914	38.98286745228708	4	none	True
chr12:186071:G:C	IQSEC3-AS1	0.99906486	0.7410714285714286	31.81964445404964	3	dELS	False
chr16:90082313:G:T	PRDM7	0.9993611	0.7405660377358491	35.81346629935087	3	none	True
chr6:138796035:G:A	ECT2L	0.99760616	0.7404921700223713	37.05101531639928	4	PLS	True
chr22:50057750:T:C	TTLL8	0.98556554	0.74	33.615116503062325	4	dELS	True
chr5:180310756:C:A	ENSG00000248367	0.94817215	0.7399103139013453	33.26118115370535	3	dELS	False
chr16:87713598:T:C	ENSG00000226180	0.99998605	0.7399103139013453	37.903457786418166	5	dELS	True
chr3:113515294:C:G	SPICE1	0.9797919	0.7397260273972602	35.696519225957715	5	pELS	True
chr9:110173010:T:G	C9orf152	0.9720075	0.7394209354120267	35.3189122951741	3	none	True
chr3:198096303:C:G	ENSG00000290936	0.97841805	0.7394209354120267	36.15405532787227	3	none	False
chr16:3180587:G:A	ENSG00000262521	1.0	0.7393258426966293	39.58822331573317	4	dELS	True
chr20:28601284:A:T	FRG1CP	0.9367293	0.7389380530973452	32.862795627251	2	none	False
chr17:80886793:G:A	ENSG00000262313	0.90697837	0.7388392857142857	36.814026747971255	4	dELS	True
chr16:89113159:G:A	ENSG00000261546	0.998846	0.7388392857142857	37.41544789169336	5	dELS	True
chr4:54148961:C:T	GSX2	0.9779247	0.7385321100917431	33.2555232209287	2	none	False
chr7:963411:G:A	ADAP1	0.93954796	0.7376681614349776	37.423713787989286	5	dELS	True
chr7:155491923:A:C	ENSG00000227365	0.9999875	0.7371937639198218	35.10698799754432	4	dELS	True
chr1:148353326:A:G	ENSG00000272824	0.9999999	0.7369614512471655	43.72837655557666	5	dELS	True
chr11:18411652:A:T	LDHC	0.96354425	0.7369614512471655	41.66995127030896	4	none	True
chr4:49260097:A:T	SNX18P25	0.95882255	0.7367256637168141	33.17645076459714	2	none	False
chr4:19729:A:C	ENSG00000251535	0.9846624	0.7367256637168141	36.028819750346855	3	pELS	False
chr22:20430263:A:G	SCARF2	0.99992967	0.7364864864864865	31.064158532048488	3	none	False
chr9:35791643:C:T	NPR2	0.99350053	0.7361111111111112	36.12023474801632	4	PLS	True
chr1:111229639:A:G	CHIAP1	1.0	0.7357630979498861	45.6487308958782	3	none	False
chr6:29680621:G:C	ZFP57	0.99141103	0.7354988399071926	44.0193667842069	5	pELS	True
chr6:110399006:A:G	DDO	0.999018	0.7354260089686099	35.71418105981871	3	none	True
chr16:84603367:C:T	ENSG00000287787	0.96238345	0.734966592427617	31.713537527536687	2	none	False
chr1:86502375:C:T	CLCA1	0.9995758	0.7346938775510204	41.00025375178655	4	dELS	True
chr19:51601236:C:G	ENSG00000267808	0.9933986	0.7346938775510204	32.35684845451582	2	none	False
chr7:60957279:G:A	ENSG00000233918	0.99840873	0.7345132743362832	28.47570889506165	2	none	False
chr12:132467975:G:A	ENSG00000256875	0.9179638	0.7345132743362832	34.636146297791875	3	none	False
chr20:62959697:C:T	SLC17A9	0.99957377	0.734375	38.45278244153465	4	dELS	True
chr16:33057968:C:A	ENSG00000259882	0.9658927	0.734375	37.15820943488967	4	none	True
chr17:3386296:C:G	OR3A2	0.9999998	0.7342342342342343	36.67459853633319	4	pELS	True
chr2:112430208:G:A	RGPD8	0.97165143	0.7340909090909091	32.856247937355654	2	none	False
chr14:105698362:T:G	ELK2BP	0.90374786	0.7337962962962963	34.82399952137301	3	none	False
chr14:20721513:T:C	RANBP20P	1.0	0.7337807606263982	36.9528664330391	3	none	False
chr5:475780:C:T	SLC9A3-AS1	0.93962824	0.7336343115124153	31.34516852820153	3	pELS	False
chr16:18927759:C:A	SMG1-DT	0.99062884	0.7333333333333333	38.13172520609066	4	none	True
chr22:42921615:T:G	MIR378I	0.9792583	0.7330316742081447	31.34360062659473	2	none	False
chr5:178524780:C:T	COL23A1	0.9621784	0.7321428571428571	29.228243370062263	2	none	False
chr20:610256:T:C	TCF15	0.9794618	0.7321428571428571	30.356518923214438	3	PLS	False
chr17:67451652:T:G	RN7SL756P	1.0	0.7315436241610739	39.63296793242783	4	none	True
chr13:109869805:C:G	RN7SKP10	0.99996775	0.7312072892938497	37.22675880669291	4	dELS	True
chr15:100543963:G:T	CERS3	0.98732036	0.7311111111111112	32.27441444452726	3	none	True
chr17:15747917:G:A	ENSG00000267227	0.9651773	0.7309417040358744	34.76776804892691	3	CA-H3K4me3	False
chr8:1415801:T:C	ENSG00000281961	0.9971771	0.7305122494432071	36.543411158283504	4	none	True
chr16:84593581:G:C	ENSG00000261471	0.98917186	0.7305122494432071	35.97132672221682	4	pELS	False
chr1:180954459:G:A	KIAA1614-AS1	0.9861131	0.7301587301587301	38.55529879440319	5	pELS	True
chr3:129004115:A:G	CFAP92	0.9936719	0.7299771167048055	34.93319152154732	3	dELS	False
chr6:170022116:C:T	ENSG00000287823	0.99599946	0.7299107142857143	32.28731591520676	4	dELS	False
chr1:145161186:T:C	RNU1-153P	0.9311958	0.7293577981651376	31.67385059458792	2	none	False
chr12:63820999:G:A	PABPC1P4	0.97224236	0.7293577981651376	32.11171268721477	2	none	False
chr16:84508809:T:G	ENSG00000261243	0.9474259	0.7288888888888889	33.753531760412784	3	dELS	False
chr19:47003918:G:A	NPAS1	0.9984609	0.7285067873303167	33.41441355256013	3	dELS	False
chr22:12338228:C:A	FRG1GP	0.9872335	0.7282850779510023	34.22584643735305	3	none	True
chr21:45975099:G:A	COL6A1	0.9742581	0.7276785714285714	31.03906294579261	3	dELS	False
chr19:2324513:G:A	GAMT	0.9952011	0.7272727272727273	33.247120991651286	4	none	True
chr21:42476916:A:T	SLC37A1	1.0	0.727069351230425	40.44256854660585	3	none	False
chr19:38505459:C:T	ENSG00000269445	0.9242893	0.7268623024830699	32.124279624323904	3	none	False
chr14:68502446:C:G	PPIAP6	0.9987163	0.7268623024830699	40.44627705704258	4	dELS	False
chr1:2025860:C:T	GABRD	1.0	0.7266514806378133	34.47480435605962	4	dELS	True
chr9:122218183:A:G	LHX6	0.99997973	0.726457399103139	31.082293167832912	3	dELS	False
chr22:49052352:G:T	NHIP	0.972896	0.7260579064587973	33.633047456417955	4	dELS	True
chr6:29940463:A:G	MCCD1P1	1.0	0.7258064516129032	31.36309090868958	3	none	True
chr21:41835753:C:T	ENSG00000236545	0.9994614	0.7254464285714286	30.70055444789051	2	none	False
chr8:49306345:G:A	RN7SKP294	1.0	0.7249417249417249	34.45612701717809	3	none	False
chr10:97974434:G:C	CRTAC1	0.9541527	0.7248803827751196	31.35971553338082	2	none	False
chr9:41652302:T:C	Y_RNA	0.99387795	0.7248322147651006	33.81664487162656	3	none	False
chr1:212515419:C:T	ENSG00000286213	0.99837065	0.7247706422018348	34.26253249234378	3	none	True
chr7:4862127:G:C	PAPOLB	0.98809683	0.7246049661399548	34.4566072271402	4	dELS	True
chr7:916703:A:G	ENSG00000273151	1.0	0.7244444444444444	28.844143154415995	2	none	False
chr19:13208500:C:G	RPL12P42	1.0	0.7244444444444444	35.31479856999384	4	dELS	True
chr2:6919242:G:A	GRASLND	1.0	0.7239819004524887	36.54772406413589	4	pELS	False
chr9:41708820:A:G	ENSG00000274688	0.9989384	0.722972972972973	33.20202543319808	2	none	False
chr21:44350798:C:T	TRPM2	0.9174025	0.722972972972973	32.144890706736746	4	pELS	True
chr13:113728999:A:G	LINC00552	0.9188994	0.7226107226107226	34.35025950512586	4	dELS	True
chr13:23945880:C:T	ENSG00000290660	0.98243845	0.7225950782997763	32.31696042673416	3	pELS	False
chr5:1099615:G:A	SLC12A7	0.99928635	0.7222222222222222	28.141914895724035	2	none	False
chr16:33589397:A:T	ENSG00000259882	0.94708276	0.7222222222222222	31.84521769097359	3	none	True
chr1:228276575:T:C	ENSG00000269934	0.9756429	0.7220956719817767	36.68508061257455	5	pELS	True
chr10:133424968:T:A	SPRN	0.9999423	0.7217194570135747	30.853603496209697	3	none	False
chr15:101980369:C:T	MIR6859-3	0.99927515	0.7214611872146118	30.84293738541112	3	none	False
chr2:20676230:A:G	ENSG00000270100	1.0	0.7209821428571429	41.06578587469095	4	dELS	False
chr14:61187157:C:T	PRKCH	0.9809645	0.7207207207207207	33.96844032792384	4	dELS	True
chr8:143575430:G:A	ENSG00000279605	0.96460503	0.7203579418344519	31.53494239597049	4	PLS	True
chr5:1076344:G:T	MIR4635	0.9856605	0.7203579418344519	28.006028399838044	2	none	False
chr9:89438810:C:T	PA2G4P6	0.933217	0.7201834862385321	40.382848533984216	5	dELS	True
chr8:11564780:G:C	ENSG00000269954	1.0	0.7200902934537246	31.75870834250714	3	none	True
chr8:2674629:C:T	ENSG00000253853	0.9758179	0.72	28.912263444816983	2	none	False
chr13:49620258:G:A	ENSG00000176882	0.9999866	0.7199074074074074	54.144937916781714	5	pELS	True
chr8:23225458:G:T	TNFRSF10A	1.0	0.7197309417040358	33.02708734181098	3	none	True
chr19:6677978:G:A	TNFSF14	0.9657135	0.7197309417040358	35.20575984738976	4	dELS	True
chr19:48194230:T:C	ENSG00000280353	0.9359298	0.7197309417040358	33.83966287937486	4	dELS	True
chr4:190021589:C:G	FRG1-DT	0.9265518	0.7194570135746606	27.876013045451792	2	none	False
chr22:10700863:T:C	U2	0.9617436	0.7190265486725663	29.49790866029665	2	none	False
chr19:39892493:G:A	FBL	0.98445666	0.7190265486725663	29.228666117358376	2	none	False
chr17:75826671:G:T	ENSG00000266980	1.0	0.7185354691075515	36.28042808750015	4	dELS	False
chr15:82439855:G:T	GOLGA2P10	0.9782487	0.7184684684684685	30.56009440405673	3	none	True
chr18:79531379:G:A	ENSG00000286296	1.0	0.7184035476718403	32.192083174322924	4	CA-H3K4me3	True
chr9:27690769:T:C	CTAGE12P	0.9801449	0.7181208053691275	47.039736145170245	5	dELS	True
chr8:140598961:C:G	ENSG00000280326	0.999972	0.7181208053691275	36.36924146042859	4	dELS	True
chr7:159144665:G:C	ENSG00000289418	0.96671706	0.7177777777777777	30.58303515920459	4	pELS	True
chr17:810825:C:G	ENSG00000277491	0.99976915	0.7171492204899778	29.46924939178043	3	none	True
chr13:113110081:G:A	F7	0.94750184	0.7168141592920354	31.74145979081556	3	pELS	False
chr10:46248380:A:C	ANTXRLP1	0.9167288	0.7162471395881007	31.45695590938765	2	none	False
chr7:22820966:T:C	TOMM7	0.9872218	0.7159090909090909	35.801804852203446	3	none	False
chr20:29414995:C:A	DUX4L34	0.99383044	0.7159090909090909	32.90062042460098	3	CA	False
chr15:93331944:C:T	ENSG00000258971	0.9714273	0.7158836689038032	31.451001322328263	2	none	False
chr5:1634318:C:T	ENSG00000291079	0.9975237	0.7155756207674944	32.56175029228647	3	pELS	False
chr22:44134199:G:A	ENSG00000280434	0.99974746	0.7155555555555555	33.00498814076861	3	dELS	False
chr12:9943411:G:C	LINC02470	1.0	0.715261958997722	41.83621213999953	5	PLS	True
chr12:39145452:C:T	LINC02406	0.9999608	0.715261958997722	38.1338404262351	5	PLS	True
chr1:1079456:A:G	RNF223	1.0	0.7149220489977728	35.761123290875815	4	none	True
chr18:15371619:A:G	ENSG00000215512	0.9792073	0.7146017699115044	30.568957623093084	2	none	False
chr17:35432666:T:G	SLFN12	0.99487835	0.7142857142857143	37.64010848547294	4	PLS	True
chr14:105742782:T:C	IGHG1	0.9999977	0.7142857142857143	37.931341753184576	5	dELS	True
chr21:45256000:G:A	LINC00334	0.9602789	0.7139588100686499	40.72159038412507	5	dELS	True
chr3:195763273:C:A	MUC20	0.99729997	0.7136363636363636	35.58588792221087	5	dELS	True
chr19:868002:C:T	CFD	0.99144363	0.7133333333333334	31.063965824016485	4	dELS	False
chr12:6426378:C:G	SRP14P1	0.9805106	0.7133333333333334	35.84050295122571	5	dELS	True
chr10:133530679:C:T	ENSG00000278518	0.999685	0.7133182844243793	33.27896095451329	4	dELS	False
chr20:63546752:A:C	SRMS	0.93512297	0.7126948775055679	30.57678401681776	3	pELS	False
chr9:133370907:C:A	SURF4	1.0	0.7126696832579186	38.2952762771214	5	dELS	True
chr1:145169783:C:A	HJV	0.979256	0.7126436781609196	31.371241553068888	4	none	True
chr16:58500028:A:C	RNU6-103P	0.97968674	0.7123595505617978	36.52298357269193	5	PLS	True
chr3:42683402:C:T	ENSG00000287629	0.9989765	0.7123287671232876	29.269651018811643	2	none	False
chr5:181085315:C:T	FOXO1B	0.98894864	0.7117516629711752	31.759529995857196	3	none	True
chr15:97653669:C:T	ENSG00000287321	0.927043	0.7117117117117117	33.990337423632106	3	none	True
chr15:19943625:C:A	ENSG00000215567	0.97667253	0.7116704805491991	28.760366978383963	2	none	False
chr19:54967273:G:A	NLRP7	1.0	0.7114093959731543	36.535061972597234	5	pELS	True
chr8:664111:G:C	ENSG00000254207	1.0	0.7111111111111111	43.08002695402722	5	dELS	True
chr7:77000513:C:G	DTX2P1	0.933398	0.7110609480812641	30.32058162509361	2	none	False
chr2:131753538:G:C	CDRT15P4	0.97767013	0.710955710955711	36.48090587505708	3	none	False
chr2:156253952:T:G	LINC01876	0.9522656	0.7107061503416856	34.589971227657216	2	none	False
chr4:49222496:C:T	ENSG00000249079	0.9786628	0.7104677060133631	30.46500209820082	3	none	False
chr18:77252638:G:A	GALR1	1.0	0.7104677060133631	37.05967704992784	3	none	False
chr4:49146891:C:T	SNX18P25	0.99990046	0.7101769911504425	27.82371342662298	2	none	False
chr21:10382212:T:G	ENSG00000278106	0.9867354	0.7101769911504425	28.430835720420763	2	none	False
chr17:234991:A:G	LINC02091	1.0	0.7101769911504425	34.20557191542424	5	dELS	True
chr19:48062226:G:A	PLA2G4C-AS1	0.9685818	0.7098214285714286	30.92743694129191	2	none	False
chr16:30561365:T:C	ZNF764	0.9999996	0.7096018735362998	33.84258984213131	4	none	True
chr20:46209985:G:C	ENSG00000229957	0.9275414	0.7095343680709535	33.18286247966936	4	CA-H3K4me3	True
chr1:198665121:G:T	ENSG00000261573	0.9997406	0.7090069284064665	37.24449580554944	4	pELS	False
chr19:1133385:A:G	ENSG00000290166	0.93223864	0.708803611738149	34.49787276120688	5	dELS	True
chr5:171630129:G:C	ENSG00000285914	0.9999999	0.7085201793721974	37.13635704989662	4	dELS	False
chr2:20106820:C:T	ENSG00000234378	0.96089166	0.7084282460136674	30.70701331945174	2	none	False
chr4:189811230:T:C	LINC01596	0.9878115	0.7079646017699115	33.493278882031966	2	none	False
chr6:103332364:A:G	ENSG00000202283	0.95470643	0.7079439252336449	37.18647421071822	3	none	True
chr19:3404145:C:A	ENSG00000279599	1.0	0.7078651685393258	37.35612699232399	5	dELS	True
chr15:20489522:C:G	HERC2P3	0.999668	0.7078384798099763	33.013342816285736	2	none	False
chr14:95701578:G:C	ENSG00000257275	0.9435331	0.7072072072072072	31.0263236655516	2	none	False
chr14:103103411:T:C	EXOC3L4	1.0	0.7072072072072072	32.99639453201232	3	none	False
chr17:83103068:G:A	ENSG00000274370	0.9990483	0.7069351230425056	33.61860742038435	4	dELS	True
chr2:21044589:G:A	APOB	0.9045681	0.7068181818181818	33.29368365170852	4	PLS	True
chr2:170716399:C:G	MYO3B-AS1	0.9363391	0.7068181818181818	28.053507484990625	3	none	False
chr21:45556197:C:T	ENSG00000288885	1.0	0.7066666666666667	45.87415081770125	4	pELS	False
chr19:6660558:T:C	TNFSF14	1.0	0.7058823529411765	38.01998258173752	4	dELS	False
chr18:79635825:C:G	ENSG00000267409	1.0	0.7057522123893806	29.245299434296168	2	none	False
chr18:15197945:G:A	RNU6-721P	0.96739984	0.7054794520547946	30.142642038939936	2	none	False
chr2:91748437:G:A	KMT5AP2	0.917238	0.7050359712230215	36.00397290525147	5	PLS	True
chr10:132911648:T:C	CFAP46	1.0	0.7046979865771812	32.20012200580785	3	none	False
chr19:17808215:A:T	B3GNT3	0.9262766	0.7040358744394619	30.729563377976305	2	none	False
chr17:14304113:C:G	ENSG00000266709	0.96887577	0.7037861915367484	35.086995509180205	4	PLS	True
chr21:10434866:T:A	ENSG00000290523	1.0	0.7035398230088495	30.125935613596408	3	dELS	False
chr20:63010278:T:C	BHLHE23	0.9908826	0.7035398230088495	33.64058021807817	4	dELS	False
chr12:95447118:C:G	ENSG00000257943	0.9985793	0.7033707865168539	32.48769145957079	3	none	True
chr11:8385155:T:C	LMO1	0.94217104	0.7033707865168539	31.689691952718235	3	none	True
chr15:31224267:C:A	LINC03034	0.91223454	0.703125	32.096950244548644	3	dELS	False
chr19:58034065:G:C	ZSCAN1	0.905665	0.7029478458049887	28.82960761948631	3	none	True
chr2:230990778:G:T	SPATA3-AS1	0.99899906	0.7027027027027027	27.93059622763336	2	none	False
chr15:73926125:A:C	LOXL1	0.99977237	0.7027027027027027	30.56083522491917	2	none	False
chr12:4912182:G:C	KCNA1	0.9935034	0.7024608501118568	30.752931351009693	2	none	False
chr6:129171688:G:A	BMPR1AP1	0.98326176	0.7023255813953488	31.19425545635252	2	none	False
chr21:10407199:A:T	ENSG00000290523	0.99972343	0.7021943573667712	29.700779694700422	2	none	False
chr5:181101429:C:T	FOXO1B	0.920078	0.7020316027088036	30.572892124343507	3	CA-H3K4me3	False
chr9:137681951:G:T	SETP5	0.9914426	0.7015945330296127	33.03209240308563	3	none	True
chr17:50476555:C:G	ENSG00000275897	1.0	0.7015945330296127	38.155298774508125	4	none	True
chr7:288451:C:T	FOXL3	0.9999997	0.7015590200445434	30.75640764130806	3	none	False
chr22:49417081:A:C	ENSG00000285722	0.9953956	0.7015590200445434	29.099251484872276	2	none	False
chr21:5321113:G:A	ENSG00000279669	0.9537984	0.7015590200445434	33.061279805130766	2	none	False
chr9:67697549:C:A	Y_RNA	0.9794646	0.701530612244898	32.34134452055008	2	none	False
chr5:1722751:T:A	ENSG00000260066	0.9984167	0.701123595505618	27.84593636013013	2	none	False
chr6:31187043:T:C	POU5F1	0.9788064	0.7009132420091324	31.77402454986131	2	none	False
chr6:163750882:A:G	ENSG00000285858	0.99999934	0.7009132420091324	38.70311171906796	5	dELS	True
chr19:48444069:G:T	GRWD1	0.9758638	0.7009132420091324	27.785599555265204	2	none	False
chr15:66652914:G:C	SMAD6	0.99362284	0.7008928571428571	29.11875040866592	2	none	False
chr1:21538386:T:C	ENSG00000289715	0.92844945	0.7006802721088435	33.599031517559474	3	none	False
chr11:970503:C:T	RNU6-1025P	0.99714154	0.7006802721088435	37.35711869292918	4	dELS	True
chr2:240621671:G:T	GPR35	1.0	0.7006651884700665	40.55707684606401	4	dELS	False
chr18:712568:G:A	ENOSF1	0.997308	0.7004504504504504	29.876515688591176	3	none	False
chr3:42129897:T:C	TPMTP2	0.97569615	0.7002237136465325	44.83090048691086	4	dELS	False
chr17:80890132:G:C	ENSG00000262313	0.9646821	0.7002237136465325	30.26928764415756	3	dELS	False
chr19:1044329:C:T	ABCA7	0.999994	0.7	33.26084458881444	5	dELS	True
chr9:134068469:G:A	FAM163B	0.9935223	0.6997742663656885	26.976099375101253	2	none	False
chr15:32613643:C:T	ENSG00000276724	0.98477346	0.6997742663656885	35.021735385857724	4	CA-H3K4me3	False
chr20:64197155:G:A	PCMTD2	1.0	0.6995515695067265	32.87802359575881	5	dELS	True
chr12:4562324:G:A	DYRK4	1.0	0.6995515695067265	34.155071340295166	4	PLS	True
chr10:22478145:A:G	ENSG00000285254	0.98859805	0.6992840095465394	36.321838775119794	4	pELS	True
chr22:50029536:G:C	IL17REL	0.9757752	0.6991150442477876	29.259111658707685	3	none	True
chr4:1562335:C:T	ENSG00000272783	0.9713924	0.698876404494382	32.52081235514888	4	none	True
chr8:142777665:G:A	LYNX1	0.9661456	0.6986607142857143	30.246325643819297	3	PLS	False
chr22:49517876:G:A	ENSG00000279597	1.0	0.6986607142857143	29.973172712924956	2	none	False
chr19:55032036:G:T	GP6	0.99063873	0.6984478935698448	31.67233499618876	4	dELS	True
chr12:9740483:A:G	CLECL1P	1.0	0.6984126984126984	39.7742251585671	5	dELS	True
chr2:10041330:T:C	KLF11	0.9651568	0.6981981981981982	31.686234727745774	4	pELS	True
chr20:50848865:T:G	TMSB4XP6	0.97119826	0.6981981981981982	34.21297229168032	2	none	False
chr14:68506829:A:G	PPIAP6	1.0	0.6981981981981982	41.35966216717109	5	dELS	True
chr10:28924560:C:T	RPL21P93	0.9227754	0.6981981981981982	33.9614114998882	5	dELS	True
chr1:1173872:A:G	TTLL10	1.0	0.697986577181208	34.843268098679744	5	pELS	True
chr19:951907:G:A	ENSG00000275162	0.9217943	0.6975169300225733	31.397118508760165	3	dELS	False
chr4:184460907:C:T	ENSG00000270426	1.0	0.6973094170403588	38.82207055907334	4	dELS	False
chr18:54210863:T:C	SNORA37	0.92822474	0.6972477064220184	37.03252851762038	4	none	True
chr9:62485816:T:C	RAB28P2	0.99509484	0.6970387243735763	31.54205752583577	2	none	False
chr7:63927106:G:T	ARAFP1	1.0	0.696969696969697	32.703562887168204	2	none	False
chr17:21680192:G:A	ENSG00000274748	0.9847594	0.6969026548672567	30.68977299262705	3	none	False
chr17:1181413:T:A	ABR-AS1	0.9966079	0.6966292134831461	33.84134498878366	4	pELS	True
chr5:141478231:T:C	RN7SL68P	0.9504868	0.6960556844547564	33.851637816779274	4	pELS	True
chr5:181161977:C:G	OR2V2	0.95424926	0.6957494407158836	35.10888820927964	5	dELS	True
chr3:195065244:C:T	XXYLT1-AS1	0.99659747	0.6957494407158836	41.43229332321366	5	dELS	True
chr16:870416:T:C	ENSG00000260022	0.9704351	0.6955555555555556	29.55553527227909	3	dELS	False
chr1:27360975:G:T	MAP3K6	0.9919871	0.6954545454545454	34.335441074908346	5	dELS	True
chr13:100975528:G:A	LINC00411	0.92594653	0.6952595936794582	33.11735523078044	3	none	True
chr11:64871691:G:A	ENSG00000230835	1.0	0.6951501154734411	34.61300069976257	3	dELS	False
chr3:194487896:T:C	ATP13A3-DT	0.9083484	0.695067264573991	28.33769946787196	2	none	False
chr22:45436539:G:C	ENSG00000232363	0.9073184	0.695067264573991	30.114204118255152	2	none	False
chr9:136199614:G:A	LHX3	0.9597822	0.6948775055679287	31.47470655920138	4	pELS	True
chr3:8680026:A:C	ENSG00000291007	0.9996857	0.6948775055679287	33.16662426539344	4	dELS	True
chr1:109711774:C:G	GSTM5	0.99999994	0.6948775055679287	39.01141033137725	5	pELS	True
chr17:78879654:G:A	ENSG00000279339	0.9969089	0.6947608200455581	37.62494715562692	5	dELS	True
chr17:298979:C:T	ENSG00000262920	0.99994636	0.6946902654867256	30.883642120818877	4	dELS	True
chr9:136757601:A:G	LCN8	0.9927068	0.6945701357466063	34.577049972038566	3	dELS	False
chr2:42599779:T:G	ENSG00000215263	1.0	0.6945701357466063	44.50792700330982	4	dELS	False
chr19:51646939:T:G	SIGLEC14	1.0	0.6945701357466063	33.528729924684015	3	none	False
chr9:67712093:C:T	Y_RNA	0.99673414	0.6943820224719102	28.843888474924945	2	none	False
chr22:50333035:A:G	PPP6R2	0.96261305	0.6943765281173594	28.25647197545811	2	none	False
chr9:67720815:C:T	Y_RNA	0.9999625	0.6941964285714286	31.62745309521324	3	none	False
chr18:69898732:G:A	CD226	0.9962823	0.6941964285714286	34.81479737743182	4	dELS	True
chr1:143790624:G:A	RNU1-143P	0.9964022	0.6935483870967742	33.60841120790785	3	none	False
chr3:72337089:G:C	ENSG00000260670	1.0	0.6928251121076233	41.27298149793776	5	dELS	True
chr17:76185621:T:C	ATP5MGP6	1.0	0.6928251121076233	37.34594787566889	5	dELS	True
chr1:235642840:C:G	GNG4	0.9988214	0.6926605504587156	32.18955154674633	3	dELS	False
chr9:41693202:G:A	ENSG00000274688	0.99465704	0.6924829157175398	32.27591275567354	2	none	False
chr22:12517322:G:C	FRG1GP	0.92330736	0.6924778761061947	30.447944304050164	2	none	False
chr8:143287957:C:T	ZNF696	0.99611753	0.6923076923076923	38.94715083156995	4	none	True
chr7:38347190:G:A	TRGV6	0.993776	0.6921348314606741	35.75688927902814	4	pELS	True
chr7:19101006:T:C	ENSG00000232821	0.9960744	0.6921348314606741	27.82841504949646	2	none	False
chr5:76874130:A:G	S100Z	1.0	0.6921348314606741	32.99736693463259	2	none	False
chr21:44855132:A:C	PTTG1IP	0.9921703	0.6921348314606741	31.41950596585132	3	dELS	False
chr6:170243179:A:G	ENSG00000230960	0.99999976	0.6917960088691796	29.8752857970242	2	none	False
chr7:95324583:G:A	PON1	0.999999	0.6914414414414415	39.16749731411514	5	PLS	True
chr6:39313680:A:C	KCNK17	0.9982665	0.6914414414414415	30.397178369504093	3	pELS	False
chr14:30620692:C:T	SCFD1	0.99993914	0.6910755148741419	34.778306091696074	5	TF	True
chr9:41660173:T:G	ENSG00000276412	1.0	0.6905829596412556	35.521661201926825	4	pELS	False
chr5:126850318:A:G	LMNB1	0.9170941	0.6905829596412556	29.742378876840643	3	dELS	False
chr5:1864686:G:A	ENSG00000279222	0.9049454	0.6904231625835189	33.41603346803171	4	none	True
chr5:181070175:G:A	ENSG00000241870	0.9999996	0.6904231625835189	34.88121330863729	4	CA-H3K4me3	True
chr16:87724673:C:T	ENSG00000226180	0.92496216	0.6904231625835189	32.79902070566349	3	dELS	False
chr10:133226636:G:A	UTF1	0.99564517	0.6904231625835189	35.76474867427806	4	none	True
chr1:153627648:T:C	S100A1	0.97589844	0.6903669724770642	40.49181972930541	5	PLS	True
chr6:170088321:G:C	ENSG00000287823	0.98358095	0.6902654867256637	31.811864395068312	4	pELS	True
chr3:75678890:A:C	LINC00960	0.9804445	0.6902654867256637	33.56969780844973	3	none	False
chr20:28636997:C:T	ENSG00000291100	0.99999475	0.6902654867256637	30.61938608044393	2	none	False
chr3:105354628:A:C	ALCAM	0.9197973	0.6902050113895216	35.59772717454174	4	dELS	True
chr12:131783696:G:A	RNA5SP378	0.9157146	0.6900452488687783	33.28017373601205	3	dELS	False
chr8:267102:T:C	ENSG00000254104	1.0	0.6895787139689579	30.315292890044457	3	none	True
chr14:77219960:A:C	ENSG00000201384	0.9995975	0.6895787139689579	34.59613576364782	5	CA-TF	True
chr17:39165419:A:C	ENSG00000280177	0.9840174	0.6891891891891891	32.331916334639146	4	pELS	False
chr17:80780699:G:C	ENSG00000262833	0.9766116	0.6888888888888889	35.73398757162968	4	dELS	True
chr9:41665990:C:A	Y_RNA	0.9508905	0.6884875846501128	42.1504746095066	4	none	True
chr19:1453161:G:A	ENSG00000279488	0.95335156	0.6884875846501128	28.004745454223748	3	dELS	False
chr12:9240379:C:G	PTMAP4	1.0	0.6884875846501128	33.86554157326697	3	none	True
chr7:149415802:G:A	ENSG00000261842	0.9183193	0.6883408071748879	33.17169548816129	4	dELS	True
chr19:289491:A:G	PLPP2	0.9379568	0.6883408071748879	26.70756627522181	2	none	False
chr1:20683093:C:T	ENSG00000235432	0.9268875	0.688195991091314	35.45350078691774	4	dELS	False
chr22:12508213:C:G	FRG1GP	0.93928516	0.6880530973451328	32.20414601064982	3	none	True
chr11:6270835:C:A	CCKBR	0.9999874	0.6880530973451328	31.344991318417197	3	dELS	False
chr17:5112677:C:T	USP6	0.94476956	0.6877828054298643	32.310267104720474	4	none	True
chr7:75692506:T:C	HIP1	0.91253054	0.6873563218390805	39.113252552098416	4	dELS	False
chr8:143928664:C:T	MIR661	0.92754275	0.6870748299319728	34.631420159253835	4	dELS	True
chr17:37972726:T:C	TBC1D3L	0.997779	0.6867469879518072	30.06366051967337	2	none	False
chr6:159602205:C:A	ENSG00000237927	1.0	0.6863636363636364	31.571455562968406	2	none	False
chr4:153437334:T:C	TMEM131L	1.0	0.6862302483069977	34.90100671220401	4	dELS	False
chr13:20176637:G:A	MIR4499	0.9876171	0.6862302483069977	30.785560303474178	3	dELS	False
chr17:72122794:C:T	SOX9	0.9430162	0.6860986547085202	26.70164270185591	2	none	False
chr11:849587:C:G	ENSG00000250397	0.9378622	0.6860986547085202	30.10980071984469	4	dELS	True
chr10:788796:G:A	ENSG00000231601	0.970832	0.6859688195991092	35.27994079874894	5	dELS	True
chr9:38526827:C:G	ENSG00000243085	0.997786	0.6856492027334852	33.178793001347	5	PLS	True
chr9:94359298:G:T	ENSG00000232063	0.92283297	0.6855791962174941	35.68716381238604	4	pELS	False
chr5:172985110:T:C	ATP6V0E1	0.99999934	0.6855203619909502	32.89556344637126	2	none	False
chr4:6664517:A:T	ENSG00000284847	0.96866405	0.6853932584269663	29.007985216779296	2	none	False
chr22:50543729:T:C	KLHDC7B-DT	0.9617449	0.6853932584269663	27.393350886635325	2	none	False
chr19:13764812:T:C	MRI1	1.0	0.6852678571428571	36.03217851779559	4	pELS	False
chr3:195633340:G:A	PPP4R2P6	0.9552017	0.6851441241685144	31.291727004686496	4	none	True
chr9:39604561:G:A	FKBP4P2	0.9186085	0.6846846846846847	32.49862337918827	2	none	False
chr1:54487850:T:C	ENSG00000287582	0.9889047	0.6846846846846847	29.34862021757118	4	dELS	True
chr12:53198668:T:C	ITGB7	0.999999	0.6846846846846847	33.47114278342291	3	none	True
chr10:133621047:C:A	FRG2B	0.9986901	0.6845637583892618	28.49539152716948	2	none	False
chr7:935761:C:G	ADAP1	0.9995102	0.6844444444444444	36.33113827909683	5	dELS	True
chr15:32313638:C:T	ENSG00000260211	1.0	0.6843575418994413	30.72866308101721	4	none	True
chr18:77056397:G:A	ENSG00000287680	1.0	0.6837416481069042	33.36336512314617	3	dELS	False
chr12:132759446:T:G	ANKLE2	1.0	0.6837416481069042	29.173627958526943	3	dELS	False
chr1:209937570:A:T	ENSG00000287343	0.99972206	0.6832579185520362	29.444320617545788	3	none	True
chr16:29326337:T:G	ENSG00000260413	1.0	0.6832579185520362	41.80951262326626	5	dELS	True
chr14:76959734:G:T	LINC01629	1.0	0.6832579185520362	40.81842202518919	5	pELS	True
chr1:234803642:C:T	ENSG00000289377	0.99997616	0.6829268292682927	34.38374524114941	4	CA-TF	True
chr16:21583785:C:G	ENSG00000252798	0.99999803	0.6829268292682927	30.1170738678154	2	none	False
chr22:49584854:C:T	ENSG00000213279	0.99999696	0.6825396825396826	33.02628571036711	4	CA-H3K4me3	False
chr7:150109088:A:G	ENSG00000276538	0.94664884	0.6823266219239373	28.28965368750045	2	none	False
chr19:663485:G:A	ENSG00000267666	0.981475	0.6823266219239373	30.16414224665261	3	PLS	False
chr19:1966894:G:A	ENSG00000267122	0.9748804	0.6823266219239373	30.98666805998217	4	dELS	True
chr16:85648865:C:T	RN7SL381P	0.9860511	0.6822222222222222	29.901524394678862	4	dELS	True
chr6:29864397:C:A	HLA-K	0.99549747	0.6820276497695853	31.724331383127243	4	pELS	True
chr9:131622063:C:G	PRRT1B	0.4066316	0.6819221967963387	29.375469786436906	3	dELS	True
chr9:131622063:C:A	PRRT1B	0.95443726	0.6819221967963387	32.88252111735538	4	dELS	True
chr16:1445474:G:A	ENSG00000261641	1.0	0.6818181818181818	38.37577077409457	5	pELS	True
chr2:1813071:C:T	ENSG00000284600	0.9515364	0.6817155756207675	32.51513918401238	4	dELS	False
chr9:1045259:T:C	LINC01230	0.9815989	0.6816143497757847	27.55000501905297	2	none	False
chr16:69965397:C:A	ENSG00000277003	1.0	0.6816143497757847	39.0281749405109	5	dELS	True
chr11:133787954:C:G	LINC02743	0.9999939	0.6816143497757847	28.226196831459248	2	none	False
chr2:1605817:C:T	ENSG00000228613	0.968187	0.6815144766146993	31.73875696649298	4	dELS	True
chr16:369092:A:G	MRPL28	0.95545775	0.6815144766146993	28.15011136384256	2	none	False
chr5:132690255:A:G	ENSG00000230612	0.99999976	0.6812933025404158	45.691402466884405	4	none	True
chr5:1087753:T:C	SLC12A7	0.99995595	0.6808988764044944	30.08448795302597	3	dELS	False
chr19:906149:G:C	R3HDM4	1.0	0.6808035714285714	38.43360631616736	5	dELS	True
chr19:856482:C:T	CFD	0.99650174	0.6807095343680709	29.63119689690973	4	none	True
chr20:48723090:A:G	ENSG00000286159	0.9153521	0.6804597701149425	33.102756061048034	4	dELS	True
chr4:3373171:T:C	RPL7AP29	0.99951893	0.6802721088435374	33.27302459155555	3	none	True
chr20:20277751:C:T	CFAP61-AS1	0.99670506	0.6801801801801802	32.87954310921985	3	none	False
chr8:2892774:C:T	ENSG00000287740	0.99999994	0.680089485458613	35.297770513988155	4	none	True
chr20:63453163:G:A	KCNQ2-AS1	0.9856129	0.68	31.79052519080639	3	none	False
chr18:79625977:G:A	ENSG00000267409	0.98833835	0.68	29.793850058633403	3	none	True
chr17:410351:G:T	C17orf97	0.95748746	0.68	34.98453463694691	4	none	True
chr17:5771076:C:G	ENSG00000284837	0.9999987	0.6794582392776524	45.34767988188049	4	pELS	False
chr10:12052867:A:G	UPF2	1.0	0.6794582392776524	31.44943926297456	3	none	True
chr3:184525248:C:G	LINC01839	0.9760034	0.679372197309417	31.591513387552805	4	dELS	True
chr8:8181873:A:C	FAM85B	0.98955786	0.6792873051224945	30.577725470562548	3	dELS	False
chr7:29885070:A:C	ENSG00000238906	0.97309536	0.6792873051224945	32.1751178859542	3	dELS	False
chr5:150166578:C:T	CDX1	1.0	0.6792873051224945	33.24713935217069	5	PLS	True
chr1:146409837:G:C	RNVU1-25	0.94713396	0.6788990825688074	31.92699988612411	2	none	False
chr4:185202643:C:G	SNX25	0.95164555	0.6788154897494305	38.58030164899117	4	none	True
chr3:195156264:C:T	XXYLT1-AS2	0.98316467	0.6785714285714286	33.21585572926908	3	none	False
chr10:1364704:G:A	ENSG00000233052	0.9848968	0.6785714285714286	28.9064411954914	2	none	False
chr11:18264546:A:G	RNA5SP334	0.9455813	0.6784922394678492	29.180656061828824	3	pELS	False
chr9:39132480:G:A	SPATA31A1	0.9991194	0.6781609195402298	31.477361798398952	3	none	False
chr19:18588679:T:C	REX1BD	1.0	0.678082191780822	35.927899118643175	4	pELS	False
chr6:2951921:G:A	SERPINB6	0.9999977	0.6779279279279279	37.29014947786657	4	none	True
chr19:55703000:C:T	RN7SKP109	0.9843842	0.6779279279279279	27.43513678805701	2	none	False
chr17:57045936:G:A	RNF126P1	0.98386645	0.6778523489932886	29.50340791745342	3	pELS	False
chr1:16759778:T:A	NBPF1	0.9916663	0.6777777777777778	28.70162701218063	3	dELS	False
chr6:168130251:C:T	FRMD1	1.0	0.6771300448430493	33.115787076389495	4	dELS	False
chr4:5709368:G:A	EVC2	0.99997205	0.6769911504424779	29.918679579882397	4	PLS	True
chr4:49312107:A:C	SNX18P25	0.93428373	0.6766743648960739	33.56065888682957	2	none	False
chr1:21336537:A:C	ECE1	0.9390181	0.6765375854214123	31.98437671082332	3	none	True
chr17:76239124:A:C	RNF157	0.99991053	0.6765375854214123	40.62300147758452	5	pELS	True
chr7:2665538:T:G	AMZ1	0.9999412	0.6764044943820224	30.435043112439697	3	dELS	False
chr4:2333669:C:T	ENSG00000249077	0.99999064	0.6763392857142857	30.86271519030539	3	dELS	False
chr19:54224269:A:G	ENSG00000269524	0.9999997	0.6761229314420804	31.38291950739802	3	none	False
chr15:43330067:C:A	LCMT2	0.99866563	0.6761229314420804	30.86352113085768	4	none	True
chr19:18776867:T:C	COMP	0.9999656	0.6757990867579908	31.695896439177456	4	dELS	False
chr12:130879371:C:G	RAN	1.0	0.6757990867579908	36.22870845183665	5	dELS	True
chr4:16062184:C:T	PROM1	1.0	0.6757369614512472	43.20258231012357	3	none	False
chr9:41668648:G:A	ENSG00000274688	0.9999722	0.6756756756756757	35.25421584345523	3	none	True
chr8:19602278:A:T	ENSG00000253270	0.98271346	0.6756756756756757	34.73324962800221	4	PLS	True
chr19:506058:T:C	MADCAM1-AS1	0.9595106	0.6755555555555556	27.072343770973635	3	none	True
chr15:26842636:T:C	ENSG00000242793	0.96365464	0.675	32.452975203007675	4	dELS	True
chr9:137161424:G:A	MIR3621	0.98661125	0.6749435665914221	30.378087019392748	3	dELS	False
chr19:49888042:C:T	MIR4750	0.99991256	0.6749435665914221	29.462977345508385	4	pELS	True
chr19:7551565:G:A	PNPLA6	0.9981381	0.6748878923766816	29.823087147136555	4	dELS	True
chr12:1921504:T:C	CACNA2D4	0.999999	0.6748329621380846	31.56682825349194	3	none	True
chr1:120266319:C:T	7SK	0.99497193	0.6747311827956989	31.003949354174072	2	none	False
chr9:137031950:T:C	FUT7	0.9617584	0.6743119266055045	33.25362090940622	4	pELS	False
chr7:148501998:A:G	ENSG00000283504	0.985004	0.6743119266055045	31.517210222450768	3	none	True
chr15:92734201:C:G	H2AZ2P1	0.9994159	0.6742081447963801	37.25166376453908	5	PLS	True
chr8:2738156:G:C	LINC03021	1.0	0.6741573033707865	40.21521461474608	3	none	False
chr9:41750810:G:A	ENSG00000275297	0.9994436	0.6741071428571429	36.64197234737997	4	none	True
chr4:186298264:T:C	ENSG00000287667	0.95487076	0.6741071428571429	34.99690576419257	5	CA-H3K4me3	True
chr19:43353721:G:C	CD177	0.99983895	0.6740576496674058	32.55332118654736	3	PLS	False
chr1:3248703:A:C	ENSG00000279839	0.9999497	0.6735159817351598	30.4448086416081	3	dELS	False
chr2:3780503:T:C	ENSG00000224661	0.999219	0.6733333333333333	33.576789437127815	3	dELS	False
chr22:42130047:G:C	CYP2D6	0.9997769	0.6731707317073171	27.34339054472929	2	none	False
chr14:105855485:A:C	MIR6765	0.94372696	0.6728624535315985	32.803686771981496	4	dELS	True
chr17:5220460:T:C	SCIMP	0.9986162	0.6727272727272727	33.34927718250606	3	dELS	False
chr13:30153999:C:A	LINC00385	0.999959	0.672686230248307	33.740881590672366	5	pELS	True
chr7:154049552:G:A	ENSG00000270114	0.999757	0.6726057906458798	30.045527985126853	4	none	True
chr22:42623246:A:G	ENSG00000289517	0.99999934	0.6726057906458798	31.08199074657985	3	dELS	False
chr7:142522876:C:T	WEE2-AS1	0.99936473	0.672566371681416	31.928516253034363	2	none	False
chr13:113407053:A:C	GRTP1	1.0	0.6719457013574661	30.71391734739733	3	none	False
chr19:17403371:A:G	CCDC194	0.92309666	0.6719101123595506	29.846609591971685	3	pELS	False
chr19:11624743:C:T	ENSG00000197332	0.9578485	0.6719101123595506	31.37042928723464	3	dELS	False
chr18:79741180:G:A	ENSG00000266901	0.9998571	0.6718403547671841	33.63274368566867	4	dELS	True
chr9:127808105:C:A	GARNL3	0.9812905	0.671264367816092	30.69478811393002	4	dELS	False
chr10:52778550:C:A	MBL2	0.99968946	0.6711711711711712	33.65246094866255	3	dELS	False
chr3:23672161:A:G	RNU6-788P	0.998531	0.6704288939051919	34.37344326080673	4	dELS	True
chr4:14862284:T:C	LINC00504	0.99584085	0.6704035874439462	29.27943433442536	3	none	False
chr19:29872700:C:T	ENSG00000267433	0.95884705	0.6704035874439462	29.113596510311023	3	dELS	False
chr22:49467384:T:C	ENSG00000280224	0.9993322	0.6703786191536748	36.26866796858673	4	dELS	True
chr1:161438766:G:A	ENSG00000283317	0.99998844	0.6703539823008849	33.57025647483313	3	none	True
chr16:22541254:A:C	ENSG00000277041	0.97358215	0.6703539823008849	29.390889228987398	3	none	True
chr9:33141793:C:T	B4GALT1-AS1	0.93499255	0.6697038724373576	38.811593282592	5	dELS	True
chr1:1419214:A:G	ANKRD65-AS1	0.94961035	0.669683257918552	32.51364594419574	4	pELS	True
chr6:155184187:G:C	ENSG00000235381	0.9999669	0.6696629213483146	37.60654799285168	4	dELS	True
chr2:3703501:A:C	DCDC2C	0.9045295	0.6696629213483146	27.017980681594096	2	none	False
chr2:10432436:A:G	SNORA80B	1.0	0.6696428571428571	29.84320568097701	4	dELS	True
chr9:61911464:G:A	FAM242E	0.9036658	0.6690140845070423	29.036743090106203	2	none	False
chr2:241966402:G:A	SEPTIN2	0.9993822	0.6689655172413793	31.719708345176024	4	pELS	False
chr18:33819495:C:T	Y_RNA	0.9858454	0.6689655172413793	35.390798848048334	4	dELS	False
chr1:161579124:C:T	FCGR2C	1.0	0.6689497716894978	39.13251484205244	4	none	True
chr19:52857093:A:T	ZNF28	0.9888548	0.6689342403628118	28.495296250088444	2	none	False
chr22:49631813:C:T	ENSG00000288834	0.92068243	0.668918918918919	28.41556673585342	4	none	True
chr22:49621679:C:T	ENSG00000279597	0.9944187	0.668918918918919	34.42399101840665	4	none	True
chr13:113931211:T:G	SWINGN	1.0	0.668918918918919	43.6708015260857	4	none	True
chr2:421116:G:A	ENSG00000226277	0.9013569	0.668903803131991	31.42953804788256	5	pELS	True
chr2:241732322:T:C	D2HGDH	1.0	0.668903803131991	31.278392857496108	3	none	False
chr22:49424470:A:G	ENSG00000285722	0.9999834	0.668903803131991	30.26613274178071	2	none	False
chr21:9364071:G:C	SNX18P10	0.98650444	0.6688888888888889	35.03008512236345	2	none	False
chr10:133130923:G:A	RPL5P28	0.9371767	0.6688888888888889	30.425941992986225	3	CA-H3K4me3	False
chr19:8448651:T:A	ENSG00000268931	0.9964963	0.6681818181818182	32.08626005115096	4	none	True
chr4:190018055:A:T	DUX4L9	0.9649412	0.6681715575620768	27.576891006501555	2	none	False
chr5:1828950:T:C	ENSG00000249966	0.990242	0.6681514476614699	27.45103952519878	2	none	False
chr9:137715590:T:C	ENSG00000255585	1.0	0.668141592920354	34.499465916511454	5	dELS	True
chr21:9351065:C:T	ENSG00000278932	0.9999958	0.667447306791569	32.61607118447975	2	none	False
chr19:36776372:T:G	ENSG00000267353	0.9981486	0.6674311926605505	32.06568075484162	4	pELS	True
chr19:8073170:C:A	CCL25	0.999988	0.667420814479638	38.023758568025066	5	dELS	True
chr10:48655736:T:C	ARHGAP22	0.99763256	0.6674157303370787	29.75745156298062	2	none	False
chr5:1944442:G:A	ENSG00000288108	0.99992675	0.6666666666666666	29.893236246588604	4	dELS	True
chr4:76421078:T:C	RPL36AP18	1.0	0.6666666666666666	31.729960986004976	4	none	True
chr3:126415793:T:C	ENSG00000279328	0.99873704	0.6666666666666666	31.88667733277116	4	CA-CTCF	True
chr1:901516:T:C	ENSG00000272438	0.99991375	0.6666666666666666	30.783549217919795	4	pELS	True
chr1:122583934:G:C	LINC01691	0.99730057	0.6666666666666666	32.35225616983849	2	none	False
chr17:5117284:G:A	USP6	0.9999911	0.6666666666666666	31.492029248140625	3	none	True
chr16:492258:A:C	LINC00235	0.99999964	0.6666666666666666	27.898235764549568	3	none	True
chr13:113810948:A:G	GAS6-AS1	0.9391799	0.6666666666666666	30.068775029721458	5	dELS	True
chr22:20357606:C:T	ENSG00000235578	0.9504256	0.665929203539823	23.98416198261176	2	none	False
chr7:150408549:C:G	ENSG00000284691	0.99448055	0.6659242761692651	29.85611094040683	3	dELS	False
chr6:170255309:G:A	ENSG00000230960	0.9038841	0.6659242761692651	29.390374623021348	4	CA	True
chr14:22484354:A:C	TRD-AS1	1.0	0.6659192825112108	37.10755050816223	4	PLS	False
chr10:127736065:C:G	ENSG00000279725	0.94859356	0.6659192825112108	29.95529725538823	4	pELS	False
chr4:40825197:C:T	Y_RNA	1.0	0.6659090909090909	36.82859742987724	3	none	False
chr11:282466:A:G	NLRP6	1.0	0.6651884700665188	30.38256801649729	4	dELS	False
chr9:37407972:T:C	LINC01627	0.9972346	0.6651685393258427	28.42709909723613	2	none	False
chr20:4988593:A:G	SLC23A2	0.941117	0.6651685393258427	30.267420605270363	3	none	True
chr13:24989340:T:C	RPL34P27	0.9813346	0.665158371040724	32.98719144579994	4	pELS	True
chr6:31304835:G:A	LINC02571	0.99995106	0.6651376146788991	33.22373458136349	4	CA-TF	True
chr6:13299230:C:G	ENSG00000215022	0.9316293	0.6651376146788991	41.65550025772572	3	none	False
chr14:105740228:C:G	IGHG1	0.9882371	0.6649214659685864	32.07192599581896	3	none	True
chr22:39360849:G:C	SYNGR1	1.0	0.6644444444444444	36.50298176173473	4	dELS	False
chr17:82969252:C:T	ENSG00000262339	0.9315809	0.6644444444444444	31.117581239289425	4	none	True
chr19:49932605:C:T	MIR4751	0.999947	0.6644295302013423	30.51430262194724	3	pELS	False
chr12:47869379:G:A	ENSG00000205537	1.0	0.6644295302013423	33.612438630544155	3	none	False
chr5:181216131:G:A	ENSG00000286644	0.99999684	0.6644144144144144	30.44786572290953	3	pELS	False
chr19:50229976:G:A	Metazoa_SRP	0.9999868	0.6644144144144144	30.36420199881869	3	none	True
chr17:45117046:C:T	MIR6784	0.98940593	0.6644144144144144	26.468731763446467	2	none	False
chr16:87413905:T:G	ENSG00000261592	0.9969845	0.6643835616438356	29.94126900766856	3	CA	False
chr19:22596396:A:G	GOLGA2P9	0.9239082	0.6643518518518519	33.132296368609694	4	PLS	True
chr16:14945149:G:T	MIR6770-1	0.9605694	0.6637168141592921	30.739859741931262	4	CA	True
chr15:20629734:C:T	ENSG00000279628	0.99282163	0.6637168141592921	31.967346818101195	3	dELS	False
chr12:12071609:C:T	BCL2L14	0.9761592	0.6637168141592921	30.221449926147127	2	none	False
chr19:616057:G:C	POLRMT	0.97777927	0.6636971046770601	28.749825528035306	3	CA-H3K4me3	False
chr14:104295535:T:C	ENSG00000288459	0.99992466	0.6636971046770601	29.021624418598705	4	dELS	True
chr12:47942528:G:T	VDR	1.0	0.6636568848758465	37.50833553589073	5	pELS	True
chr11:69153743:C:T	SMIM38	0.98160124	0.6636568848758465	28.54651640116765	2	none	False
chr19:17105814:A:G	ENSG00000269066	0.9995529	0.6636155606407322	33.89688553824995	3	none	False
chr17:31917308:A:G	UTP6	0.94436616	0.6636155606407322	29.57928379087849	2	none	False
chr12:6056648:C:G	RN7SL69P	0.95932597	0.6629464285714286	26.29136277050944	2	none	False
chr12:132187192:T:C	LINC02361	1.0	0.6629213483146067	35.00020475498607	5	dELS	True
chr7:44768492:T:G	ENSG00000228596	0.9999997	0.6628959276018099	40.00707443258871	4	none	True
chr6:26134824:T:A	H2AC6	0.99913806	0.6628959276018099	46.07606944973559	5	TF	True
chr7:136012881:A:C	ENSG00000230649	0.94122386	0.662870159453303	41.74574489633125	5	dELS	True
chr21:46697420:C:T	RNU6-396P	0.9343442	0.6622222222222223	26.933744525909887	3	dELS	False
chr8:638072:A:T	TDRP	1.0	0.6621923937360179	40.38014806921758	5	dELS	True
chr8:141188171:G:A	ENSG00000280035	1.0	0.6621923937360179	33.55280986647556	4	CA	False
chr2:88170344:G:C	THNSL2	0.9999883	0.6621315192743764	39.15947782073523	4	none	True
chr22:20154469:C:G	CCDC188	0.9201214	0.6614699331848553	31.49631984243993	4	pELS	True
chr9:4117602:C:T	ENSG00000230001	0.9178241	0.6614349775784754	28.419824958561115	3	dELS	False
chr5:1004764:T:C	ENSG00000272347	0.98333424	0.6614349775784754	28.06699107917793	3	pELS	False
chr2:467148:A:G	ENSG00000284452	0.9951372	0.6614349775784754	26.63640079689959	2	none	False
chr22:36862461:T:C	NCF4	0.99617726	0.6614349775784754	30.75823810675437	3	PLS	False
chr1:1575864:G:A	SSU72	0.98144215	0.6614349775784754	33.51186083777174	5	pELS	True
chr3:535316:T:C	LINC01266	1.0	0.6613995485327314	33.34379393521549	3	none	False
chr10:132330501:T:C	LRRC27	1.0	0.6613995485327314	33.55965398015572	5	CA-CTCF	True
chr19:45104090:C:T	GEMIN7-AS1	0.9980527	0.6613636363636364	34.81115166391944	4	dELS	False
chr12:758749:G:T	WNK1	0.98479396	0.6612903225806451	32.52005780787921	4	none	True
chr17:38221470:G:T	TBC1D3E	0.99512637	0.6611374407582938	33.94695556640415	3	none	False
chr14:22802126:C:T	SLC7A7	0.9285106	0.6607538802660754	33.37910083293746	3	none	False
chr3:4752298:G:C	EGOT	0.99965423	0.6607142857142857	31.10714983694701	4	pELS	True
chr16:49463840:G:A	LINC02179	1.0	0.6606741573033708	35.14566509261365	4	dELS	False
chr12:6627170:T:C	LPAR5	0.9973433	0.6606741573033708	31.02181154099569	2	none	False
chr3:134313383:A:C	LINC02004	0.99829507	0.6606334841628959	31.02754188264641	3	pELS	False
chr19:3656654:G:A	ENSG00000267304	0.98698425	0.6606334841628959	29.06059819407765	2	none	False
chr3:15118495:A:C	RPS24P10	0.99130744	0.6605922551252847	34.139921967794244	4	dELS	False
chr13:50127054:G:A	ENSG00000274270	0.9995832	0.6605922551252847	36.52216974699183	5	pELS	True
chr15:30226106:G:T	ENSG00000259993	0.9906264	0.660377358490566	29.506392556878986	3	none	False
chr16:165380:G:A	HBZP1	0.9999153	0.66	28.13694677935956	2	none	False
chr5:1093352:G:A	SLC12A7	0.9765623	0.6599552572706935	28.375830938672983	3	dELS	False
chr12:113464047:A:T	TPCN1	0.99450547	0.6599552572706935	25.97741144696761	2	none	False
chr10:70494170:G:A	YY1P1	1.0	0.6599552572706935	38.911364735769865	4	dELS	False
chr6:87790086:C:G	Y_RNA	0.99956465	0.6599099099099099	30.86532828961318	4	dELS	False
chr17:42684957:A:G	CCR10	1.0	0.6598173515981736	33.87785761126256	3	none	False
chr9:91886629:T:G	ROR2	0.9994764	0.6597222222222222	29.68776621735498	3	dELS	False
chr19:27333333:A:G	ENSG00000279882	0.9999331	0.6592920353982301	33.28000678136847	3	none	False
chr21:36696958:G:A	SIM2	0.97441137	0.6592427616926503	27.230422283122078	3	pELS	False
chr9:138022939:G:C	ENSG00000276388	0.99999267	0.6591422121896162	30.721776774630115	4	none	True
chr4:182139833:C:A	TENM3	0.9230056	0.6591422121896162	37.0981014816488	5	dELS	True
chr15:30044647:G:T	SYNGR2P1	0.98027784	0.6591422121896162	29.723433122010974	3	PLS	False
chr10:1036349:T:C	IDI2	0.99999815	0.6591422121896162	36.011115130823164	4	none	True
chr19:48873985:G:C	PPP1R15A	0.99973106	0.6590909090909091	28.57922166899716	3	pELS	False
chr2:177634512:C:G	TTC30A	0.905552	0.6588785046728972	43.44654482211551	4	none	True
chr19:569865:T:C	BSG	0.9999611	0.6585365853658537	26.39437844243866	3	none	False
chr16:88936842:C:T	ENSG00000261226	0.99955505	0.6584821428571429	30.229051203560747	4	pELS	True
chr3:192063785:G:A	RN7SKP222	0.9894045	0.6583710407239819	30.97850635654925	3	none	True
chr8:141391470:G:C	PTP4A3	1.0	0.6583143507972665	35.919844247795126	5	pELS	True
chr1:45429219:G:T	PPIAP36	1.0	0.65807962529274	41.97881994906584	4	none	True
chr22:49657199:G:A	ENSG00000280224	0.9950892	0.6577181208053692	34.16805061366013	4	none	True
chr7:149191446:C:T	ENSG00000239719	0.9781285	0.6574712643678161	42.212920482206925	5	PLS	True
chr19:3167470:C:T	PIP5K1C	0.9994943	0.6570155902004454	26.358068307504325	2	none	False
chr12:1663449:G:A	MIR3649	0.9934813	0.6570155902004454	33.16966442097272	5	dELS	True
chr3:194296078:G:A	ENSG00000286317	0.98927945	0.6569506726457399	29.19324080903328	3	none	False
chr20:63697746:G:A	TNFRSF6B	0.99999857	0.6569506726457399	29.02490939158196	2	none	False
chr13:27034730:T:A	RPS20P32	0.99784565	0.6569506726457399	35.32645112310586	5	dELS	True
chr12:43571368:T:G	ENSG00000257813	0.99996436	0.6569506726457399	31.811617911521797	3	none	True
chr1:3679204:C:G	TP73-AS3	1.0	0.6568848758465011	35.94736182482979	3	none	False
chr9:33751722:G:C	ENSG00000287495	0.9913988	0.6567505720823799	32.3773776654264	3	none	True
chr1:178485633:G:A	Metazoa_SRP	0.9499036	0.6567505720823799	29.776587103659143	3	none	True
chr17:335230:C:T	RPH3AL-AS1	1.0	0.656319290465632	38.07756177202769	5	dELS	True
chr7:4725230:G:A	ENSG00000287665	0.94595855	0.65625	30.97901735175626	3	PLS	False
chr3:122589471:A:G	PARP15	0.99882066	0.65625	36.16866920618631	3	none	False
chr4:184447684:G:C	SNORD79	0.9404599	0.6561797752808989	31.099672603275536	2	none	False
chr10:11737389:A:C	ECHDC3	1.0	0.6561085972850679	33.52693436925102	3	dELS	False
chr4:49631635:A:G	SNX18P25	0.97683847	0.6555555555555556	31.301341506877076	2	none	False
chr10:113960755:G:C	ADRB1	0.9429032	0.6555555555555556	39.746236533446194	5	dELS	True
chr3:127755187:G:A	ENSG00000287143	1.0	0.6554809843400448	37.78395098619797	5	dELS	True
chr16:29284402:A:C	ENSG00000261552	0.99916	0.655328798185941	33.346673271832174	5	dELS	True
chr19:36491424:C:T	ZNF420	0.99801946	0.6549295774647887	27.833214097741976	3	none	True
chr22:16386087:G:A	ABCD1P4	0.9991692	0.6548672566371682	29.10528219359592	2	none	False
chr21:10370292:G:A	ENSG00000278106	0.98676646	0.6548672566371682	27.24039784885765	3	none	True
chr8:143419662:G:C	MAFA-AS1	0.9504599	0.6547884187082406	29.59554334583056	4	dELS	True
chr7:5237073:G:T	SLC29A4	0.9999996	0.6547884187082406	30.89277951448949	2	none	False
chr8:881404:A:G	ENSG00000282759	0.99734426	0.654627539503386	28.065708077915207	3	none	True
chr6:163149260:T:A	ENSG00000285553	0.96391034	0.654627539503386	31.96488423660529	4	dELS	True
chr19:58011193:C:G	ZNF606	0.9178276	0.6545454545454545	27.316144294642964	2	none	False
chr9:122406599:C:T	ENSG00000234156	1.0	0.6544622425629291	43.29012998053341	5	PLS	True
chr19:22634745:T:C	RPL34P33	0.96492493	0.654292343387471	32.69784725832826	4	CA-H3K4me3	True
chr14:34019104:C:A	EGLN3-AS1	0.99612725	0.6541019955654102	35.3042425857	4	none	True
chr7:2863064:T:C	GNA12	0.9288454	0.6540178571428571	31.337404980928792	4	dELS	True
chr17:32495589:C:T	ENSG00000266718	0.9879776	0.6540178571428571	36.660480532523486	5	pELS	True
chr16:56944307:C:T	ENSG00000261114	0.9999238	0.6540178571428571	30.745223158156463	3	none	True
chr8:119207794:G:A	MAL2-AS1	0.96339273	0.6539325842696629	25.93952587765473	2	none	False
chr2:47716808:A:G	NME2P2	1.0	0.6539325842696629	39.91688723105521	4	dELS	False
chr20:3674438:C:T	ADAM33	1.0	0.6539325842696629	29.233820490882312	3	none	True
chr22:46364584:C:G	TRMU	1.0	0.6538461538461539	28.844827060873435	3	none	True
chr6:30110498:C:T	TRIM31	0.9876712	0.6537585421412301	31.434308457059945	4	none	True
chr9:64489680:T:A	ENSG00000277869	0.99999994	0.6537396121883656	36.82096927564278	4	none	True
chr1:161566341:C:T	ENSG00000224515	0.992541	0.6535796766743649	31.405154169299088	2	none	False
chr12:132229771:T:G	ENSG00000279480	1.0	0.6532438478747203	32.21644508783708	4	CA	False
chr6:2892601:C:T	SERPINB9	0.9999623	0.6531531531531531	32.14602064913504	3	dELS	False
chr8:54457917:C:T	SOX17	0.9993077	0.6530612244897959	29.009721074914868	3	PLS	False
chr12:43552401:G:A	ADAMTS20	0.95472586	0.6529680365296804	29.23629323009144	4	pELS	True
chr13:113875523:G:C	ENSG00000237699	0.99764407	0.6526548672566371	31.74462215941149	3	pELS	False
chr12:132243426:T:C	GALNT9-AS1	0.9991956	0.6526548672566371	30.292006178188316	3	dELS	False
chr8:281937:C:T	ENSG00000288985	1.0	0.6525612472160356	35.85754988211616	4	none	True
chr20:62735105:T:G	ENSG00000223669	0.9981982	0.6525612472160356	30.81576151554724	3	pELS	False
chr17:82603449:G:A	ENSG00000262147	0.94727486	0.6525612472160356	32.445326529756514	5	dELS	True
chr10:7474553:C:A	LINC02642	0.9999976	0.6525612472160356	32.38309180681598	3	none	True
chr16:85002791:C:G	ZDHHC7	1.0	0.6522727272727272	38.66611741785688	5	dELS	True
chr20:4248088:C:T	ADRA1D	0.9390486	0.6521739130434783	26.696492026527626	3	none	True
chr19:52997951:G:A	ARPC1AP2	0.9999969	0.652073732718894	34.219075863211955	5	dELS	True
chr2:89562458:G:C	ENSG00000275490	0.9746296	0.6518847006651884	31.488174300774148	2	none	False
chr19:1999683:A:G	ENSG00000279653	1.0	0.651685393258427	28.250676515872595	2	none	False
chr15:90884382:G:A	FES	0.9595212	0.651685393258427	29.704193741380237	2	none	False
chr2:113625421:G:A	RPL23AP7	0.99999386	0.6515837104072398	39.444077781237546	5	pELS	True
chr16:2953946:G:A	ENSG00000262482	1.0	0.6515837104072398	36.68785545309595	5	dELS	True
chr2:25482559:T:C	DTNB-AS1	0.94373775	0.6514806378132119	33.0439888678723	3	dELS	False
chr1:17452438:T:G	RCC2	0.9985811	0.651270207852194	35.109929824168	4	dELS	True
chr21:10015516:G:A	ENSG00000280372	0.9984192	0.6511111111111111	34.11160659807335	4	CA-CTCF	True
chr9:133539602:A:G	ADAMTSL2	0.9892302	0.6510067114093959	29.257997065372127	3	none	True
chr15:70072013:G:A	MIR629	1.0	0.6510067114093959	33.11806321720388	3	none	False
chr17:47778590:T:C	OSBPL7	0.9768995	0.6509009009009009	33.70567400104289	4	CA-H3K4me3	False
chr16:85238638:G:A	ENSG00000287787	0.9266465	0.6509009009009009	31.579523579560185	3	dELS	False
chr15:89414922:T:G	ENSG00000289128	0.9999871	0.6509009009009009	28.964598835515527	3	none	True
chr5:16741117:G:C	RNA5SP179	1.0	0.6507936507936508	36.929770608684194	4	pELS	False
chr17:21686510:G:T	MAP2K3	0.9598604	0.6504424778761062	28.65426128447366	4	dELS	True
chr14:106324083:G:C	IGHV4-31	0.90210086	0.6504065040650406	32.0878178520402	3	none	True
chr12:52250628:A:G	KRT86	1.0	0.6503340757238307	33.50973492398483	4	dELS	True
chr8:631089:C:T	TDRP	0.99279505	0.6502242152466368	25.6536424035928	2	none	False
chr2:230876593:C:T	GCSIR	0.9277252	0.6498855835240275	26.610346747187087	2	none	False
chr17:14295065:T:C	ENSG00000262786	0.9329707	0.6496674057649667	34.88744068351806	5	CA-H3K4me3	True
chr9:95517977:G:T	PTCH1	0.994291	0.6494117647058824	30.277552181683944	4	pELS	True
chr2:240566706:T:C	DUSP28	0.9998724	0.6488888888888888	29.47507937737574	4	pELS	True
chr7:1828403:A:G	ENSG00000176349	0.9934479	0.6487695749440716	30.17658096907181	3	none	True
chr7:156601038:G:A	ENSG00000234450	0.9997403	0.6487695749440716	28.786965481536544	4	none	True
chr1:62195551:G:C	L1TD1	0.9897929	0.6487695749440716	29.52163442163449	3	PLS	False
chr17:80911890:A:G	ENSG00000262313	0.9540113	0.6487695749440716	30.150725737897464	3	dELS	False
chr5:143094794:A:G	ARHGAP26-IT1	0.9999957	0.6482758620689655	33.97285126995377	3	dELS	False
chr7:102573033:A:G	UPK3BL1	0.96528184	0.6482300884955752	25.90907410275914	2	none	False
chr3:195086650:A:G	MUC4	0.99206185	0.6481069042316259	26.859778351038475	2	none	False
chr21:43362754:C:A	LINC01679	0.9718253	0.6481069042316259	27.65316692792305	3	none	False
chr14:35370030:G:C	ENSG00000258860	1.0	0.6481069042316259	39.72220511022636	5	dELS	True
chr10:367192:C:T	RN7SL754P	0.99350893	0.6481069042316259	32.25839258202706	5	dELS	True
chr16:87829766:C:G	ZFPM1	0.9994272	0.647982062780269	28.409130680449927	3	dELS	False
chr12:132327266:T:C	ENSG00000279113	0.99997944	0.647982062780269	30.51159666053008	3	none	True
chr12:114444150:T:C	ENSG00000289101	0.98927534	0.647982062780269	26.15243457102641	2	none	False
chr11:67731950:T:G	OR7E145P	0.91565806	0.6474654377880185	26.636030837075143	3	dELS	False
chr5:3102219:A:G	LINC01377	1.0	0.6473214285714286	29.42109913384358	3	none	False
chr14:103220420:A:C	ENSG00000278071	0.9504395	0.647191011235955	25.17256956347728	2	none	False
chr6:36681624:G:T	DINOL	0.9893538	0.6470588235294118	34.02826917544331	5	dELS	True
chr14:102761515:T:G	ENSG00000259508	0.95349103	0.6470588235294118	29.729561708394016	4	dELS	True
chr7:149621284:C:T	ZNF767P	0.999173	0.6467889908256881	33.57290209867606	3	dELS	False
chr15:20467110:G:A	HERC2P3	0.99170285	0.6467780429594272	31.688249059309044	3	none	False
chr9:41759138:G:T	ENSG00000278077	0.9544857	0.6466666666666666	29.005372831490472	3	TF	False
chr5:1295234:A:G	TERT	0.9741466	0.6466666666666666	27.74654791305137	3	dELS	False
chr22:27782960:G:A	MN1	0.9999222	0.6466666666666666	27.71038402834496	3	none	False
chr19:44735929:A:G	ENSG00000288773	0.95695746	0.6466666666666666	30.28005040282892	2	none	False
chr7:105580536:G:T	YBX1P2	0.98356193	0.6465324384787472	30.618469356719725	3	pELS	False
chr3:190964587:A:C	GMNC	0.9999999	0.6465324384787472	31.63418515269975	4	dELS	True
chr22:49704685:C:T	ENSG00000226954	1.0	0.6465324384787472	37.28166111590768	5	dELS	True
chr20:64057524:C:G	ENSG00000237371	0.99999547	0.6465324384787472	29.381782051547507	3	none	True
chr16:14895215:C:T	ENSG00000257264	0.99494326	0.6463963963963963	29.16826723230961	3	none	True
chr16:87489233:A:T	ZCCHC14-DT	0.9999997	0.6462585034013606	33.41408061866051	4	dELS	False
chr16:55761136:T:C	CES1P1	1.0	0.6462585034013606	34.85020550431351	4	pELS	True
chr14:100603564:G:T	ENSG00000258576	0.9999473	0.6461187214611872	42.84235656514595	4	CA	False
chr18:906270:G:C	ENSG00000265179	0.99999094	0.6458797327394209	27.351357352725667	3	pELS	False
chr10:50024599:G:A	MAPK6P6	0.9604842	0.6458797327394209	29.391681077173207	3	none	True
chr12:11855930:G:A	BCL2L14	0.9629977	0.6457399103139013	36.17976704711324	5	dELS	True
chr9:41247434:A:G	ENSG00000291075	0.9984813	0.6456876456876457	31.017296189914774	2	none	False
chr6:87484302:T:C	RNU6-444P	0.9999985	0.6456876456876457	39.22340161527716	5	dELS	True
chr9:96026479:G:T	LINC00092	0.99906915	0.6455981941309256	30.16848820054949	3	none	True
chr22:49923539:C:T	ALG12	0.9760134	0.6455981941309256	32.62990496194893	4	none	True
chr17:78802280:C:T	CYTH1	0.9269832	0.6454545454545455	31.076251943904328	4	TF	False
chr6:26319360:G:T	H3C9P	0.9997723	0.6451612903225806	36.95013336291648	5	dELS	True
chr9:135085389:C:T	OLFM1	0.9974334	0.6450892857142857	25.27371085115065	2	none	False
chr4:182805947:G:T	ENSG00000286119	0.9791037	0.6450892857142857	29.448426411672315	3	dELS	False
chr22:49668192:A:G	ENSG00000286393	0.9999995	0.6450892857142857	30.61987327555904	4	dELS	False
chr21:41862200:C:A	ENSG00000236545	0.9999993	0.6450892857142857	32.316217099344904	4	dELS	False
chr18:12226729:C:T	ENSG00000267247	0.9999991	0.6450892857142857	32.493247535684766	4	none	True
chr15:97875723:A:C	ENSG00000287321	1.0	0.6450892857142857	30.640535862620904	4	pELS	True
chr12:1908994:C:T	ENSG00000256706	1.0	0.6450892857142857	31.14114225463816	4	CA-H3K4me3	False
chr11:1337377:C:G	ENSG00000287935	0.998445	0.6450892857142857	27.458113973742837	3	CA-H3K4me3	False
chr10:3106406:A:G	ENSG00000278419	0.9991777	0.6450892857142857	29.7184800551585	3	none	False
chr9:39616073:T:C	FKBP4P2	0.9996699	0.6449438202247191	31.50064270541264	2	none	False
chr8:635267:G:A	TDRP	0.9732258	0.6449438202247191	33.77535633583533	5	dELS	True
chr1:234474793:C:G	TARBP1	0.9997551	0.6449438202247191	31.946225076967217	2	none	False
chr8:70032945:G:A	PRDM14	0.9863929	0.6447963800904978	26.904305604631315	2	none	False
chr7:149787710:C:T	SSPOP	1.0	0.6447963800904978	33.94656811348331	5	CA-H3K4me3	True
chr6:6003752:C:T	NRN1	0.9879495	0.6447963800904978	25.31969939707984	2	none	False
chr20:64003377:G:C	PRPF6	1.0	0.6447963800904978	32.636694883279205	4	none	True
chr17:82065147:C:T	RAC3	0.9175194	0.6447963800904978	24.670313062387184	2	none	False
chr10:26946410:G:A	YME1L1	0.98684144	0.6447963800904978	29.07227949918433	3	pELS	False
chr5:46641675:C:T	ENSG00000250122	0.9984421	0.6443298969072165	31.202759015835305	2	none	False
chr7:1099004:A:G	GPER1	1.0	0.6442953020134228	35.36965095266914	5	dELS	True
chr21:42778450:T:C	LINC01668	0.9806658	0.6442953020134228	28.47808537489632	4	pELS	True
chr10:44865146:G:C	TMEM72	1.0	0.6441441441441441	31.803447228436436	4	dELS	True
chr10:130129242:C:T	PPIAP32	0.9999144	0.6441441441441441	33.06922808697538	5	CA-H3K4me3	True
chr14:77557176:C:G	RN7SL587P	1.0	0.6439909297052154	40.654558675283766	5	dELS	True
chr13:114295582:G:A	CLCP2	0.9905351	0.6438356164383562	25.60751328342833	2	none	False
chr9:41539994:A:G	ENSG00000277340	0.999952	0.6438053097345132	34.768751435661	3	none	True
chr12:129089807:A:T	TMEM132D-AS1	0.9999979	0.6438053097345132	29.865818085450435	3	none	False
chr8:2813208:A:G	ENSG00000287740	0.99999964	0.643652561247216	30.09854824229217	3	CA-CTCF	False
chr8:11416972:G:C	RNU6-1084P	0.99937785	0.643652561247216	36.51984764146606	5	dELS	True
chr7:259915:A:G	ENSG00000249852	0.9163815	0.643652561247216	26.417132780552404	2	none	False
chr22:49490948:C:A	MIR4535	0.9932462	0.643652561247216	29.07043822610021	2	none	False
chr17:80940951:G:A	ENSG00000262313	1.0	0.643652561247216	33.51958848672949	4	pELS	False
chr17:38884333:C:T	LASP1	1.0	0.643652561247216	32.366498356310494	4	none	True
chr5:134553551:C:A	JADE2	1.0	0.6434977578475336	40.04821528353441	3	none	False
chr2:239192672:C:T	ENSG00000287405	1.0	0.6434977578475336	37.34559017992907	5	pELS	True
chr22:47149336:A:G	ENSG00000278881	0.99999183	0.6434977578475336	33.789555566466056	3	none	False
chr16:3102232:C:T	ZSCAN10	1.0	0.6434977578475336	44.96827045761293	5	dELS	True
chr12:124795961:T:C	ENSG00000287242	0.9911516	0.6434977578475336	40.25652365715554	5	dELS	True
chr9:97575029:G:A	TSTD2	0.98560005	0.6433408577878104	27.48859602318248	2	none	False
chr17:18120583:G:A	ENSG00000279428	0.9289617	0.6433408577878104	28.7067957885006	3	CA-H3K4me3	False
chr14:103695347:A:G	KLC1-AS1	0.98113054	0.6431818181818182	30.84994609590198	4	pELS	True
chr3:128675467:T:G	Metazoa_SRP	0.9998821	0.6430205949656751	36.121138201493686	5	pELS	True
chr7:16586531:G:C	ENSG00000224280	0.9646814	0.6428571428571429	29.13542906340754	3	PLS	False
chr17:80761402:A:G	ENSG00000262833	0.9706347	0.6428571428571429	31.91113598796044	4	dELS	True
chr16:28613842:A:C	ENSG00000291188	0.96674776	0.6428571428571429	28.32912607906211	3	dELS	False
chr7:1230272:A:G	UNCX	0.9960224	0.6426966292134831	29.92877830063641	3	none	True
chr6:14085078:G:A	CD83	0.99999946	0.6426966292134831	29.026094844375788	3	dELS	False
chr19:41551536:T:C	ENSG00000280014	0.95518905	0.642691415313225	34.126762780332065	5	pELS	True
chr9:111987040:C:T	RNU6-710P	0.99978805	0.6425339366515838	32.17845606558194	3	dELS	False
chr2:131682500:G:C	NBEAP2	1.0	0.6425339366515838	39.79776319244066	5	CA	True
chr11:17400313:A:G	KCNJ11	1.0	0.6425339366515838	36.210180462482285	5	dELS	True
chr2:241799942:A:G	ENSG00000215023	0.99173826	0.6422222222222222	27.00652676787231	3	pELS	False
chr10:45250535:C:T	CUBNP2	0.9649654	0.6422018348623854	31.78581540582157	3	none	True
chr19:54420809:C:G	TTYH1	0.99249953	0.6420581655480985	26.951751955363044	4	none	True
chr17:81454228:G:T	MIR3186	1.0	0.6420581655480985	29.686134508439316	2	none	False
chr17:79610624:C:T	RBFOX3	0.9999999	0.6420581655480985	26.949743352321995	3	none	False
chr6:5279170:A:G	ENSG00000220446	0.99840117	0.6420323325635104	30.814739521730782	2	none	False
chr4:6638976:C:A	MRFAP1	0.99733347	0.6418918918918919	32.771101338563625	4	none	True
chr15:38558129:T:C	RASGRP1	0.9985828	0.6417233560090703	42.45011750237562	4	dELS	False
chr9:133820329:C:T	SARDH	0.90315616	0.6414253897550112	30.125766621542898	4	dELS	True
chr17:80877152:G:A	ENSG00000287403	0.91259134	0.6414253897550112	31.240789023142906	4	dELS	True
chr15:52223326:G:A	GNB5	1.0	0.6413793103448275	31.650042122677696	3	dELS	False
chr7:102279207:G:A	SH2B2	1.0	0.6412556053811659	43.266095094985786	3	none	False
chr7:8442016:G:A	NXPH1	0.9807392	0.6410835214446953	26.282020743181096	3	none	True
chr3:69353634:T:C	RBM43P1	0.93810475	0.6410835214446953	34.975876209950776	4	dELS	False
chr12:94173490:C:A	ENSG00000258035	0.99999946	0.6409090909090909	34.37669488263926	4	dELS	False
chr5:154691175:T:C	MIR1303	0.92145896	0.6405529953917051	25.76025163157305	2	none	False
chr5:179121135:C:T	ENSG00000253144	0.99994946	0.6404494382022472	28.41208964806085	3	CA-H3K4me3	False
chr22:17159155:G:A	HDHD5-AS1	0.9212505	0.6404494382022472	27.131411391274597	3	pELS	False
chr1:226350167:C:T	ENSG00000289348	0.98253214	0.6404494382022472	30.33359982814981	3	none	True
chr9:87944798:T:C	ENSG00000238110	0.9475785	0.6402714932126696	33.16146007516206	4	PLS	False
chr16:34153887:A:C	BCLAF1P2	0.9969523	0.64	26.77827674208531	2	none	False
chr15:20438674:C:T	HERC2P3	0.995218	0.64	29.04870201519672	3	CA	False
chr6:99822723:G:A	MCHR2-AS1	0.9961034	0.639821029082774	30.73121537559534	3	none	True
chr6:106509631:C:T	ENSG00000282408	0.9999998	0.639821029082774	31.258275835257955	4	dELS	True
chr5:181167978:A:C	OR2V2	1.0	0.639821029082774	33.1484155965847	5	dELS	True
chr4:6222676:A:C	JAKMIP1-DT	0.99998975	0.639821029082774	27.03353867237279	2	none	False
chr22:49462025:A:G	ENSG00000280224	0.99999386	0.639821029082774	29.29486106496754	4	dELS	True
chr16:3011867:G:C	CLDN9	1.0	0.6396396396396397	30.82175772806177	4	pELS	True
chr15:28918928:T:C	ENSG00000287894	0.98870474	0.6395348837209303	28.73572888964104	3	pELS	False
chr20:63361854:C:T	ENSG00000203900	0.9994368	0.6393805309734514	29.254159718026937	4	PLS	True
chr1:16546038:C:T	ENSG00000286898	0.97576183	0.6393805309734514	26.009753578269628	2	none	False
chr19:401213:G:A	C2CD4C	0.9999996	0.6393805309734514	27.159502213964394	3	none	True
chr3:197000367:C:A	MELTF-AS1	0.9904403	0.6391982182628062	27.820809189859222	3	dELS	False
chr20:29309464:T:G	DUX4L37	0.98307467	0.6391982182628062	34.553531839243135	4	none	True
chr9:6631099:A:G	RPL23AP57	1.0	0.6390134529147982	37.961708831334384	4	dELS	False
chr22:42537365:G:A	SERHL2	0.99999905	0.6390134529147982	34.02468648070758	4	none	True
chr12:132394293:A:G	ENSG00000274373	0.99748665	0.6390134529147982	30.40970623681062	3	dELS	False
chr4:1310489:G:A	NKX1-1	0.92985845	0.6388261851015802	25.482423859061303	2	none	False
chr16:3254654:T:C	MEFV	0.9926181	0.6388261851015802	33.818067607525784	5	dELS	True
chr22:38761379:G:A	ENSG00000273076	0.9772812	0.6386363636363637	34.11655944206449	4	dELS	True
chr17:22143684:T:C	UBBP4	1.0	0.6386363636363637	30.4250864019657	2	none	False
chr17:18490142:C:T	ENSG00000290658	0.99328035	0.6384180790960452	31.71458368866781	3	none	True
chr22:49522283:G:A	ENSG00000279597	0.9266912	0.6383928571428571	30.62398502231892	2	none	False
chr21:46182335:C:T	SPATC1L	1.0	0.6383928571428571	35.822620926487666	5	dELS	True
chr18:79792696:A:G	ENSG00000267780	0.9999976	0.6383928571428571	35.056748649047	4	none	True
chr16:55831488:A:G	CES1	0.99934345	0.6383928571428571	27.84238606381064	3	none	True
chr3:179265747:C:T	KCNMB3	0.9909672	0.6382022471910113	27.759537049140693	2	none	False
chr3:14453947:G:A	SLC6A6	0.9991642	0.6380090497737556	42.22819138438121	4	dELS	False
chr19:23071414:C:G	ENSG00000269543	0.9502371	0.6379310344827587	29.387999556775963	4	PLS	False
chr17:34424701:C:G	ENSG00000225582	0.99145854	0.6378132118451025	29.58521459910984	3	dELS	False
chr15:101388711:G:A	PCSK6-AS1	0.9981162	0.6377777777777778	26.115344899554845	2	none	False
chr12:131092254:G:A	LINC01257	0.99433064	0.6376146788990825	29.36562825834741	3	none	True
chr11:65793997:C:T	ENSG00000255404	0.97250295	0.6376146788990825	29.777948214966194	3	none	False
chr17:1202885:A:G	ABR-AS1	1.0	0.6375838926174496	27.33289411520921	3	none	True
chr8:144413722:T:C	SLC39A4	0.9690042	0.6373873873873874	29.94988699868734	4	dELS	True
chr17:5231988:G:A	SCIMP	0.9954423	0.6373873873873874	29.988832682915675	3	none	True
chr13:111321006:A:G	TEX29	0.9961266	0.6373873873873874	26.666186060902472	2	none	False
chr9:39865917:T:C	ENSG00000283886	0.9996634	0.6371951219512195	34.27549005267267	3	none	True
chr10:132187893:C:G	JAKMIP3-AS1	0.93876785	0.63718820861678	29.61453712249332	4	dELS	False
chr9:41093296:G:T	ENSG00000289843	0.98209804	0.6371681415929203	30.819499718961847	4	dELS	True
chr15:79904318:A:G	ENSG00000288592	0.999898	0.636986301369863	35.41536232917019	4	none	True
chr3:195648627:G:A	ENSG00000289929	0.9764236	0.6369710467706013	29.936642267704084	3	none	False
chr2:238139191:G:A	KLHL30	0.9999992	0.6367713004484304	35.83405222543929	4	pELS	False
chr1:3184789:T:C	ENSG00000279839	0.99627644	0.6367713004484304	26.513509111733008	3	none	True
chr13:26742225:C:G	GPR12	1.0	0.6367713004484304	35.62075981891195	3	none	False
chr6:168346715:T:C	ENSG00000260771	0.9951156	0.636568848758465	30.671833069941687	3	CA	False
chr22:45928593:C:A	ENSG00000235091	0.969091	0.6363636363636364	27.14673179480158	3	dELS	False
chr14:96588897:T:C	ENSG00000258702	0.999972	0.6363636363636364	38.0555048693917	4	dELS	False
chr10:46579044:G:C	SYT15-AS1	0.9999877	0.6363636363636364	27.703091731944717	3	none	True
chr8:1811280:C:T	ENSG00000287464	0.99734646	0.6361607142857143	27.717196622972438	3	dELS	False
chr11:89863532:C:A	ANKRD33BP8	0.9998468	0.6361607142857143	27.90402551067188	2	none	False
chr10:133466248:C:T	NKX6-2	0.9627538	0.6361607142857143	28.09764237195093	3	dELS	False
chr3:14214619:A:G	LSM3	0.99144125	0.6361556064073226	27.305435622572883	2	none	False
chr2:86789911:C:G	RNF103	0.9943752	0.6361556064073226	23.806846022778466	2	none	False
chr8:1482788:C:G	ENSG00000281961	0.92947435	0.6359550561797753	32.25128173424019	4	dELS	False
chr12:1647476:C:A	MIR3649	1.0	0.6359550561797753	41.4598437833732	4	dELS	False
chr8:1841033:G:C	ARHGEF10	0.9771783	0.6355555555555555	29.94416222938571	4	dELS	True
chr20:62522939:C:G	ENSG00000260542	0.9978586	0.6355555555555555	30.35750687370088	4	dELS	True
chr19:46616653:T:G	ENSG00000269292	1.0	0.6355555555555555	39.92321015399009	4	none	True
chr4:6657819:A:G	ENSG00000284847	0.99744725	0.6353467561521253	28.12124661849098	4	pELS	True
chr4:40190429:G:A	RHOH	0.9996569	0.6353467561521253	28.53184888047533	3	none	True
chr18:79506527:G:A	ENSG00000279397	0.98956764	0.6353467561521253	35.03379930810657	5	dELS	True
chr6:158208189:T:A	TULP4	0.98436004	0.6351351351351351	33.11519591728258	5	dELS	True
chr19:2054567:C:T	MKNK2	0.9998474	0.6351351351351351	28.700044908088344	3	none	True
chr17:8247086:G:C	PFAS	0.9909134	0.6351039260969977	33.6051915319712	5	pELS	True
chr8:143434521:T:G	MAFA	1.0	0.6347438752783965	29.42163360093434	4	dELS	True
chr20:63567773:C:G	HELZ2	0.9986334	0.6347438752783965	29.123756783810588	4	pELS	True
chr3:184017498:C:G	ABCC5	0.9999983	0.634703196347032	34.663690388303664	5	pELS	True
chr7:138147202:A:G	ENSG00000225559	0.9997421	0.6345291479820628	39.53878065925439	5	dELS	True
chr4:1604073:C:T	ENSG00000244459	1.0	0.6345291479820628	36.5307948491273	5	dELS	True
chr1:2414660:C:G	PEX10	0.9999921	0.6345291479820628	25.480217063710988	2	none	False
chr13:99434374:T:C	ENSG00000285448	0.9883741	0.6345291479820628	29.361037142608964	3	pELS	False
chr13:113841146:G:A	GAS6	0.93827266	0.6345291479820628	29.12078056874332	3	dELS	False
chr11:78140560:G:T	KCTD21-AS1	0.9100958	0.6343115124153499	29.009955042349063	2	none	False
chr2:3605689:C:T	ENSG00000237370	1.0	0.6341463414634146	37.08650036243238	5	pELS	True
chr2:309097:A:C	ENSG00000277997	0.9894291	0.6341463414634146	26.31134833096317	2	none	False
chr17:3870661:G:A	NCBP3	0.9937286	0.6341463414634146	30.815935582733136	4	TF	True
chr10:110273200:A:G	ENSG00000214067	1.0	0.6338672768878718	35.86799972803093	4	dELS	False
chr17:50508193:T:C	ENSG00000249451	0.999925	0.6337078651685393	35.35509938164537	4	pELS	False
chr9:39862653:C:G	FGF7P3	0.99568796	0.6336633663366337	29.66228449624511	3	CA	False
chr9:39869494:A:T	ENSG00000283886	0.9660729	0.6336088154269972	29.180600957155555	3	none	True
chr15:28412953:T:C	ENSG00000274814	0.9850538	0.6333333333333333	27.92622490808897	2	none	False
chr10:100944288:G:A	ENSG00000273476	1.0	0.6332574031890661	34.05215525750923	5	dELS	True
chr7:1548051:A:G	TMEM184A	0.9997612	0.6331096196868009	35.02001224002394	5	dELS	True
chr5:177985576:G:T	PROP1	0.9607126	0.6331096196868009	27.951610126172767	3	CA-H3K4me3	False
chr5:177948429:G:A	ENSG00000249684	0.99980754	0.6331096196868009	31.868237925825213	4	none	True
chr5:1502338:A:T	MIR6075	0.99731463	0.6331096196868009	28.667543925344575	3	dELS	False
chr2:218034167:G:A	TNS1	0.9970266	0.6331096196868009	32.48858841420083	4	dELS	True
chr21:42661089:T:A	PDE9A	1.0	0.6331096196868009	28.320778343525333	2	none	False
chr1:712018:T:C	RNU6-1199P	0.98917174	0.6331096196868009	26.75274954569089	2	none	False
chr1:16939622:G:T	NBPF1	0.90212953	0.6331096196868009	26.0502460017667	2	none	False
chr12:53999986:A:G	HOXC-AS2	0.99988633	0.6331096196868009	27.710060606794144	3	PLS	False
chr10:49185443:T:A	TMEM273	0.9916119	0.6331096196868009	28.37302403533316	2	none	False
chr3:33055953:C:T	SUMO2P10	0.9997838	0.6330275229357798	30.543703585359083	3	dELS	False
chr1:7884840:A:C	UTS2	0.94492567	0.6328828828828829	26.31117758614803	2	none	False
chr19:22518659:G:C	ENSG00000286157	0.99848884	0.6328828828828829	27.585174020228944	3	none	True
chr1:3577515:A:G	MIR551A	1.0	0.6327433628318584	28.622413133215872	4	dELS	False
chr4:3474778:C:T	DOK7	0.9923042	0.6325167037861915	32.07724255246801	3	none	False
chr20:53918748:T:C	ENSG00000236352	0.99381447	0.6325167037861915	35.41722379988363	4	none	True
chr16:8866630:G:C	CARHSP1	0.99128914	0.6325167037861915	30.313900640618037	4	pELS	True
chr7:1023824:G:T	MIR339	0.98872256	0.6322869955156951	29.67824855129847	5	pELS	True
chr4:37243841:C:T	NWD2	0.9972915	0.6322869955156951	29.37157938659157	3	pELS	False
chr4:1681439:G:A	Y_RNA	0.9998684	0.6322869955156951	27.405695289912	4	none	True
chr2:208112231:A:C	CRYGEP	0.99931353	0.6322869955156951	36.98767766943909	4	PLS	False
chr16:89193264:C:T	SLC22A31	0.9999947	0.6322869955156951	28.876046182522927	4	dELS	True
chr2:149320836:G:A	FAM8A3P	0.99995035	0.6320541760722348	26.98829953582587	2	none	False
chr8:143037076:T:C	LINC02904	0.94131964	0.6319290465631929	26.94337999341593	2	none	False
chr17:16980420:T:C	ENSG00000230709	0.90491885	0.6319290465631929	27.664494429044915	3	pELS	False
chr8:206284:C:A	ENSG00000253166	0.9341026	0.6316964285714286	32.98613733012521	5	CA-H3K4me3	True
chr6:12292539:G:T	EDN1	0.96855277	0.6316964285714286	33.703287429764764	4	dELS	True
chr22:46773373:C:T	TBC1D22A	0.9999973	0.6316964285714286	45.64315375029759	4	pELS	False
chr7:2103530:T:G	MAD1L1	0.9656427	0.6314606741573033	25.781441660974515	2	none	False
chr16:90171719:G:A	ENSG00000261172	0.9191991	0.6314606741573033	25.925487346407497	2	none	False
chr5:112929020:A:G	REEP5	0.9857329	0.631336405529954	30.052822992257425	3	none	True
chr10:133432936:A:G	INPP5A	0.95808357	0.6312217194570136	26.97750141369714	3	dELS	False
chr2:237887898:A:G	SNORD39	0.93609154	0.6311111111111111	27.058764771961297	3	none	True
chr19:55489125:C:T	SSC5D	0.9999834	0.6311111111111111	29.00619184617322	4	pELS	False
chr12:558444:C:T	ENSG00000256020	0.9999206	0.6311111111111111	27.383861551847342	3	none	True
chr18:73428:C:G	THOC1	0.926264	0.6310679611650486	26.416082503146185	2	none	False
chr1:182608676:C:G	RGS16	1.0	0.6309794988610479	47.25844135005914	5	dELS	True
chr21:14273739:A:G	ABCC13	1.0	0.6308724832214765	33.509255140775494	3	none	False
chr13:60275412:C:T	TARDBPP2	0.9728368	0.6306306306306306	28.943115781855717	3	pELS	False
chr9:63811851:T:C	MIR4477B	0.96660966	0.6305309734513275	29.45726554548421	3	CA-CTCF	False
chr3:194984681:G:A	XXYLT1-AS1	0.9955988	0.6305309734513275	27.77148287935646	3	dELS	False
chr8:650729:A:G	ENSG00000254207	1.0	0.6302895322939867	38.7665378176084	5	dELS	True
chr20:46200195:T:C	ENSG00000229957	0.9440615	0.6302895322939867	26.21769387083348	2	none	False
chr17:78242856:A:G	ENSG00000283914	0.9999541	0.6302895322939867	29.656752733572183	4	dELS	True
chr9:128921167:C:A	PHYHD1	0.9999999	0.6301369863013698	28.55269699256971	3	none	True
chr1:42146337:C:T	ENSG00000228776	0.9746823	0.6301369863013698	28.412501395465885	3	dELS	False
chr19:35315588:C:T	ENSG00000289845	0.9395383	0.6300448430493274	28.010432700345262	3	dELS	False
chr17:80605413:C:T	RPL31P7	0.99950385	0.6300448430493274	28.04878537494008	2	none	False
chr7:4265095:A:G	ENSG00000283991	0.9999983	0.6297117516629712	29.406981290559337	3	none	True
chr4:112273519:G:A	ALPK1	0.9518922	0.6291079812206573	35.684825391267964	3	none	False
chr7:63789669:G:A	MIR4283-2	0.9788157	0.6290322580645161	26.43186402424855	2	none	False
chr4:1112987:C:G	RNF212	0.9996262	0.6289592760180995	27.233416431210305	3	pELS	False
chr1:39509508:T:C	EIF1P2	0.9300754	0.6289592760180995	28.52863645184105	3	CA	False
chr1:244663326:G:A	DESI2	0.99287015	0.6289592760180995	34.27324493865243	3	none	False
chr8:1830565:G:T	ARHGEF10	0.9682318	0.6288888888888889	27.17451717009769	2	none	False
chr3:197028882:G:T	MELTF	0.9999765	0.6288888888888889	29.15735500010484	5	pELS	True
chr5:414407:C:T	ENSG00000250645	0.9975094	0.6286353467561522	31.13011845402721	4	dELS	False
chr12:92398956:G:T	CLLU1	0.995945	0.6286353467561522	40.33720054304082	4	dELS	False
chr4:1549467:T:C	ENSG00000272783	0.910132	0.6283185840707964	25.27936828920865	3	TF	False
chr2:234885108:C:T	ENSG00000235726	0.9989916	0.6283185840707964	29.078980832312467	4	none	True
chr20:63024942:A:G	LINC00029	0.971631	0.6283185840707964	29.873048753570465	4	dELS	True
chr7:54546690:G:C	VSTM2A	0.97725415	0.628175519630485	26.03476964537069	2	none	False
chr6:21664498:G:T	CASC15	0.9995181	0.6281179138321995	29.190430889549656	3	PLS	False
chr7:65807057:G:A	RNU6-912P	0.9682065	0.6278026905829597	35.98717044350399	5	dELS	True
chr22:47164534:C:G	ENSG00000278881	0.90476966	0.6278026905829597	31.089555732918623	4	dELS	False
chr4:8865167:C:T	ENSG00000258507	0.9999999	0.6275395033860045	28.98031037876536	3	CA-H3K4me3	False
chr16:4747108:G:A	ENSG00000266994	0.9953294	0.6275395033860045	33.72105223229747	5	dELS	True
chr10:13118103:A:T	SNRPGP5	0.99996674	0.6275395033860045	39.26572956974308	4	dELS	False
chr18:79401671:C:G	NFATC1	0.9986445	0.6274944567627494	29.27858948191027	4	pELS	True
chr10:1463279:C:T	ADARB2-AS1	1.0	0.6274944567627494	28.248567503132698	3	dELS	False
chr3:131361178:T:C	NUDT16L2P	0.98242617	0.6273148148148148	33.26454521520335	5	pELS	True
chr1:16519105:G:A	LINC01783	0.97652906	0.6272965879265092	29.896351194999227	3	PLS	False
chr11:124876748:A:C	ENSG00000254568	0.9876168	0.6272727272727273	26.877826958029885	3	pELS	False
chr3:195651837:C:T	ENSG00000289929	0.9942867	0.6272321428571429	29.434001456211668	4	none	True
chr3:195094486:C:T	XXYLT1-AS1	0.99823165	0.6272321428571429	27.51205583368896	3	none	True
chr1:21780382:A:G	ENSG00000231978	0.96879774	0.6270022883295194	30.70597698154276	3	none	True
chr7:6664475:T:C	ENSG00000228010	0.98532945	0.6269662921348315	28.45736750560809	3	PLS	False
chr5:1708754:G:T	MIR4277	0.9388089	0.6269662921348315	29.317044111256266	4	none	True
chr17:80111798:A:G	GAA	0.95537806	0.6269662921348315	28.609806852014465	3	none	True
chr10:12635305:C:T	MIR4481	1.0	0.6269662921348315	36.54217375400904	5	dELS	True
chr2:173899208:G:A	RPL5P7	1.0	0.6267281105990783	48.82602970931889	5	dELS	True
chr2:71064628:A:G	ENSG00000236469	0.9998737	0.6264236902050114	33.47187082973586	4	PLS	True
chr8:11449106:T:C	FAM167A	1.0	0.6263982102908278	39.33504479511284	4	none	True
chr3:195161531:C:T	XXYLT1-AS2	0.99955374	0.6263982102908278	27.60073661822801	3	dELS	False
chr2:233939179:A:C	ENSG00000237581	0.9845473	0.6263982102908278	29.713884999238545	3	dELS	False
chr5:151238984:A:T	CCDC69	0.91951776	0.6261261261261262	30.464158337191343	3	dELS	False
chr20:29264103:C:G	5_8S_rRNA	0.9434795	0.6261061946902655	28.528532345763395	2	none	False
chr17:268964:T:C	ENSG00000262920	0.99839914	0.6261061946902655	25.7054419246068	3	none	True
chr17:7437545:G:A	ENSG00000262624	0.9181407	0.6258503401360545	28.17259873962918	4	pELS	True
chr5:668727:C:T	ENSG00000271781	1.0	0.6258351893095768	29.86675113149423	5	dELS	True
chr22:47921291:C:T	ENSG00000279712	0.97178584	0.6258351893095768	32.13250099084422	4	dELS	False
chr16:86733312:G:A	ENSG00000280419	0.92667395	0.6258351893095768	27.143952246850372	3	none	True
chr21:38987341:C:G	LINC01700	0.97486943	0.625560538116592	27.357360842969737	3	dELS	False
chr19:2360013:C:T	TMPRSS9	0.9999167	0.625560538116592	29.543967007998614	3	none	True
chr17:1905425:T:C	ENSG00000108958	0.99679774	0.625560538116592	28.468024338449705	4	dELS	True
chr19:40754926:C:T	MIA-RAB4B	1.0	0.6252821670428894	29.465198410681047	3	dELS	False
chr10:1468356:T:C	ADARB2-AS1	0.9992638	0.6252771618625277	26.95992928642399	3	none	False
chr9:133709471:C:G	SARDH	1.0	0.625	39.33343241872814	4	dELS	False
chr19:2543424:C:T	ELOCP28	0.94108903	0.625	27.314780460343677	3	dELS	False
chr10:133122867:A:G	RPL5P28	0.9975333	0.625	28.518642231144465	4	CA-H3K4me3	True
chr5:1063169:G:A	MIR4635	0.99558246	0.6247191011235955	27.400056879709744	3	CA-CTCF	False
chr19:49924283:G:A	ATF5	0.99993306	0.6247191011235955	30.168681000097173	4	dELS	True
chr7:27146104:C:G	HOXA-AS2	0.9802459	0.6247139588100686	28.73618066055215	3	dELS	False
chr8:142670280:T:C	PSCA	1.0	0.6244343891402715	38.01713593269188	4	pELS	False
chr17:36939901:C:A	ENSG00000276707	0.9481613	0.6244343891402715	26.27931009315813	3	pELS	False
chr11:68009612:C:A	ALDH3B1	0.99839044	0.6244239631336406	31.97882782112757	4	pELS	True
chr9:112077047:A:G	LINC02977	0.9811058	0.6241610738255033	33.6440328457206	4	none	True
chr8:141401930:C:T	ENSG00000244998	0.9999907	0.6241457858769932	31.49339281852649	3	none	False
chr5:172178467:T:C	STK10	1.0	0.6241457858769932	39.244916741851895	5	dELS	True
chr21:9036878:C:T	ENSG00000280436	0.97120357	0.6238938053097345	28.0397828965618	4	CA	True
chr6:2901437:T:C	SERPINB9	0.92435277	0.6238738738738738	27.808167357951447	3	pELS	False
chr1:39776274:G:A	BMP8B-AS1	0.9980889	0.6238738738738738	35.21820731338057	3	none	False
chr17:38561046:T:C	ARHGAP23	0.9971291	0.6238532110091743	25.020912974336007	2	none	False
chr1:25565468:G:A	ENSG00000225643	0.9999715	0.623608017817372	31.34284519722069	3	none	False
chr19:48072191:T:C	PLA2G4C-AS1	0.99947816	0.623608017817372	31.592288756179094	4	none	True
chr20:17648517:G:A	RRBP1	0.99999315	0.6235827664399093	38.70031415664865	3	none	False
chr1:161038745:C:G	ENSG00000270149	0.9999995	0.6235827664399093	33.04197792425671	5	pELS	True
chr17:43362840:C:A	ENSG00000279602	0.9934969	0.6235827664399093	30.97972394713285	5	pELS	True
chr14:24331673:G:A	ADCY4	1.0	0.6235827664399093	34.99625880430084	4	dELS	False
chr8:11465803:G:C	FAM167A	0.9937318	0.6233183856502242	27.547919868609167	3	pELS	False
chr5:176532333:C:T	RNF44	0.9933203	0.6233183856502242	28.600982627836263	2	none	False
chr4:184330842:A:T	LINC02363	0.9976851	0.6233183856502242	32.30700765541023	4	dELS	False
chr17:32083429:T:C	COPRS	0.9811658	0.6233183856502242	26.46447660464647	3	PLS	False
chr12:131801091:C:A	RNA5SP378	0.9999987	0.6233183856502242	29.447728163393773	3	none	True
chr1:41424505:A:G	RNA5SP45	0.99928063	0.6230248306997742	29.43784020116357	3	dELS	False
chr16:1471744:G:A	ENSG00000261430	0.99957955	0.6230248306997742	25.108939873199784	2	none	False
chr12:120960072:A:G	HNF1A	0.9207821	0.6229885057471264	34.31914058484039	4	none	True
chr9:95771036:T:C	ENSG00000268926	0.9989046	0.6227678571428571	31.746688463867912	4	PLS	False
chr5:522485:C:T	ENSG00000250385	1.0	0.6227678571428571	25.022390759410605	2	none	False
chr22:19959946:C:T	MIR4761	0.9999997	0.6227678571428571	28.479700606103396	3	dELS	False
chr18:5197171:G:A	ENSG00000285575	0.99999994	0.6227678571428571	27.523971745145964	3	PLS	False
chr1:215082168:C:G	KCNK2	0.99882185	0.6227272727272727	25.02084961354602	3	none	True
chr19:39449351:A:G	SUPT5H	0.91024566	0.6227272727272727	29.23687600413203	2	none	False
chr19:2602210:G:A	RN7SL121P	0.9973135	0.6224719101123596	25.351755286133848	2	none	False
chr13:60272612:C:T	TARDBPP2	0.93296003	0.6224719101123596	30.462572594006573	2	none	False
chr12:9461319:C:T	ENSG00000256673	0.9582243	0.6224256292906178	28.59158775508703	3	none	False
chr3:14380195:T:C	RNA5SP124	1.0	0.6221719457013575	37.992078525199545	5	dELS	True
chr1:148265434:C:T	RNVU1-22	0.97191286	0.6221719457013575	27.828514797723948	2	none	False
chr19:1519596:C:G	ADAMTSL5	0.9460984	0.6219239373601789	24.32232739260997	2	none	False
chr12:4909703:T:C	ENSG00000287835	0.99694437	0.6219239373601789	24.305240159246253	3	none	True
chr21:36112905:C:T	ENSG00000233393	0.99999094	0.621867881548975	30.07408447236745	3	none	False
chr9:63802239:C:T	ENSG00000287168	0.9990327	0.6216814159292036	28.14064567647957	3	none	False
chr1:161453756:C:T	ENSG00000283317	0.95807403	0.6216814159292036	25.161483013785187	2	none	False
chr17:21290120:C:T	MAP2K3	0.98630095	0.6216814159292036	29.763579475289347	2	none	False
chr8:8892219:G:C	MFHAS1	0.99993765	0.6216216216216216	29.46033223852793	4	pELS	True
chr7:32319665:T:C	ENSG00000284839	0.9799125	0.6216216216216216	29.347412218946825	3	CA-H3K4me3	False
chr14:105707924:C:G	IGHA1	0.999719	0.6216216216216216	29.42672670270917	3	none	True
chr11:202253:G:A	ENSG00000254559	1.0	0.6216216216216216	32.18994219540425	4	pELS	False
chr8:2685102:A:C	ENSG00000253853	1.0	0.621380846325167	34.11914148318792	3	none	False
chr4:6917934:G:A	TBC1D14	0.9948598	0.621380846325167	32.22935993062613	3	dELS	False
chr22:19150929:T:C	GSC2	0.9999531	0.621380846325167	27.24946449100557	3	CA-H3K4me3	False
chr20:53905181:A:G	SUMO1P1	1.0	0.621380846325167	38.83131049207583	4	dELS	False
chr17:82959362:C:T	ENSG00000262339	0.99618846	0.621380846325167	27.30008921696613	4	dELS	True
chr19:10954733:A:C	SMARCA4	0.9920412	0.6213151927437641	35.49615942231304	4	none	True
chr8:143617254:G:C	ENSG00000254812	1.0	0.6210762331838565	35.63430021896899	5	PLS	True
chr2:106066249:A:G	ECRG4	1.0	0.6210762331838565	31.148982534128287	4	pELS	True
chr2:11482682:A:G	GREB1	0.9994345	0.6210045662100456	25.847413266770225	3	none	True
chr12:10395472:G:C	KLRC4	0.9618503	0.6210045662100456	36.95622779754415	4	none	True
chr22:37097138:G:A	TMPRSS6	0.9409621	0.6208425720620843	27.280236905329	3	none	True
chr8:141404226:T:C	ENSG00000244998	1.0	0.6207674943566591	32.21014400872547	3	none	False
chr1:109740350:G:T	GSTM3	0.9928968	0.6207674943566591	31.19784762338258	4	pELS	False
chr12:131434307:C:G	ENSG00000280319	0.99949306	0.6205357142857143	30.559117786183577	4	none	True
chr13:30740318:C:A	ALOX5AP	1.0	0.6204545454545455	37.001960104938846	5	dELS	True
chr2:120522545:C:T	ENSG00000237614	0.9090795	0.6203703703703703	30.84750630233744	3	dELS	False
chr7:102292255:G:C	MIR4285	0.9999943	0.6202247191011236	32.176032836091665	5	pELS	True
chr20:17616489:C:T	ENSG00000230495	0.99997854	0.6202247191011236	30.841266973406945	4	none	True
chr7:47053922:G:C	SRSF8CP	0.9658402	0.620137299771167	29.33372355772142	3	none	True
chr5:502471:G:A	ENSG00000250385	0.99998116	0.62	27.804511779080187	4	dELS	True
chr20:17901533:C:G	ENSG00000233625	0.95980257	0.6199095022624435	29.970023948613687	4	dELS	False
chr3:69068710:G:T	UBA3	1.0	0.619815668202765	40.1037370099818	3	none	False
chr22:49532322:C:T	ENSG00000279597	0.9999998	0.6196868008948546	31.560866585089563	3	pELS	False
chr15:100948100:T:C	ALDH1A3-AS1	0.99999523	0.6196868008948546	31.592421886418308	4	dELS	False
chr17:4784664:T:C	VMO1	0.97322625	0.6195899772209568	32.26537593767512	3	none	False
chr2:91594423:T:C	ENSG00000278131	0.9810673	0.6194690265486725	27.019427192506303	2	none	False
chr5:1931366:G:C	ENSG00000248994	0.97731143	0.6193693693693694	24.90959123606597	2	none	False
chr5:14745159:T:C	ENSG00000286970	0.997175	0.6193693693693694	37.3518025672369	5	dELS	True
chr19:17371010:C:T	PLVAP	0.9554353	0.6193693693693694	25.33056221265059	2	none	False
chr17:78773488:G:C	CYTH1	0.9982139	0.6192660550458715	32.62496223875769	4	TF	False
chr8:229474:T:C	ZNF596	0.9163466	0.6191536748329621	27.3638964376954	3	none	False
chr19:50564394:G:A	ENSG00000287001	0.9948238	0.6191536748329621	26.92526013999977	3	none	True
chr17:38101353:G:A	TBC1D3E	0.9976536	0.6190476190476191	32.30478901736922	3	none	True
chr6:6331640:T:C	F13A1	1.0	0.6188340807174888	36.43840715288223	3	none	False
chr3:192154781:T:C	ENSG00000287178	0.9315978	0.6188340807174888	27.51327459557104	2	none	False
chr1:146052593:C:T	LINC01719	0.99999994	0.6188340807174888	31.07945993107718	4	none	True
chr16:8569459:C:G	TMEM114	0.99978316	0.6188340807174888	28.44359177719104	3	dELS	False
chr15:98420261:C:T	LINC02351	1.0	0.6188340807174888	29.691081628323296	3	pELS	False
chr13:19218346:A:G	PSPC1P1	1.0	0.6187214611872146	27.14445172872053	3	none	True
chr8:141493392:G:A	MROH5	0.98191756	0.6186252771618626	31.54098180568012	4	none	True
chr19:385465:G:A	ENSG00000286667	0.997099	0.6186252771618626	24.66377890649954	2	none	False
chr9:137762062:T:C	ENSG00000255585	0.91444594	0.618510158013544	30.744569440168853	4	dELS	True
chr1:22593411:C:T	EPHA8	0.99997836	0.618510158013544	30.96257524216174	4	CA-H3K4me3	True
chr9:133946650:G:A	VAV2	0.9978078	0.6183035714285714	28.60833962215815	4	dELS	True
chr21:44918488:G:A	ITGB2-AS1	0.9871924	0.6183035714285714	26.023556901473537	2	none	False
chr16:84616568:G:C	COTL1	0.99250966	0.6183035714285714	25.09172256129849	2	none	False
chr4:1729926:C:T	TMEM129	0.9745221	0.6181818181818182	34.006683666792384	4	dELS	False
chr4:2401714:C:T	ZFYVE28	0.92433125	0.6179775280898876	26.94080896383417	4	dELS	True
chr19:48893242:C:T	TULP2	1.0	0.6179775280898876	27.317646799721643	3	none	False
chr14:100546276:A:G	ENSG00000259031	0.94947815	0.6179775280898876	29.65585205062179	4	dELS	True
chr5:178379634:G:C	RN7SL646P	0.92902946	0.6177777777777778	26.633120250249547	4	pELS	True
chr15:36880725:C:T	ENSG00000259280	0.96679187	0.6177777777777778	27.297726588502154	3	pELS	False
chr16:21833503:G:A	ENSG00000276721	0.99817985	0.6176470588235294	29.1146141095618	3	none	False
chr8:2669739:C:T	LINC03021	0.99957526	0.6174496644295302	30.85510574306689	3	none	False
chr5:1068232:C:T	NKD2	0.99979156	0.6174496644295302	26.14532818309107	3	none	True
chr17:78278050:A:G	LINC01993	1.0	0.6174496644295302	33.68893394583929	4	pELS	True
chr10:11246455:C:A	ENSG00000230322	0.9692233	0.6174496644295302	30.391519490864003	4	dELS	False
chr8:41723089:T:C	ENSG00000253389	0.99755985	0.6173120728929385	27.63736382296412	3	dELS	False
chr2:85392284:A:G	ENSG00000273196	0.9999632	0.6173120728929385	30.90656975273155	3	none	True
chr10:18141291:G:A	CACNB2	0.99812007	0.6173120728929385	27.134281400352457	4	none	True
chr9:41245310:G:T	ENSG00000280077	0.98500323	0.6172839506172839	36.045956002800594	4	CA-CTCF	True
chr7:157694321:A:C	ENSG00000231515	1.0	0.6171171171171171	31.167125910849325	4	dELS	False
chr1:143208776:A:G	ENSG00000276118	0.9994396	0.6170212765957447	30.66796286447789	3	none	False
chr2:1767768:C:G	PXDN	0.9999755	0.6169265033407573	33.709920968362766	4	none	True
chr19:1667051:G:C	TCF3	0.9999782	0.6169265033407573	28.03110876149783	3	dELS	False
chr4:185216806:C:T	CFAP97	0.99998766	0.6167800453514739	30.842473694902715	4	TF	True
chr11:61008834:C:T	RNU6-933P	0.99998057	0.6167800453514739	31.1691145672861	4	dELS	True
chr22:43343559:T:G	SCUBE1	0.9494633	0.6165919282511211	26.97625208738559	3	pELS	False
chr13:114110293:C:T	RASA3-IT1	0.99998915	0.6165919282511211	30.231512721668125	3	none	True
chr17:258052:G:A	ENSG00000262920	0.99964947	0.6164079822616408	26.87723093356765	4	dELS	True
chr9:62488805:G:A	FAM88F	0.9874976	0.6162528216704289	30.04142882559736	3	none	True
chr7:157017971:C:T	MNX1-AS2	0.9208072	0.6162528216704289	24.140848971855185	2	none	False
chr6:53243204:G:A	HMGB1P20	0.9999997	0.6160919540229886	33.15951923511157	3	none	False
chr7:8121571:T:C	ENSG00000227719	1.0	0.6160714285714286	37.322214607957626	5	dELS	True
chr5:1878326:C:T	LINC02116	0.9860464	0.6160714285714286	25.75587852277251	3	none	True
chr5:178995454:C:T	GRM6	0.9985651	0.6160714285714286	27.168304993838674	3	PLS	False
chr4:80204929:C:T	PRDM8-AS1	1.0	0.615909090909091	35.40045422671206	3	none	False
chr16:15743389:G:A	ENSG00000263065	1.0	0.615909090909091	33.88585379374778	3	none	False
chr15:90931508:G:C	UNC45A	0.9816577	0.615909090909091	31.32887977220705	5	pELS	True
chr2:43565399:C:T	THADA	0.95818436	0.6157407407407407	39.843338736601495	3	none	False
chr8:28317738:C:T	PNOC	1.0	0.6157303370786517	29.63651460011128	3	none	False
chr6:111575574:C:T	ENSG00000255389	1.0	0.6155606407322655	37.36664956102487	4	dELS	False
chr6:170422407:G:C	ENSG00000261003	0.9993752	0.6155555555555555	30.432374558598895	4	CA-H3K4me3	True
chr22:45891166:C:G	ENSG00000235091	0.978181	0.6155555555555555	24.420623559391125	2	none	False
chr16:88497893:T:C	MIR5189	0.99998134	0.6155555555555555	27.709022568864214	3	dELS	False
chr15:100848205:A:G	ENSG00000259586	0.9206793	0.6155555555555555	25.14968717663757	2	none	False
chr19:648823:G:A	PWWP3A	0.9769408	0.6153846153846154	26.17884161297273	3	PLS	False
chr18:37273678:G:A	ENSG00000267202	0.9674826	0.6153846153846154	27.40317883499055	3	none	True
chr10:88282077:C:A	ENSG00000275015	0.9726526	0.6153846153846154	34.24758648355512	3	dELS	False
chr1:1613974:G:A	MIB2	0.97428536	0.6152125279642058	31.290658222846996	4	pELS	False
chr16:809934:T:G	GNG13	0.95939237	0.6152125279642058	24.92145563653236	2	none	False
chr10:126882187:T:C	DOCK1	0.96827346	0.6152125279642058	35.34144416601702	4	dELS	False
chr17:945722:A:G	ENSG00000263017	0.9998582	0.6150442477876106	27.38055140238409	4	dELS	True
chr7:27095019:C:T	RPL7AP38	0.9767412	0.6150341685649203	27.37429955756925	3	none	True
chr22:23906594:A:G	ENSG00000273295	0.99994504	0.6148648648648649	32.14196050636387	4	none	True
chr21:44436515:G:C	ENSG00000266692	0.9988444	0.6148648648648649	28.54287181117772	4	pELS	True
chr15:20486778:T:C	HERC2P3	0.9341897	0.6148325358851675	30.842650386840187	2	none	False
chr8:2008786:G:C	ENSG00000289473	1.0	0.6146993318485523	27.581516420919584	3	none	False
chr2:3655954:G:A	ENSG00000289136	0.97310704	0.6146993318485523	27.840157050293275	3	PLS	False
chr2:241060889:C:T	SNED1-AS1	0.9999933	0.6146993318485523	28.603346744814623	4	pELS	False
chr19:55141929:A:C	TNNT1	0.9961419	0.6146993318485523	29.536000585491543	4	none	True
chr7:157575858:A:G	MIR153-2	0.99974775	0.6146788990825688	32.14689942080131	5	dELS	True
chr6:10887018:T:C	SYCP2L	0.938068	0.6146788990825688	27.72761147824102	3	PLS	False
chr9:42431651:T:G	RAB28P3	0.9994237	0.6142506142506142	30.7230868848654	3	none	False
chr19:46021848:A:G	PGLYRP1	0.9940357	0.614190687361419	32.14476030303678	4	pELS	False
chr12:1531276:C:G	WNT5B	0.9964366	0.614190687361419	25.06913008490537	3	none	True
chr4:189984925:A:G	TUBB7P	0.99997914	0.6139954853273137	26.506060577745444	2	none	False
chr9:112069417:T:G	LINC02977	0.999961	0.6138392857142857	28.76000830932246	3	dELS	False
chr8:11679179:C:G	GATA4	0.9264548	0.6138392857142857	26.304563097097336	3	dELS	False
chr22:49430146:G:A	ENSG00000285722	0.99718803	0.6138392857142857	30.686144675129285	3	none	True
chr19:3812091:A:G	MATK	0.9894395	0.6138392857142857	27.95322223729837	3	none	True
chr12:132772739:C:T	ANKLE2	1.0	0.6138392857142857	31.993997017987	5	dELS	True
chr1:234773277:A:G	LINC02971	0.9762127	0.6135693215339233	29.64251421228983	3	dELS	False
chr9:741084:C:T	ENSG00000227914	0.99230516	0.6134831460674157	27.222333736941387	3	none	True
chr1:39771397:T:C	OXCT2	0.9998407	0.6134831460674157	24.63177261091202	2	none	False
chr15:99015061:A:G	LUNAR1	0.9998567	0.6134831460674157	28.986357339561707	4	pELS	True
chr11:117817510:G:C	DSCAML1	1.0	0.6134831460674157	34.197279124114125	4	pELS	False
chr12:8225234:C:G	FAM90A1	0.9852011	0.6133333333333333	25.497905169028726	3	none	True
chr5:179651067:G:A	HNRNPH1	0.9832816	0.6132723112128147	31.697003736097308	4	none	True
chr3:156815614:G:C	LEKR1	0.9268179	0.6132075471698113	27.279614407199052	3	pELS	False
chr4:156972019:C:G	PDGFC	0.9670346	0.6131221719457014	25.508375888862066	3	PLS	False
chr17:35244527:G:A	SLFN5	1.0	0.6131221719457014	39.53752864952954	5	dELS	True
chr12:54023792:C:G	ENSG00000260597	0.97973293	0.6131221719457014	31.682529788646875	4	dELS	True
chr22:46684568:T:C	CERK	0.9965949	0.6129753914988815	26.5314287563869	3	none	True
chr18:76457022:C:G	ZNF516-AS1	1.0	0.6129032258064516	32.885814097423925	3	none	False
chr8:12537712:A:G	RPS3AP34	0.9685462	0.6128318584070797	25.839433633501127	2	none	False
chr8:62864125:T:C	SRPK2P	0.9994113	0.6127562642369021	32.4845145215682	5	PLS	True
chr16:51135323:C:G	ENSG00000261238	0.99992716	0.6127562642369021	27.379975305150445	2	none	False
chr9:64335125:A:G	ENSG00000285580	0.91329193	0.6127450980392157	29.92731735419603	2	none	False
chr7:5072899:T:C	RBAKDN	0.9702344	0.6126126126126126	26.52549337267464	3	pELS	False
chr12:104498054:A:G	ENSG00000258111	0.995325	0.6126126126126126	30.81732154391501	3	none	False
chr22:27438374:A:G	ENSG00000287034	1.0	0.6124721603563474	29.07189231846323	3	dELS	False
chr19:7004521:G:A	ENSG00000269761	1.0	0.6124721603563474	43.61326070036733	5	CA-CTCF	True
chr18:2913898:C:G	ENSG00000272625	1.0	0.6124721603563474	35.70762992258067	4	dELS	False
chr6:32546830:T:C	HLA-DRB5	1.0	0.6122448979591837	35.80097642044052	4	none	True
chr10:3240533:A:T	ENSG00000236968	0.9999894	0.6121076233183856	29.686080561878647	4	dELS	True
chr9:117713:T:C	FOXD4	0.99579895	0.6117381489841986	26.88237381190143	4	TF	True
chr7:151344872:T:C	NUB1	1.0	0.6116071428571429	30.281245839056425	3	none	False
chr19:16303114:G:A	ENSG00000289333	0.9290872	0.6116071428571429	28.361831363119883	2	none	False
chr18:79684285:C:T	CTDP1	0.9619786	0.6116071428571429	31.13355279338301	4	dELS	False
chr18:77070697:C:T	ENSG00000275178	0.9052523	0.6116071428571429	30.334563403257977	5	dELS	True
chr15:20435450:G:A	RNU6-1235P	0.9883039	0.6113989637305699	25.4499476202559	2	none	False
chr10:11741199:A:G	ECHDC3	0.97896725	0.6113636363636363	26.18098104132695	2	none	False
chr22:32502810:C:T	FBXO7	0.999667	0.6112359550561798	28.417946671044763	4	dELS	False
chr21:41370285:C:A	MX2	1.0	0.6112359550561798	32.39262189710755	4	pELS	False
chr1:247936404:T:C	ENSG00000289367	0.9976998	0.6112359550561798	28.52014547352876	3	CA-H3K4me3	False
chr18:10526266:C:G	ENSG00000265728	0.98788136	0.6112359550561798	26.223698316489344	2	none	False
chr6:29849329:T:A	ENSG00000230521	0.9825388	0.6111111111111112	28.48982461328695	3	none	True
chr3:195646172:G:A	MUC4	0.96237206	0.6111111111111112	28.08760375343452	5	TF	True
chr22:43153254:G:A	TSPO	0.99709386	0.6111111111111112	29.367575329726915	3	none	False
chr1:143488594:T:A	ENSG00000277702	0.9582575	0.6111111111111112	27.37386073392877	2	none	False
chr15:27680350:T:A	ENSG00000258853	1.0	0.6109725685785536	36.496622510572166	4	CA-CTCF	False
chr17:82100099:C:T	FASN	0.99999815	0.6108597285067874	30.873307661489783	4	none	True
chr10:46739671:G:A	FRMPD2B	0.999354	0.6108374384236454	29.28576486188472	2	none	False
chr15:21274774:A:G	ENSG00000237161	0.99585474	0.6106194690265486	27.414814305235616	3	none	False
chr7:103349279:T:G	ENSG00000279482	0.9725893	0.6105990783410138	32.01667497577249	3	none	True
chr11:64491033:T:C	ENSG00000286816	0.92382175	0.6105990783410138	36.478414823846414	5	pELS	True
chr16:11248437:A:G	RMI2	0.9990583	0.6103603603603603	27.405314032979675	3	pELS	False
chr19:7699271:A:G	FCER2	0.99999386	0.6102449888641426	27.606170979556403	3	pELS	False
chr3:129554472:A:G	H1-8	0.9999941	0.6099773242630385	30.16148599250942	4	dELS	True
chr16:398561:A:T	NME4	0.9129163	0.6097560975609756	27.366456832393272	4	PLS	True
chr13:110524046:A:G	ENSG00000289010	1.0	0.6097560975609756	28.859998947161856	4	dELS	False
chr4:164381719:G:A	MARCHF1	0.99695456	0.6096997690531177	26.456509202119623	3	none	True
chr15:100372708:T:C	CERS3-AS1	1.0	0.6095890410958904	31.96504004770046	5	PLS	True
chr7:98218426:A:G	BHLHA15	0.9993694	0.6094808126410836	31.6870189809965	3	none	False
chr6:168101058:G:A	FRMD1	0.9994484	0.6094808126410836	26.527178922079724	3	none	False
chr1:29766542:C:A	ENSG00000284676	0.9695758	0.6094808126410836	30.677959826804624	3	dELS	False
chr9:64412594:G:T	ENSG00000289725	0.99990195	0.6094674556213018	38.779423547684615	4	none	True
chr7:154794494:C:G	ENSG00000236408	0.9905392	0.609375	27.510022768136174	3	CA-H3K4me3	False
chr21:36700056:G:C	SIM2	0.9847113	0.609375	25.65144961313548	3	pELS	False
chr16:85688441:G:C	GINS2	1.0	0.609375	30.95591464705368	4	pELS	False
chr16:88042437:C:T	ENSG00000260166	0.9999075	0.6090909090909091	34.14351353908882	5	dELS	True
chr19:55384714:T:C	TMEM238	1.0	0.6089887640449438	27.2123889387604	4	none	True
chr17:15593058:G:A	ENSG00000223544	1.0	0.6089887640449438	34.36483656095313	3	none	False
chr6:170138127:T:C	ENSG00000288162	0.9983074	0.6088888888888889	30.238156819972104	4	dELS	True
chr6:169987017:G:A	ENSG00000287823	0.9847321	0.6088888888888889	25.600543030507247	3	CA-CTCF	False
chr10:785064:C:T	ENSG00000231601	0.9946316	0.6088888888888889	31.732452011753	4	none	True
chr19:58037290:C:T	ZSCAN1	0.99300027	0.6085972850678733	27.580029436823857	3	none	True
chr9:132167498:A:G	NTNG2	0.9139361	0.6085011185682326	29.842414523035814	3	dELS	False
chr15:65362735:T:C	IGDCC3	0.9999997	0.6085011185682326	27.722208219892245	3	none	True
chr15:101008122:G:A	ENSG00000259376	1.0	0.6085011185682326	28.882142800558928	4	dELS	False
chr10:47565550:C:T	AGAP12P	0.98938996	0.6084905660377359	27.75040497710149	3	none	True
chr7:126657941:C:T	ENSG00000287568	0.999997	0.6083916083916084	33.66822332943914	5	dELS	True
chr4:49646905:G:T	SNX18P25	0.94270724	0.6080178173719376	26.441138199958004	2	none	False
chr19:50662968:G:A	C19orf81	0.99162716	0.6080178173719376	23.497054696235	2	none	False
chr19:3175972:A:G	ENSG00000289471	0.9165397	0.6080178173719376	28.05704605521136	3	dELS	False
chr16:1044214:G:T	ENSG00000261720	0.99965143	0.6080178173719376	28.17720086652577	4	none	True
chr5:15384571:G:A	MARK2P5	1.0	0.6077097505668935	29.109136478008743	2	none	False
chr8:15236611:A:T	SGCZ	0.95217824	0.6076233183856502	26.86046617980654	4	none	True
chr2:69948825:G:C	ASPRV1	0.99519444	0.6076233183856502	26.456842152178385	3	dELS	False
chr12:33440533:C:G	SYT10	0.9976302	0.607565011820331	25.62321675709526	2	none	False
chr8:1467579:T:C	ENSG00000281961	0.99999994	0.6075388026607539	26.45189077998608	3	none	True
chr3:130122809:A:C	LINC02021	0.9982937	0.6073059360730594	32.67357759047689	4	none	True
chr16:13955870:C:A	ENSG00000263234	1.0	0.6073059360730594	35.226291209110485	4	dELS	False
chr12:121222984:T:C	P2RX4	0.98577935	0.6073059360730594	33.09483485131821	5	dELS	True
chr22:18096995:C:A	ENSG00000235617	1.0	0.6072234762979684	36.13792782143295	3	none	False
chr16:89971188:G:A	MC1R	0.98717856	0.6072234762979684	27.07887139712725	3	pELS	False
chr11:1384379:A:C	BRSK2	1.0	0.6071428571428571	29.524437039008344	4	dELS	True
chr7:105593719:C:T	EFCAB10	0.99997985	0.6067415730337079	34.77349283471834	4	none	True
chr5:178729431:G:C	ENSG00000285978	0.9129308	0.6067415730337079	24.80774847772367	2	none	False
chr1:23897285:A:T	BTBD6P1	0.99356633	0.6067415730337079	41.77313208164236	5	dELS	True
chr16:1304588:T:G	ENSG00000260710	1.0	0.6067415730337079	32.714359740823966	4	none	True
chr12:131851047:G:A	ENSG00000256955	0.9354196	0.6067415730337079	29.703285458182204	5	dELS	True
chr15:99717839:G:T	LYSMD4	0.9842881	0.6066666666666667	26.528840363563106	2	none	False
chr5:143206727:G:A	ARHGAP26-IT1	0.9734137	0.6063348416289592	28.643605945840967	3	dELS	False
chr19:2252991:C:G	MIR4321	0.99985397	0.6063348416289592	25.504206469492345	3	dELS	False
chr2:230591860:C:T	RNU6-451P	0.96976596	0.6062639821029083	30.706233018576786	3	dELS	False
chr21:10411221:T:C	ENSG00000290523	0.94539523	0.6061946902654868	27.50755111606137	3	CA-H3K4me3	False
chr19:1472008:T:C	LINGO3	0.921768	0.6059225512528473	27.08260391288645	4	dELS	True
chr7:151012483:G:T	ATG9B	0.98611146	0.6058558558558559	26.45472753565346	2	none	False
chr1:3786268:C:T	LRRC47	0.9405831	0.6058558558558559	27.007025112411583	4	none	True
chr19:6274265:C:T	MLLT1	0.93470526	0.6058558558558559	28.36416449540384	3	dELS	False
chr17:79921930:G:A	LINC01979	0.9971373	0.6058558558558559	27.39003588125148	3	dELS	False
chr12:96224128:C:G	ENSG00000258177	0.9756007	0.6058558558558559	34.204650777848926	5	pELS	True
chr8:97598478:G:C	ENSG00000213750	1.0	0.6057906458797327	30.82725137731202	4	none	True
chr4:188218576:T:G	LINC02434	1.0	0.6057906458797327	29.975277619330733	4	dELS	True
chr22:49724766:C:G	ENSG00000226954	0.99971753	0.6057906458797327	27.87713278238607	3	pELS	False
chr22:49405119:C:G	ENSG00000285722	0.99986637	0.6057906458797327	27.645812428875526	4	dELS	True
chr19:8195837:C:T	CERS4	0.9918683	0.6057906458797327	27.396634039357487	3	none	True
chr16:381209:G:A	MRPL28	0.9376144	0.6057906458797327	27.760933584902165	4	pELS	False
chr7:37405650:C:T	ENSG00000200113	0.999103	0.6053811659192825	28.99648374514937	3	dELS	False
chr4:6673665:T:C	ENSG00000284847	0.9839231	0.6053811659192825	26.119656569239204	4	TF	True
chr19:2598652:G:A	RN7SL121P	0.9841287	0.6053811659192825	23.859115300877544	2	none	False
chr17:49567810:T:G	NGFR-AS1	0.9395392	0.6053811659192825	25.417835792945105	2	none	False
chr12:53961427:C:G	EIF4B	0.99821025	0.6053811659192825	25.983049254068995	3	pELS	False
chr11:1077270:C:T	ENSG00000287935	0.9993234	0.6053215077605322	27.527137415427696	3	pELS	False
chr16:57982916:G:C	TEPP	0.9999807	0.605080831408776	35.699004181438234	4	none	True
chr7:44146356:A:G	MYL7	0.90433484	0.6049661399548533	25.94436942868154	3	pELS	False
chr16:3669343:C:T	ENSG00000276754	1.0	0.6049661399548533	34.98660829982843	5	dELS	True
chr16:84482703:G:A	ENSG00000261243	0.99380124	0.6049107142857143	32.959618536753815	4	dELS	False
chr10:48604872:T:C	ENSG00000251413	0.9999223	0.6049107142857143	29.19351924136852	3	pELS	False
chr21:33429601:T:C	IFNGR2	1.0	0.6045977011494252	36.1990547856015	5	dELS	True
chr15:22948971:A:C	CYFIP1	0.9719474	0.6045454545454545	30.234645664630705	4	dELS	False
chr11:59173977:C:A	DTX4	1.0	0.6045454545454545	35.45401763112808	5	pELS	True
chr9:1042166:G:T	ENSG00000286684	0.999999	0.604494382022472	28.299193077497364	4	pELS	True
chr14:94346805:A:T	SERPINA10	1.0	0.604494382022472	32.16171613089824	4	none	True
chr6:139325481:A:G	ENSG00000218565	1.0	0.6044444444444445	29.50020334461307	3	none	False
chr9:30346450:T:C	SLC4A1APP1	0.9933662	0.6043689320388349	31.166130818204067	3	none	True
chr15:90808638:A:C	ENSG00000287061	1.0	0.6040723981900452	35.30255602368868	4	none	True
chr15:52100639:G:C	ENSG00000259712	0.9095386	0.6040723981900452	34.57419986555475	4	none	True
chr10:27316869:G:C	RNU6-666P	0.9989342	0.6040723981900452	31.10956134862459	3	none	True
chr9:133818223:A:G	SARDH	1.0	0.6040268456375839	26.503635060376578	2	none	False
chr1:43007582:C:T	RNU6-880P	0.99901855	0.6040268456375839	27.101229744427187	3	none	True
chr12:3014800:C:T	ENSG00000250899	1.0	0.6040268456375839	35.428643409324906	4	dELS	False
chr9:41732093:C:T	ENSG00000275297	0.9491646	0.6039823008849557	28.17852444362261	4	none	True
chr4:63676:G:T	ENSG00000250259	0.998527	0.6039823008849557	27.64450178491323	2	none	False
chr10:42166321:G:A	IGKV1OR10-1	0.9996758	0.6039823008849557	31.60914386720455	5	dELS	True
chr9:62459529:G:A	LINC01189	0.99999994	0.60381861575179	28.18963014043506	3	none	False
chr8:22047380:G:A	DMTN	1.0	0.6036036036036037	26.22042184112759	3	none	False
chr11:17737040:T:C	ENSG00000254586	0.98520863	0.6036036036036037	24.42890267720036	2	none	False
chr19:460475:G:C	C2CD4C	0.99999887	0.6035634743875279	27.718309066507626	4	dELS	True
chr18:76519323:C:A	LINC00683	0.99817264	0.6035634743875279	33.33283803983083	4	dELS	False
chr14:104218537:G:A	LINC02691	0.99408424	0.6035634743875279	29.14368817850029	4	none	True
chr2:136246280:G:A	ENSG00000279024	0.9013516	0.6032482598607889	29.109225956337045	4	dELS	True
chr7:128103605:C:T	MIR593	0.990574	0.6032110091743119	29.717453094345583	4	dELS	True
chr5:141513923:C:G	PCDHGC5	0.9749169	0.6032110091743119	28.06402685864731	3	dELS	False
chr11:65212377:A:G	SLC22A20P	0.99406934	0.6031746031746031	28.86145846697538	3	pELS	False
chr2:11747428:G:T	ENSG00000230790	1.0	0.6031390134529148	26.58837347846768	3	none	False
chr20:61514903:G:A	ENSG00000277270	0.9929401	0.6031042128603105	26.21066872554148	3	dELS	False
chr20:29300855:C:T	5_8S_rRNA	0.94331306	0.6031042128603105	25.8253811048826	3	none	True
chr17:3688159:A:C	P2RX5-TAX1BP3	0.9856874	0.6031042128603105	29.1803951081838	5	TF	True
chr16:88546691:A:T	ZFPM1-AS1	1.0	0.6031042128603105	28.13371602438148	3	none	True
chr7:97003678:G:C	DLX6	0.9862023	0.6027088036117382	25.147253947421344	2	none	False
chr19:33798032:C:T	KCTD15	0.9998772	0.6027088036117382	26.515573365160005	3	none	False
chr9:137501228:G:A	NSMF	0.9831631	0.6026785714285714	26.34563591385997	3	dELS	False
chr17:79485643:A:G	ENSG00000263278	0.9990454	0.6026785714285714	28.4886263322912	3	dELS	False
chr14:101077928:T:C	ENSG00000230805	1.0	0.6026785714285714	29.79703540206712	4	PLS	False
chr2:77090688:T:C	LRRTM4-AS1	0.9993508	0.6022727272727273	33.74845556841578	3	none	False
chr21:45575906:T:A	SLC19A1	0.99999326	0.6022727272727273	35.587599790579844	3	none	False
chr2:74936423:A:G	LINC01293	0.999999	0.6022471910112359	33.778061900900006	3	none	False
chr19:4105291:C:T	MAP2K2	0.99986166	0.6022471910112359	28.397488087256374	4	dELS	False
chr16:90161975:G:A	LINC02193	0.9362933	0.6022471910112359	29.56766257275404	3	none	False
chr1:1009716:C:T	ENSG00000224969	0.99678516	0.6022222222222222	25.531108167083783	3	pELS	False
chr17:81740848:C:T	SLC25A10	1.0	0.6018957345971564	31.08550417444258	4	dELS	True
chr2:228180981:C:T	SPHKAP	0.9630053	0.6018306636155606	29.78099852701977	4	none	True
chr13:25372569:G:C	ATP8A2	0.9998599	0.6018099547511312	27.70332315118224	3	pELS	False
chr5:1506359:G:A	MIR6075	0.9878349	0.6017897091722595	25.67997049676234	3	dELS	False
chr22:49444194:C:T	ENSG00000280224	1.0	0.6017897091722595	26.929114006361903	3	none	False
chr1:41382624:G:A	FOXO6-AS1	0.9027868	0.6017897091722595	31.74658032096363	4	pELS	False
chr10:13930303:G:A	NUTF2P5	0.9959468	0.6017897091722595	33.562857065945074	4	CA-H3K4me3	False
chr17:83078468:G:A	METRNL	0.9999994	0.6017699115044248	25.973986560015742	4	pELS	True
chr14:63204185:T:C	RHOJ	1.0	0.6013824884792627	37.6042631360536	4	none	True
chr12:24951335:C:A	ENSG00000255921	0.97100836	0.6013667425968109	25.079602335810826	2	none	False
chr7:102337135:A:G	Y_RNA	0.9828678	0.6013513513513513	32.19348346788185	4	TF	True
chr2:5690786:A:G	ENSG00000252238	0.9948358	0.6013513513513513	24.97394258094222	2	none	False
chr16:2658557:G:A	ENSG00000260176	0.9967829	0.6013513513513513	30.027118469826156	4	TF	True
chr10:27257648:T:A	ENSG00000290843	0.97221226	0.6013513513513513	26.84835943231891	2	none	False
chr2:237924367:G:A	ENSG00000288857	1.0	0.6013363028953229	29.01084651868302	3	dELS	False
chr3:123448732:C:G	ADCY5	0.9398726	0.6009070294784581	24.753641982607903	3	pELS	False
chr19:50364472:G:A	NAPSA	0.99657327	0.6009070294784581	31.33225170423782	4	pELS	True
chr13:43023570:C:T	DNAJC15	1.0	0.6009070294784581	31.848576825634886	4	pELS	False
chr10:132942348:T:C	CFAP46	0.9997	0.6009070294784581	29.244523709163296	4	pELS	True
chr9:4662286:G:C	PLPP6	0.9974941	0.600896860986547	25.918345825462357	3	pELS	False
chr3:36764355:A:C	DCLK3	0.968399	0.600896860986547	27.3563260739204	4	PLS	True
chr18:13577071:G:A	ENSG00000267503	0.99999964	0.600896860986547	34.035559424582615	4	dELS	False
chr1:973929:T:C	PERM1	0.96653646	0.6008869179600886	25.02037423070845	3	dELS	False
chr17:77458500:C:T	ENSG00000279801	0.99842584	0.6004618937644342	28.448764899019725	3	pELS	False
chr2:102141893:C:T	ENSG00000227680	0.9002727	0.6004566210045662	26.502008092857995	4	dELS	True
chr10:132563796:C:T	INPP5A	0.9999896	0.6004566210045662	30.46399370768586	3	none	False
chr3:172062973:A:G	FNDC3B	1.0	0.600451467268623	39.73540304748324	4	dELS	False
chr19:644497:C:G	FGF22	1.0	0.600451467268623	27.45263690177048	3	none	True
chr19:5129041:G:T	PTPRS-AS1	0.9586001	0.600451467268623	27.025378673704715	3	dELS	False
chr18:58663720:T:C	ENSG00000275418	0.95482546	0.600451467268623	34.28182183429514	3	none	False
chr8:2760090:G:A	LINC03021	0.9781739	0.6004464285714286	31.489438649772502	4	none	True
chr7:2709535:T:C	AMZ1	0.99999714	0.6004464285714286	25.63089272440762	2	none	False
chr3:192905355:G:A	MB21D2	0.9998332	0.6004464285714286	27.70753425105756	3	none	False
chr22:49527915:G:T	ENSG00000279597	0.94639874	0.6004464285714286	30.767533549156603	5	dELS	True
chr8:2920030:A:G	ENSG00000288580	0.99999905	0.6	26.61678342768006	2	none	False
chr8:2788065:T:C	LINC03021	0.98515356	0.6	31.97773290013568	3	none	False
chr5:487814:C:T	SLC9A3-AS1	0.9999946	0.6	29.52894639831187	4	none	True
chr3:15304417:G:A	RNU6-454P	0.9533335	0.6	36.25423912654028	4	dELS	False
chr1:229326054:G:T	ENSG00000237481	0.9982954	0.6	34.52088060871768	3	none	False
chr1:122680887:A:C	LINC01691	0.9999907	0.6	32.08544758907209	3	none	False
chr16:88106237:A:G	ENSG00000205037	0.97605824	0.6	22.762862922184706	2	none	False
chr14:103701601:G:A	RNU4-68P	0.9598322	0.6	24.81266421823218	2	none	False
chr14:102573378:T:A	RN7SL546P	1.0	0.6	34.277545292295684	4	dELS	False
chr14:101150358:T:C	ENSG00000286551	0.9987657	0.6	30.10583071488163	4	pELS	True
chr12:122025966:A:G	ENSG00000255856	0.9999994	0.6	28.407482569217617	3	none	True
chr7:155123889:A:G	ENSG00000228806	1.0	0.5995575221238938	29.781703819121947	3	none	True
chr19:558787:C:G	BSG	0.9999375	0.5995575221238938	24.532897335064654	3	none	True
chr17:83048264:A:G	ENSG00000262339	0.98213047	0.5995575221238938	26.99841879254597	3	none	True
chr8:8384155:G:A	PRAG1	0.9999532	0.5995525727069351	33.89596304517452	4	dELS	False
chr6:10385150:G:C	ENSG00000216781	0.97564554	0.5995475113122172	26.11943383947831	3	dELS	False
chr1:3703871:A:G	TP73-AS2	0.9980516	0.5995475113122172	30.15394974691584	4	dELS	False
chr10:100659016:G:T	Metazoa_SRP	0.9684815	0.5995423340961098	27.2657150093854	3	none	False
chr8:2825901:G:A	ENSG00000287740	0.99999994	0.5991091314031181	27.04628652940088	2	none	False
chr22:49345284:G:A	ENSG00000285722	1.0	0.5991091314031181	23.96765288243825	2	none	False
chr10:124370428:G:A	OAT	1.0	0.5991091314031181	34.69657753096098	4	none	True
chr10:132916299:T:C	CFAP46	0.9997889	0.5990990990990991	27.489325836752823	4	dELS	True
chr1:121048193:A:G	U1	0.96388316	0.5990888382687927	27.506795075069714	3	none	False
chr18:74248352:A:G	ENSG00000260569	0.9346104	0.5990888382687927	30.341080563044613	2	none	False
chr13:110869330:C:T	RN7SL783P	0.91243196	0.5990888382687927	24.843392616342182	2	none	False
chr16:18956052:A:G	TMC7	0.99992716	0.5986394557823129	36.075619556870194	3	none	False
chr5:88685213:C:T	ENSG00000289008	0.9230109	0.5986238532110092	25.28915719909329	3	PLS	False
chr3:75764879:G:C	MIR4273	0.9997545	0.5985915492957746	30.760054273042208	4	none	True
chr5:842792:G:A	BRD9P2	0.98357993	0.5982142857142857	27.953656513377943	4	dELS	True
chr21:41956344:G:A	C2CD2	0.9995242	0.5981941309255079	28.863913614610368	3	dELS	False
chr1:148334986:A:T	MIR5087	1.0	0.5981735159817352	29.032559516130885	4	pELS	False
chr17:79732473:C:T	ENPP7	0.990275	0.5977777777777777	28.845868562873623	3	pELS	False
chr17:281506:G:A	ENSG00000262920	0.99616444	0.5977777777777777	26.365057327223838	3	none	True
chr7:157003266:G:A	MNX1-AS2	1.0	0.597752808988764	27.090312283450743	4	dELS	False
chr16:1458668:A:G	ENSG00000260051	0.99999964	0.597752808988764	27.33988123305404	3	none	True
chr16:1338329:G:C	BAIAP3	1.0	0.5977272727272728	32.15620500046461	5	dELS	True
chr10:112143752:G:A	GPAM	0.9258648	0.5977272727272728	26.49927010890849	2	none	False
chr8:58535019:T:G	SDCBP	1.0	0.5977011494252874	42.96757292458994	4	dELS	False
chr1:21460445:G:A	PFN1P10	0.9836058	0.5977011494252874	29.83765268049757	3	none	False
chr5:43039691:T:C	ANXA2R-AS1	0.9768948	0.5976470588235294	27.828482403317743	4	pELS	True
chr9:133570825:C:T	FAM163B	0.9244879	0.5973451327433629	22.93517423114656	2	none	False
chr5:154493417:G:C	ENSG00000253886	1.0	0.5973154362416108	30.681002845919632	4	PLS	True
chr19:55036718:A:T	ENSG00000267149	0.9974587	0.5973154362416108	23.601701561438244	2	none	False
chr11:44613360:C:T	ENSG00000255092	0.9999821	0.5973154362416108	29.96116090280869	5	dELS	True
chr10:11269648:A:G	CELF2-AS1	0.9982669	0.5973154362416108	27.92646315141062	3	dELS	False
chr7:151125239:C:G	AGAP3	1.0	0.5972850678733032	29.32561634831671	4	dELS	False
chr20:43668004:A:C	MYBL2	0.90397453	0.5972850678733032	36.79943695211429	4	pELS	False
chr1:148061813:G:C	PDE4DIPP1	0.99153435	0.5972850678733032	24.969349572856277	2	none	False
chr9:73811:T:G	WASHC1	0.9986341	0.597254004576659	26.11352423460992	3	pELS	False
chr1:7857016:G:A	UTS2	1.0	0.597254004576659	36.80815162079142	5	dELS	True
chr3:130095840:G:A	LINC02014	1.0	0.5972222222222222	35.05007904232997	4	pELS	False
chr10:3091393:C:G	PFKP	0.9996987	0.5968819599109132	28.41693559210248	3	dELS	False
chr6:1393655:T:G	FOXC1	0.99574804	0.5968468468468469	24.276295566929797	2	none	False
chr16:1312186:C:T	ENSG00000274751	0.9625449	0.5968468468468469	32.999688265336964	5	PLS	True
chr13:26187122:A:G	ATP8A2P3	0.99997884	0.5968468468468469	27.96237861508464	3	dELS	False
chr13:19381854:T:C	CCNQP3	0.96191174	0.5968468468468469	26.65701945805693	3	none	True
chr16:583706:C:T	RAB40C	1.0	0.5968109339407744	29.69543225376909	4	dELS	False
chr13:59442040:C:T	RNU7-88P	1.0	0.5968109339407744	34.04707086602816	4	none	True
chr13:101453842:C:T	ITGBL1	0.9648127	0.5968109339407744	27.10387719587237	3	pELS	False
chr3:195150676:G:A	XXYLT1-AS2	0.99388045	0.5964125560538116	37.67640396440992	4	dELS	False
chr16:90043111:G:A	URAHP	0.9993446	0.5964125560538116	25.8808215360398	3	dELS	False
chr14:20621489:G:T	ENSG00000239327	1.0	0.5964125560538116	24.09788938965691	2	none	False
chr14:104223208:C:G	LINC02691	0.99385846	0.5964125560538116	25.977676982501915	3	dELS	False
chr13:20301409:A:C	GJB6	0.999983	0.5964125560538116	27.534854924420088	3	none	True
chr10:100622179:G:C	DNMBP	0.9588703	0.5964125560538116	26.70685047710554	3	none	True
chr19:35767941:G:C	ENSG00000267049	0.9999648	0.5963718820861678	34.660059430225594	4	none	True
chr19:18363895:C:A	GDF15	0.99999994	0.5963718820861678	27.184118861673348	3	dELS	False
chr16:34802574:C:T	FRG2HP	0.9081214	0.5963302752293578	24.275635298596487	3	none	True
chr7:155467866:G:A	SHH	0.9914465	0.5959821428571429	24.941758132426997	3	dELS	False
chr7:1323985:C:T	ENSG00000233082	1.0	0.5959821428571429	27.345381100329096	3	dELS	False
chr2:232458467:T:C	ALPI	0.97062725	0.5959821428571429	26.15360982322263	3	dELS	False
chr2:10538275:G:A	ENSG00000234818	0.9989584	0.5959821428571429	27.157335636875327	2	none	False
chr1:203342608:T:C	FMOD	1.0	0.5959821428571429	34.57144635800226	5	dELS	True
chr3:177359291:A:G	ENSG00000226782	0.9740673	0.5959367945823928	27.290068341716164	4	dELS	True
chr8:946383:A:C	ENSG00000282759	0.99999404	0.5955056179775281	24.879587868166716	2	none	False
chr7:65796854:C:A	RNU6-912P	0.9999917	0.5955056179775281	30.7830066789293	4	none	True
chr10:130192041:C:T	LINC02646	0.9546136	0.5955056179775281	26.87343322870125	3	CA	False
chr7:151115652:G:C	AGAP3	0.99993473	0.5954545454545455	29.23184228093607	3	none	False
chr16:75141357:C:G	ZFP1	0.9862244	0.5954545454545455	28.307129421439512	2	none	False
chr15:51342701:G:C	CYP19A1	0.97650003	0.5954545454545455	25.34254310884108	2	none	False
chr12:21942320:G:A	ABCC9	0.9626412	0.5954022988505747	25.989705371989736	3	pELS	False
chr9:129436241:G:A	ENSG00000226355	1.0	0.5951327433628318	29.059990332787745	4	pELS	True
chr12:14826:G:A	DDX11L8	1.0	0.5951327433628318	23.32607558202493	2	none	False
chr21:40847002:T:C	DSCAM	0.94107074	0.5950782997762863	24.067262557102104	2	none	False
chr19:49431744:C:T	GFY	1.0	0.5950782997762863	28.544981691377927	4	dELS	False
chr17:18427067:C:A	TOM1L2	0.9699555	0.5950782997762863	27.490326023433795	3	pELS	False
chr4:3462155:G:C	DOK7	0.9999445	0.5950226244343891	30.96215922166924	3	none	True
chr22:18940041:C:T	ENSG00000280418	0.9135637	0.5949656750572082	26.36422236642237	2	none	False
chr15:63592263:T:C	FBXL22	1.0	0.5949074074074074	32.90268743558727	4	dELS	False
chr20:62970953:G:A	SLC17A9	0.9463141	0.5946547884187082	26.85685841605392	3	dELS	False
chr6:110357859:T:G	METTL24	0.9999998	0.5945945945945946	30.4220128008051	4	pELS	False
chr4:187814845:A:C	ADAM20P3	0.9649409	0.5945330296127562	31.57726011448914	5	dELS	True
chr7:158991852:A:G	LINC00689	0.9999988	0.5942350332594235	27.04033153395585	3	none	False
chr5:78769461:G:T	LHFPL2	0.99964243	0.5942350332594235	31.334683265960223	4	dELS	False
chr11:356741:G:A	B4GALNT4	0.9845766	0.5942350332594235	23.33360835075289	2	none	False
chr7:7821036:A:G	ENSG00000234718	1.0	0.594170403587444	44.67324581114841	4	dELS	False
chr19:41136178:G:A	CYP2T3P	0.97340965	0.594170403587444	25.609290133253523	2	none	False
chr17:970116:G:A	NXN	0.99999815	0.594170403587444	31.274911130234862	5	dELS	True
chr14:20659436:A:G	OR6S1	0.96125835	0.594170403587444	29.32451365581949	3	CA-H3K4me3	False
chr11:134762742:G:C	LINC02714	1.0	0.594170403587444	28.1440298508182	4	dELS	False
chr8:10334110:C:T	ENSG00000249848	0.9936953	0.5941043083900227	26.469441947425512	3	dELS	False
chr8:97867869:T:C	MATN2	0.9036086	0.59375	28.81881963757555	3	pELS	False
chr10:1489976:A:C	ADARB2-AS1	0.99999505	0.59375	30.63806479555314	4	dELS	True
chr6:3736260:A:G	ENSG00000270504	1.0	0.5936794582392777	28.569070306921017	4	dELS	False
chr6:15526186:C:T	5S_rRNA	0.9559968	0.5936794582392777	27.16401489574464	3	dELS	False
chr11:67056790:C:T	RHOD	0.9703408	0.5936794582392777	29.50742701373575	4	pELS	True
chr6:41469910:G:C	LINC01276	0.9953913	0.5933333333333334	26.194098848432358	3	dELS	False
chr8:2697466:C:G	ENSG00000288580	0.96828216	0.5932584269662922	28.17590144448371	2	none	False
chr12:31804835:G:C	RNU6-1069P	0.9990964	0.5931818181818181	34.84963347485221	5	pELS	True
chr17:491954:T:C	ENSG00000263015	0.9980212	0.5931372549019608	28.25635219263692	3	dELS	False
chr17:36188885:T:G	ENSG00000274767	0.9936639	0.592964824120603	27.60828489625246	3	none	False
chr10:110803421:C:T	RNA5SP327	1.0	0.5928411633109619	28.315559383831584	2	none	False
chr2:230661167:A:G	ENSG00000289157	0.986614	0.5927601809954751	27.581636483022727	3	pELS	False
chr22:23756069:C:T	VPREB3	1.0	0.5927601809954751	36.912617384542045	5	pELS	True
chr20:33881801:T:C	TPM3P2	0.9827988	0.5927601809954751	27.05010520675715	2	none	False
chr11:61065849:A:C	LINC02954	0.96602315	0.5927601809954751	24.29906978340239	2	none	False
chr2:105762031:C:A	NCK2	1.0	0.5926773455377574	31.86038210790567	3	none	False
chr11:65202442:G:A	SLC22A20P	0.9587584	0.5926773455377574	27.04424421410987	3	dELS	False
chr8:1292105:A:G	ENSG00000275427	0.9520619	0.5924276169265034	26.07045436355349	3	none	True
chr6:148866363:C:A	UST-AS1	1.0	0.5924276169265034	35.720773813677475	4	dELS	False
chr3:278518:A:C	RNU6-1194P	1.0	0.5924276169265034	34.41000674274708	3	dELS	False
chr7:12685073:G:C	ENSG00000271253	0.92821425	0.5923423423423423	27.88992118410454	3	pELS	False
chr1:16948607:C:G	ENSG00000286898	0.9579889	0.5923423423423423	30.86684625219722	4	dELS	False
chr19:50514120:G:A	ASPDH	0.9901699	0.5923423423423423	28.30757713750527	4	pELS	True
chr17:1230116:C:T	ABR	0.9914857	0.5923423423423423	27.0763902257109	4	dELS	True
chr15:101792844:C:T	OR4F6	0.9999999	0.5923423423423423	32.130096565004216	4	none	True
chr10:119102244:C:A	DENND10	0.99997497	0.592255125284738	36.13102473846823	4	pELS	False
chr8:101891655:T:C	PDCL3P2	1.0	0.5921658986175116	27.64097362054788	3	dELS	False
chr20:50547489:G:A	RN7SL672P	0.90742695	0.5920745920745921	24.796598012261367	2	none	False
chr1:223992875:C:T	ENSG00000278467	0.99785835	0.5920745920745921	25.570135274080965	3	none	True
chr16:31536777:C:T	AHSP	0.99934584	0.5920745920745921	28.24030970044439	3	none	False
chr3:196597594:T:G	ENSG00000286661	1.0	0.5920177383592018	25.106363324561872	2	none	False
chr16:286660:G:A	PDIA2	0.9988366	0.5919282511210763	27.484277027098532	3	dELS	False
chr7:102466924:G:A	POLR2J	0.99185777	0.5918367346938775	27.281587666527777	3	none	True
chr5:151924982:G:C	ENSG00000270978	0.99520296	0.5918367346938775	26.63925406881622	3	dELS	False
chr9:39533886:C:T	ZNF658B	0.9948495	0.5915178571428571	26.26743325777043	2	none	False
chr1:6005774:G:A	NPHP4	0.9999948	0.5915178571428571	30.23186990416975	5	dELS	True
chr1:154721037:A:G	ENSG00000287064	0.99952775	0.5915178571428571	30.100503576040467	3	none	False
chr16:86285962:G:A	LINC02135	1.0	0.5915178571428571	26.852827933664454	3	none	False
chr16:11230942:T:C	HNRNPCP4	0.9899867	0.5915178571428571	33.451116455526986	3	none	False
chr12:6442988:A:G	CD27	1.0	0.5915178571428571	35.3681136371495	4	pELS	False
chr10:30751163:T:C	LINC02644	0.99910796	0.5915178571428571	31.57904877234748	4	dELS	True
chr6:37516922:C:G	ENSG00000227920	0.90649116	0.5914221218961625	28.897005748420515	3	dELS	False
chr11:102808927:T:C	ENSG00000256035	0.9999992	0.5914221218961625	33.52741057654684	3	none	False
chr22:38981477:C:T	APOBEC3B	0.9797423	0.5911949685534591	32.73054449318212	5	pELS	True
chr19:50516147:C:T	ASPDH	1.0	0.5910112359550562	34.93507932980637	4	pELS	False
chr16:90166485:C:A	ENSG00000261172	0.9682917	0.5910112359550562	28.57665768912571	3	none	False
chr2:239319560:C:T	MIR4269	0.9976959	0.5909090909090909	33.11499286471272	5	dELS	True
chr9:93826500:A:G	MIR4291	0.93307924	0.5908045977011495	28.1230845691978	3	CA-H3K4me3	False
chr9:6402450:G:C	UHRF2	0.9070751	0.5908045977011495	32.30096624678884	4	none	True
chr19:991892:T:C	WDR18	0.9348017	0.5906040268456376	23.6121328293428	3	dELS	False
chr18:79819038:C:G	KCNG2	1.0	0.5906040268456376	32.714454625684496	4	none	True
chr15:99446729:T:C	LINC03080	0.9997444	0.5906040268456376	26.48420414268892	3	dELS	False
chr4:86905091:G:A	RPL6P13	0.94339687	0.5904977375565611	25.14178821033954	2	none	False
chr21:45027094:C:G	PICSAR	0.95617056	0.5904977375565611	25.254109086177685	3	none	True
chr15:92826945:T:C	ENSG00000289200	0.9094055	0.5904977375565611	31.332119430752453	4	dELS	False
chr7:28808907:G:A	ENSG00000228421	0.98385453	0.5902777777777778	28.258417626587296	2	none	False
chr5:6722176:T:C	TENT4A	0.99417275	0.5902777777777778	36.73420224557052	4	dELS	False
chr6:167994348:G:A	KIF25	0.999999	0.5902004454342984	23.89969105551515	2	none	False
chr6:166848820:G:A	RPS6KA2-AS1	0.9405646	0.5902004454342984	28.55729946182231	3	dELS	False
chr19:639163:C:T	FGF22	1.0	0.5900900900900901	28.823418650372723	4	pELS	True
chr17:54246199:A:G	ENSG00000285939	0.9998546	0.5900900900900901	32.5379777888659	3	none	False
chr6:31586830:T:A	ENSG00000255726	0.9350262	0.5899772209567198	25.300027819301032	2	none	False
chr9:41741121:C:G	ENSG00000275297	0.9777109	0.5898004434589801	30.958922669252686	4	none	True
chr8:11807309:C:G	ENSG00000255046	0.91024977	0.5896860986547086	24.73393305859545	2	none	False
chr19:1245701:G:A	MIDN	0.9988553	0.5896860986547086	26.460880360764104	3	dELS	False
chr15:71215226:G:A	THSD4-AS1	0.99229306	0.5896860986547086	27.164406835207075	3	dELS	False
chr7:1246492:C:T	UNCX	0.964935	0.5892857142857143	25.228267032019385	3	dELS	False
chr6:37689654:G:A	MDGA1	0.9999999	0.5892857142857143	28.69642343952319	3	dELS	False
chr3:195125684:G:A	MIR3137	0.9168436	0.5892857142857143	27.086347010934297	3	none	True
chr2:239525737:A:T	ENSG00000286188	0.9135143	0.5892857142857143	29.40355349757463	4	none	True
chr17:1935058:C:T	SGSM2	0.98745483	0.5892857142857143	22.58584006094754	2	none	False
chr22:18091595:G:A	ENSG00000236890	0.99998677	0.5891647855530474	31.25486365368849	4	dELS	False
chr1:100538206:C:A	GPR88	1.0	0.589041095890411	36.16684942273749	4	PLS	False
chr3:69058142:C:G	TMF1	1.0	0.5889145496535797	33.98548537233444	4	none	True
chr9:67783534:C:G	ENSG00000275493	0.90289193	0.5888888888888889	25.71978714138665	2	none	False
chr20:663275:T:C	SRXN1	0.999423	0.5887640449438202	25.92087506924469	3	dELS	False
chr1:4638386:C:T	AJAP1	0.9912406	0.5887640449438202	29.19059586492435	4	dELS	True
chr19:14764745:G:A	ADGRE2	0.934339	0.5887640449438202	23.29094069840046	2	none	False
chr16:22813284:T:G	ENSG00000283213	0.9991047	0.5887640449438202	25.74094438919387	3	PLS	False
chr2:237703764:A:G	ENSG00000286864	0.97197163	0.5886363636363636	31.83381861438923	4	dELS	False
chr22:49574220:C:T	ENSG00000213279	0.9942288	0.5886363636363636	26.56282667019857	3	pELS	False
chr14:102509215:T:A	ANKRD9	0.9858148	0.5886363636363636	29.29608464870858	4	pELS	True
chr9:35491469:C:T	UNC13B	0.938203	0.5885057471264368	26.184933869799394	2	none	False
chr8:12475238:G:T	ENSG00000270154	1.0	0.588495575221239	26.78928086705826	4	none	True
chr18:79548471:G:A	ENSG00000286296	1.0	0.588495575221239	24.27458540935573	2	none	False
chr13:114043681:C:A	RASA3-IT1	0.9998017	0.588495575221239	30.735378391984764	5	dELS	True
chr12:22493:G:C	WASH8P	0.9947846	0.588495575221239	25.56710632235818	3	none	True
chr8:2126170:A:G	ENSG00000287970	0.996311	0.5883668903803132	28.874958553713043	2	none	False
chr22:49042924:G:A	NHIP	0.98781043	0.5883668903803132	24.98632071897556	2	none	False
chr20:651860:G:A	SRXN1	0.96710455	0.5883668903803132	24.11050550277708	3	none	True
chr20:53631042:A:G	ZNF217	0.9954267	0.5883668903803132	26.708159660635296	2	none	False
chr1:4057178:C:T	ENSG00000284703	0.95541894	0.5883668903803132	23.690248332401207	2	none	False
chr18:78913287:C:T	ENSG00000266586	0.99761486	0.5883668903803132	27.41132819268744	3	CA-H3K4me3	False
chr16:85331543:G:A	ENSG00000287946	0.999996	0.5883668903803132	25.310915200671328	3	none	True
chr13:26052234:C:G	SHISA2	1.0	0.5883668903803132	26.153412541400133	3	none	False
chr10:112952835:G:C	ENSG00000233547	0.9008463	0.5883668903803132	25.35704513195646	2	none	False
chr9:90828997:A:C	SYK	0.9999233	0.5882352941176471	28.02522624759892	2	none	False
chr20:46010142:A:G	MMP9	0.999974	0.5882352941176471	27.137508652845376	3	pELS	False
chr4:159180147:G:A	MIR3688-1	0.9098659	0.5881006864988558	37.21323366946679	4	dELS	False
chr15:22799648:G:A	ENSG00000291163	0.9994674	0.5881006864988558	26.02262645052725	2	none	False
chr8:2616850:C:T	LINC03021	0.98542804	0.5879732739420935	30.359017583943057	3	none	True
chr18:77134229:C:T	MBP	0.9999714	0.5879732739420935	30.205143081068275	4	pELS	True
chr4:8200484:A:G	SH3TC1	0.9224646	0.5878378378378378	26.081959806423512	3	dELS	False
chr15:71700196:C:A	NR2E3	0.9125445	0.5878378378378378	30.79826869326951	3	none	True
chr14:99602348:T:G	CCDC85C	0.9102289	0.5878378378378378	28.26227574788503	4	dELS	False
chr13:20945906:A:C	HNRNPA1P30	0.9948203	0.5878378378378378	33.472918700266405	3	none	False
chr10:30505218:A:G	HNRNPA1P32	1.0	0.5878378378378378	31.8777711192374	4	none	True
chr9:39876786:G:T	ENSG00000283886	0.9999999	0.5877437325905293	33.83712723986199	4	none	True
chr7:7259400:T:C	LINC03016	1.0	0.5876993166287016	28.78816451777566	3	dELS	False
chr2:241814768:C:T	ENSG00000224272	0.98768854	0.5875831485587583	26.34935197001555	3	pELS	False
chr2:241772191:C:A	GAL3ST2	0.99931055	0.5875831485587583	28.80176307255033	4	dELS	True
chr22:43148276:T:C	TSPO	0.9869723	0.5875831485587583	27.18031285141328	3	dELS	False
chr14:22790490:C:T	OXA1L-DT	0.9997737	0.5875831485587583	32.68260063786148	4	dELS	True
chr12:40059:T:C	WASH8P	0.99548864	0.5875831485587583	29.177939510697144	3	none	True
chr19:720639:C:G	PALM	0.9999415	0.5874439461883408	23.69185911025447	2	none	False
chr12:121523950:C:A	KDM2B-DT	1.0	0.5871559633027523	29.189141585269024	4	none	True
chr3:196528902:G:A	NAA50P2	0.9647365	0.5870535714285714	27.91105794057729	3	PLS	False
chr19:57317612:G:A	ENSG00000268723	0.9989879	0.5870535714285714	29.35705192587752	4	PLS	False
chr11:125182730:A:G	ENSG00000259290	0.9499166	0.5870535714285714	32.79833617615594	3	none	True
chr1:1424900:T:C	ACAP3	0.9200292	0.5869074492099323	25.525057292179024	3	pELS	False
chr10:49768332:C:A	MAPK6P6	0.9999997	0.58675799086758	26.07292390904483	2	none	False
chr22:17785684:G:A	LINC00528	0.99999994	0.5866666666666667	26.824805156354472	3	dELS	False
chr18:76596417:T:C	ENSG00000286090	0.99999875	0.5866666666666667	27.29725900528657	3	none	True
chr17:81406747:T:C	MIR4740	0.9990689	0.5866666666666667	27.157301744381336	4	dELS	True
chr9:138175021:C:T	TUBBP5	0.97069657	0.5865168539325842	25.144922271750687	2	none	False
chr2:74926423:C:T	ENSG00000236209	1.0	0.5865168539325842	29.759820830607502	3	none	False
chr20:2750747:G:A	UBOX5	0.97530556	0.5865168539325842	24.31947119726969	3	none	True
chr17:1492388:C:T	MYO1C	0.92981464	0.5865168539325842	27.694854625121533	4	pELS	True
chr20:25793112:G:A	BSNDP3	0.99992913	0.5864661654135338	34.27511944308815	3	none	False
chr17:12433025:G:A	ENSG00000286617	0.9459069	0.5863636363636363	27.233832366948235	3	dELS	False
chr16:22627571:C:T	LINC02890	1.0	0.5862831858407079	28.12695962349185	4	none	True
chr11:350279:T:C	ENSG00000270972	0.9813288	0.5862831858407079	26.142375732433603	2	none	False
chr7:4417372:C:T	CYP3A54P	1.0	0.5861297539149888	32.97330244061181	3	none	False
chr7:155239879:G:A	ENSG00000290007	0.9283145	0.5861297539149888	31.187821762582992	4	none	True
chr3:126288307:T:C	ENSG00000251448	0.9780712	0.5861297539149888	27.32824342990249	3	pELS	False
chr20:61160663:C:T	ENSG00000289577	0.9832641	0.5861297539149888	32.98055584995909	4	dELS	False
chr19:3125596:G:A	ENSG00000267688	0.99481976	0.5861297539149888	28.89060140161704	3	dELS	False
chr22:47001539:G:A	TBC1D22A-AS1	1.0	0.5859728506787331	41.673555151432446	5	dELS	True
chr17:13318137:C:T	LINC02093	1.0	0.5859728506787331	45.40726922104764	4	none	True
chr10:80158826:G:A	PLAC9	0.99993616	0.585812356979405	36.32807352893417	5	dELS	True
chr22:46739308:A:C	CERK	1.0	0.5857461024498887	35.24826455480944	4	pELS	False
chr19:2988514:C:T	TLE6	0.9998983	0.5857461024498887	24.04347311184216	2	none	False
chr17:364971:C:T	ENSG00000262558	0.99991846	0.5857461024498887	28.918851296660065	4	dELS	True
chr12:14260997:G:C	RNU6-491P	0.99998933	0.5857461024498887	26.21360576368157	3	none	True
chr2:130428347:C:T	PRSS40A	0.98033607	0.5855855855855856	26.00686526096192	3	none	False
chr22:45412571:T:A	RIBC2	0.90144795	0.5855855855855856	31.30413945002601	4	CA	False
chr17:6653007:G:A	C17orf100	1.0	0.5855855855855856	32.39095654798301	3	none	False
chr11:9397333:T:A	RNA5SP330	0.98603517	0.5855855855855856	28.921819586575136	3	none	True
chr9:61916247:G:A	ENSG00000276845	0.99998975	0.5855421686746988	31.57995753933663	3	none	True
chr19:12750172:A:G	RTBDN	0.98657054	0.585480093676815	27.49354645807016	4	pELS	False
chr20:4875717:G:C	ENSG00000252096	0.96987295	0.5854214123006833	35.28385113128614	5	dELS	True
chr9:39608885:G:A	FKBP4P2	0.9837781	0.5853658536585366	28.15747568494143	3	none	True
chr8:141518652:A:G	C8orf90	0.98345006	0.5853658536585366	25.24207016411417	3	CA-H3K4me3	False
chr15:70479796:T:C	LINC02205	1.0	0.5853658536585366	28.4888537756778	3	dELS	False
chr7:2352598:C:T	EIF3B	0.9536229	0.5852017937219731	24.09649454535392	2	none	False
chr6:9023206:G:A	ENSG00000225775	0.9999649	0.5852017937219731	25.432034261992523	3	none	False
chr10:14975055:C:A	OR7E110P	0.9092813	0.5852017937219731	25.999717149529783	3	none	False
chr6:106026874:C:T	PRDM1	1.0	0.585081585081585	39.52472058133867	4	dELS	False
chr7:157352477:A:C	ENSG00000289418	0.9998838	0.5850340136054422	27.939154269192382	3	dELS	False
chr6:167796847:G:C	ENSG00000269155	0.9265115	0.5850340136054422	23.6785930977566	2	none	False
chr12:15876293:T:C	EPS8	0.99999946	0.5849056603773585	29.48699555558801	4	none	True
chr9:136045154:T:C	NACC2	1.0	0.5848214285714286	27.86041337537619	4	dELS	False
chr9:134462112:A:G	ENSG00000223795	0.9999377	0.5848214285714286	26.11538881828745	3	none	False
chr5:1888169:A:C	CTD-2194D22.4	1.0	0.5846501128668171	27.32448252044288	3	none	False
chr4:3258427:T:C	HTT	0.99499977	0.5846501128668171	25.946843104240223	2	none	False
chr17:43927825:G:A	ENSG00000267420	0.99371123	0.5846501128668171	25.983894869470987	3	PLS	False
chr2:64328199:G:A	ENSG00000238012	0.9959883	0.5844748858447488	32.2812055397303	5	dELS	True
chr1:232805407:C:T	MAP10	1.0	0.5844748858447488	31.62035844172001	5	pELS	True
chr17:79183046:C:A	ENSG00000266711	0.9984075	0.5842696629213483	23.178781688286776	2	none	False
chr14:22506122:A:G	TRAJ35	0.9833276	0.5842696629213483	37.81604036379351	4	pELS	False
chr3:32469724:G:C	CMTM6	0.99948186	0.5840909090909091	28.180453331823607	3	dELS	False
chr8:12526574:T:C	ENPP7P6	0.99121106	0.584070796460177	25.575611587645405	3	none	True
chr1:16570374:T:A	NBPF1	0.9291853	0.584070796460177	25.422680008553808	3	none	False
chr19:725458:A:G	PALM	0.9986058	0.5838926174496645	25.18071879486536	3	none	True
chr17:9004361:G:T	NTN1	0.9999858	0.5838926174496645	24.38751123990774	3	none	True
chr16:8661413:A:G	ENSG00000279357	0.9848666	0.5838926174496645	33.16191118322741	5	TF	True
chr16:85941279:A:G	LINC02132	0.99999994	0.5838926174496645	33.86249919955509	4	dELS	False
chr10:100730404:G:C	SMARCE1P7	0.9105974	0.5835240274599542	22.5413654229658	2	none	False
chr22:49472175:T:C	TRABD	0.98401487	0.5835189309576837	29.2468243802057	3	PLS	False
chr20:63521166:C:G	PPDPF	0.9593418	0.5835189309576837	24.288958351681718	2	none	False
chr19:1032690:G:T	ENSG00000279753	0.9989829	0.5835189309576837	23.61549233803343	2	none	False
chr18:78501025:T:C	ENSG00000265378	1.0	0.5835189309576837	25.025950105138563	2	none	False
chr17:206326:A:G	LINC02091	1.0	0.5835189309576837	38.39304378361656	5	dELS	True
chr15:70475639:C:T	LINC02205	0.9991535	0.5835189309576837	28.923109035358284	4	dELS	True
chr18:75858012:A:G	ENSG00000266460	0.9983168	0.5833333333333334	37.347230597749366	4	dELS	True
chr16:11686918:T:C	SNN	1.0	0.5833333333333334	36.88089217248542	4	dELS	False
chr20:62873105:T:C	ARF4P2	1.0	0.5831485587583148	28.200963347404173	5	TF	True
chr20:59515723:A:C	PIEZO1P2	0.960736	0.5831485587583148	26.43911041890462	3	dELS	False
chr16:85983088:C:T	ENSG00000269667	0.9312887	0.5831485587583148	28.501373751551604	5	pELS	True
chr6:142845714:G:A	ENSG00000237851	0.9881505	0.5831435079726651	31.059496429363406	3	none	False
chr21:36105170:G:C	SRSF9P1	0.9911685	0.5831435079726651	29.398800815930947	5	dELS	True
chr1:247078548:G:C	ENSG00000215796	0.9887912	0.5831435079726651	24.8920901080882	3	none	True
chr8:11762477:C:T	NEIL2	1.0	0.5829596412556054	31.97545015456977	3	none	False
chr5:181060905:T:C	MIR8089	0.9232593	0.5829596412556054	27.033766226191965	3	dELS	False
chr1:16676720:C:G	ESPNP	0.97782993	0.5829596412556054	27.525222079934256	4	dELS	True
chr18:79798421:T:C	KCNG2	0.9998584	0.5829596412556054	24.71723612903322	3	pELS	False
chr16:11677497:C:A	SNN	1.0	0.5829596412556054	35.31022939542176	5	dELS	True
chr12:10672256:A:T	STYK1	0.961311	0.5829596412556054	31.887211441458835	5	pELS	True
chr8:53693081:G:A	ENSG00000253668	0.9239538	0.5829493087557603	29.42485808769368	3	dELS	False
chr14:103624162:G:A	RNU4-68P	0.99871147	0.5829493087557603	31.410691142400324	4	dELS	False
chr4:973547:G:T	DGKQ	0.99639124	0.5827664399092971	27.37049320166354	4	CA-H3K4me3	True
chr2:130693567:C:T	RNU6-848P	0.99992925	0.5827664399092971	27.86768270946869	4	none	True
chr6:155383019:T:C	ENSG00000232529	1.0	0.5825688073394495	36.82565014792418	3	none	False
chr20:5593013:A:G	GPCPD1	1.0	0.5825688073394495	43.09340851935719	5	dELS	True
chr15:43798600:T:C	ENSG00000262560	0.91296184	0.5825688073394495	30.764453222669868	4	pELS	False
chr2:241125472:T:C	ENSG00000229996	0.99993384	0.582392776523702	26.062113425990887	3	dELS	False
chr1:246068093:C:A	SMYD3-AS1	0.95772976	0.582392776523702	30.88925344427088	4	dELS	True
chr7:157710224:G:T	ENSG00000231515	0.9868278	0.5822222222222222	23.183474900661214	2	none	False
chr19:3369574:T:G	ENSG00000279599	1.0	0.5822222222222222	31.10916017597449	4	pELS	False
chr14:95362647:C:T	CLMN	1.0	0.5822222222222222	30.99880347985262	5	dELS	True
chr11:8336255:G:A	LMO1	0.9999742	0.5822222222222222	24.587362711510867	2	none	False
chr3:192908542:C:T	MB21D2	0.9607501	0.5820224719101124	27.43949238714363	2	none	False
chr19:7473231:A:G	TEX45	0.9968974	0.5820224719101124	27.3334732111837	3	none	True
chr2:1707669:C:T	PXDN	0.962732	0.581858407079646	27.782133386147024	4	dELS	True
chr20:62477779:C:T	ENSG00000272050	1.0	0.581858407079646	27.221048529122303	3	PLS	False
chr5:115816074:C:G	CDO1	0.93100834	0.5818181818181818	24.0252494935397	3	none	False
chr9:37384593:A:G	LINC01627	0.98428833	0.5816554809843401	25.3576724040149	2	none	False
chr9:37384593:A:C	LINC01627	0.14708233	0.5816554809843401	21.72445566877458	1	none	False
chr22:50195257:T:C	ENSG00000273188	0.99699134	0.5816554809843401	29.249167512681296	5	dELS	True
chr22:50000165:C:T	IL17REL	1.0	0.5816554809843401	31.0767103641254	5	CA-H3K4me3	True
chr19:45345134:C:T	KLC3	0.9993619	0.5816554809843401	27.17582435714122	4	pELS	False
chr18:79884742:C:T	ENSG00000278075	0.94708204	0.5816554809843401	24.158128675944685	2	none	False
chr9:40742644:T:C	FOXD4L6	0.9999283	0.581447963800905	27.698767457696057	2	none	False
chr6:10098477:T:C	RPL7AP36	1.0	0.581447963800905	31.06931109007412	3	none	False
chr16:14310365:G:T	MIR365A	0.9527152	0.581447963800905	29.017561015002933	3	pELS	False
chr5:1851069:T:G	ENSG00000249966	0.96927214	0.5812917594654788	28.723330499858942	4	PLS	True
chr5:177971517:G:C	SUDS3P1	0.9587145	0.5812917594654788	26.59083547100873	3	none	False
chr17:80970304:C:G	ENSG00000261924	0.9999659	0.5812917594654788	31.71047784478741	5	pELS	True
chr12:49960654:A:C	AQP5	0.9999992	0.5812917594654788	29.874850783644558	5	pELS	True
chr5:178575337:C:T	COL23A1	1.0	0.581081081081081	27.561723583247247	4	CA-H3K4me3	False
chr2:111196333:G:A	ENSG00000230499	1.0	0.581081081081081	28.614739583770778	3	none	False
chr1:1251122:A:T	ENSG00000260179	1.0	0.581081081081081	34.438121112926446	5	pELS	True
chr19:14561937:C:T	DNAJB1	0.9999357	0.581081081081081	30.691129437588096	4	pELS	False
chr18:58064113:C:T	NEDD4L	0.91680366	0.581081081081081	30.62376221332299	3	none	False
chr11:290143:A:G	PIDD1	0.97404724	0.5809312638580931	26.31773504509764	3	PLS	False
chr11:267778:C:G	COX8BP	0.9999925	0.5809312638580931	25.35054771618502	3	dELS	False
chr4:24889134:A:G	CCDC149	1.0	0.5808656036446469	33.35192960834905	4	dELS	False
chr3:9355082:T:C	PGAM1P4	0.92959297	0.5808656036446469	27.258380727684383	3	none	True
chr9:134749609:A:G	ENSG00000286502	0.99987525	0.5807174887892377	24.475604688980287	3	none	False
chr14:65070841:T:A	ENSG00000259118	0.99999994	0.5806451612903226	36.9089279395891	5	dELS	True
chr6:16199050:T:G	RNU6-1114P	0.99765027	0.5804988662131519	29.26084601160928	4	dELS	False
chr15:90565849:C:T	ENSG00000259212	0.96656555	0.5804988662131519	28.46209996612277	3	none	True
chr7:2694042:A:G	AMZ1	0.9999994	0.5803571428571429	26.38950254190867	4	dELS	True
chr7:102343273:G:A	SPDYE6	0.98702836	0.5803571428571429	29.383398416720876	4	none	True
chr5:103551410:C:T	LINC02115	0.99994195	0.5803571428571429	30.97321819058237	3	none	False
chr17:29584935:G:C	ANKRD13B	1.0	0.5803571428571429	31.65219121580657	4	none	True
chr21:6369877:A:C	Y_RNA	0.9586311	0.5802469135802469	24.51971471076023	2	none	False
chr19:41025692:C:G	CYP2A7P1	0.9603494	0.5801354401805869	27.11472391436361	3	none	False
chr19:2187854:G:A	AP3D1	1.0	0.5801354401805869	30.87159536086439	5	dELS	True
chr16:89947457:A:G	DEF8	0.9993186	0.5801354401805869	26.18910349567195	4	pELS	False
chr9:61878825:C:A	Y_RNA	0.9572654	0.5800524934383202	31.255042315783395	2	none	False
chr1:146135996:G:A	ENSG00000287190	0.9696418	0.58	28.99519569522667	3	pELS	False
chr19:51717098:G:A	HAS1	1.0	0.58	25.171398597720483	2	none	False
chr17:57444575:C:T	ENSG00000279281	0.9878743	0.58	26.79926048061877	3	none	True
chr12:8220161:A:C	ENSG00000290939	0.99059045	0.58	22.735918174466654	2	none	False
chr9:6701918:A:G	LINC02851	1.0	0.5798525798525799	28.66064018111576	3	none	False
chr1:7892143:A:G	UTS2	1.0	0.5797752808988764	29.03475227590502	4	none	True
chr19:16086611:A:G	ENSG00000279198	0.99881876	0.5797752808988764	29.22715285889917	3	dELS	False
chr4:49163831:T:A	ENSG00000249828	0.9185319	0.5796460176991151	23.334028187504863	2	none	False
chr7:65732134:T:C	ENSG00000229886	0.9549575	0.5795454545454546	26.761088522911788	3	none	True
chr3:122694689:T:G	PARP14	0.9863834	0.5795454545454546	32.777726521160645	4	dELS	True
chr11:116706725:A:G	BUD13	1.0	0.5795454545454546	29.33024736626076	4	none	True
chr5:179264982:C:T	ADAMTS2	0.99999034	0.5794183445190156	28.0847007783898	4	dELS	False
chr1:230300069:C:T	ENSG00000224407	0.98725975	0.5794183445190156	26.72421508165121	3	dELS	False
chr16:87866091:T:G	SLC7A5	1.0	0.5794183445190156	29.267432987847755	4	dELS	True
chr15:79432832:T:A	MINAR1	0.98407614	0.5794183445190156	22.790523913013725	2	none	False
chr12:132563676:T:C	ENSG00000279700	0.9367212	0.5794183445190156	26.918832121216923	2	none	False
chr13:27424463:T:C	GTF3A	0.94433546	0.5793103448275863	25.28683190904638	3	pELS	False
chr21:23455933:T:G	ENSG00000227716	1.0	0.579185520361991	33.03642006647968	3	CA-H3K4me3	False
chr9:136530146:G:A	MIR4673	0.9961023	0.579064587973274	25.69794003531876	4	dELS	True
chr9:134838892:G:A	MIR3689C	0.99531186	0.579064587973274	22.847890607621604	2	none	False
chr7:4791590:G:A	Y_RNA	0.9535473	0.5788288288288288	29.21591114810516	4	pELS	False
chr6:166307126:T:C	PRR18	0.90608317	0.5788288288288288	26.30407574993373	3	pELS	False
chr1:156157577:T:C	SEMA4A	0.9998993	0.5788288288288288	32.33709551372856	4	dELS	False
chr10:14995131:T:C	OR7E110P	0.98825014	0.5788288288288288	25.359459497287528	3	dELS	False
chr15:85708862:G:T	ENSG00000259544	0.98549175	0.5785876993166287	29.43923590695489	3	none	True
chr18:79951357:T:G	SLC66A2	0.9745017	0.57847533632287	28.45594398129127	5	pELS	True
chr10:35765169:G:A	PCAT5	0.95976347	0.57847533632287	28.30720930210745	4	dELS	True
chr10:3482310:A:G	ENSG00000289994	0.95381093	0.57847533632287	30.616691717508857	4	dELS	True
chr9:64469809:C:T	ANKRD20A5P	0.9993373	0.5784615384615385	33.876189606905186	3	none	True
chr20:50812450:A:T	BCAS4	0.96483785	0.5783410138248848	27.668427618960667	3	none	True
chr13:40654513:A:G	FOXO1	0.9953207	0.5783410138248848	38.552105403316105	5	dELS	True
chr22:39388840:G:C	ENSG00000280216	1.0	0.5782312925170068	40.294404473607855	4	dELS	False
chr17:39872867:C:G	ZPBP2	0.99529326	0.5781990521327014	37.28235353910885	4	none	True
chr6:166757887:T:A	ENSG00000235008	0.99511874	0.578125	28.80643167720045	4	dELS	True
chr17:80261661:A:G	RNF213	0.988502	0.578125	26.970872766658392	3	pELS	False
chr10:132384388:A:G	PWWP2B	1.0	0.578125	24.78366575160706	3	none	True
chr2:209209015:T:C	PKP4P1	0.9999953	0.5779816513761468	30.875907943038644	4	dELS	False
chr17:81499240:C:G	ENSG00000263218	0.96919936	0.5778781038374717	26.94901634048512	4	pELS	True
chr16:75485492:G:C	ENSG00000203472	1.0	0.5778781038374717	39.069434757709416	4	dELS	False
chr5:55421097:T:C	ENSG00000279883	0.9994052	0.5778301886792453	41.93235268817686	4	none	True
chr22:49837507:C:G	RPL5P35	0.96157223	0.5777262180974478	26.59057965221018	4	dELS	True
chr19:41646867:A:T	ENSG00000268582	0.9751952	0.5777262180974478	27.90365285884401	3	none	True
chr5:172643217:T:G	NEURL1B	0.949607	0.5775280898876405	27.81720976119721	3	pELS	False
chr5:143161204:G:A	ARHGAP26-IT1	0.99983984	0.5775280898876405	34.250742133420744	4	none	True
chr4:8874588:C:G	HMX1	0.998899	0.5775280898876405	25.367458528431293	3	CA-H3K4me3	False
chr22:45426076:C:G	ENSG00000232363	0.9431318	0.5775280898876405	28.49070876657154	3	dELS	False
chr20:45307345:A:G	RBPJL	0.9005557	0.5775280898876405	25.928392533428717	3	none	True
chr19:710144:C:T	PALM	0.9999964	0.5775280898876405	27.909243834412912	4	pELS	True
chr19:49745244:T:C	TSKS	0.9815025	0.5775280898876405	27.21194571540172	4	pELS	True
chr4:49160151:C:G	ENSG00000249828	0.9315858	0.577433628318584	24.651791901255784	3	dELS	False
chr15:20210053:G:A	RHPN2P1	0.99657834	0.577433628318584	25.45418140408793	2	none	False
chr9:89542795:T:G	SEMA4D	1.0	0.5772727272727273	37.60157181007646	5	dELS	True
chr5:178203538:G:A	ENSG00000289390	0.9798409	0.5771812080536913	23.45196664037918	3	TF	False
chr2:3483551:A:G	TRAPPC12-AS1	0.92649364	0.5771812080536913	30.273236381005333	5	pELS	True
chr6:42910968:C:T	PTCRA	0.90175074	0.5770114942528736	25.283498327015863	3	dELS	False
chr1:10173698:A:G	RNU6-828P	0.99136865	0.5769230769230769	31.34699638357937	5	dELS	True
chr11:66335298:A:C	ENSG00000254756	1.0	0.5769230769230769	31.398300663728957	5	pELS	True
chr9:25678641:G:A	ENSG00000279256	0.9831197	0.576837416481069	23.95401380618856	2	none	False
chr8:141004870:T:C	PTK2	1.0	0.576837416481069	34.32720481647968	3	none	False
chr1:248407874:T:C	OR2T1	1.0	0.576837416481069	32.35853561118714	5	dELS	True
chr19:447550:G:A	RNA5SP462	0.98443925	0.576837416481069	27.35486483723876	4	dELS	True
chr18:9838352:A:G	ENSG00000285653	0.9999988	0.576837416481069	27.498883525453817	4	dELS	True
chr8:10805045:A:C	MIR1322	0.99656445	0.5766590389016019	30.400698949351828	3	dELS	False
chr21:33400410:G:C	ENSG00000289939	1.0	0.5766590389016019	31.86413516334869	4	pELS	True
chr19:46078360:A:G	ENSG00000267922	0.95823234	0.5766590389016019	24.3170718711851	2	none	False
chr19:13841016:G:A	MIR23AHG	0.9498007	0.5766590389016019	26.27097890545212	3	pELS	False
chr8:12183586:T:G	ALG1L11P	0.94943106	0.5765765765765766	27.065140802466995	4	none	True
chr5:172272812:C:G	UBTD2	0.9559158	0.5765765765765766	30.16132356786187	4	none	True
chr1:11654311:T:G	FBXO44	0.99903184	0.5765765765765766	25.06795176067004	3	none	True
chr1:1050520:C:T	CFAP74	0.976817	0.5765765765765766	24.751436922771408	3	none	True
chr1:1023789:G:C	AGRN	0.99996215	0.5765765765765766	28.431758280469975	4	dELS	True
chr12:100718403:C:G	ANO4	1.0	0.5765765765765766	29.37157959111074	4	pELS	False
chr10:78912938:C:T	ENSG00000229569	0.99999803	0.5765765765765766	26.50864833826105	3	dELS	False
chr21:44353556:C:T	TRPM2	0.99988294	0.5763097949886105	30.28224767864934	4	pELS	True
chr11:70662473:C:G	NADSYN1	0.9767043	0.5763097949886105	25.24002955414181	3	PLS	False
chr9:134782015:T:G	ENSG00000286502	0.98818856	0.5762331838565022	28.310117250762097	4	dELS	True
chr2:239936287:A:G	MIR4786	0.99420017	0.5762331838565022	23.43673206576864	2	none	False
chr22:37158799:C:G	ENSG00000235237	1.0	0.5762331838565022	38.55225022400666	4	dELS	False
chr20:53838155:C:T	ENSG00000225563	0.98016644	0.5762331838565022	31.79054101154128	3	dELS	False
chr14:92655025:T:C	LGMN	0.98713404	0.5762331838565022	28.279092096350407	4	none	True
chr2:25154307:T:C	POMC	0.97648376	0.5759637188208617	24.49591150958556	2	none	False
chr1:275337:T:C	ENSG00000286448	0.9965549	0.5759162303664922	33.28908491858147	4	CA-CTCF	False
chr8:100866129:C:T	RPS26P6	1.0	0.5758928571428571	33.22426631330912	3	dELS	False
chr3:194204395:C:A	LINC02037	1.0	0.5758928571428571	32.98789015970612	4	dELS	False
chr21:42373905:C:T	TFF1	1.0	0.5758928571428571	25.19205184189429	3	none	False
chr16:1072170:G:A	SSTR5	1.0	0.5758928571428571	29.80946389922146	4	pELS	False
chr1:88975213:A:G	KYAT3	1.0	0.5756880733944955	29.625227735172626	3	none	False
chr8:127973840:C:T	MIR1205	1.0	0.5756207674943566	28.27395643121228	2	none	False
chr7:31052059:T:A	ADCYAP1R1	0.9999624	0.5756207674943566	23.693873840317483	2	none	False
chr22:23953099:T:C	ENSG00000231271	0.99999964	0.5755968169761273	31.03618925709826	4	none	True
chr7:522588:T:G	PDGFA-DT	0.99217534	0.5755555555555556	21.580498245104597	2	none	False
chr22:17778262:A:G	LINC00528	0.9999993	0.5755555555555556	26.39537533030998	4	pELS	True
chr19:603832:C:T	ENSG00000267036	0.98034406	0.5755555555555556	28.441864943084685	4	none	True
chr15:96354777:T:C	ENSG00000259275	0.9969078	0.5755555555555556	26.15779743750684	4	pELS	True
chr14:105680372:C:T	IGHGP	0.97044253	0.5754716981132075	22.33094325616433	2	none	False
chr8:12428328:G:A	ALG1L12P	0.9982131	0.5754060324825986	27.308752196539224	3	none	False
chr21:40215900:T:G	MIR4760	0.9995856	0.5753424657534246	34.93928678956222	4	none	True
chr6:25393504:C:T	RNU6-987P	0.9070172	0.5752808988764045	30.001895599431776	4	none	True
chr6:167131221:C:T	ENSG00000284914	0.99997145	0.5752808988764045	27.951168860468663	3	pELS	False
chr5:75053805:G:A	GCNT4	0.9847477	0.5752808988764045	26.4406452545305	4	pELS	True
chr3:10210642:T:C	TATDN2	0.99972963	0.5752808988764045	29.873642226469716	4	none	True
chr16:90149407:T:G	CICP25	0.9987431	0.5752212389380531	30.48880733267919	4	CA	False
chr11:35351833:A:C	ENSG00000215380	0.99952865	0.575	44.61663810926038	4	none	True
chr20:47436496:G:T	LINC01754	1.0	0.5749440715883669	28.635626042096437	3	dELS	False
chr16:88971030:C:G	CBFA2T3	1.0	0.5749440715883669	29.458104938094888	3	dELS	False
chr16:86761025:C:T	ENSG00000287010	1.0	0.5749440715883669	25.68129466865924	3	none	True
chr16:85077297:C:G	CIBAR2	0.99869144	0.5746606334841629	28.739972669175657	4	dELS	True
chr4:4342833:G:A	NSG1	0.99993604	0.5746102449888641	25.27351277518139	2	none	False
chr20:25585849:A:G	NINL	0.98451257	0.5744186046511628	26.512910890067943	3	pELS	False
chr5:56909530:A:G	SETD9	0.99932724	0.5743707093821511	29.57372510455755	4	pELS	False
chr1:9267328:T:G	SPSB1	1.0	0.5743243243243243	32.810299119509565	5	dELS	True
chr16:4660897:T:G	Metazoa_SRP	0.99995446	0.5743243243243243	27.848963305467613	4	pELS	True
chr11:117491483:T:C	ENSG00000279586	1.0	0.5743243243243243	25.66939433771295	2	none	False
chr10:124604551:T:C	ENSG00000278831	0.98387635	0.5742793791574279	26.060668045043816	4	none	True
chr6:5135982:G:C	MIR3691	1.0	0.5740318906605922	28.298982346124497	3	none	False
chr6:37701865:G:A	MDGA1	0.9584262	0.5739910313901345	35.470515962811504	5	dELS	True
chr22:49495989:C:G	ENSG00000280224	0.94586176	0.5739910313901345	27.387264055880305	3	CA	False
chr22:42649452:G:T	ATP5MGL	1.0	0.5739910313901345	31.181994011079787	4	pELS	False
chr17:45379403:C:T	ENSG00000267446	0.9998377	0.5739910313901345	27.179590861511624	2	none	False
chr16:89320400:A:G	ENSG00000261253	1.0	0.5739910313901345	35.90727218993028	5	PLS	True
chr17:78489621:C:T	DNAH17-AS1	1.0	0.5736607142857143	24.67833477308117	3	none	False
chr17:36181152:G:T	TBC1D3G	0.99633896	0.5734597156398105	28.987319813121232	3	none	False
chr8:11709867:A:C	GATA4	0.90538436	0.5733634311512416	25.206068396165552	3	none	True
chr22:27615106:A:G	ENSG00000224027	0.99978983	0.5733634311512416	27.55848489179706	3	dELS	False
chr19:2635061:T:C	ENSG00000267214	0.9991677	0.5733634311512416	27.642353966941428	4	dELS	True
chr14:89462948:T:G	FOXN3-AS1	0.99931294	0.5733634311512416	28.14428975655333	4	dELS	True
chr7:150047746:C:T	ENSG00000276538	0.9177199	0.5733333333333334	23.98003039986521	3	none	True
chr22:48249074:A:T	ENSG00000285707	0.99999964	0.5733333333333334	35.5782213984124	4	none	True
chr9:62688354:G:A	FKBP4P7	0.99999845	0.5732009925558312	30.136408227750824	3	none	True
chr9:41242678:T:A	RNA5SP530	1.0	0.573170731707317	37.89719698277854	3	none	False
chr7:158428346:G:A	ENSG00000289418	1.0	0.5730337078651685	28.59807266888913	4	none	True
chr7:136293406:A:G	TRPC6P8	0.99999917	0.5730337078651685	36.13029467747023	5	dELS	True
chr3:10285002:A:G	LINC00852	0.99654955	0.5730337078651685	27.61645670358468	3	pELS	False
chr19:830538:G:A	AZU1	0.99999875	0.5730337078651685	24.157522012187187	2	none	False
chr1:1679085:T:C	ENSG00000269737	1.0	0.5727272727272728	32.03304230637894	5	dELS	True
chr19:3682910:G:C	PIP5K1C	0.939234	0.5727272727272728	25.605179194449374	3	dELS	False
chr4:40534269:T:C	MIR4802	0.99800164	0.5727069351230425	25.511744764881367	2	none	False
chr20:62891556:A:G	ARF4P2	0.999858	0.5727069351230425	28.890901722983514	4	dELS	True
chr16:86513395:C:T	FOXF1	1.0	0.5727069351230425	26.06750753642921	3	dELS	False
chr10:312203:T:C	RNA5SP298	1.0	0.5727069351230425	32.1504737235998	4	dELS	False
chr2:119291056:G:A	STEAP3-AS1	0.9915246	0.5724465558194775	42.40344054417826	4	dELS	False
chr9:98035935:G:A	RNU6-918P	0.9997042	0.5724137931034483	30.578969699658643	4	none	True
chr17:19032165:C:A	ENSG00000262319	0.9229377	0.5724137931034483	26.49767978968807	3	none	False
chr7:77539068:G:A	PTPN12	0.99962306	0.5723981900452488	27.6302248886807	4	dELS	True
chr7:55539496:T:C	VOPP1	0.96421105	0.5723981900452488	29.509043327925063	4	pELS	True
chr2:38096468:C:T	CYP1B1	1.0	0.5723981900452488	33.07761531320222	5	dELS	True
chr18:22324881:T:G	ENSG00000273348	1.0	0.5723981900452488	37.83034463626853	4	dELS	False
chr16:84712039:G:A	USP10	0.99999994	0.5723981900452488	31.732041345810323	5	dELS	True
chr7:5925657:G:A	CCZ1	0.9566888	0.5723830734966593	30.929761827504265	4	none	True
chr7:154891372:T:C	ENSG00000236408	0.9900006	0.5723830734966593	28.14248309671103	4	none	True
chr2:2656300:C:T	ENSG00000289608	1.0	0.5723830734966593	32.843483056764015	5	dELS	True
chr22:47918094:C:A	ENSG00000279712	0.99987566	0.5723830734966593	30.39720922908998	3	none	False
chr20:642571:C:A	SRXN1	0.99788374	0.5723830734966593	26.09222613357924	4	none	True
chr17:81536328:G:A	ENSG00000289182	0.90449977	0.5723830734966593	26.064067480929957	4	pELS	True
chr12:682639:G:A	LINC02455	0.96258223	0.5723830734966593	27.58255683791432	3	none	True
chr3:75735186:A:G	LINC00960	0.9884018	0.5721271393643031	30.326110901006977	3	PLS	False
chr21:44707463:C:G	KRTAP10-5	0.9902186	0.5720720720720721	24.732208115719967	3	dELS	False
chr7:157734290:C:T	ENSG00000231515	0.97620887	0.5720620842572062	23.67088535617627	2	none	False
chr20:63014427:T:G	STMN3	0.9527874	0.5720620842572062	22.7537432818957	2	none	False
chr9:61929797:C:T	ENSG00000283541	0.99886197	0.5717884130982368	27.954075820031637	3	none	False
chr2:237486103:G:T	MLPH	0.99971914	0.5717592592592593	25.8629573690519	3	none	True
chr2:70823430:C:A	CLEC4F	0.9997405	0.5717488789237668	30.99129181981054	3	none	True
chr19:55003641:C:T	GP6-AS1	1.0	0.5717488789237668	25.195873558832595	2	none	False
chr10:99523573:C:A	ENSG00000228778	0.99967796	0.5717488789237668	29.412292740041973	4	dELS	True
chr9:31151601:C:T	ENSG00000223421	0.999383	0.5714285714285714	31.901194217031183	3	none	True
chr9:136321563:T:C	DKFZP434A062	0.9935431	0.5714285714285714	25.44617535470992	2	none	False
chr5:115179175:G:A	TRIM36	1.0	0.5714285714285714	26.131787135993143	2	none	False
chr4:3040211:T:C	HTT	0.9936985	0.5714285714285714	26.961548815058304	2	none	False
chr22:23924767:A:C	ENSG00000225282	1.0	0.5714285714285714	42.96817402689628	4	none	True
chr22:17008687:G:A	GAB4	0.9999997	0.5714285714285714	24.41069943776934	2	none	False
chr20:63244557:C:T	MIR3196	0.9872292	0.5714285714285714	25.1621507566195	3	dELS	False
chr19:55157451:A:G	TNNI3	0.99864465	0.5714285714285714	31.34682561654114	4	pELS	False
chr19:46392490:A:C	ENSG00000291298	0.99145555	0.5714285714285714	28.872122547187868	3	pELS	False
chr17:4426514:A:G	SPNS3	0.93159753	0.5714285714285714	23.833079923030343	2	none	False
chr11:69530568:A:G	LINC01488	0.92822737	0.5714285714285714	31.36742705160071	4	none	True
chr7:157401193:T:C	ENSG00000234210	0.9980942	0.5711111111111111	28.067031006555	4	TF	False
chr22:43164106:G:T	TTLL1-AS1	0.9718018	0.5711111111111111	24.413491739213036	3	none	True
chr18:9007149:A:C	RPS4XP19	0.99998325	0.5711111111111111	36.90045250897674	5	dELS	True
chr5:124528843:G:A	ENSG00000248296	0.9993123	0.5711060948081265	30.98902668469359	5	dELS	True
chr4:2747342:G:C	TNIP2	0.91173464	0.5711060948081265	26.72565873409514	3	dELS	False
chr17:82708545:T:C	ENSG00000263063	0.9993629	0.5711060948081265	27.648192341309496	3	none	True
chr6:29553010:G:C	OR2I1P	0.99980235	0.5711009174311926	25.07936332691632	3	none	True
chr1:226127247:G:A	ENSG00000270598	1.0	0.5711009174311926	36.1346644096968	5	PLS	True
chr1:1897985:C:G	GNB1	0.9995318	0.5711009174311926	31.172457532530967	4	dELS	False
chr9:62882565:T:C	FGF7P8	0.99993235	0.5707964601769911	30.451705793838027	5	pELS	True
chr8:12601353:G:C	RPS3AP34	0.97928154	0.5707964601769911	25.271406891063503	4	CA-CTCF	False
chr8:69715580:A:G	ENSG00000254557	1.0	0.5707865168539326	31.80663723588482	4	dELS	False
chr1:180945830:C:T	KIAA1614-AS1	0.99999225	0.5707865168539326	27.398923268185225	4	dELS	False
chr14:76267845:T:G	ENSG00000280078	0.9841268	0.5707865168539326	28.127883213748326	2	none	False
chr22:25419616:G:A	ENSG00000290796	1.0	0.5707762557077626	26.27257436390154	2	none	False
chr10:102433069:G:T	CUEDC2	1.0	0.5707762557077626	35.427944604939235	5	pELS	True
chr15:62027108:T:G	VPS13C	0.9999963	0.5707656612529002	46.80533873198632	5	dELS	True
chr8:12670736:A:G	VPS51P19	0.96790147	0.5704697986577181	28.19499278462556	3	none	True
chr4:173517076:A:C	ENSG00000288776	0.91225076	0.5704697986577181	24.309929234163462	3	pELS	False
chr2:46681657:T:G	LINC01118	0.9979313	0.5704697986577181	28.133932648785574	3	none	True
chr22:42645165:T:C	ATP5MGL	0.9906623	0.5704697986577181	33.302466795393535	4	pELS	False
chr15:26629248:T:C	ENSG00000235518	0.997009	0.5704697986577181	27.76281975574692	3	PLS	False
chr15:100132895:T:C	ENSG00000259356	0.9999997	0.5704697986577181	27.937832146336905	2	none	False
chr14:92665735:G:C	LGMN	1.0	0.5704697986577181	29.346641911764237	3	none	True
chr11:8610943:C:A	STK33	0.95618045	0.5704697986577181	30.75354144134948	3	none	False
chr10:1375335:C:T	ENSG00000233052	0.99938416	0.5704697986577181	24.913600533937213	3	none	True
chr20:16317964:C:T	ENSG00000287410	0.97207606	0.5704545454545454	31.170279683335373	3	dELS	False
chr1:26201208:T:C	SLC9A1	0.9852372	0.5704545454545454	26.76305816402536	3	dELS	False
chr9:133960545:C:T	VAV2	0.9465322	0.5701559020044543	27.103784019906666	4	dELS	True
chr6:166464416:A:G	RPS6KA2-IT1	0.9129815	0.5701559020044543	23.388131806787115	2	none	False
chr17:212693:T:A	LINC02091	0.98879004	0.5701559020044543	26.342279292398217	3	none	True
chr16:822868:C:T	ENSG00000287855	0.9999998	0.5701559020044543	24.293138764587663	3	none	False
chr12:131135712:T:C	LINC01257	0.93158937	0.5701559020044543	23.875290473784784	3	dELS	False
chr7:36183484:G:A	EEPD1	0.91290134	0.5701357466063348	27.288122416289603	3	dELS	False
chr19:54375469:T:C	ENSG00000288742	1.0	0.5698447893569845	28.890165369169143	4	none	True
chr8:134581470:T:C	ZFAT-AS1	0.9999987	0.5698198198198198	38.40602863978386	3	none	False
chr2:91744383:T:C	ENSG00000230964	0.95259273	0.5697115384615384	25.964661573767188	2	none	False
chr20:50871606:G:A	TMSB4XP6	0.99999917	0.5695067264573991	29.13645295305888	4	dELS	False
chr19:58488906:A:G	RN7SL693P	1.0	0.5695067264573991	32.49204825131987	4	pELS	True
chr6:30453998:A:G	ENSG00000286301	0.9999051	0.5694760820045558	27.897236289879785	3	CA-H3K4me3	False
chr1:234924943:C:T	ENSG00000286263	1.0	0.5694760820045558	37.03862674723017	4	dELS	False
chr20:62728391:G:A	NTSR1	0.99986523	0.5691964285714286	27.758474145161937	4	dELS	True
chr19:4915704:C:T	UHRF1	1.0	0.5691964285714286	25.81782727152297	3	none	False
chr17:78628292:G:A	SCAT1	0.9998959	0.5691964285714286	26.980531811510637	4	dELS	False
chr12:131576421:T:C	ENSG00000255704	0.9887417	0.5691964285714286	24.43380421469768	3	none	True
chr1:19393234:C:T	RN7SL277P	0.9623665	0.5691244239631337	31.897054845769848	5	dELS	True
chr1:2112545:C:T	ENSG00000271806	0.99958944	0.5688888888888889	27.005298406411164	4	none	True
chr8:27439685:T:C	MIR6842	0.9432339	0.5688487584650113	33.023508618915855	5	dELS	True
chr7:1856935:T:G	MIR4655	0.9982851	0.5688487584650113	27.89007588156861	5	dELS	True
chr1:63330715:C:A	Y_RNA	0.97855675	0.5688487584650113	23.0752742038165	2	none	False
chr10:12074559:C:T	DHTKD1	0.98135835	0.5688487584650113	27.980300990677904	3	dELS	False
chr9:39593477:G:A	FKBP4P2	1.0	0.5688073394495413	28.008322209138797	3	none	False
chr1:16859288:G:A	ENSG00000290122	0.9445622	0.5688073394495413	25.61876899343321	3	pELS	False
chr3:197456231:T:C	RNF168	0.95796376	0.5685840707964602	24.047329904370173	3	CA-H3K4me3	False
chr21:5231730:C:G	ENSG00000279669	0.99999356	0.5685840707964602	26.073671319478525	4	none	True
chr19:24377637:G:A	ENSG00000268442	0.9964552	0.5685840707964602	29.037177729321314	3	none	True
chr15:101188689:T:C	ENSG00000259182	0.97901976	0.5685393258426966	28.831231625463968	3	dELS	False
chr7:48087597:C:T	UPP1	0.99067456	0.5684931506849316	25.11789268312769	2	none	False
chr2:214856444:T:G	RPL10P6	1.0	0.568445475638051	32.69104752582795	4	dELS	False
chr16:1275970:G:A	ENSG00000261564	0.9773776	0.5682326621923938	23.418829491731053	2	none	False
chr10:64042259:G:A	ENSG00000226426	0.9999606	0.5681818181818182	26.83256647317529	3	dELS	False
chr1:47984841:A:G	TRABD2B	0.9707188	0.5681293302540416	30.324051321774665	3	none	False
chr8:143430595:A:T	MAFA-AS1	0.99999833	0.5679287305122495	24.504870696509915	4	CA-H3K4me3	True
chr8:140515939:T:C	CHRAC1	0.9951572	0.5679287305122495	37.69135986376921	4	none	True
chr1:247128098:T:C	ZNF124	0.963816	0.5679287305122495	25.58137420658566	2	none	False
chr1:16510112:C:G	NBPF1	0.9504289	0.5679287305122495	22.957313470358216	2	none	False
chr19:834274:G:C	RPS15P9	0.97026914	0.5679287305122495	21.49072968701594	2	none	False
chr17:79735540:C:G	ENPP7	0.9264179	0.5679287305122495	22.49043946410564	3	CA-H3K4me3	False
chr3:61487527:G:A	PTPRG	0.96653867	0.5678733031674208	24.368403221040047	2	none	False
chr21:32954666:A:T	LINC01690	1.0	0.5678733031674208	28.618022880882226	3	none	False
chr1:151164668:A:G	LYSMD1	0.99917215	0.5678160919540229	26.605172923094816	3	none	True
chr7:155408723:G:T	ENSG00000288051	0.98414755	0.5676274944567627	25.31143630309851	3	none	False
chr7:150033538:A:G	ENSG00000241449	1.0	0.5676274944567627	26.47965715955829	4	none	True
chr12:1518699:C:T	WNT5B	0.9634123	0.5676274944567627	28.58281755437081	3	dELS	False
chr6:90934907:C:T	MAP3K7	1.0	0.5675675675675675	35.81222473537656	4	dELS	False
chr16:90175110:G:A	ENSG00000261172	0.94220144	0.5675675675675675	24.38405392772587	3	none	True
chr8:10807559:A:G	MIR1322	0.99473363	0.5675057208237986	35.61962056372341	5	dELS	True
chr3:158634651:C:T	RFKP6	0.9984024	0.5675057208237986	26.71075834395499	3	none	True
chr3:177146528:T:G	RNU6-681P	0.9637479	0.5672645739910314	35.9092645325753	5	dELS	True
chr20:4841593:G:A	RASSF2	0.9978603	0.5672645739910314	27.546829171674126	3	dELS	False
chr17:61393236:C:T	ENSG00000289926	0.9999909	0.5672645739910314	24.672388286917624	3	dELS	False
chr13:112101629:C:T	LINC00404	0.99602354	0.5672645739910314	26.11366842392925	4	dELS	True
chr2:161237044:A:G	ENSG00000232337	0.99100643	0.5671981776765376	26.639041017155623	3	dELS	False
chr19:45771264:A:G	MEIOSIN	1.0	0.5671981776765376	25.238893333858467	3	none	False
chr17:78752724:T:C	CYTH1	0.9999834	0.5671981776765376	31.034607514059324	3	none	False
chr9:123372263:G:A	CRB2	0.992401	0.5669642857142857	28.24224201088255	3	dELS	False
chr6:161442043:T:C	ENSG00000286805	0.9998844	0.5669642857142857	24.4043071809799	2	none	False
chr5:344215:A:G	PPP4R2P1	0.9399824	0.5669642857142857	26.53799332420825	4	dELS	True
chr20:62355278:C:T	LAMA5-AS1	1.0	0.5669642857142857	29.42105221835383	4	dELS	False
chr2:128755288:G:T	ENSG00000237532	0.984258	0.5668934240362812	28.43101714389085	4	dELS	False
chr1:1260310:G:C	ENSG00000260179	0.99996215	0.5668934240362812	31.002720820988092	5	dELS	True
chr19:7408426:A:G	ARHGEF18-AS1	0.983047	0.5668202764976958	29.15185225365492	4	dELS	True
chr21:46050397:C:T	ENSG00000228235	0.9996188	0.5666666666666667	22.620738594078688	3	none	True
chr17:385692:A:C	RPH3AL	0.9748413	0.5666666666666667	21.84759623633954	2	none	False
chr3:192886204:C:T	MB21D2	0.99945605	0.5665914221218962	25.59055143013603	3	none	True
chr2:74942837:C:T	LINC01293	1.0	0.5665914221218962	29.590683706916032	3	none	False
chr17:6713131:C:G	SLC16A11	0.9809936	0.5665914221218962	26.326446773759844	5	pELS	True
chr17:1992612:G:C	ENSG00000262445	0.9082685	0.5665914221218962	25.23850108939872	3	dELS	False
chr21:7933789:G:A	ENSG00000279967	0.999989	0.5663716814159292	29.88471595581433	4	none	True
chr19:373690:C:T	THEG	1.0	0.5663716814159292	25.639132509890047	3	none	False
chr6:39792965:A:G	DAAM2	0.9530436	0.5662921348314607	28.045872106931803	5	PLS	True
chr3:183579399:T:C	KLHL6	0.9825274	0.5662921348314607	23.929958424512616	2	none	False
chr17:32311466:C:A	ENSG00000265794	1.0	0.5662921348314607	37.42417453985411	5	dELS	True
chr11:96498379:A:G	JRKL-AS1	0.91163224	0.5662921348314607	24.446579389135856	2	none	False
chr6:106696571:G:A	LINC02526	0.922419	0.5662100456621004	34.38350054923194	4	none	True
chr2:69731732:T:A	ENSG00000231024	0.99992895	0.5662100456621004	32.1122475129058	4	none	True
chr16:68847592:C:T	TANGO6	1.0	0.5661252900232019	34.43338186026361	4	none	True
chr13:110645057:C:T	NAXD-AS1	0.9853304	0.5659955257270693	26.843528378511174	4	dELS	True
chr2:89977447:A:G	IGKV2D-26	0.985979	0.565989847715736	39.99690331666604	5	TF	True
chr22:49930780:A:G	ENSG00000278869	0.99914354	0.5657015590200446	28.306541368718136	4	dELS	True
chr22:45877483:T:C	ENSG00000279954	1.0	0.5657015590200446	35.1150903121252	5	pELS	True
chr19:488391:A:G	MADCAM1	0.9830607	0.5657015590200446	23.52713145493585	2	none	False
chr14:99192905:A:G	ENSG00000229402	0.9988655	0.5657015590200446	26.7222613453242	3	dELS	False
chr14:89304914:C:G	CAP2P1	0.97029656	0.5656108597285068	25.06989683100906	3	dELS	False
chr2:201887751:T:C	RNU6-440P	0.9894824	0.5655172413793104	28.359456754369848	3	none	False
chr17:5298901:C:T	RABEP1	1.0	0.5655172413793104	30.364976231022883	4	dELS	False
chr5:71446997:G:A	MCCC2	0.9558474	0.5654205607476636	24.948970682111195	2	none	False
chr3:218751:C:A	CHL1-AS2	0.99996996	0.565410199556541	29.077670883588315	3	none	True
chr17:38906388:G:A	ENSG00000266588	0.95573354	0.565410199556541	27.5416392291586	4	pELS	False
chr11:1667305:C:G	FAM99A	0.9999768	0.565410199556541	25.87213958678675	4	PLS	False
chr5:3121077:A:T	LINC01377	0.91139513	0.5653153153153153	26.14686822783728	3	dELS	False
chr16:2795378:G:T	DNASE1L2	0.96251285	0.5653153153153153	22.485479534717733	2	none	False
chr9:468705:T:C	KANK1	0.955743	0.5650224215246636	25.21546956768602	3	pELS	False
chr5:172897555:G:A	ENSG00000254295	0.9998963	0.5650224215246636	37.17030435979994	4	dELS	False
chr5:1488974:T:C	MIR6075	1.0	0.5650224215246636	31.43927794412328	4	dELS	False
chr2:48985868:T:C	CTBP2P5	0.96012133	0.5650224215246636	26.06672897653032	2	none	False
chr12:130281222:G:C	FZD10-AS1	0.9548341	0.5650224215246636	25.243323091310263	3	pELS	False
chr10:84214794:C:A	LRIT2	0.9997188	0.5649202733485194	32.40476397255333	5	CA-H3K4me3	True
chr8:11480078:T:C	ENSG00000284957	0.97469604	0.5647321428571429	40.86226635126836	5	pELS	True
chr18:13261897:A:G	ENSG00000286926	1.0	0.5647321428571429	27.794218549273204	4	dELS	True
chr16:88753893:G:A	ENSG00000182376	0.9646334	0.5647321428571429	24.892387594225283	3	dELS	False
chr12:132365438:C:A	ENSG00000279023	0.97153217	0.5647321428571429	25.66516685297413	3	none	True
chr10:129871528:T:C	EBF3-AS1	0.99955237	0.5647321428571429	33.550972725767416	5	dELS	True
chr3:198113200:T:G	ENSG00000290936	0.9044268	0.564625850340136	22.478753633158828	2	none	False
chr16:2973604:A:G	PAQR4	1.0	0.564625850340136	33.908142867131055	5	dELS	True
chr11:124760216:C:G	RNU6-321P	0.99425256	0.564625850340136	25.518459360665133	3	dELS	False
chr1:121263386:A:G	ENSG00000275129	0.9939285	0.5645161290322581	37.902377417404274	4	dELS	False
chr7:154721:A:T	LINC03014	0.9995887	0.5644444444444444	23.983377946484207	3	dELS	False
chr20:62562230:C:T	MIR133A2	1.0	0.5644444444444444	31.7247054952113	3	none	False
chr20:61952116:G:A	MIR1257	0.99934393	0.5644444444444444	28.368734032840518	4	pELS	True
chr16:1120596:G:A	NME3	0.97039026	0.5644444444444444	25.53500145861139	3	dELS	False
chr11:63614551:C:A	ENSG00000203520	0.99976283	0.5644444444444444	27.88899637039241	4	none	True
chr11:1081813:T:C	MUC2	0.9999978	0.5644444444444444	25.36497809702702	3	dELS	False
chr9:90839903:A:C	SYK	0.99983114	0.5643340857787811	30.01925516817378	4	dELS	True
chr9:126683157:C:T	ENSG00000238010	0.956356	0.5643340857787811	22.636584485694343	2	none	False
chr4:47565562:A:G	ENSG00000248254	0.9999998	0.5643340857787811	27.002379425175985	2	none	False
chr1:149206551:G:C	ENSG00000289614	1.0	0.5643340857787811	34.547913853374794	4	CA-H3K4me3	False
chr19:4089813:C:T	ZBTB7A	0.9998137	0.5643340857787811	28.19625549071073	4	dELS	True
chr11:116581425:G:C	ENSG00000278945	0.9608645	0.5643340857787811	24.14125081292173	2	none	False
chr10:12181336:G:C	NUDT5	0.93942875	0.5643340857787811	24.57815636414498	2	none	False
chr6:31272264:C:T	HLA-C	0.9998761	0.5642201834862385	26.47136286399405	4	pELS	True
chr5:88874190:C:T	MEF2C-AS1	0.9575162	0.5642201834862385	28.19424664346812	3	none	True
chr3:109354487:T:G	ENSG00000241257	0.999995	0.5642201834862385	27.81423534512014	2	none	False
chr21:10785819:G:T	IGHV1OR21-1	0.9323562	0.5641592920353983	24.49397833400455	2	none	False
chr17:21674673:C:T	ENSG00000274748	0.98690987	0.5641592920353983	24.49428751156084	3	none	True
chr1:16532881:G:A	RNU1-1	1.0	0.5641025641025641	28.13511655303248	4	dELS	False
chr19:39875734:G:C	FBL	0.99411076	0.5640449438202247	30.91136741605245	5	dELS	True
chr16:88922597:T:C	ENSG00000261226	0.969728	0.5640449438202247	27.88092199519385	4	dELS	True
chr10:43267590:G:C	RASGEF1A	0.9885554	0.5640449438202247	27.18370220548478	5	pELS	True
chr1:85580499:C:A	LINC01555	0.97035193	0.5637583892617449	23.301656042477124	3	dELS	False
chr15:34794165:A:G	ACTC1	1.0	0.5637583892617449	28.745142921800117	4	pELS	False
chr11:133834170:T:C	SPATA19	0.9790281	0.5637583892617449	31.4394940035884	4	CA-CTCF	False
chr5:134104185:T:C	TCF7	0.9233963	0.5636363636363636	26.35874794173671	3	dELS	False
chr1:227447897:G:A	BTF3P9	0.9112684	0.5636363636363636	29.21597060943588	5	dELS	True
chr17:50565332:C:T	ENSG00000250976	0.996273	0.5636363636363636	26.918233371700907	3	pELS	False
chr4:5653559:C:T	PPP2R2C	0.94069916	0.5634743875278396	25.93354868401064	3	dELS	False
chr17:83116932:T:C	ENSG00000288807	1.0	0.5634743875278396	25.87812134690499	4	CA-H3K4me3	False
chr10:132991445:T:G	ENSG00000289633	0.99961495	0.5634743875278396	27.269727878992136	4	dELS	True
chr6:156720884:A:C	ENSG00000271265	0.99999726	0.5633484162895928	27.59703599032796	3	dELS	False
chr5:180806755:C:G	ENSG00000280161	0.98390085	0.5633484162895928	32.21156334976947	4	dELS	True
chr1:22042624:C:T	CDC42	1.0	0.5633484162895928	39.747478580787245	4	dELS	False
chr13:35470619:G:A	MAB21L1	1.0	0.5633484162895928	25.44465011563303	3	none	False
chr12:121288603:T:C	CAMKK2	1.0	0.5633484162895928	34.48906943707873	5	dELS	True
chr22:23211258:C:T	BCRP8	0.9896422	0.5632183908045977	33.005283329433965	4	none	True
chr3:242322:C:T	RNU6-1194P	0.9995195	0.5631929046563193	26.377254701896412	3	none	True
chr16:970874:C:T	LMF1-AS1	0.98578453	0.5631929046563193	26.62023558240812	4	none	True
chr9:123679118:G:A	ENSG00000230826	0.9975929	0.5630841121495327	33.790696508400366	4	dELS	False
chr8:10730453:C:A	SOX7	0.96748966	0.5630630630630631	21.72829834779278	2	none	False
chr7:37915828:C:G	EPDR1	0.94627726	0.5630630630630631	24.1473025743908	3	dELS	False
chr6:167704739:C:G	LINC02487	1.0	0.5630630630630631	27.33543290873597	4	dELS	True
chr3:128454388:T:C	DNAJB8-AS1	0.9928419	0.5630630630630631	24.728791231470524	2	none	False
chr12:123427666:T:C	RILPL2	0.9999991	0.5630630630630631	23.7296850050953	2	none	False
chr3:169812288:C:A	LRRIQ4	0.91244483	0.562929061784897	24.457665586352995	3	none	True
chr10:108315311:G:A	PTGES3P5	1.0	0.562929061784897	29.38189470910889	3	none	False
chr12:27710598:T:C	MRPS35-DT	0.9694384	0.5627906976744186	31.234391225422645	5	pELS	True
chr5:58785854:G:A	ENSG00000248475	1.0	0.5627802690582959	29.66637122732144	3	none	False
chr22:23761941:A:T	C22orf15	0.9999962	0.5627802690582959	25.668102168821655	3	none	True
chr20:40692662:G:T	PLCG1-AS1	0.97920156	0.5627802690582959	24.72654013667891	3	PLS	False
chr19:912435:G:C	R3HDM4	0.9890584	0.5627802690582959	24.076559521424574	3	none	True
chr17:26821867:G:A	ENSG00000263433	0.96688354	0.5627802690582959	23.184267328366456	2	none	False
chr17:2689796:T:C	ENSG00000272911	1.0	0.5626423690205011	34.02767097389736	5	pELS	True
chr7:1333040:C:G	ENSG00000233082	0.90414894	0.5625	26.14431409313005	3	dELS	False
chr6:42504096:C:T	RPL36AP5	0.987212	0.5625	32.20939294041582	5	dELS	True
chr21:41820000:G:A	ENSG00000236545	0.9999478	0.5625	24.994222860825914	3	dELS	False
chr1:224014752:A:T	SEPTIN7P13	0.9633753	0.5625	24.64603719806075	3	dELS	False
chr19:7799151:C:T	ENSG00000290088	1.0	0.5625	30.19740541907438	4	dELS	False
chr19:55547588:G:T	SBK3	0.9441181	0.5625	26.87225944859129	4	none	True
chr17:77482808:C:T	ENSG00000267016	0.99681324	0.5625	25.20242364325271	3	dELS	False
chr14:105667045:T:C	IGHGP	0.97465104	0.5625	24.974205981041703	4	none	True
chr8:2023053:G:A	ENSG00000289473	0.98191035	0.5622222222222222	25.317109635342234	4	PLS	True
chr8:141736573:A:G	MIR1302-7	0.92568797	0.5622222222222222	22.852958356803622	2	none	False
chr2:33476823:T:C	MIR4430	0.9989456	0.5622222222222222	24.16562052339497	3	none	True
chr16:980002:G:A	LMF1	0.97798645	0.5622222222222222	23.47394520884154	3	dELS	False
chr9:137048660:A:G	NPDC1	0.99992627	0.5620767494356659	31.230462635340903	4	dELS	False
chr11:73661044:T:G	PLEKHB1	0.99996555	0.5620767494356659	29.692691769359776	4	dELS	False
chr11:117796973:C:A	DSCAML1	0.90336937	0.5620767494356659	23.401130959150017	3	dELS	False
chr9:41625634:A:C	ENSG00000288225	0.9976215	0.5619469026548672	27.643287527000822	4	pELS	False
chr15:20323943:C:G	ENSG00000258654	0.9255956	0.5619469026548672	23.596741989574635	2	none	False
chr5:141225149:C:A	ENSG00000279983	0.9996896	0.5619266055045872	27.490381457702984	3	CA-H3K4me3	False
chr5:102154318:A:G	ENSG00000248261	0.9899633	0.5619266055045872	25.662413386618105	2	none	False
chr22:23970896:G:A	DDT	0.99897206	0.5618279569892473	30.98805614235576	4	none	True
chr1:236523845:C:T	LGALS8-AS1	0.9998174	0.5617977528089888	24.27025616125706	3	PLS	False
chr19:40614471:G:A	LTBP4	0.9894326	0.5617977528089888	30.495995145536455	5	dELS	True
chr15:78759793:T:C	ENSG00000238166	0.9999468	0.5617977528089888	26.80032790741768	3	dELS	False
chr3:19102885:T:G	KCNH8	0.9903617	0.5617715617715617	30.707061636806067	4	dELS	True
chr9:133125563:A:G	RALGDS	0.98138285	0.5615212527964206	25.043780577120888	3	none	True
chr3:195786202:A:G	MUC4	0.97808766	0.5615212527964206	28.095943335446524	5	dELS	True
chr18:7038264:T:C	ENSG00000264475	0.98276854	0.5615212527964206	25.02973106925032	2	none	False
chr14:32938339:C:T	NPAS3	0.9508735	0.5615212527964206	32.902007575329044	5	pELS	True
chr10:121595212:T:G	FGFR2	1.0	0.5615212527964206	31.186153098446788	5	pELS	True
chr5:51390651:T:G	RNU6-1296P	0.9280873	0.5614849187935035	23.78558355399557	2	none	False
chr8:2665257:C:T	LINC03021	1.0	0.5612472160356348	26.248190883905558	2	none	False
chr7:1169971:C:A	ZFAND2A	0.99267876	0.5612472160356348	34.71767427604499	5	dELS	True
chr22:39351775:G:A	ENSG00000280216	0.9539123	0.5612472160356348	33.909673486075505	4	none	True
chr20:61801249:G:A	CDH4	0.96065474	0.5612472160356348	22.464183878181476	2	none	False
chr17:82231714:A:T	SLC16A3	0.96382844	0.5612472160356348	24.073315923397395	3	none	True
chr17:79724318:C:T	ENPP7	0.98565286	0.5612472160356348	31.15696819584148	3	none	False
chr11:406615:C:T	PKP3	0.9087652	0.5612472160356348	29.810127280418623	4	none	True
chr7:77328360:C:T	ENSG00000250990	0.91181976	0.5612009237875288	32.668221946626275	3	dELS	False
chr7:143885382:C:T	TCAF1	0.99999946	0.5612009237875288	29.530239937720506	3	dELS	False
chr6:33116309:A:G	HCG24	0.9622568	0.5612009237875288	26.114353865013133	3	dELS	False
chr5:116778142:C:T	LINC02214	0.9995526	0.5610859728506787	33.46198900414676	5	dELS	True
chr14:102930718:G:C	ENSG00000259515	1.0	0.5610859728506787	24.30853853042136	2	none	False
chr4:6760223:G:T	ENSG00000287331	0.9999694	0.5609756097560976	25.3220341671651	3	none	False
chr10:1479663:G:T	ADARB2-AS1	1.0	0.5609756097560976	24.35698693716642	2	none	False
chr6:165854392:C:G	ENSG00000223942	0.9059506	0.5608108108108109	25.97863045397125	3	none	False
chr21:44484098:G:A	ENSG00000289857	1.0	0.5608108108108109	28.99060007654538	4	pELS	True
chr18:9734424:C:T	ENSG00000266891	0.98343515	0.5608108108108109	26.40307463655036	4	pELS	True
chr15:96948385:T:C	RN7SKP181	0.97868305	0.5608108108108109	23.35444452276788	2	none	False
chr13:109729739:C:T	LINC00676	0.99999887	0.5608108108108109	24.01871797349113	3	pELS	False
chr7:135661514:T:G	STMP1	0.99999964	0.5606407322654462	30.966935805606354	4	none	True
chr1:65163428:G:T	RPS29P7	1.0	0.5606407322654462	37.12584448111277	4	dELS	False
chr7:65814770:A:T	RNU6-912P	0.9952463	0.5605381165919282	29.849619549366277	4	none	True
chr5:77636400:A:G	WDR41	0.99999243	0.5605381165919282	26.936038202225205	3	none	False
chr2:1166830:C:T	ENSG00000236665	0.96753687	0.5605381165919282	26.934503451428387	5	CA	True
chr1:12056438:T:C	TNFRSF8	0.9789945	0.5605381165919282	30.85533363842328	4	dELS	False
chr19:50602602:G:A	SYT3	0.9864513	0.5605381165919282	28.328554779368496	4	CA-CTCF	True
chr16:90038596:T:G	URAHP	0.9999986	0.5605381165919282	27.762518759685392	4	dELS	True
chr12:7814944:T:C	Y_RNA	1.0	0.5605381165919282	24.702221873748645	2	none	False
chr12:132956288:C:A	ENSG00000250790	0.94537294	0.5605381165919282	25.55247877405598	4	CA-H3K4me3	True
chr3:81297683:A:G	ENSG00000241593	0.9999999	0.5604651162790698	36.6732368682324	5	pELS	True
chr16:72990460:G:A	ENSG00000280092	0.9204272	0.5603644646924829	32.17916544193916	5	dELS	True
chr12:9593374:T:C	KLRB1	0.97360516	0.5603644646924829	26.03659013723485	3	none	True
chr9:123317590:G:A	CRB2	0.9290702	0.5602678571428571	26.895183215661586	3	dELS	False
chr6:163260351:A:G	PACRG-AS1	1.0	0.5602678571428571	37.59732330129462	5	dELS	True
chr5:553705:A:G	PLEKHG4B	0.98420405	0.5602678571428571	24.450880632714608	3	dELS	False
chr5:36684448:T:C	ENSG00000274441	0.9524006	0.5602678571428571	26.30186297885366	3	dELS	False
chr5:154483119:A:C	HAND1	0.9987629	0.5602678571428571	24.69567477809488	3	none	False
chr3:114236340:A:C	ZNF80	0.99972624	0.5602678571428571	24.59892752440453	2	none	False
chr2:10880136:C:A	ENSG00000270488	0.9992826	0.5602678571428571	31.351309748534497	4	dELS	False
chr17:80099098:C:T	GAA	0.9997482	0.5602678571428571	27.43382724459008	5	dELS	True
chr16:77963918:G:A	CLEC3A	0.9637447	0.5602678571428571	31.03609882918901	5	dELS	True
chr12:8229422:C:T	ALG1L10P	0.99025565	0.5602678571428571	29.16489197804283	4	CA-H3K4me3	False
chr16:18353991:G:A	ENSG00000277647	0.9632359	0.5602605863192183	27.63705242099463	3	none	False
chr6:8435650:C:T	HULC	1.0	0.5601851851851852	28.49540255737263	4	PLS	True
chr3:139673526:T:C	RN7SKP124	0.97319543	0.5601851851851852	30.107541605067297	2	none	False
chr17:81649228:G:A	NPLOC4	1.0	0.5600907029478458	24.79511097179586	2	none	False
chr10:18658450:G:A	NSUN6	0.9731424	0.5600907029478458	34.753141470395406	4	pELS	False
chr9:41527798:C:A	LINC03025	0.9920629	0.56	25.24572330252764	2	none	False
chr3:195118646:T:G	MIR3137	1.0	0.56	34.314686945783656	5	dELS	True
chr7:155741230:C:G	SHH	0.9999999	0.5599078341013825	30.85284559555647	5	dELS	True
chr3:174697857:C:T	RN7SKP40	0.99031276	0.5599078341013825	29.363164666073416	3	none	True
chr19:6244676:C:G	ENSG00000280394	0.99183667	0.5596330275229358	30.118951397942865	4	pELS	False
chr8:723301:G:A	ENSG00000254207	0.90005296	0.5595505617977528	26.76070225659067	4	dELS	False
chr5:180208705:T:C	RASGEF1C	0.979129	0.5595505617977528	24.13887306598378	3	none	False
chr1:18818789:T:C	TAS1R2	0.99933255	0.5595505617977528	25.02310512544067	3	none	True
chr16:87703172:T:C	ENSG00000226180	1.0	0.5595505617977528	30.721840871033216	5	pELS	True
chr14:102768376:T:G	ENSG00000259508	0.9406856	0.5595505617977528	24.379299125625703	3	dELS	False
chr13:95290307:T:C	ABCC4	1.0	0.5595505617977528	28.85632855555353	4	dELS	False
chr11:76654727:G:C	ENSG00000254810	0.9543122	0.5595505617977528	26.29897981848831	4	dELS	False
chr7:6581126:A:G	ZDHHC4	0.95778847	0.5593607305936074	36.04714480736142	4	pELS	False
chr22:39546229:T:C	RPS19BP1	0.99745566	0.5593607305936074	28.208122633436865	4	dELS	True
chr4:138919306:C:T	ENSG00000250577	1.0	0.5592841163310962	32.17677276133953	4	none	True
chr19:4226239:C:T	ANKRD24	0.9929998	0.5592841163310962	24.556865392132423	2	none	False
chr18:8727295:T:C	Y_RNA	0.9538615	0.5592841163310962	31.786173511357912	4	dELS	True
chr13:18873071:A:G	ANKRD20A9P	1.0	0.5592841163310962	27.368603899453547	3	none	False
chr22:36434429:T:C	Y_RNA	0.9999967	0.5590909090909091	35.314215849265736	4	none	True
chr17:4895941:C:T	ATP6V0CP1	0.98879987	0.5590909090909091	22.492393662915102	2	none	False
chr2:47345021:G:A	EPCAM-DT	0.9999949	0.5590200445434298	30.25145522590903	5	pELS	True
chr21:44290023:C:G	AIRE	0.9999989	0.5590200445434298	24.795545732197223	3	none	True
chr16:15014430:A:G	ENSG00000261819	0.9753534	0.5590200445434298	29.22752392684579	5	pELS	True
chr8:118610711:A:C	ENSG00000225885	0.9426818	0.558891454965358	27.78396197606759	3	none	True
chr6:148039:T:C	SEPTIN14P6	1.0	0.558891454965358	27.0020196052077	2	none	False
chr8:41735102:T:C	ENSG00000289514	0.949444	0.5588235294117647	23.657260895633414	2	none	False
chr4:1509442:G:A	ENSG00000272783	0.9999997	0.5587583148558758	26.005765178461665	3	dELS	False
chr22:10694494:G:T	U2	0.96371186	0.5587583148558758	23.63417193505325	2	none	False
chr17:3512688:C:G	SPATA22	0.995273	0.5587583148558758	24.851869042501136	3	pELS	False
chr1:169882968:T:C	SCYL3	0.9999955	0.5586206896551724	27.272985388860555	4	dELS	False
chr18:23995280:T:C	TTC39C	0.99665225	0.5586206896551724	28.36075744262304	3	none	True
chr9:129666648:A:G	PRRX2	1.0	0.5585585585585585	24.71212573816998	2	none	False
chr1:143539393:A:T	NBPF17P	0.9999762	0.5585585585585585	27.0164555512899	3	none	False
chr14:22927271:T:G	PRMT5	1.0	0.5583524027459954	34.04093156751914	4	dELS	False
chr7:24396369:T:C	ENSG00000287523	0.98466194	0.5582959641255605	27.85735015349813	3	none	True
chr20:5504148:T:C	LINC01729	0.9929562	0.5582959641255605	25.68552343686815	2	none	False
chr9:61902727:C:T	FAM242E	0.9431685	0.5581947743467933	27.68613817254777	2	none	False
chr5:181114186:T:C	ENSG00000248560	1.0	0.5580357142857143	29.858570573111344	3	none	False
chr21:42654602:A:G	PDE9A	1.0	0.5580357142857143	25.92692757793776	4	none	True
chr19:895674:G:A	CFD	0.9805433	0.5580357142857143	25.385546951164528	4	dELS	True
chr19:48100380:G:A	PLA2G4C	0.960804	0.5580357142857143	26.816897228761437	3	none	False
chr17:81018609:G:T	ENSG00000262098	0.97918785	0.5580357142857143	23.152044455525388	3	none	True
chr17:77390751:A:G	ENSG00000287257	0.9999997	0.5580357142857143	29.76608483711465	4	dELS	False
chr2:106262145:A:G	SRSF3P4	1.0	0.5578231292517006	37.685040942565415	5	dELS	True
chr22:22197382:A:G	IGLVI-56	0.999409	0.5578231292517006	29.583063318042573	3	none	False
chr15:98163600:G:A	ENSG00000259320	0.9987873	0.5578231292517006	26.2919044931123	3	none	False
chr12:8538109:A:C	CLEC4E	0.9397474	0.5578231292517006	27.0648981244623	3	none	True
chr20:389506:G:A	RBCK1	0.9707027	0.5577777777777778	24.52964751737326	3	dELS	False
chr16:84311818:T:G	ENSG00000260530	0.9998958	0.5577777777777778	24.051833484563726	2	none	False
chr15:20473197:T:C	GOLGA6L6	0.9119346	0.5576923076923077	27.44086969998723	2	none	False
chr9:31217906:T:C	ENSG00000223421	0.9056859	0.5576036866359447	34.80955232624044	4	none	True
chr4:173807:A:G	ENSG00000275426	0.9995881	0.5576036866359447	31.831017266765883	4	none	True
chr2:25379273:G:A	ARNILA	1.0	0.5575620767494357	30.422057757666007	4	dELS	False
chr20:57435559:G:A	ENSG00000286052	0.9995836	0.5575620767494357	25.963544280056944	3	dELS	False
chr19:1287388:C:A	EFNA2	0.9999996	0.5575620767494357	26.086702437295067	4	pELS	False
chr20:62837597:G:A	DPH3P1	0.99999815	0.5575221238938053	24.628859005452664	2	none	False
chr17:21737379:G:C	KCNJ12	0.91893655	0.5575221238938053	28.026171168638573	5	dELS	True
chr1:153634528:G:A	ENSG00000272030	0.9591089	0.5573394495412844	26.339827129324732	4	pELS	False
chr6:11723022:A:C	ENSG00000287593	0.9999996	0.5573033707865168	31.27602577076466	4	pELS	True
chr16:84751668:G:C	RN7SL381P	0.9539198	0.5573033707865168	26.08377083216243	3	dELS	False
chr14:100305638:C:G	SLC25A29	0.985202	0.5573033707865168	25.456382324457746	3	pELS	False
chr16:3613230:G:A	DNASE1	0.99996334	0.5571095571095571	29.63829670931394	5	pELS	True
chr8:141099614:A:C	DENND3	0.9997196	0.5570469798657718	26.134390590092853	3	dELS	False
chr19:55021551:T:C	GP6-AS1	0.96579146	0.5570469798657718	28.21525682532307	3	none	False
chr16:88870066:C:T	CPNE7	0.9855473	0.5570469798657718	25.090115554471005	3	dELS	False
chr15:93042745:G:T	YBX2P2	0.98127544	0.5570469798657718	21.12788073722309	2	none	False
chr14:94474902:A:G	SERPINA9	0.9991027	0.5570469798657718	27.608877400002974	3	pELS	False
chr12:51868880:A:G	ANKRD33	0.9581216	0.5570469798657718	24.828939150107843	3	none	False
chr10:30162950:T:G	JCAD	0.9698342	0.5570469798657718	28.063072432888625	3	CA-H3K4me3	False
chr15:83447738:C:A	SH3GL3	0.9744808	0.5568181818181818	22.37477484515368	2	none	False
chr14:77614489:C:A	SPTLC2	0.9981025	0.5568181818181818	24.128573258013688	3	none	True
chr7:3041868:C:T	CARD11	1.0	0.5567928730512249	26.765660191123672	3	none	True
chr16:81861068:C:A	PLCG2	0.99998057	0.5567928730512249	31.75077408699448	4	dELS	False
chr16:10778318:A:G	TVP23A	0.99915373	0.5567928730512249	24.83161581052097	3	none	False
chr12:131611218:G:A	ENSG00000279455	1.0	0.5567928730512249	28.724540950265496	4	dELS	False
chr14:106364429:G:A	IGHVII-30-1	0.9930264	0.5566502463054187	29.330042922375	4	CA	True
chr1:247323434:C:T	ZNF496	1.0	0.5565610859728507	31.493396394253928	5	dELS	True
chr1:211677717:G:A	NEK2-DT	1.0	0.5565610859728507	30.8464842956988	4	pELS	True
chr10:69238245:G:A	ENSG00000229261	1.0	0.5565610859728507	34.14319962084306	4	none	True
chr4:185794219:G:A	ENSG00000285745	0.9870942	0.5565410199556541	24.18651224173974	2	none	False
chr5:137735376:C:A	NPY6R	0.9517165	0.5563380281690141	26.679094244237533	4	dELS	True
chr5:6718555:C:T	TENT4A	0.9999981	0.5563218390804597	36.62306535390535	4	dELS	False
chr3:2270415:G:C	CNTN4-AS2	0.97942877	0.5563218390804597	29.01759643631892	3	none	True
chr18:11973186:G:A	IMPA2	0.9996483	0.5563063063063063	29.457025419889614	4	none	True
chr16:1812723:G:A	HS3ST6	0.91533357	0.5563063063063063	25.87272041819141	4	dELS	True
chr15:30817896:T:C	HERC2P10	0.99994034	0.5563063063063063	24.119986418643503	2	none	False
chr13:112765955:G:C	ATP11A-AS1	0.9980106	0.5563063063063063	24.607050545302943	3	dELS	False
chr16:1259862:G:A	ENSG00000260182	0.98812664	0.5561097256857855	28.17635222149442	4	CA-H3K4me3	False
chr5:139526125:C:T	UBE2D2	0.9976449	0.5560747663551402	25.853984335712852	2	none	False
chr10:76673:C:G	TUBB8	0.99980956	0.5560747663551402	27.37626140940201	3	none	False
chr8:109691711:G:A	SYBU	0.9996198	0.5560640732265446	24.256543216896084	2	none	False
chr16:50337827:T:C	ENSG00000261393	0.9101227	0.5560640732265446	39.24327222126408	3	none	False
chr11:65591964:T:G	KCNK7	0.9601825	0.5560640732265446	22.37595436231031	2	none	False
chr7:4809511:A:G	Y_RNA	1.0	0.5560538116591929	31.52753859066063	5	dELS	True
chr4:998975:T:C	SLC26A1	0.99058956	0.5560538116591929	24.27381358774804	3	dELS	False
chr1:21472521:C:T	PFN1P10	0.9920517	0.5558086560364465	27.778289272821084	3	CA-H3K4me3	False
chr15:77019700:G:A	ENSG00000259652	0.98144	0.5558086560364465	37.96361799036178	5	dELS	True
chr3:2590988:A:C	HINT2P1	1.0	0.5558035714285714	32.63223482723867	4	none	True
chr21:42393421:G:A	TMPRSS3	0.98425376	0.5558035714285714	26.74212546422221	4	none	True
chr19:8235921:C:T	ENSG00000271717	0.99995166	0.5558035714285714	22.512911015621828	2	none	False
chr19:35440123:G:T	ENSG00000289246	1.0	0.5558035714285714	29.826050475130213	4	none	True
chr14:92704556:A:C	LGMN	1.0	0.5558035714285714	33.50636073636232	4	dELS	False
chr22:48699311:G:C	MIR4535	0.99945873	0.5555555555555556	24.05822701383316	3	TF	False
chr19:521878:G:A	CDC34	0.99997985	0.5555555555555556	25.303853159356688	3	CA	False
chr16:2215270:C:T	PGP	0.9167509	0.5555555555555556	22.76265998326502	3	pELS	False
chr12:132283310:G:C	ENSG00000277011	0.99885494	0.5555555555555556	25.76178161702979	4	pELS	True
chr8:1312948:C:A	ENSG00000275427	0.9707498	0.5553097345132744	21.53062827061787	2	none	False
chr22:10698566:A:G	U2	0.9605621	0.5553097345132744	25.07980338506887	2	none	False
chr15:20230340:G:A	RHPN2P1	0.957133	0.5553097345132744	22.704760889685645	2	none	False
chr19:58042659:C:T	ZSCAN1	0.9974065	0.5553047404063205	28.72184547841513	4	dELS	False
chr14:104784859:G:C	AKT1	0.9957061	0.5553047404063205	25.60838651784799	3	none	False
chr19:42698527:C:A	RPS10P28	0.9994706	0.5552995391705069	30.330578901413865	4	none	True
chr19:18438739:C:G	ISYNA1	1.0	0.5552995391705069	29.485998450727923	4	pELS	False
chr16:71819810:T:C	AP1G1	0.9985663	0.5552995391705069	27.819653179756195	2	none	False
chr8:23240938:T:C	CHMP7	0.98164576	0.5550561797752809	30.261795598805257	4	none	True
chr22:47192356:C:G	ENSG00000280312	1.0	0.5550561797752809	28.47447878646401	4	dELS	False
chr1:39778732:A:G	BMP8B-AS1	0.97908574	0.5550561797752809	23.763700604874508	2	none	False
chr8:97259534:C:T	ENSG00000260640	1.0	0.555045871559633	35.418196524048675	4	dELS	False
chr9:124134310:A:G	ENSG00000234921	1.0	0.5548098434004475	28.92356466093044	4	none	True
chr2:1741506:T:C	PXDN	1.0	0.5548098434004475	26.548823308764707	3	none	True
chr19:56660322:T:C	ENSG00000286125	0.99991596	0.5548098434004475	24.60650958119303	2	none	False
chr11:33891243:C:T	LMO2	0.9355803	0.5548098434004475	27.700282642252397	2	none	False
chr11:116500644:A:G	LINC02151	0.90887177	0.5548098434004475	26.633304747902283	3	PLS	False
chr7:156920695:C:T	ENSG00000230033	0.9828364	0.5547945205479452	27.542725702208426	5	dELS	True
chr10:124641996:C:T	ENSG00000278831	0.99062526	0.5547945205479452	27.51243548243604	3	none	False
chr22:46475364:G:A	FAM136EP	0.92548376	0.5545657015590201	24.73057892549468	3	none	False
chr19:48096451:T:C	PLA2G4C	0.95231146	0.5545657015590201	23.617548556112467	2	none	False
chr12:131004782:C:G	ADGRD1-AS1	0.9871825	0.5545657015590201	30.25659852477533	4	dELS	False
chr19:2277916:C:T	PEAK3	1.0	0.5545454545454546	34.7816653889295	4	none	True
chr13:113654911:G:A	LINC00552	0.9040127	0.5545454545454546	24.79164123423953	4	dELS	True
chr11:67645300:G:C	TBX10	0.9534946	0.5545454545454546	26.78384575372913	3	dELS	False
chr16:15322346:A:C	PLA2G10GP	0.9999998	0.5545243619489559	33.93530829445256	4	none	True
chr22:18608675:C:T	GGT3P	0.98840374	0.5543478260869565	26.347581547071588	3	none	True
chr7:115146:T:C	FOXL3	0.9543068	0.5543237250554324	24.82017069051324	4	CA-H3K4me3	True
chr8:80169033:G:A	RN7SL41P	0.95252603	0.5542986425339367	27.11335478401414	3	none	True
chr5:1793883:C:T	MRPL36	0.9732786	0.5542986425339367	27.330139130034155	3	dELS	False
chr21:38804769:C:T	ETS2	0.9680414	0.5542986425339367	28.846806085693384	4	pELS	False
chr1:170664755:T:C	PRRX1	0.98317456	0.5542986425339367	22.14118777346205	2	none	False
chr14:104474169:C:A	CEND1P1	0.9501415	0.5542986425339367	23.33012120760921	3	none	True
chr9:128703202:C:G	PKN3	0.9914591	0.5542725173210161	30.762321117434908	5	pELS	True
chr6:4079624:C:G	TEX56P	0.9999958	0.5542725173210161	26.072957342201693	3	pELS	False
chr20:26515820:G:T	MIR663AHG	0.9675348	0.554140127388535	28.055299779847864	2	none	False
chr6:108169792:C:G	NR2E1	0.9999121	0.5540540540540541	22.719223769286582	2	none	False
chr5:37836964:C:T	GDNF	0.9955594	0.5540540540540541	23.96087179315835	3	pELS	False
chr21:45019086:T:C	TRPM2	0.9405107	0.5540540540540541	23.11137999695623	3	dELS	False
chr11:70076586:A:G	LINC02584	0.9986055	0.5540540540540541	24.91350478519591	3	pELS	False
chr14:80827912:C:T	HMGN2P2	0.90286833	0.5540229885057472	33.59420186414434	3	none	False
chr18:69901600:C:G	CD226	0.9996448	0.5538116591928252	23.882279249961087	2	none	False
chr1:169361801:G:C	NME7	1.0	0.5537757437070938	31.881663041598088	5	dELS	True
chr16:1343019:G:A	BAIAP3	0.98765564	0.5537757437070938	26.608011361121147	4	CA	True
chr6:37666586:G:A	MDGA1	0.99999946	0.5535714285714286	25.042571486786432	2	none	False
chr5:181091797:G:A	FOXO1B	1.0	0.5535714285714286	27.071489838506498	4	none	True
chr1:34176608:C:G	C1orf94	0.9870304	0.5535714285714286	22.74678731526937	2	none	False
chr1:243098829:C:G	ENSG00000253326	0.9546092	0.5534883720930233	25.24937101306532	3	none	False
chr4:3756655:A:G	LINC02600	0.9194839	0.5533333333333333	21.229586272428204	2	none	False
chr19:2385203:A:C	TMPRSS9	0.97724104	0.5533333333333333	23.808202075455533	4	dELS	True
chr17:36167665:C:T	ENSG00000282738	0.9959843	0.5533333333333333	23.05799357542412	2	none	False
chr16:895728:G:T	ENSG00000260316	0.9996227	0.5533333333333333	26.234376597477485	3	none	True
chr4:25428232:C:A	ENSG00000249320	1.0	0.5532879818594104	34.34575506333303	3	none	False
chr16:2786026:T:G	PRSS33	0.99860746	0.5532879818594104	23.328853702795584	2	none	False
chr9:62869159:A:G	FGF7P7	0.981198	0.5530973451327433	25.89981167749979	3	none	True
chr7:495072:G:A	ENSG00000234471	0.913746	0.5530973451327433	25.3705374202613	4	pELS	True
chr7:155810463:A:C	SHH	0.9102326	0.5530474040632054	21.73405181550332	2	none	False
chr13:75295516:C:A	CTAGE11P	0.97028667	0.5530474040632054	31.54808667986471	3	none	True
chr11:120517722:G:A	GRIK4	0.987272	0.5530474040632054	26.159811280647904	4	dELS	True
chr17:35802063:A:G	MMP28	1.0	0.5529953917050692	34.51049649742717	4	none	True
chr7:7972344:C:T	GLCCI1-DT	0.9594736	0.5528089887640449	31.50795909652222	4	dELS	False
chr2:235185942:T:C	ENSG00000235293	0.98407805	0.5528089887640449	27.637332762189843	3	none	True
chr19:1018831:C:T	TMEM259	0.99782	0.5528089887640449	26.088131205802004	3	none	True
chr16:89118709:T:C	ENSG00000261546	1.0	0.5528089887640449	28.1705441897112	4	dELS	True
chr10:117241640:A:C	SLC18A2-AS1	0.99589217	0.5528089887640449	25.113531752499288	4	none	True
chr20:1226494:T:G	ANGPT4	0.90585786	0.5527522935779816	21.107344488430503	2	none	False
chr1:47228495:A:G	ENSG00000226252	0.9914084	0.5527522935779816	27.64900374476088	3	none	True
chr19:39404470:C:T	ENSG00000288919	1.0	0.5527522935779816	29.108247220494924	4	pELS	False
chr19:851401:T:G	MIR3187	0.9923812	0.5525727069351231	24.757617552915185	3	dELS	False
chr10:11674152:C:T	ENSG00000271046	0.9382376	0.5525727069351231	27.376595891595883	3	dELS	False
chr8:57279198:C:T	ENSG00000251142	0.9521861	0.5525114155251142	22.81506968814872	2	none	False
chr16:68368746:G:A	ENSG00000279693	0.98608726	0.5525114155251142	28.383540055133995	4	pELS	False
chr15:70763521:T:G	ENSG00000274297	0.99093825	0.5525114155251142	26.77907223838692	4	pELS	True
chr3:12661564:G:A	RAF1	0.9682507	0.5524475524475524	27.62983896107926	3	pELS	False
chr8:141202383:T:C	ENSG00000280035	0.95101196	0.5523385300668151	24.407769938877543	3	none	False
chr3:195862919:C:T	LINC01983	0.96367896	0.5523385300668151	25.76675353521797	3	dELS	False
chr22:17404078:T:G	ENSG00000229492	1.0	0.5523385300668151	37.78462262863785	5	dELS	True
chr21:43355398:G:C	LINC01679	1.0	0.5523385300668151	29.32780063076494	3	dELS	False
chr16:88838113:G:T	TRAPPC2L	1.0	0.5523385300668151	30.86595772005395	5	dELS	True
chr3:190238311:G:A	NMNAT1P3	0.9563144	0.5522727272727272	25.03475382357769	2	none	False
chr21:34687310:C:T	CLIC6	1.0	0.5522727272727272	30.24909782494056	4	none	True
chr17:40361971:C:A	GJD3-AS1	1.0	0.5522727272727272	30.619739605057667	5	CA-H3K4me3	True
chr6:168844845:G:C	ENSG00000280665	1.0	0.5521064301552107	22.430275787400006	2	none	False
chr18:77098781:A:G	ENSG00000275178	0.9762368	0.5521064301552107	25.099488521072143	3	dELS	False
chr17:32519606:C:G	ENSG00000265337	0.99781597	0.5521064301552107	26.4897522109287	4	dELS	True
chr10:48086:G:A	TUBB8	0.91157323	0.5520581113801453	24.173560087783947	3	dELS	False
chr20:47205863:A:G	MIR3616	0.993894	0.5520361990950227	28.54971813158033	3	none	False
chr16:53823351:C:T	RPGRIP1L	1.0	0.5520361990950227	34.58093364324699	4	dELS	False
chr8:17002568:G:A	FGF20	0.999995	0.5518018018018018	24.75331593796217	3	none	False
chr7:20787575:G:A	SP8	0.9862776	0.5518018018018018	24.946615159696798	3	dELS	False
chr4:15905181:G:C	FGFBP1	0.9999718	0.5518018018018018	25.565230527563276	2	none	False
chr3:32423938:A:G	CMTM7	1.0	0.5518018018018018	27.003697271259234	3	none	True
chr2:109427264:T:C	MIR4266	0.99851614	0.5518018018018018	25.65271870591684	3	CA	False
chr1:109274857:G:C	PSRC1	1.0	0.5518018018018018	32.212673876670934	4	dELS	False
chr11:69471437:C:T	ENSG00000261347	0.994741	0.5518018018018018	27.1519807383378	4	dELS	False
chr3:196289181:A:T	ENSG00000237418	0.95505327	0.5517241379310345	23.899741989508883	2	none	False
chr2:233322372:G:C	SAG	0.99999124	0.5517241379310345	29.340799880891097	3	none	True
chr16:37878843:C:A	PPP1R1AP2	0.98012626	0.5517241379310345	26.76259333557712	2	none	False
chr7:1227964:T:C	UNCX	1.0	0.5515695067264574	31.521168999043265	4	none	True
chr2:16111703:G:C	ENSG00000236989	0.99968594	0.5515695067264574	26.723780500936023	4	CA	True
chr22:42508774:T:G	Y_RNA	0.9708292	0.5515695067264574	23.16334583532798	2	none	False
chr20:761203:A:G	SLC52A3	1.0	0.5515695067264574	27.64376039781345	4	dELS	True
chr19:54988666:T:C	RPL36AP50	0.9992883	0.5515695067264574	24.98434610577806	2	none	False
chr19:10643724:A:G	ILF3-DT	0.999903	0.5515695067264574	35.50519153151882	5	dELS	True
chr15:93110051:G:A	ENSG00000288991	0.9948351	0.5515695067264574	26.305411900583728	4	CA-H3K4me3	True
chr1:144524399:G:A	RNVU1-26	0.90233976	0.551487414187643	23.93325403209004	2	none	False
chr16:73545182:A:G	ENSG00000260848	1.0	0.5513392857142857	30.79290843662221	5	pELS	True
chr12:124280357:T:C	MIR6880	0.9777703	0.55125284738041	29.755476827395366	5	dELS	True
chr9:67758196:A:G	ANKRD20A1	0.92719746	0.5511111111111111	27.16045329325447	4	none	True
chr20:63636704:A:G	MHENCR	0.99996716	0.5511111111111111	28.601569620336377	4	none	True
chr20:62209456:G:C	HRH3	0.9170683	0.5511111111111111	25.458263100431008	3	CA-CTCF	False
chr2:107986837:G:T	SRSF3P5	0.99090654	0.5510204081632653	24.007865971377093	3	none	False
chr16:18338935:C:T	NPIPA8	0.9228283	0.5509138381201044	23.61168038773504	2	none	False
chr6:166747914:G:A	ENSG00000235008	0.9999831	0.5508849557522124	28.719240037981667	4	dELS	False
chr20:61253801:A:T	CDH4	0.94994664	0.5507900677200903	24.65089133488941	3	CA	False
chr20:38877670:T:A	RN7SL116P	0.99996924	0.5507900677200903	29.52603023858329	4	dELS	True
chr5:755441:C:T	BRD9P2	0.9999197	0.5506912442396313	27.563111569355076	4	none	True
chr3:42665203:G:A	ZBTB47-AS1	0.9666228	0.5506912442396313	24.130840226624255	2	none	False
chr8:144730989:G:A	ENSG00000263612	0.9948202	0.550561797752809	25.1137888774801	3	dELS	False
chr8:12437038:T:C	FAM86B2	0.9938307	0.550561797752809	22.27517110876356	2	none	False
chr6:18318848:T:C	RNU6-263P	0.9973196	0.550561797752809	30.63058185495684	4	none	True
chr4:53592914:C:T	LNX1-AS2	0.97491705	0.550561797752809	28.26048162852405	3	pELS	False
chr15:93072695:A:T	YBX2P2	0.9476108	0.550561797752809	25.41053843652144	4	pELS	True
chr9:67857086:C:A	RNU6-368P	0.98907757	0.5504087193460491	26.31939783180789	2	none	False
chr13:48591739:G:A	LINC00462	1.0	0.550351288056206	34.714665618781105	5	pELS	True
chr8:2900115:C:G	ENSG00000287740	1.0	0.5503355704697986	30.103477670570356	3	none	False
chr5:168223964:A:G	ENSG00000253925	1.0	0.5503355704697986	25.183512887629533	3	none	False
chr17:1603513:G:A	RN7SL105P	0.9999761	0.5503355704697986	28.29769809109249	4	none	True
chr10:124063460:T:C	CHST15	0.9688538	0.5503355704697986	26.01717018480408	4	dELS	False
chr10:119539334:G:C	RGS10	0.99999887	0.5503355704697986	29.59746973074419	3	none	False
chr7:134832127:T:A	CALD1	0.95894235	0.5502283105022832	24.28406011916893	2	none	False
chr20:21510760:G:A	NKX2-2-AS1	0.97371674	0.5501165501165501	23.912998700116816	3	pELS	False
chr9:41798361:T:G	ENSG00000239986	0.93904084	0.5501113585746102	27.936203945962685	3	none	False
chr6:37685627:T:G	MDGA1	0.99999994	0.5501113585746102	26.747219964375013	3	none	False
chr1:248450113:C:T	OR2T2	0.9511685	0.5501113585746102	28.725758152662472	5	TF	True
chr1:247447109:C:T	OR2B11	0.9366989	0.5501113585746102	23.503926913984827	2	none	False
chr15:40072727:C:T	ENSG00000259584	0.9985411	0.5501113585746102	28.154831336607945	3	dELS	False
chr20:28836562:A:G	5_8S_rRNA	0.9963846	0.55	30.5584191845669	3	CA	False
chr5:178164513:G:A	ENSG00000251211	0.99921554	0.5497737556561086	24.513277639734305	2	none	False
chr17:6899321:G:C	ALOX12P2	1.0	0.5497737556561086	28.31250673570853	2	none	False
chr11:61904484:A:G	FADS3	0.99994653	0.5497737556561086	28.55720447734189	4	dELS	True
chr7:28565896:G:C	ENSG00000225286	0.95444083	0.5495495495495496	34.23099945499494	3	none	False
chr22:32506752:T:A	FBXO7	1.0	0.5495495495495496	26.943617135916305	3	none	False
chr11:122978266:C:G	BSX	0.9918502	0.5495495495495496	25.1320470361276	3	dELS	False
chr11:64350711:A:C	RPS6KA4	0.999863	0.5494252873563218	26.640508900369944	3	none	False
chr1:6025840:A:G	NPHP4	0.95968294	0.5493273542600897	24.00068273151051	2	none	False
chr1:1170681:G:A	ENSG00000272141	0.99998313	0.5493273542600897	24.25210852417837	3	pELS	False
chr19:1075036:A:C	ARHGAP45	0.99322945	0.5493273542600897	23.90028107521028	3	pELS	False
chr17:81048156:G:A	BAIAP2	0.94611686	0.5493273542600897	23.87777167871195	3	none	True
chr16:30475015:T:C	MAPK3	0.98137635	0.5491990846681922	23.47800245915112	2	none	False
chr18:12028250:G:A	LINC02979	0.99999744	0.5491071428571429	28.932190926780468	5	dELS	True
chr10:308361:C:T	RNA5SP298	1.0	0.5491071428571429	33.435091845597015	5	dELS	True
chr10:127872741:A:G	BUB1P1	1.0	0.5491071428571429	32.93361544384716	4	dELS	False
chr9:40106142:G:A	RPL7AP49	0.9754371	0.5490909090909091	27.284230650926744	3	none	True
chr8:141723939:A:G	MIR1302-7	0.9984298	0.5488888888888889	22.551532969969525	2	none	False
chr17:69223919:T:G	PRO1804	1.0	0.5488372093023256	36.49111755689307	4	none	True
chr9:93033577:A:C	SUSD3	1.0	0.5487528344671202	32.827037786708125	5	dELS	True
chr22:42440331:A:C	ENSG00000230107	1.0	0.5487528344671202	31.93034219404348	4	dELS	False
chr7:131013926:C:A	RNU6-1010P	0.9989582	0.5485327313769752	27.203209652087036	3	dELS	False
chr6:150687738:C:A	ENSG00000226599	0.9999738	0.5485327313769752	30.879803413724677	4	dELS	False
chr2:153873272:A:C	GALNT13	0.99865144	0.5485327313769752	25.44614326580101	3	pELS	False
chr10:50992180:C:T	PRKG1	0.9845449	0.5485327313769752	21.177948589125855	2	none	False
chr2:23533036:T:C	ENSG00000224361	0.97650164	0.5483146067415731	26.67989778531182	3	pELS	False
chr19:54970301:T:C	RPL36AP50	0.9999999	0.5483146067415731	28.674527536822616	3	none	True
chr19:45009206:G:A	RELB	0.90402734	0.5483146067415731	23.84438381658796	3	none	True
chr10:27354858:C:T	FAM210CP	0.9984759	0.5483146067415731	27.372858975845254	4	dELS	True
chr1:145985849:G:A	TXNIP	0.9941865	0.5481651376146789	29.96469657970668	4	none	True
chr10:46260118:G:C	ANTXRLP1	0.97966766	0.5481651376146789	26.899139144024943	3	none	True
chr7:2595433:C:T	ENSG00000289352	0.98502856	0.5480984340044742	25.905353005315675	3	dELS	False
chr7:2567705:G:A	IQCE	0.9991252	0.5480984340044742	25.52336763879455	3	dELS	False
chr6:156398069:A:T	ENSG00000287092	0.96173215	0.5480984340044742	25.8064658794982	3	PLS	False
chr5:170393499:T:C	KCNMB1	1.0	0.5480984340044742	28.359343480526363	4	dELS	False
chr1:9423329:G:A	ENSG00000284652	0.9999999	0.5480984340044742	29.3605983052752	3	none	False
chr1:2921271:T:C	ENSG00000284745	0.99052054	0.5480984340044742	23.88321089738315	3	dELS	False
chr1:2921271:T:A	ENSG00000284745	0.09410411	0.5480984340044742	20.27265205761809	2	dELS	False
chr1:13541017:G:A	BRWD1P1	1.0	0.5480984340044742	28.52317410538874	4	dELS	False
chr19:933070:T:G	ENSG00000267159	0.9998688	0.5480984340044742	25.684027932296228	3	dELS	False
chr12:8238920:C:T	ENSG00000286895	0.937578	0.5480984340044742	24.80447833778423	3	none	True
chr14:104342198:A:G	ENSG00000258598	0.998792	0.547945205479452	27.10610461210586	3	dELS	False
chr9:41919412:C:A	RBM17P3	0.9321921	0.5478841870824054	24.8188994493719	3	none	True
chr22:46673038:G:T	CERK	1.0	0.5478841870824054	26.06767861091424	3	pELS	False
chr22:20668599:C:G	ABHD17AP4	0.99998367	0.5478841870824054	24.70866779283207	2	none	False
chr16:87648574:A:C	ENSG00000277504	0.9999935	0.5478841870824054	32.87559989349132	4	CA-H3K4me3	False
chr16:78098349:C:T	WWOX	1.0	0.5478841870824054	34.871145647500995	5	pELS	True
chr6:3023150:T:A	ENSG00000288612	0.9877676	0.5477272727272727	29.59425301646175	4	none	True
chr12:24902072:C:G	ENSG00000278969	0.98979014	0.5477272727272727	24.576165747037976	3	PLS	False
chr2:62293198:C:T	ENSG00000228541	0.99937403	0.5476718403547672	25.03559356178132	3	dELS	False
chr20:38790643:T:C	PPP1R16B	0.9999995	0.5475638051044084	35.40595829311237	4	dELS	False
chr17:17741050:G:A	RAI1-AS1	0.9981263	0.5475638051044084	27.65720963210355	4	dELS	True
chr2:672976:A:G	TMEM18-DT	0.9943098	0.5475113122171946	28.538109357681957	4	dELS	True
chr4:5887390:T:A	ENSG00000289414	0.9876557	0.5473441108545035	25.859906513919192	4	none	True
chr22:39523022:A:G	MIEF1	0.94393283	0.5473441108545035	23.30381536421132	2	none	False
chr1:147046616:G:T	RNU1-151P	0.9943849	0.5472972972972973	29.559421015992527	4	pELS	True
chr1:1351747:G:A	DVL1	0.9151702	0.5472972972972973	33.65158484161408	4	none	True
chr1:32755681:G:A	KIAA1522	0.9780708	0.5471264367816092	27.107042717592325	3	dELS	False
chr20:63542982:C:T	ENSG00000275812	0.99971753	0.547085201793722	28.844803347443424	5	pELS	True
chr19:54461539:A:T	TARM1	0.97257924	0.547085201793722	21.454562698627093	2	none	False
chr19:46809234:T:G	ENSG00000275862	0.99962825	0.546875	24.020717727848016	2	none	False
chr17:4656928:G:A	ALOX15	0.9745998	0.546875	24.55540572629161	3	CA-H3K4me3	False
chr15:26669630:C:T	ENSG00000235518	0.99999934	0.546875	25.19470881602116	3	none	False
chr10:132199846:A:G	DPYSL4	0.9952469	0.546875	23.381641026090517	3	none	True
chr10:123553252:G:A	ENSG00000286344	1.0	0.546875	37.61154054490457	5	dELS	True
chr12:116540246:G:A	LINC00173	1.0	0.5466970387243736	30.238386673414222	4	dELS	False
chr16:75207037:G:C	CTRB2	0.917456	0.5465393794749404	29.14134759095952	3	pELS	False
chr6:36659706:C:T	Y_RNA	0.9095299	0.546485260770975	26.42774800645743	2	none	False
chr3:197049579:C:T	MELTF	0.9175182	0.546485260770975	33.04426108071102	5	dELS	True
chr20:19077526:T:C	ENSG00000274863	1.0	0.546485260770975	28.24202789006028	5	dELS	True
chr16:30194486:G:C	RNF40	0.93027747	0.546485260770975	21.41483479793986	2	none	False
chr9:62839820:A:G	ENSG00000229422	0.92493385	0.5464601769911505	23.165773368090647	2	none	False
chr6:129711600:T:C	ARHGAP18	0.9570408	0.5464601769911505	28.05858976603149	5	pELS	True
chr4:49291036:G:A	MTND3P22	0.9737287	0.5464601769911505	21.11610914642092	2	none	False
chr22:21292626:G:A	ENSG00000197210	0.99869496	0.5464601769911505	22.8651971723973	2	none	False
chr12:64956:A:G	IQSEC3	0.9999995	0.5464601769911505	23.80256194134465	3	none	False
chr18:44581678:G:T	LINC01478	1.0	0.5462962962962963	33.77019132634955	4	none	True
chr1:78044860:T:G	ENSG00000213561	0.95563316	0.54627539503386	28.287681126131787	4	pELS	True
chr1:18575763:G:C	ENSG00000225478	0.9999872	0.54627539503386	34.41085943564252	3	none	False
chr1:157979332:A:G	KIRREL1	0.9893466	0.54627539503386	25.854138058379693	3	dELS	False
chr19:41325720:T:G	ENSG00000286177	0.9739782	0.54627539503386	24.314565690568497	3	none	True
chr17:74558581:A:G	ENSG00000236770	1.0	0.54627539503386	38.91740862582908	4	dELS	False
chr16:1423249:G:A	UQCC4	0.99025464	0.54627539503386	22.30211992712632	2	none	False
chr15:99120079:T:C	SYNM-AS2	0.99928707	0.54627539503386	25.99745294638205	4	dELS	False
chr14:77021499:A:T	ENSG00000273729	0.9779734	0.54627539503386	26.605427134749515	4	none	True
chr8:5084668:C:G	ENSG00000253262	0.9320874	0.5460674157303371	31.994241164203057	4	dELS	True
chr6:25485926:C:T	CMAHP	0.9676055	0.5460674157303371	26.248142485788684	3	none	False
chr16:88149357:A:G	ENSG00000260162	0.9999802	0.5460674157303371	25.28837287251253	3	none	True
chr16:12059517:A:C	RPS23P6	1.0	0.5460674157303371	32.76048505796241	4	none	True
chr14:103139470:C:T	RPL21P12	0.9671016	0.5460674157303371	24.20883782099552	2	none	False
chr11:108895979:A:C	ENSG00000203334	1.0	0.5458715596330275	34.07644455458815	3	none	False
chr5:2743225:C:T	ENSG00000259757	0.97364575	0.5458612975391499	25.842228349131968	4	dELS	True
chr4:8722746:G:A	ENSG00000250915	1.0	0.5458612975391499	25.56471555110495	3	CA	False
chr19:51438243:G:A	ENSG00000269181	1.0	0.5458612975391499	30.49986749725637	4	none	True
chr16:84369521:T:C	ATP2C2	1.0	0.5458612975391499	24.934780083600867	2	none	False
chr4:6308490:G:A	ENSG00000286176	0.9975237	0.5456570155902004	25.9194693432714	3	pELS	False
chr2:33529261:A:G	FAM98A	0.9997131	0.5456570155902004	27.606279327055123	3	none	True
chr16:1253082:C:T	TPSB2	0.9991172	0.5456570155902004	23.94715532935835	2	none	False
chr12:131843258:A:G	ENSG00000256955	1.0	0.5456570155902004	21.79979829262063	2	none	False
chr8:80158762:A:G	ENSG00000254205	0.9391531	0.5454545454545454	28.582077290081084	3	none	False
chr6:75243989:T:G	COX7A2	0.99998915	0.5454545454545454	24.85988480931777	2	none	False
chr6:37675012:G:A	MDGA1	0.9989556	0.5454545454545454	23.74821404311725	2	none	False
chr3:32455987:A:G	CMTM6	0.997842	0.5454545454545454	25.2964205591935	3	none	False
chr2:241569378:G:A	BOK-AS1	0.9999996	0.5454545454545454	24.5983554430839	2	none	False
chr1:16704234:C:T	ENSG00000279151	0.9944875	0.5454545454545454	23.894619830576183	3	none	False
chr5:3079411:C:T	LINC01377	0.9999919	0.5452488687782805	25.82348703000823	3	none	False
chr13:112777851:C:T	ATP11A-AS1	0.9480215	0.5452488687782805	24.77300459449739	3	dELS	False
chr7:153749213:C:A	ENSG00000287744	0.94412786	0.5450346420323325	23.945181012960077	3	PLS	False
chr8:23552239:C:T	RNU1-148P	0.9690173	0.5448430493273543	24.69381517547733	2	none	False
chr6:11318449:A:T	ENSG00000287920	0.9999774	0.5448430493273543	30.585986847931427	4	dELS	True
chr11:62924734:A:G	CHRM1	0.99784464	0.5448430493273543	25.76701604976865	4	dELS	False
chr6:34515238:T:C	SPDEF	0.99999994	0.5448275862068965	26.35332548966164	3	pELS	False
chr22:41937326:C:G	CENPM	0.9886675	0.5448275862068965	30.66754014256768	5	dELS	True
chr9:134869184:T:C	BRD3OS	0.9800263	0.5446428571428571	22.274441728357804	2	none	False
chr7:412616:C:G	ENSG00000286710	1.0	0.5446428571428571	25.663873057841016	3	none	True
chr4:183012756:A:G	ENSG00000286821	0.9533317	0.5446428571428571	23.22450756379341	3	CA-H3K4me3	False
chr3:125153969:A:G	MIR5092	0.96039253	0.5446428571428571	25.16457577527944	3	dELS	False
chr13:113847856:G:C	GAS6	1.0	0.5446428571428571	29.19490275582617	4	none	True
chr12:132765481:G:T	ANKLE2	0.9131794	0.5446428571428571	28.37210368909392	4	dELS	True
chr9:112379694:G:T	HSDL2	0.9078797	0.5446224256292906	20.3927500723498	2	none	False
chr6:169956917:T:C	ENSG00000287823	0.9822766	0.5446224256292906	24.74381030209289	3	dELS	False
chr4:6343256:C:T	ENSG00000286176	1.0	0.5444444444444444	30.41530542684031	4	dELS	False
chr3:197599900:T:G	RPL36P7	0.9987654	0.5444444444444444	27.62471818964913	4	dELS	True
chr11:692908:T:C	EPS8L2	0.99911386	0.5444444444444444	37.56151436567622	5	dELS	True
chr20:5144973:A:G	CDS2	0.9999999	0.5444191343963554	36.93074665602036	4	dELS	False
chr1:197910942:T:G	PRR13P1	0.94307923	0.5444191343963554	20.65115020193905	2	none	False
chr20:4809934:C:A	RASSF2	0.9999999	0.54421768707483	27.52551574563592	4	none	True
chr6:28779866:T:G	NOP56P1	0.057833552	0.5441860465116279	21.855508873922386	2	none	False
chr6:28779866:T:C	RPSAP2	0.9655913	0.5441860465116279	26.28734562965017	3	TF	False
chr8:8848822:A:C	MFHAS1	1.0	0.5440180586907449	30.52146835626792	4	dELS	True
chr4:6070359:A:G	ENSG00000284684	0.99970436	0.5440180586907449	29.22644416689704	4	pELS	True
chr19:52492028:T:C	ENSG00000278543	0.9988753	0.5440180586907449	31.57631774163847	4	dELS	False
chr5:150846783:C:T	IRGM	0.9669419	0.5439429928741093	39.33586772094828	5	pELS	True
chr7:128880237:A:T	ATP6V1FNB	0.99999905	0.5438202247191011	28.636452145774143	4	dELS	False
chr3:13073352:C:A	RPL39P17	0.9790658	0.5438202247191011	22.32921810059012	2	none	False
chr1:13797615:G:A	ENSG00000289380	1.0	0.5438202247191011	33.91663910093567	5	dELS	True
chr19:49908138:C:G	MIR4750	0.9669262	0.5438202247191011	26.5713589166472	3	dELS	False
chr17:1721921:T:C	MIR22HG	0.99994916	0.5438202247191011	24.73800551330204	2	none	False
chr14:92324109:G:A	SLC24A4	0.9450995	0.5438202247191011	22.370541714424785	3	none	False
chr20:59043271:T:G	PRELID3B	0.9799224	0.543778801843318	23.24072193440296	3	pELS	False
chr9:39805433:C:T	ENSG00000229273	0.9088341	0.5436241610738255	25.394998136769686	2	none	False
chr9:135711894:C:T	SOHLH1	1.0	0.5436241610738255	29.99270837456336	3	none	False
chr8:2833725:T:C	ENSG00000287740	1.0	0.5436241610738255	28.04417107694776	3	dELS	False
chr1:37761414:A:T	EPHA10	0.9913375	0.5436241610738255	24.233197401377225	3	CA-H3K4me3	False
chr17:77690502:G:C	LINC01987	0.90024155	0.5436241610738255	24.87630405046174	3	none	True
chr14:93162756:G:A	MOAP1	0.97609305	0.5436241610738255	23.261793614117177	2	none	False
chr10:1409603:T:C	ENSG00000233052	0.986118	0.5436241610738255	22.801991216020586	2	none	False
chr5:177291360:A:G	RAB24	0.9817778	0.5435779816513762	38.19125806776096	5	dELS	True
chr1:1801188:T:C	NADK	1.0	0.5435779816513762	32.736108265402095	4	dELS	False
chr9:136132386:G:A	FUT7	0.987561	0.5434298440979956	23.118787158184325	3	PLS	False
chr22:24998415:A:G	ENSG00000279085	1.0	0.5434298440979956	23.711821671001424	3	none	True
chr1:55052267:G:A	PCSK9	0.99999976	0.5434298440979956	25.42853667034672	3	none	False
chr17:14316964:G:A	ENSG00000266378	1.0	0.5434298440979956	23.564538196095523	2	none	False
chr13:114100505:G:A	ADPRHL1	0.9834059	0.5434298440979956	23.59177469150919	3	dELS	False
chr1:53595014:T:C	RNU7-95P	0.99958616	0.5431818181818182	24.298661038131097	3	none	False
chr13:78661366:A:G	OBI1	0.97454137	0.5431818181818182	33.87173444106142	4	pELS	False
chr6:14397429:T:C	ENSG00000234540	0.99853456	0.5429864253393665	29.114518079034703	4	dELS	True
chr4:649835:C:T	PDE6B-AS1	0.9162629	0.5429864253393665	26.718403368372	4	pELS	True
chr15:92833636:C:T	ENSG00000289200	0.9501938	0.5429864253393665	27.18345789632189	5	dELS	True
chr10:133139767:C:G	RPL5P28	0.93639374	0.5429864253393665	29.77827736090844	5	CA-TF	True
chr1:80727977:T:C	ENSG00000224326	0.9995373	0.54292343387471	34.9403419858721	4	none	True
chr2:232925461:A:C	SNORC	0.9995545	0.5427927927927928	28.695089817810697	4	dELS	True
chr22:19291431:C:A	ENSG00000286367	0.9834201	0.5427927927927928	26.222313213865604	4	none	True
chr19:52690517:A:G	ENSG00000269825	0.9942695	0.5427927927927928	23.05839471189266	3	dELS	False
chr19:51132484:G:A	ENSG00000267990	1.0	0.5427927927927928	30.1786632550112	5	dELS	True
chr10:42755698:C:T	ENSG00000259869	0.99978435	0.5427927927927928	28.244212727804552	4	none	True
chr7:150796824:T:C	TMEM176A	1.0	0.5426008968609866	23.844064814171308	2	none	False
chr6:1385579:C:A	FOXF2-DT	0.99999934	0.5426008968609866	24.564183856651468	3	pELS	False
chr2:109058455:C:T	Metazoa_SRP	0.99904567	0.5426008968609866	29.245122420749	4	dELS	False
chr12:1858781:C:G	LRTM2	0.97908443	0.5426008968609866	23.62757443347777	2	none	False
chr9:8859138:A:G	PTPRD-AS1	0.9997422	0.5424107142857143	26.723171397274218	3	pELS	False
chr5:526007:A:G	SLC9A3	1.0	0.5424107142857143	29.96637603680952	5	pELS	True
chr5:10633385:C:T	ANKRD33B-AS1	0.99997395	0.5424107142857143	27.943581244369007	4	dELS	True
chr4:7754124:G:A	AFAP1-AS1	1.0	0.5424107142857143	28.004623187703107	4	PLS	False
chr21:45498018:C:T	MIR6815	0.9986439	0.5424107142857143	22.89543026230104	3	dELS	False
chr21:45406897:C:T	COL18A1	0.990273	0.5424107142857143	26.418005267445608	3	none	True
chr17:79739296:G:C	ENPP7	0.99786764	0.5424107142857143	26.231678430676787	4	dELS	True
chr16:12540300:T:C	ENSG00000260601	0.9988307	0.5424107142857143	22.2504227717096	2	none	False
chr13:112443408:A:C	SPACA7	0.96078813	0.5424107142857143	23.337403363274472	3	none	True
chr11:7520318:G:A	SYT9-AS1	0.98333114	0.5424107142857143	33.64282500261642	5	dELS	True
chr15:90395000:G:A	ENSG00000259177	0.99984354	0.5423340961098398	26.656575598336588	3	none	False
chr14:56005997:T:C	ENSG00000259868	0.9492895	0.5423340961098398	25.621477261342797	3	dELS	False
chr7:928833:G:A	ADAP1	0.92530155	0.5422222222222223	23.18833024352642	2	none	False
chr2:240698867:A:G	ENSG00000274977	1.0	0.5422222222222223	27.169850319885423	3	none	False
chr21:46173036:G:C	SPATC1L	1.0	0.5422222222222223	31.19617585793813	5	dELS	True
chr16:951359:C:G	LMF1-AS1	0.9999446	0.5422222222222223	28.04166304810417	4	none	True
chr8:80152054:A:C	ENSG00000254205	0.9998914	0.5421412300683371	40.50810662390337	4	dELS	False
chr2:143262202:A:G	ENSG00000257284	0.9835341	0.5421412300683371	30.532758266233994	5	dELS	True
chr1:197918454:A:G	LHX9	0.9000091	0.5421412300683371	24.796194897856267	4	TF	True
chr8:12593774:G:A	ENSG00000284746	0.9999831	0.5420353982300885	23.113315338253024	2	none	False
chr20:62831150:G:C	DPH3P1	1.0	0.5420353982300885	28.21142377703436	4	dELS	True
chr16:87476526:G:A	ENSG00000276337	0.9853792	0.5419501133786848	23.810307227877693	2	none	False
chr14:104382882:C:T	ENSG00000258598	1.0	0.5417607223476298	24.188776727281763	2	none	False
chr4:39366463:C:T	RFC1	1.0	0.5416666666666666	28.565081582672867	4	pELS	True
chr18:52342513:G:C	DCC	0.91178054	0.5416666666666666	24.48612357406944	3	none	True
chr16:49278762:A:G	CBLN1	0.9920195	0.5416666666666666	22.800550484137712	2	none	False
chr5:181173645:T:C	LINC01962	0.99890697	0.5415730337078651	24.94183184847862	3	dELS	False
chr3:13066241:C:G	RPL39P17	0.98100436	0.5415730337078651	28.80159648394271	4	dELS	False
chr3:108389078:C:A	HNRNPA1P17	0.9999998	0.5415730337078651	35.48756618611971	5	dELS	True
chr17:81487293:T:C	ENSG00000289140	0.989958	0.5415730337078651	27.23342395585816	4	dELS	True
chr16:88143923:C:T	ENSG00000260162	0.9999978	0.5415730337078651	26.413164784941312	3	none	True
chr16:14900866:C:G	ENSG00000273804	0.9277355	0.5415730337078651	26.7002711614592	3	none	True
chr13:111921162:A:G	LINC00354	0.9957434	0.5415730337078651	24.61394464666881	3	dELS	False
chr10:13288402:T:C	PHYH	0.9387315	0.5415730337078651	23.93598194396925	2	none	False
chr9:93961521:T:C	BARX1-DT	0.9375091	0.5414746543778802	26.129228450687435	2	none	False
chr8:1999772:C:A	ENSG00000289473	0.9991993	0.5413870246085011	23.903796410443714	3	dELS	False
chr7:1289259:G:A	ENSG00000233082	0.9575063	0.5413870246085011	23.416922211603207	3	dELS	False
chr18:10604365:T:C	ENSG00000265728	1.0	0.5413870246085011	33.29354030712521	4	dELS	False
chr16:88896754:C:T	ENSG00000259881	0.9379734	0.5413870246085011	24.285837258962964	3	dELS	False
chr10:133089291:T:C	ADGRA1-AS1	0.90287423	0.5413870246085011	25.150863693059197	3	pELS	False
chr15:57102418:C:G	HNRNPA3P11	1.0	0.5412844036697247	36.109528305208464	5	dELS	True
chr1:24970252:A:C	ENSG00000261025	0.99993086	0.5412026726057907	28.347780889568824	4	pELS	False
chr1:1063494:A:T	RNF223	0.95216787	0.5412026726057907	23.447860935254937	4	none	True
chr16:88699951:C:T	ZFPM1	0.99305516	0.5412026726057907	24.710138219764826	4	pELS	True
chr16:10762483:C:T	ENSG00000289073	0.9908668	0.5412026726057907	22.82036799416286	3	dELS	False
chr12:125982405:A:G	LINC00939	0.93353266	0.5412026726057907	21.988219847557204	2	none	False
chr9:61862746:C:T	FAM27C	0.9999981	0.5410447761194029	27.78330277758689	3	none	True
chr5:2134774:C:T	Y_RNA	0.9999999	0.541019955654102	22.671851274992463	2	none	False
chr22:48678048:G:A	MIR4535	1.0	0.541019955654102	24.812854681447856	3	dELS	False
chr11:3223584:T:A	ENSG00000224513	0.9999964	0.541019955654102	25.21213464102341	4	dELS	True
chr16:2853844:G:T	ENSG00000263325	0.9756666	0.5409090909090909	27.946887085527106	4	pELS	True
chr12:117045062:C:T	ENSG00000277840	0.98795426	0.5409090909090909	29.195716770846616	5	dELS	True
chr6:68576063:C:A	ENSG00000288088	0.9286765	0.5407925407925408	26.83394648827395	4	TF	True
chr9:98102637:T:C	Metazoa_SRP	0.91803485	0.5407239819004525	29.73531532850853	4	dELS	False
chr6:73709701:C:T	CD109-AS1	0.9889378	0.5407239819004525	25.85387180746988	2	none	False
chr21:44817356:A:G	SUMO3	0.9764819	0.5407239819004525	24.126596512856597	4	pELS	True
chr15:99251134:A:C	ENSG00000259921	0.99978805	0.5407239819004525	28.183354596003024	4	dELS	True
chr9:98120599:T:A	TRIM14	0.99999875	0.5405405405405406	28.97540466037336	3	pELS	False
chr6:35770767:A:G	ENSG00000288747	0.99519134	0.5405405405405406	23.854500767985503	2	none	False
chr4:1669127:G:A	Y_RNA	0.94797224	0.5405405405405406	22.881295445824613	2	none	False
chr3:123114156:C:T	MIR7110	0.9999831	0.5405405405405406	31.54597807691599	4	none	True
chr17:81962424:C:G	NOTUM	0.952347	0.5405405405405406	23.78319726933111	3	pELS	False
chr17:35250046:C:A	SLC35G3	0.90505594	0.5405405405405406	23.17702461407123	3	none	True
chr13:27956123:G:A	LINC00543	0.9993902	0.5405405405405406	27.797216712755716	2	none	False
chr12:132211165:G:A	ENSG00000279480	0.93061966	0.5405405405405406	23.42358185651318	2	none	False
chr12:116692846:T:A	ENSG00000257654	0.99784964	0.5405405405405406	26.964678791582607	4	none	True
chr14:22111627:A:T	TRAV25	0.9999999	0.5403587443946188	28.37035784239085	3	none	True
chr20:28737017:A:C	ENSG00000291100	0.92436576	0.5402985074626866	25.89091700636872	2	none	False
chr1:2544035:C:T	MMEL1	0.9344459	0.5402298850574713	24.216238261002182	3	none	True
chr6:37662244:C:T	MDGA1	0.97028387	0.5401785714285714	27.10818404730112	2	none	False
chr17:78227132:C:T	TMEM235	0.99950343	0.5401785714285714	26.426664486526207	3	dELS	False
chr12:132437900:G:A	ENSG00000274373	1.0	0.5401785714285714	27.211379333757392	4	none	True
chr12:130476190:G:A	ENSG00000279146	1.0	0.5401785714285714	24.92454340805705	3	none	False
chr8:104330599:G:C	DCSTAMP	0.977648	0.540045766590389	24.28755401619854	2	none	False
chr17:76484131:C:T	RHBDF2	0.9868072	0.54	22.989639429089348	2	none	False
chr11:295445:A:C	IFITM5	0.99998885	0.54	23.634719489699243	3	dELS	False
chr19:4470998:G:A	ENSG00000267011	0.99109524	0.5396825396825397	31.961426411372297	5	TF	True
chr4:69825244:G:A	SULT1D1P	1.0	0.5395033860045146	30.283845780505786	3	none	False
chr3:124769002:A:G	ITGB5-AS1	1.0	0.5395033860045146	38.2608821307206	5	dELS	True
chr17:75077648:G:T	TRIM80P	0.9973444	0.5395033860045146	27.47997361923376	5	dELS	True
chr12:94162958:A:G	ENSG00000257121	0.96253806	0.5395033860045146	22.587340673862897	2	none	False
chr9:137268088:A:G	TOR4A	0.9982374	0.5393258426966292	25.422775096552023	3	none	True
chr8:42194042:T:A	PLAT	0.9949575	0.5393258426966292	24.26880454100914	3	none	True
chr7:151336542:T:C	NUB1	1.0	0.5393258426966292	31.516015826112486	4	dELS	True
chr4:54103572:G:C	GSX2	0.99917126	0.5393258426966292	26.955993001278987	4	dELS	False
chr4:40054597:C:A	N4BP2	0.9999832	0.5393258426966292	30.643878653353536	5	dELS	True
chr14:56448647:C:T	TMEM260	0.9908493	0.5393258426966292	32.989517062260184	4	CA-H3K4me3	False
chr1:214188318:A:G	LINC02775	0.9993449	0.5391705069124424	24.955693472034667	3	none	True
chr9:272325:C:T	ENSG00000235880	0.99999994	0.5391498881431768	25.882236564316997	3	pELS	False
chr8:11502129:G:T	BLK	0.99735975	0.5391498881431768	29.784392935405336	4	dELS	True
chr2:47752548:A:G	RBISP5	0.9999952	0.5391498881431768	31.175747081266383	4	dELS	True
chr1:11648995:C:G	FBXO44	0.9999971	0.5391498881431768	23.76323932148783	3	none	True
chr18:9748113:G:A	ENSG00000266891	0.95818496	0.5391498881431768	21.45626632014988	2	none	False
chr17:10197988:T:G	GAS7	0.9907433	0.5391498881431768	24.55997874090935	3	pELS	False
chr15:32640825:T:C	ARHGAP11A-DT	0.99553734	0.5391498881431768	26.968125554207923	4	dELS	True
chr15:101062353:G:T	ENSG00000287892	0.9496789	0.5391498881431768	24.579090467818485	3	pELS	False
chr2:172509451:A:G	ITGA6-AS1	0.9240178	0.5389908256880734	23.04750913733804	2	none	False
chr11:118787366:A:G	DDX6	0.94451886	0.5389908256880734	29.06543627725399	4	TF	True
chr3:196619940:C:A	ENSG00000286661	0.99985963	0.5389755011135857	26.48410307563496	4	dELS	False
chr2:865635:T:C	LINC01115	0.9976809	0.5389755011135857	26.441868084741145	4	dELS	True
chr2:234336060:C:T	RPS20P12	1.0	0.5389755011135857	29.051673688341467	4	dELS	True
chr19:1038290:A:C	ENSG00000279753	0.9999674	0.5389755011135857	25.876528591992063	4	pELS	True
chr11:95150482:T:C	LNCRNA-IUR	0.9669387	0.5389755011135857	22.943753116807176	3	PLS	False
chr18:35466558:G:A	ZNF24TR	1.0	0.5388127853881278	31.78994016185647	5	PLS	True
chr15:85718428:T:G	ENSG00000259544	0.9970932	0.5388127853881278	27.661116145889743	3	none	True
chr7:70805686:G:T	ENSG00000236978	0.92246544	0.5388026607538803	26.380175913993817	3	dELS	False
chr15:101764295:G:A	RN7SL209P	0.96596885	0.5388026607538803	24.69428307130119	3	none	True
chr12:102964725:G:T	PAH	1.0	0.5386363636363637	24.492638317205937	3	none	False
chr7:97941991:T:A	OR7E7P	0.93315786	0.5384615384615384	23.08517195766652	2	none	False
chr15:90479107:G:A	CRTC3	0.9081085	0.5384615384615384	33.78061536500891	4	dELS	False
chr9:136666732:C:T	MIR126	0.9749167	0.5382882882882883	26.0105726953384	4	pELS	False
chr1:2050397:C:T	PRKCZ	0.96409893	0.5382882882882883	20.468443295143192	2	none	False
chr9:135545680:G:A	OBP2A	0.953678	0.5381165919282511	23.98128202924234	3	CA	False
chr6:151325496:G:A	RN7SKP268	0.9463062	0.5381165919282511	28.885401773302007	4	PLS	True
chr2:440589:A:G	ENSG00000226277	0.9999952	0.5381165919282511	25.11634055696939	3	none	True
chr22:21736955:C:T	YPEL1	1.0	0.5381165919282511	26.99196598828626	3	none	False
chr20:47267718:G:A	ENSG00000267882	0.98130405	0.5381165919282511	27.05917503238939	4	dELS	False
chr1:1203355:C:G	TNFRSF18	0.91793394	0.5381165919282511	23.46803456382138	3	dELS	False
chr8:2711000:C:G	ENSG00000253853	0.94371444	0.5379464285714286	27.841280011722883	3	none	False
chr4:1623293:G:T	ENSG00000244459	0.99999213	0.5379464285714286	23.97023486610718	3	none	True
chr2:231679677:C:A	PTMA	0.9999868	0.5379464285714286	27.203397649181376	4	none	True
chr16:88832914:T:C	APRT	0.9000188	0.5379464285714286	23.879603227047845	3	none	True
chr14:95524274:T:C	SYNE3	0.9999991	0.5379464285714286	28.89716474199625	4	dELS	True
chr9:136284202:G:A	ENSG00000283769	0.9568652	0.5377777777777778	22.973463951382595	3	dELS	False
chr8:2882904:C:T	ENSG00000287740	0.9995954	0.5377777777777778	26.724912841310548	3	none	True
chr6:170220996:T:A	RPL12P23	0.9811994	0.5377777777777778	21.57441893504949	2	none	False
chr2:42975964:G:C	LINC01819	0.9992511	0.5377777777777778	26.84826820840289	3	dELS	False
chr17:83089648:C:G	METRNL	0.9345294	0.5377777777777778	22.087269687692924	3	none	True
chr17:79712286:G:A	LINC02078	0.9993372	0.5377777777777778	25.188358245241947	4	dELS	False
chr6:32893839:G:T	ENSG00000289047	0.9599098	0.5377574370709383	29.2835423052556	4	pELS	False
chr2:113260298:T:C	PAX8	0.9994361	0.5377574370709383	25.626625739486222	2	none	False
chr1:21449450:C:T	NBPF3	0.90548056	0.5377574370709383	27.472544429853045	2	none	False
chr19:55931601:T:C	NLRP13	0.99975836	0.5377574370709383	25.624195192172028	3	none	True
chr11:63915397:A:G	RCOR2	0.9885622	0.5377574370709383	31.251594862440285	5	pELS	True
chr15:20432070:C:T	HERC2P3	0.9952087	0.5376344086021505	29.0294659322004	3	none	False
chr8:143400686:C:T	LINC02990	0.9775997	0.5376106194690266	24.263895832158944	3	dELS	False
chr6:339147:G:A	ENSG00000287265	0.9755317	0.5376106194690266	28.812415136083917	4	pELS	False
chr21:5289786:G:A	ENSG00000279669	0.90415484	0.5376106194690266	22.552772563122968	2	none	False
chr20:62768472:C:T	LINC00659	0.9926019	0.5376106194690266	25.019451423236703	4	pELS	True
chr9:136763382:G:C	LCN15	0.9978124	0.5375854214123007	30.942432508768363	5	pELS	True
chr6:25605284:T:C	ENSG00000286933	0.99976236	0.5375854214123007	25.467569052816685	2	none	False
chr19:16897767:G:C	F2RL3	0.9452544	0.5375854214123007	22.902934194154145	3	none	True
chr17:13602749:T:A	HS3ST3A1	0.92766774	0.5375854214123007	24.480320913884466	3	CA	False
chr16:17267465:T:C	ENSG00000279620	0.9999948	0.5375854214123007	29.21720870708686	4	dELS	False
chr9:129919505:T:C	ENSG00000230684	0.9990573	0.5374149659863946	38.346710569296185	3	none	False
chr3:129975838:C:G	TRH	1.0	0.5374149659863946	27.08761833161762	3	none	False
chr7:108712314:C:G	ENSG00000270425	1.0	0.5373831775700935	31.436859211832317	4	none	True
chr7:140436679:G:A	ENSG00000103200	0.96468073	0.5372460496613995	28.643738500351198	3	CA	False
chr3:12787537:C:T	KRT18P17	0.99022114	0.5372460496613995	36.6375468442904	5	pELS	True
chr19:3586473:A:G	GIPC3	0.9731055	0.5372460496613995	20.23180001640279	2	none	False
chr11:13280328:C:G	ENSG00000290083	0.9973211	0.5372460496613995	36.3772733738028	4	dELS	False
chr8:142451691:G:A	ADGRB1	0.9982719	0.5370786516853933	24.415549967776283	4	none	True
chr4:78552886:C:A	ANXA3	0.99988526	0.5370786516853933	28.812398772173708	4	pELS	True
chr4:17468852:C:T	RPS7P6	1.0	0.5370786516853933	30.94667247752541	4	dELS	False
chr1:61641349:A:G	ENSG00000223920	1.0	0.5370786516853933	36.84798729550335	4	dELS	False
chr1:200887275:C:A	INAVA	1.0	0.5370786516853933	28.35145433927976	4	dELS	False
chr19:6668526:T:C	TNFSF14	0.99999887	0.5370786516853933	26.018161957240164	3	pELS	False
chr3:15066481:T:G	SLC6A6	0.9903726	0.5370370370370371	26.10421678894152	3	dELS	False
chr8:1161158:T:C	ENSG00000254160	0.97290045	0.5369127516778524	23.81822408463313	3	dELS	False
chr8:11546260:C:G	ENSG00000269954	1.0	0.5369127516778524	28.67866761834774	4	none	True
chr6:149989762:G:T	BTF3P10	0.9245998	0.5369127516778524	23.096711649605457	3	none	True
chr22:42553742:C:G	SERHL2	0.98209655	0.5369127516778524	27.61557365854941	4	pELS	True
chr20:61352136:G:C	ENSG00000276786	1.0	0.5369127516778524	29.70506081336072	4	dELS	False
chr1:109704985:G:A	GSTM5	0.98550606	0.5369127516778524	26.291420135053546	3	CA-H3K4me3	False
chr16:56972466:A:G	CETP	0.99808955	0.5369127516778524	26.27678467451829	3	pELS	False
chr7:158712671:C:T	RPL21P76	0.9771511	0.5367483296213809	31.2098318400379	5	dELS	True
chr7:157961547:T:A	ENSG00000285821	0.9472496	0.5367483296213809	24.91799700125876	3	none	True
chr6:42931732:A:T	CNPY3	1.0	0.536697247706422	25.33165359315521	3	dELS	False
chr7:151408980:C:T	WDR86-AS1	0.9985903	0.5365853658536586	25.23942866619276	3	PLS	False
chr7:77784843:C:T	TMEM60	0.970127	0.5365296803652968	26.51888698091849	4	dELS	False
chr19:17211373:G:A	PLVAP	0.95734453	0.5365296803652968	21.60637553676044	2	none	False
chr6:2898362:A:G	SERPINB9	1.0	0.5361990950226244	30.358983613881467	3	none	False
chr10:122460507:G:A	MIR3941	0.9577245	0.5361990950226244	21.80337837079483	2	none	False
chr22:37199446:G:A	C1QTNF6	0.96771294	0.536036036036036	25.717638767401432	4	dELS	True
chr20:4222572:G:A	ADRA1D	0.96229696	0.536036036036036	23.49980540179257	3	dELS	False
chr19:51577090:C:T	ZNF175	1.0	0.536036036036036	29.31076945708365	3	none	False
chr13:45782200:A:G	Metazoa_SRP	1.0	0.536036036036036	34.94345254375924	4	dELS	False
chr5:1085489:C:A	MIR4635	0.93706995	0.5358744394618834	24.48844987536822	4	dELS	True
chr2:60297927:T:A	ENSG00000287640	0.98881835	0.5358744394618834	27.07642434547861	4	dELS	True
chr19:5202908:C:T	PTPRS-AS1	0.9999672	0.5358744394618834	23.86501105161014	3	none	False
chr17:81091850:T:C	MIR657	0.9495685	0.5358744394618834	24.627014965806765	4	dELS	True
chr11:69049761:C:T	TPCN2	0.9999424	0.5358744394618834	30.327074257007432	4	pELS	False
chr8:1559355:T:C	DLGAP2-AS1	0.99925	0.5357142857142857	28.89179998708297	4	none	True
chr8:143555087:C:A	ENSG00000254859	0.9983069	0.5357142857142857	25.88728549774504	3	none	False
chr7:1211575:T:G	UNCX	0.9151319	0.5357142857142857	25.247433323588908	3	CA	False
chr16:87730661:A:T	ENSG00000260671	0.97572815	0.5357142857142857	25.11506969037596	3	none	True
chr15:89363087:G:C	RN7SL346P	0.9754732	0.5357142857142857	23.993946013638396	3	TF	False
chr16:20072069:G:C	GPR139	0.9992581	0.535632183908046	23.87239929777849	3	none	False
chr22:50053012:A:G	TTLL8	0.92237175	0.5355555555555556	24.962096225770367	3	CA-H3K4me3	False
chr22:49267135:G:A	ENSG00000280199	0.9730803	0.5355555555555556	23.425955453455984	2	none	False
chr22:24686877:C:G	ENSG00000224334	0.9746105	0.5355555555555556	25.90816421762244	3	PLS	False
chr16:88702696:C:T	RNF166	1.0	0.5355555555555556	26.18589916443553	4	pELS	True
chr9:84367989:C:T	SLC28A3	1.0	0.5354691075514875	36.90389538103028	5	dELS	True
chr8:119709534:T:C	RN7SKP153	0.9999854	0.5354691075514875	33.51713194577026	4	CA	False
chr6:13296788:T:C	ENSG00000215022	0.9448177	0.5354691075514875	23.35490283129625	2	none	False
chr5:160165737:G:A	FABP6	1.0	0.5354691075514875	37.84217578718516	5	dELS	True
chr4:146663969:A:G	POU4F2	0.99997157	0.5354691075514875	26.120102126999765	4	none	True
chr19:47951426:T:G	SULT2A1	0.9440305	0.5353982300884956	23.23928915060684	2	none	False
chr9:136977596:A:G	LCNL1	0.9863776	0.5351473922902494	24.62032986091407	3	pELS	False
chr9:124800509:G:A	OLFML2A	0.9944045	0.5351473922902494	31.72660241182132	5	PLS	True
chr18:58646002:T:G	ENSG00000275418	0.97623986	0.5351473922902494	33.674452840201795	4	none	True
chr17:8185294:G:T	MIR4521	0.9611029	0.5351473922902494	27.12893935945104	4	pELS	False
chr17:2392720:T:C	ENSG00000262456	0.95429856	0.5351473922902494	23.987941834112544	4	dELS	True
chr7:129126499:A:G	ENSG00000230626	0.9183782	0.5349887133182845	24.48269413992148	3	PLS	False
chr4:8261567:A:C	HTRA3	0.9968976	0.5349887133182845	28.453813484300817	4	dELS	False
chr21:43775215:A:C	CSTB	0.99654233	0.5348314606741573	24.521214929977823	3	pELS	False
chr21:41779416:G:A	ENSG00000289513	0.9999485	0.5348314606741573	26.268931856294	4	dELS	True
chr19:3699241:G:A	PIP5K1C	0.9999618	0.5348314606741573	24.55881373749841	4	pELS	False
chr18:4453498:T:C	DLGAP1	0.9658648	0.5348314606741573	24.603502560158564	3	pELS	False
chr2:242085937:A:G	ENSG00000287971	0.94508487	0.5347222222222222	28.74819884264242	4	none	True
chr1:220704822:C:T	C1orf115	0.98410195	0.5347222222222222	22.96754803137083	3	none	True
chr17:7989856:T:C	GUCY2D	0.99382037	0.5347222222222222	25.371873955651573	4	dELS	True
chr14:42017805:G:A	ENSG00000259149	0.92124516	0.5347222222222222	32.66314851921673	4	none	True
chr7:155532478:G:A	ENSG00000287610	0.9771593	0.5346756152125279	27.745011012588296	4	none	True
chr6:3978023:A:C	GLRX3P2	1.0	0.5346756152125279	40.60342750682778	5	PLS	True
chr6:37551624:G:A	MIR4462	0.933288	0.5346756152125279	28.27022456098914	4	dELS	True
chr3:195132760:C:G	MIR3137	0.98256314	0.5346756152125279	25.479196964070496	3	pELS	False
chr17:1733183:C:T	ENSG00000262791	0.99690676	0.5346756152125279	26.69292455862479	4	none	True
chr16:11369855:A:G	ENSG00000262636	0.904914	0.5346756152125279	25.72231380461413	4	dELS	True
chr15:29150322:C:A	ENSG00000252868	0.99999976	0.5346756152125279	23.65615400696152	2	none	False
chr12:31362239:T:C	U6	1.0	0.5346756152125279	30.797959646717967	5	dELS	True
chr8:52414821:C:G	ST18	0.97066087	0.534521158129176	22.18572222988337	2	none	False
chr18:79420635:C:T	ADNP2	0.9576978	0.534521158129176	21.065693477806928	2	none	False
chr17:802410:C:T	ENSG00000277491	0.9901612	0.534521158129176	23.912145082471465	3	none	True
chr7:130101605:G:T	LINC03008	0.9999974	0.5344036697247706	26.24346149780293	2	none	False
chr4:386768:A:G	ZNF876P	0.9285654	0.5344036697247706	27.067905486722367	4	none	True
chr7:104488541:C:G	LHFPL3	0.93992865	0.5343680709534369	33.55311357747857	4	none	True
chr10:122834637:A:G	PSTK	0.9475695	0.5342465753424658	24.790935955318798	3	pELS	False
chr14:105488612:A:G	TEDC1	1.0	0.5340909090909091	25.31672550544581	3	none	True
chr2:120587887:T:G	ENSG00000232140	0.9598328	0.5339366515837104	21.63501453426204	2	none	False
chr11:1877434:T:C	MIR7847	0.9856797	0.5339366515837104	27.152065933403925	4	dELS	True
chr10:71377141:A:G	ENSG00000279406	0.9635354	0.5339366515837104	22.84263802992085	2	none	False
chr7:96988790:C:G	DLX6	0.9446189	0.5337837837837838	22.61908416485896	2	none	False
chr7:128909977:G:A	KCP	0.92235297	0.5337837837837838	25.024245714672723	3	pELS	False
chr22:38412690:C:A	ENSG00000286144	0.9998772	0.5337837837837838	27.608806726781527	4	dELS	False
chr21:44590254:G:A	KRTAP10-6	0.99999994	0.5337837837837838	25.29794958836451	4	none	True
chr21:42561831:C:T	ENSG00000235772	0.9433411	0.5337837837837838	24.354806694467843	3	PLS	False
chr15:59329695:C:G	RNU6-212P	0.9999587	0.5337837837837838	29.001791578458437	4	dELS	False
chr12:51886611:C:T	ANKRD33	1.0	0.5337837837837838	29.02165729647392	4	none	True
chr11:86202684:C:G	EED	0.999624	0.5337837837837838	26.875840323149045	3	dELS	False
chr5:1035831:C:A	NKD2	0.9414581	0.5336322869955157	21.572520629356287	2	none	False
chr4:4858411:A:G	MSX1	0.9657909	0.5336322869955157	23.621220206939885	3	pELS	False
chr1:143530261:A:C	ENSG00000203825	0.99989897	0.5336322869955157	28.00776432431576	3	none	True
chr16:87670339:T:C	ENSG00000277504	1.0	0.5336322869955157	24.106370371719223	3	none	False
chr16:16357284:C:G	MIR6511A3	0.9788103	0.5336322869955157	22.008389923175567	2	none	False
chr8:41696410:C:G	ENSG00000253389	0.9999998	0.5334821428571429	24.728801967154364	3	CA-CTCF	False
chr5:174736433:C:T	MSX2	0.99903667	0.5334821428571429	25.243317431077468	3	dELS	False
chr2:1591090:C:G	ENSG00000231482	0.9698251	0.5334821428571429	25.393599276012548	4	dELS	True
chr21:45605254:C:T	ENSG00000286594	1.0	0.5334821428571429	22.635813603608483	2	none	False
chr17:18961868:A:G	ENSG00000196893	1.0	0.5334821428571429	30.345351206456726	4	dELS	False
chr16:8833075:G:A	ENSG00000260350	0.9931475	0.5334821428571429	23.171079900478546	4	dELS	True
chr12:114668545:A:C	Y_RNA	0.95774305	0.5334821428571429	21.919814002729407	2	none	False
chr10:124076749:G:A	CHST15	1.0	0.5334821428571429	29.05293573839638	4	none	True
chr8:2501114:T:C	ENSG00000282686	0.99999994	0.5333333333333333	27.32376259039869	3	dELS	False
chr17:215560:C:T	LINC02091	0.98397624	0.5333333333333333	28.917410701370898	5	dELS	True
chr12:132476176:C:T	ENSG00000256875	0.98035073	0.5333333333333333	26.16356365097139	4	dELS	False
chr19:15934681:G:C	CYP4F11	0.99999946	0.5331858407079646	28.25351289074641	4	PLS	True
chr10:41890976:T:A	KSR1P1	0.97983485	0.5331858407079646	22.94500711439429	3	none	True
chr12:42145045:C:G	GXYLT1	0.9805453	0.5331807780320366	31.28430339623696	5	pELS	True
chr14:106355609:A:G	IGHV4-28	0.95297784	0.53315649867374	27.78864388058745	3	none	True
chr6:52498567:G:A	TRAM2-AS1	0.96270454	0.5330296127562643	24.790923393690576	3	dELS	False
chr13:113844447:T:C	GAS6	0.90400654	0.5330073349633252	26.34668459001879	4	dELS	True
chr1:27634321:C:G	FGR	0.9836238	0.5328798185941043	25.34468803788925	4	pELS	True
chr16:88025391:C:T	ENSG00000260166	0.9991126	0.5328798185941043	28.95773796835664	5	dELS	True
chr11:88307965:T:G	ENSG00000288018	0.97530705	0.5328798185941043	37.941659305978106	5	dELS	True
chr10:6044329:G:T	IL2RA	0.9999912	0.5328798185941043	31.293601577411444	4	dELS	False
chr8:7159477:G:T	SNRPCP15	0.9998872	0.5327313769751693	27.57082829306399	4	none	True
chr19:636936:C:T	FGF22	0.9324947	0.5327313769751693	25.01689677731981	4	pELS	True
chr22:23138775:T:G	U7	0.9990542	0.5327102803738317	31.5060455664233	4	none	True
chr8:139734196:G:A	KCNK9	0.97660124	0.5325842696629214	24.08990230927285	3	none	False
chr19:2452842:A:T	LMNB2	0.9463243	0.5325842696629214	26.609211208059005	4	dELS	True
chr15:79450437:C:T	MINAR1	0.97931266	0.5325842696629214	24.55702463476364	3	none	True
chr14:35347104:G:A	ENSG00000258860	0.9051677	0.5325842696629214	27.27066128452052	5	dELS	True
chr12:3744030:T:A	ENSG00000283138	1.0	0.5325842696629214	30.982294206778143	4	dELS	False
chr7:55765720:A:C	ENSG00000273720	0.995193	0.5325581395348837	27.62327139208216	3	none	True
chr11:66421433:T:C	NPAS4	0.9784524	0.5325581395348837	22.62043520069097	3	none	True
chr5:179531040:G:T	RUFY1	0.93256986	0.5324384787472036	24.84005162487316	5	dELS	True
chr4:8277077:C:T	HTRA3	0.90062493	0.5324384787472036	27.15010891586219	3	none	False
chr20:48510065:C:A	RNU7-144P	0.98830354	0.5324384787472036	22.78603645332056	2	none	False
chr19:43774629:G:A	KCNN4	0.9726182	0.5324384787472036	23.30700222347911	3	dELS	False
chr10:30707531:T:G	ENSG00000290952	0.9347037	0.5324384787472036	26.1489661205019	3	none	False
chr8:2544051:T:C	ENSG00000282142	0.9997626	0.532293986636971	25.638705590602846	3	dELS	False
chr3:4471859:A:G	SUMF1	0.9416028	0.532293986636971	31.55462465069224	4	dELS	False
chr19:57168495:C:T	ENSG00000268379	0.99999666	0.532293986636971	22.89099355823574	3	dELS	False
chr17:82647768:A:G	ENSG00000279613	0.99999195	0.532293986636971	24.933038134644374	4	PLS	True
chr17:815679:A:G	ENSG00000277491	0.9999992	0.532293986636971	23.70941923157333	3	none	True
chr16:88660318:T:G	MVD	0.9536203	0.532293986636971	23.44248053148611	4	dELS	False
chr8:8174047:G:C	FAM85B	0.9747955	0.532150776053215	22.319233035217493	2	none	False
chr3:225241:G:A	RPSAP32	0.91545534	0.532150776053215	23.79325049662289	3	none	True
chr16:85422370:G:T	ENSG00000278716	0.9973316	0.532150776053215	24.831966375154277	4	dELS	True
chr14:19670475:A:T	ENSG00000257751	0.99952346	0.532150776053215	24.767789136848663	3	none	True
chr5:143020840:C:T	ENSG00000285366	0.91014785	0.5319634703196348	23.887769647758788	2	none	False
chr5:122073485:G:C	LOX	1.0	0.5319634703196348	40.4035014867212	5	pELS	True
chr1:159012687:G:T	PYDC5	0.9995336	0.5319634703196348	27.40253004594687	4	pELS	True
chr9:91710038:A:G	MIR3910-2	0.99997455	0.5318181818181819	26.332031706177204	2	none	False
chr13:100506326:A:G	PCCA-AS1	0.9999998	0.5318181818181819	27.90099804408393	4	dELS	True
chr12:121629033:T:C	ORAI1	0.9531594	0.5318181818181819	27.556995425745267	5	dELS	True
chr1:21608999:C:T	LINC02596	0.9980868	0.5316742081447964	26.358605249341583	4	dELS	False
chr16:16046021:A:G	RPL17P40	1.0	0.5316742081447964	34.09964213672326	4	dELS	False
chr6:31041731:C:G	HCG22	0.9999989	0.5315315315315315	26.381759051176463	4	none	True
chr6:170281792:C:A	ENSG00000271820	0.99982	0.5315315315315315	23.40170964498639	3	dELS	False
chr5:160311702:A:G	ENSG00000270612	0.99942297	0.5315315315315315	24.582685633056578	4	pELS	True
chr8:94639011:T:G	LINC02894	0.9968978	0.531390134529148	21.69197911015265	2	none	False
chr5:81213318:A:G	CKMT2	0.9691224	0.531390134529148	26.59143307517174	3	dELS	False
chr2:132646650:C:A	ENSG00000230065	0.9985866	0.531390134529148	25.179013884256698	3	dELS	False
chr17:81515990:G:A	ENSG00000289182	0.96477956	0.531390134529148	26.531711458347903	4	pELS	True
chr8:22371457:G:A	SLC39A14	0.90728325	0.53125	30.26964685631006	4	none	True
chr3:195849848:G:A	KIF3AP1	1.0	0.53125	35.991843532200825	5	dELS	True
chr20:15984638:C:G	ENSG00000286546	0.999947	0.53125	24.011239163820804	2	none	False
chr1:3593980:A:T	MEGF6	0.9639471	0.53125	26.874912379057747	4	dELS	True
chr19:54244536:A:G	LILRA6	0.9299917	0.53125	25.72149576871992	4	none	True
chr19:44750325:G:A	BCL3	0.9999666	0.53125	26.42544104483118	3	pELS	False
chr13:105381034:C:T	ENSG00000286929	0.99092555	0.53125	22.783755443629364	2	none	False
chr11:133926781:A:C	MIR4697	0.9179076	0.53125	21.11331342311608	2	none	False
chr4:83224384:A:T	ENSG00000250677	0.93253785	0.5311778290993071	34.12439832491703	3	none	False
chr9:135276710:G:A	ENSG00000233936	0.9999826	0.5311111111111111	24.11432888110175	3	TF	False
chr8:1458493:A:G	ENSG00000281961	0.9974597	0.5311111111111111	24.82996308426683	3	none	False
chr8:141590195:T:A	ENSG00000287677	1.0	0.5311111111111111	27.21572463475481	5	CA-TF	True
chr7:155361168:T:C	BLACE	0.92600715	0.5311111111111111	24.964541842854423	3	none	True
chr19:55097649:C:T	ENSG00000287170	0.97251296	0.5311111111111111	20.49708195893264	2	none	False
chr17:21645711:A:G	ENSG00000264617	1.0	0.5311111111111111	27.920510161342182	4	none	True
chr16:1124566:C:G	ENSG00000260532	0.9996803	0.5311111111111111	26.41099526537897	4	dELS	True
chr6:166097422:G:T	ENSG00000287824	0.99358916	0.5310344827586206	24.86431033627074	3	pELS	False
chr6:163866487:A:G	RN7SL366P	0.9832544	0.5310344827586206	23.92314655336037	3	none	False
chr2:214965765:A:G	ENSG00000227769	0.99930376	0.5310344827586206	25.54504697174298	2	none	False
chr22:49881083:G:C	ENSG00000273192	0.9857411	0.5310344827586206	28.751206061669723	4	none	True
chr14:74942086:T:C	PGF	0.9999599	0.5310344827586206	25.30642019319811	3	dELS	False
chr15:101961167:C:G	FAM138E	0.99720174	0.5309734513274337	23.241584932338025	3	none	False
chr20:35978320:A:G	SCAND1	1.0	0.530952380952381	34.08235130688902	4	none	True
chr7:47839395:C:T	PKD1L1-AS1	0.99449754	0.5308924485125858	32.29711903850789	4	CA	False
chr6:29975563:G:C	POLR1HASP	0.91186666	0.5308924485125858	21.848345587917414	3	none	True
chr19:12997014:G:T	ZSWIM4	0.9868377	0.5308924485125858	24.244345029063307	3	dELS	False
chr10:80078900:A:C	ENSG00000282432	0.989811	0.5308924485125858	25.5038126369504	3	none	True
chr2:239275992:G:A	MIR4269	0.99112386	0.5306122448979592	26.177745791313363	4	dELS	False
chr1:145475346:T:C	ENSG00000287374	0.98823047	0.5304740406320542	25.36786476401066	4	none	True
chr19:3481879:T:C	SMIM24	0.999867	0.5304740406320542	24.525491791755577	3	pELS	False
chr12:47394687:T:A	LINC02156	0.9993723	0.5304740406320542	28.167704400541712	4	dELS	True
chr11:6937363:T:C	OR2D2	0.93309134	0.5304740406320542	32.285236926966014	3	CA-H3K4me3	False
chr9:37404775:C:T	GRHPR	0.993376	0.5303370786516854	30.29066411684336	4	dELS	False
chr7:101126257:A:G	SERPINE1	1.0	0.5303370786516854	35.435559059253514	5	pELS	True
chr21:44836885:C:G	SUMO3	0.97546303	0.5303370786516854	28.362167151906213	5	dELS	True
chr19:2774003:C:T	THOP1	0.9998835	0.5303370786516854	22.39596288180396	3	none	False
chr22:42529125:A:G	RRP7A	1.0	0.5302013422818792	43.549970091222434	5	dELS	True
chr16:8812682:C:A	TMEM186	1.0	0.5302013422818792	24.03923011571365	3	none	True
chr16:85255658:C:T	COX6CP16	0.9963549	0.5302013422818792	22.46522330511219	3	CA-H3K4me3	False
chr9:138139625:C:T	ENSG00000290588	0.98804045	0.5300668151447662	24.715461693985628	3	none	True
chr3:196111742:C:T	TFRC	0.99979764	0.5300668151447662	22.236191379701427	2	none	False
chr20:61882222:A:G	MIR1257	0.999976	0.5300668151447662	23.86060036844108	3	CA	False
chr20:48504154:C:A	RNU7-144P	0.99993455	0.5300668151447662	26.288010070587355	4	none	True
chr2:98415992:T:G	INPP4A	0.9911515	0.5299539170506913	33.27920799948325	5	dELS	True
chr4:49199194:A:G	SNX18P25	0.9725053	0.5299334811529933	24.873878451582307	2	none	False
chr3:195684627:G:A	MIR570	0.93718785	0.5299334811529933	24.958288717497588	4	pELS	True
chr12:132600178:G:C	ENSG00000277186	1.0	0.5299334811529933	30.37381032184273	4	dELS	False
chr3:195952603:T:A	ENSG00000290762	1.0	0.5298165137614679	29.330513594328075	4	none	True
chr2:214931753:A:G	ENSG00000227769	1.0	0.5298165137614679	29.912580780391107	4	none	True
chr17:30234437:T:A	SLC6A4	1.0	0.5298165137614679	31.71593245128574	5	pELS	True
chr22:33745334:T:C	LARGE-AS1	0.98321193	0.5296803652968036	25.510610626779155	3	dELS	False
chr19:55657082:G:A	ZNF784	0.9999969	0.5296803652968036	24.120704172499806	3	none	True
chr11:69014755:A:G	MRGPRF	0.9713057	0.5296803652968036	25.57651650775976	3	pELS	False
chr11:15941038:T:C	MIR6073	1.0	0.5296803652968036	28.57900626304416	4	dELS	True
chr9:124267457:G:A	ENSG00000227200	0.9999316	0.5295454545454545	32.818507797870225	4	dELS	False
chr20:60138799:G:A	MIR646HG	0.9296709	0.5295454545454545	23.770376292156477	2	none	False
chr9:129890715:G:A	ENSG00000288924	0.99481654	0.5294117647058824	25.22709640665514	3	none	True
chr16:34176407:C:G	BCAP31P1	0.92821866	0.5294117647058824	26.950209700601764	4	none	True
chr9:6566602:C:A	ENSG00000237158	0.94205415	0.5292792792792793	28.503463406599742	4	pELS	True
chr22:23837474:A:T	DERL3	0.97341543	0.5292792792792793	32.24293981233621	3	none	False
chr17:35273933:G:A	SLFN5	0.95493126	0.5292792792792793	24.879391850354125	3	TF	False
chr14:99547190:G:A	ENSG00000258749	0.9747015	0.5292792792792793	22.00454845342239	2	none	False
chr14:22477230:T:C	TRAJ58	0.9524121	0.5292792792792793	23.706922142660133	2	none	False
chr12:992098:C:G	ENSG00000267285	0.99266386	0.5292792792792793	22.78470426924918	2	none	False
chr9:138178279:A:C	TUBBP5	0.9780285	0.5291479820627802	26.59533006454841	3	none	True
chr3:192913134:T:C	FGF12	0.9683186	0.5291479820627802	23.626878178354247	2	none	False
chr20:2206932:A:C	ENSG00000226644	1.0	0.5291479820627802	29.313947929337694	5	pELS	True
chr1:21652737:C:T	RAP1GAP	0.9999999	0.5291479820627802	23.645126845142013	3	pELS	False
chr18:13448221:C:G	MIR5190	1.0	0.5291479820627802	25.845972105272157	4	dELS	True
chr10:71852159:C:T	PSAP	0.99945796	0.5291479820627802	25.994621001568756	4	pELS	True
chr1:21762348:G:A	ENSG00000231978	0.99958616	0.5291375291375291	30.097578165261798	5	dELS	True
chr15:64090171:C:T	SNX1	0.9212404	0.5291375291375291	27.102584302739388	3	pELS	False
chr9:136191173:G:A	LHX3	0.9957412	0.5290178571428571	26.14294756499467	3	dELS	False
chr9:132425530:G:A	RNU5D-2P	1.0	0.5290178571428571	26.217706676985514	3	dELS	False
chr19:362283:C:T	THEG	0.98711807	0.5290178571428571	25.19120536737503	5	CA-CTCF	True
chr14:94864988:G:T	ENSG00000274379	0.97760224	0.5290178571428571	24.97878920106369	4	CA-H3K4me3	True
chr11:3579976:A:G	ENSG00000284639	0.99998283	0.5290178571428571	24.43356664419869	3	pELS	False
chr10:128928001:C:T	LINC02667	0.9999936	0.5290178571428571	29.20005249917722	5	dELS	True
chr9:136799504:A:G	ENSG00000273066	0.9630462	0.5288888888888889	24.327750224971265	3	pELS	False
chr22:49093657:C:T	NHIP	0.99352765	0.5288888888888889	22.59627361568189	3	dELS	False
chr17:83022096:A:C	B3GNTL1	0.99999136	0.5288888888888889	24.903895920640128	4	none	True
chr17:79492334:C:T	ENSG00000263278	0.9972281	0.5288888888888889	24.473925829503827	3	CA-H3K4me3	False
chr12:132429220:G:A	ENSG00000274373	0.9966174	0.5288888888888889	21.5101023551198	2	none	False
chr10:324797:C:T	RNA5SP298	0.98899525	0.5288888888888889	27.14783098456382	4	dELS	True
chr13:94704041:C:T	SOX21-AS1	0.9958679	0.5288683602771362	24.512985029219365	3	pELS	False
chr19:47927988:G:C	SULT2A1	0.96083564	0.5287610619469026	23.39952595805573	3	none	False
chr1:171280905:C:T	HMGB1P11	0.9951825	0.5287356321839081	32.90299009223851	4	dELS	False
chr4:48277358:C:T	TEC	0.99994636	0.528604118993135	36.23660971219293	4	CA-CTCF	False
chr2:178928888:C:A	RPS6P2	1.0	0.5285714285714286	34.25489810599948	3	none	False
chr20:3168530:C:T	LZTS3	0.91642904	0.5284738041002278	25.54636779129221	4	PLS	True
chr19:5990294:C:G	RANBP3	0.9969079	0.5284738041002278	24.691920712656348	4	dELS	False
chr19:17454905:C:G	ENSG00000269736	0.99999994	0.5284738041002278	24.015852473152133	3	none	False
chr8:81086512:C:T	ENSG00000254177	0.96479636	0.528344671201814	25.65037143303054	3	dELS	False
chr5:159452861:C:G	LINC01845	1.0	0.528344671201814	32.82859899342763	5	dELS	True
chr3:134649792:A:T	KY	0.9643394	0.528344671201814	23.03073258832308	3	dELS	False
chr15:30801294:T:G	RN7SL82P	0.99991107	0.528344671201814	25.67522990566166	4	none	True
chr9:136718168:C:A	DIPK1B	0.9495174	0.5282167042889391	27.66221868790945	4	none	True
chr1:26162456:C:T	FAM110D	1.0	0.5282167042889391	27.668916614419352	5	dELS	True
chr12:6630331:T:C	LPAR5	0.99995863	0.5282167042889391	22.779727435866004	2	none	False
chr7:4206284:A:G	ENSG00000283991	0.9992028	0.5280898876404494	24.6442183111973	2	none	False
chr19:17793357:A:G	B3GNT3	0.99712414	0.5280898876404494	23.964600240158628	3	none	True
chr18:11983681:C:T	IMPA2	1.0	0.5280898876404494	29.84330120791998	5	dELS	True
chr9:104928714:G:A	ABCA1	0.9440192	0.5279642058165548	26.96319328734067	4	pELS	True
chr5:1212532:C:T	SLC6A19	0.998375	0.5279642058165548	23.56125107486771	3	CA-CTCF	False
chr16:803376:T:C	MIR662	0.9524723	0.5279642058165548	22.797482167944118	3	none	True
chr13:23695681:A:G	ENSG00000289332	1.0	0.5279642058165548	25.50997741533375	4	dELS	True
chr12:132819654:G:A	RPS11P5	0.9900587	0.5279642058165548	24.949432006211573	3	none	True
chr12:130713443:C:T	RIMBP2	0.99971145	0.5279642058165548	23.652548014265854	2	none	False
chr11:9840841:C:G	ENSG00000255476	0.9945217	0.5279642058165548	29.30436400118216	4	pELS	True
chr11:45145893:C:A	TP53I11	0.9581494	0.5279069767441861	23.264978354301387	3	dELS	False
chr3:2152708:C:A	CNTN4-AS2	0.9996407	0.5278396436525612	24.343499795879065	3	none	True
chr22:45247026:T:C	KIAA0930	1.0	0.5278396436525612	38.73570100768706	4	dELS	False
chr1:246696911:A:C	ENSG00000235021	0.9989041	0.5278396436525612	26.328063075770874	4	dELS	True
chr18:9804879:T:C	PMM2P1	0.925911	0.5278396436525612	23.349908891685715	2	none	False
chr17:35447616:C:T	SLFN13	0.9999994	0.5278396436525612	25.40304275945292	4	pELS	True
chr14:92537801:G:A	RIN3	0.99944437	0.5278396436525612	23.36247577988936	2	none	False
chr13:113164695:T:A	ENSG00000269125	1.0	0.5278396436525612	35.335550511221314	5	pELS	True
chr19:54341339:T:G	LILRA4	0.94390714	0.5277161862527716	23.812646336456485	3	none	True
chr17:1151914:A:G	ENSG00000275997	0.98884827	0.5277161862527716	27.173794717405364	4	none	True
chr1:161399804:T:A	ENSG00000283696	0.9999571	0.5276497695852534	28.38533721796213	4	pELS	False
chr18:46165673:G:A	C18orf25	0.99809295	0.5276497695852534	23.819771833761724	3	none	True
chr10:124687039:G:C	FAM53B-AS1	0.90534174	0.5275229357798165	26.98755757640199	4	dELS	True
chr10:72332166:T:C	DNAJB12	0.929697	0.5274463007159904	25.53204122594315	4	dELS	True
chr18:58399813:A:G	ENSG00000267396	0.97880083	0.5273972602739726	30.45537832481952	3	none	False
chr11:116851835:G:T	APOA1	0.99997866	0.5273972602739726	31.683815048521996	5	dELS	True
chr10:133565152:A:G	ENSG00000288107	0.9773942	0.5273972602739726	22.934501725095693	3	pELS	False
chr9:31160778:G:A	ENSG00000223421	0.9978867	0.5272727272727272	28.76095806278972	3	none	False
chr14:65791314:C:A	NCOA4P1	0.9994866	0.5272727272727272	33.16204278768787	5	dELS	True
chr10:42952564:T:G	LINC01264	0.9497332	0.5272727272727272	24.40983847802123	4	dELS	True
chr9:33130879:A:G	B4GALT1-AS1	0.9151097	0.5271493212669683	27.939098571161075	3	none	True
chr9:113594093:G:C	ENSG00000237073	0.99002856	0.5271493212669683	27.628533097890493	4	PLS	True
chr6:16408844:G:A	ENSG00000282024	0.9756686	0.5271493212669683	23.751489978911245	3	none	False
chr3:16378201:G:A	ENSG00000287377	0.92734414	0.5271493212669683	25.539299929646685	3	dELS	False
chr11:1752247:T:G	IFITM10	1.0	0.5271493212669683	30.648857111816262	4	pELS	False
chr4:328113:C:T	ENSG00000251535	0.99702984	0.527027027027027	26.452275809652395	3	none	True
chr4:25733544:T:C	MTCO3P44	0.9643724	0.527027027027027	23.11084913630521	2	none	False
chr2:45130568:T:C	ENSG00000231054	1.0	0.527027027027027	25.763091986036905	2	none	False
chr22:46054417:C:T	ENSG00000231010	0.9999018	0.527027027027027	28.70365713419905	4	dELS	True
chr1:39672835:A:G	NT5C1A	1.0	0.527027027027027	29.0843936639064	5	pELS	True
chr19:8699049:T:C	ENSG00000279426	0.9949559	0.527027027027027	23.73927823282429	3	none	True
chr9:78296318:A:G	PSAT1	0.9940857	0.5269058295964125	23.30031254587428	3	pELS	False
chr7:1643054:C:T	ENSG00000231476	0.999705	0.5269058295964125	31.799723536151088	5	dELS	True
chr22:21468436:T:C	ENSG00000252143	0.9736953	0.5269058295964125	21.43990566492293	3	none	True
chr19:6670705:T:C	TNFSF14	1.0	0.5269058295964125	26.02673227191184	4	none	True
chr19:1332428:G:A	ENSG00000267372	0.9999995	0.5269058295964125	30.73611744177662	5	dELS	True
chr17:36933193:C:T	LHX1-DT	0.9919595	0.5269058295964125	23.419790093791097	3	PLS	False
chr16:10179679:G:T	GRIN2A	0.99950975	0.5269058295964125	27.30120757542593	4	dELS	False
chr5:2738341:C:A	ENSG00000259757	0.99999946	0.5267857142857143	25.71346951172562	4	TF	False
chr4:173523751:G:A	HAND2-AS1	0.9993846	0.5267857142857143	25.1202110990778	4	dELS	False
chr2:42048679:T:C	PKDCC	0.99999833	0.5267857142857143	25.596782699162056	3	none	False
chr21:41726314:C:T	LINC00112	0.9997972	0.5267857142857143	24.11839846770846	3	dELS	False
chr18:12253736:C:T	CIDEA	0.99520093	0.5267857142857143	23.77213963084761	3	none	True
chr17:83126052:C:A	ENSG00000288807	0.95960677	0.5267857142857143	27.0307000274588	3	dELS	False
chr5:177779034:C:T	ENSG00000249109	0.9897781	0.5266990291262136	34.40377488550168	4	none	True
chr7:158323940:C:T	ENSG00000289418	0.9920735	0.5266666666666666	28.49541240299525	3	none	False
chr4:173526008:C:G	HAND2-AS1	0.9999987	0.5266666666666666	24.41327950581175	3	dELS	False
chr10:5582110:G:C	ENSG00000287235	0.9806267	0.5266666666666666	26.063898108882437	4	dELS	True
chr8:39108494:A:G	ADAM32	0.9861596	0.5265588914549654	24.164491325371475	3	PLS	False
chr7:52040120:A:G	ENSG00000233960	0.99275905	0.5265588914549654	30.06304861316379	3	none	True
chr1:243068977:A:G	LINC01347	0.98550844	0.5265588914549654	27.362947499925685	4	none	True
chr6:166752298:C:T	ENSG00000235008	1.0	0.5265486725663717	39.12895713167162	4	dELS	False
chr17:21748378:C:A	ENSG00000283566	0.9264945	0.5265486725663717	28.559471253490237	5	CA-H3K4me3	True
chr14:22795393:T:G	SLC7A7	0.9398732	0.5265486725663717	24.527144184228234	3	pELS	False
chr7:6104889:C:T	MIR6874	0.98981076	0.5263157894736842	20.59777907929769	2	none	False
chr21:26967877:G:C	ADAMTS5	0.9995482	0.5263157894736842	21.691541305796697	2	none	False
chr17:20677588:G:A	ENSG00000236504	1.0	0.5263157894736842	39.93644388327861	4	none	True
chr6:125154948:A:G	TPD52L1	0.92269295	0.5261958997722096	26.305874136270194	5	pELS	True
chr4:3285928:A:G	RGS12	0.99133563	0.5261958997722096	26.118755780104607	4	dELS	True
chr16:668862:G:A	RHOT2	1.0	0.5261958997722096	23.76422638338917	3	none	False
chr13:27448480:C:T	ENSG00000289827	0.99991375	0.5261958997722096	27.647841150418365	4	dELS	False
chr9:127865823:T:C	CIZ1	0.97670156	0.5260770975056689	24.91061261864768	3	CA	False
chr9:122127654:T:G	MIR4478	0.99994206	0.5260770975056689	24.357063501620928	3	dELS	False
chr2:67896338:C:T	LINC01812	1.0	0.5260770975056689	37.07960339903695	4	dELS	False
chr11:76205433:A:G	WNT11	0.99995196	0.5260770975056689	27.592764290047324	5	pELS	True
chr18:13616594:G:A	MIR4526	0.99820185	0.5259593679458239	28.943138731809185	4	dELS	False
chr17:72888239:G:A	ENSG00000264196	0.9107021	0.5259593679458239	24.902360349040634	2	none	False
chr16:86791541:G:C	ENSG00000287010	0.99999845	0.5259593679458239	28.48946977033389	4	dELS	True
chr10:14004414:C:T	ENSG00000229751	0.961383	0.5259593679458239	22.9099341106096	2	none	False
chr11:66595526:A:G	CCS	0.9812657	0.5259433962264151	36.50716484410603	5	dELS	True
chr20:44114609:T:C	ENSG00000287570	0.9996917	0.5258426966292135	21.986101602255086	2	none	False
chr20:3670622:G:A	GFRA4	0.99706626	0.5258426966292135	27.45592773509586	3	dELS	False
chr17:57663111:C:A	RNU7-134P	1.0	0.5258426966292135	27.220501183351526	3	none	False
chr16:78551931:C:A	ENSG00000279129	0.9836736	0.5258426966292135	31.35252050716449	5	pELS	True
chr16:73033256:G:A	ENSG00000279591	0.96592915	0.5258426966292135	26.171984481649677	3	dELS	False
chr15:20514052:A:C	ENSG00000258488	0.9318634	0.5258215962441315	22.348852967130124	2	none	False
chr14:106332504:A:G	IGHV3-29	0.93185765	0.5257731958762887	30.33097486211232	5	pELS	True
chr3:72739284:T:C	ENSG00000287595	0.99857295	0.5257270693512305	29.125355483649265	5	pELS	True
chr20:707704:C:G	SCRT2	0.99992245	0.5257270693512305	26.368910027440684	4	dELS	True
chr16:16373553:T:C	PKD1P2	0.9614612	0.5257270693512305	24.474962525065077	2	none	False
chr16:12752394:T:G	ENSG00000260378	0.9999088	0.5257270693512305	27.05500362083253	4	dELS	False
chr12:8233136:A:G	LINC02449	1.0	0.5257270693512305	24.627915731029955	3	none	True
chr3:32626680:T:C	IGBP1P3	0.97936577	0.5257009345794392	27.850585626048076	4	none	True
chr8:2062641:G:A	MIR7160	1.0	0.5256124721603563	25.75967872579863	3	none	True
chr7:155882285:A:G	ENSG00000204876	1.0	0.5256124721603563	26.61181735340273	4	dELS	False
chr14:19297599:C:T	NBEAP5	0.9951729	0.5256124721603563	24.088679422505784	4	CA	True
chr12:132415480:T:C	ENSG00000274373	0.9150119	0.5256124721603563	22.07189434896535	3	dELS	False
chr17:38891606:A:G	ENSG00000263466	0.98892486	0.5254988913525499	26.44587459692476	4	dELS	True
chr16:89640691:G:T	CHMP1A	0.99687636	0.5254988913525499	33.981335155461096	5	dELS	True
chr20:33785678:G:T	ZNF341-AS1	1.0	0.5253456221198156	32.860675695674566	5	dELS	True
chr17:38123005:A:G	NPEPPSP1	0.9997071	0.5250836120401338	27.92062873941805	3	none	True
chr17:36786972:A:G	ENSG00000275613	0.99994075	0.525	31.53690752691776	3	none	True
chr14:95670438:C:A	ENSG00000277468	1.0	0.525	35.812811185344295	3	none	False
chr9:107637457:G:C	RNU6-996P	0.90253437	0.5248868778280543	24.751357388321978	4	dELS	False
chr16:29318232:A:G	ENSG00000260413	0.9999998	0.5248868778280543	29.924235002346386	4	dELS	False
chr10:14927010:G:A	DCLRE1C	0.99812806	0.5248868778280543	25.856529282636885	3	none	True
chr8:60885579:G:A	ENSG00000287975	1.0	0.5247747747747747	28.00528920204956	4	none	True
chr5:180673077:G:A	ENSG00000251352	0.93162245	0.5247747747747747	22.2038269764764	2	none	False
chr16:799166:C:A	GNG13	1.0	0.5246636771300448	28.981619043217503	4	CA-H3K4me3	True
chr13:113078695:C:T	F7	1.0	0.5246636771300448	24.590045305561617	4	dELS	False
chr12:9814348:G:C	GCNAP1	0.99155813	0.5246636771300448	32.717595055980766	4	dELS	False
chr22:44684758:G:T	PRR5	0.96438426	0.5245535714285714	21.16374059762904	2	none	False
chr17:37746322:G:T	HNF1B	0.9627035	0.5245535714285714	22.795951886146167	3	none	True
chr16:888717:A:G	ENSG00000260022	0.9998057	0.5245535714285714	23.73297088034129	4	CA-H3K4me3	True
chr14:75495819:A:C	BATF	0.9999995	0.5245535714285714	29.49162840266812	5	dELS	True
chr14:104664765:A:C	LINC02280	0.9903783	0.5245535714285714	27.38780649780243	4	pELS	True
chr14:104154341:A:C	KIF26A-DT	0.99990934	0.5245535714285714	22.646548594037668	3	none	True
chr2:27716806:A:G	MRPL33	0.99094063	0.5244755244755245	23.073309624348862	2	none	False
chr8:2804044:C:G	ENSG00000287740	0.9529398	0.5244444444444445	27.417946858356864	2	none	False
chr7:454833:G:A	ENSG00000286764	0.97325957	0.5244444444444445	22.60486319308223	3	dELS	False
chr7:2384631:A:G	NGRNP3	0.9982839	0.5244444444444445	24.527442800436106	3	dELS	False
chr2:241011592:A:G	ENSG00000229996	0.9850256	0.5244444444444445	24.149109728194446	3	pELS	False
chr22:50062708:A:G	TTLL8	0.9991111	0.5244444444444445	26.85632876401317	5	dELS	True
chr19:57803905:G:A	ZNF552	0.99968463	0.5243619489559165	28.88834074551027	4	dELS	True
chr6:170123619:G:A	ENSG00000288162	0.9999999	0.5243362831858407	24.35330398145006	3	none	False
chr21:8846162:C:G	ENSG00000286103	0.99918795	0.5243362831858407	21.68112046197615	2	none	False
chr9:136866722:G:C	EDF1	0.9388199	0.5239179954441914	30.926371747779417	4	pELS	False
chr6:115304050:C:A	ENSG00000219619	0.9999632	0.5239179954441914	31.46049598033073	2	none	False
chr3:194322822:C:T	LINC00887	1.0	0.5238095238095238	25.381511540308967	3	PLS	False
chr4:1647292:A:G	Y_RNA	0.9982129	0.5237020316027088	23.787762447872865	3	none	True
chr14:102555723:G:T	ENSG00000289862	0.9890457	0.5237020316027088	25.890037068962293	3	none	False
chr21:9067769:C:T	ENSG00000279501	0.95076156	0.5235955056179775	25.72566331000774	4	none	True
chr20:4985136:C:A	SLC23A2	0.90565693	0.5235955056179775	28.76032231449604	4	dELS	False
chr1:226345147:T:C	ENSG00000289348	1.0	0.5235955056179775	29.378742452393663	4	dELS	True
chr19:40684970:G:A	NUMBL	0.9999997	0.5235955056179775	24.002698742051315	3	none	False
chr9:136148728:G:T	ENSG00000275329	0.99977344	0.5234899328859061	26.37761501969541	3	dELS	False
chr2:10408700:T:C	SNORA80B	1.0	0.5234899328859061	26.5827542030496	4	none	True
chr22:43187592:T:C	TTLL12	1.0	0.5234899328859061	24.841471613323847	4	pELS	True
chr1:234326342:A:G	MIR4671	1.0	0.5234899328859061	24.26989548834703	2	none	False
chr15:95327748:C:T	LETR1	0.99984366	0.5234899328859061	25.17203152511262	3	pELS	False
chr14:91356118:C:T	CCDC88C	0.91042435	0.5234899328859061	24.16113873955953	3	dELS	False
chr10:133373302:A:G	MIR202HG	0.9520232	0.5234899328859061	22.429903980908676	3	dELS	False
chr8:20123793:T:C	RPL30P9	0.9999982	0.5233853006681515	29.01345857060985	4	dELS	True
chr2:240561257:C:G	DUSP28	1.0	0.5233853006681515	22.10214352189115	2	none	False
chr12:132288443:C:T	ENSG00000277011	0.99956864	0.5233853006681515	24.952331474217456	3	dELS	False
chr8:143406142:G:A	LINC02990	0.9330625	0.5232815964523282	27.458861483108542	5	dELS	True
chr22:45573552:G:A	FBLN1	0.99504733	0.5232815964523282	23.878480392859124	3	TF	False
chr20:3001104:G:A	GNRH2	0.99885565	0.5232558139534884	35.75471906278792	5	dELS	True
chr14:105364375:T:G	ENSG00000279495	0.97680277	0.5232558139534884	32.31410149417043	5	CA-H3K4me3	True
chr3:71442890:T:A	ENSG00000290077	0.9748624	0.5229357798165137	24.560430937474187	2	none	False
chr7:17167132:T:C	Metazoa_SRP	1.0	0.5228310502283106	39.01105616682494	3	none	False
chr21:34808689:A:G	ENSG00000286153	0.96215504	0.5228310502283106	26.374950761139825	3	dELS	False
chr8:27332658:A:T	PTK2B	0.9714933	0.5227272727272727	24.75796420132747	3	dELS	False
chr1:21445674:C:G	NBPF3	0.909176	0.5227272727272727	27.46484252758049	3	none	True
chr10:31750315:C:T	Y_RNA	0.9996701	0.5227272727272727	25.491649114866608	4	dELS	True
chr3:193842841:A:G	LINC02038	1.0	0.5226244343891403	26.47966377906216	4	pELS	False
chr1:1431014:G:A	LINC01770	0.9028697	0.5226244343891403	24.411933145058672	3	dELS	False
chr12:132220492:A:G	ENSG00000279480	0.9996535	0.5226244343891403	25.44099846297395	4	none	True
chr4:177440008:T:C	AGA	0.98929816	0.5225225225225225	27.228750550299026	3	none	False
chr1:2047418:A:G	PRKCZ-DT	0.99905473	0.5225225225225225	25.046098229995472	4	dELS	True
chr16:57298610:A:G	PLLP	0.9987915	0.5225225225225225	26.267079309215102	3	dELS	False
chr6:157610311:G:T	MIR3692	1.0	0.5224215246636771	26.368397357037427	3	none	True
chr5:32530940:A:G	SUB1	0.9991745	0.5224215246636771	23.025742714775884	2	none	False
chr20:43802662:C:T	RNU6-639P	0.903102	0.5224215246636771	28.0331422116052	3	none	False
chr19:43779295:C:T	KCNN4	0.93226606	0.5224215246636771	23.64432852331533	3	none	True
chr16:12062449:G:C	RPS23P6	0.9855846	0.5224215246636771	28.512212049707426	4	dELS	False
chr8:7536511:A:G	FAM90A22	0.9998915	0.5223880597014925	27.1722429603651	4	none	True
chr22:15821403:C:T	NBEAP3	0.99952096	0.5223214285714286	21.8455006357573	2	none	False
chr20:46153503:C:T	ENSG00000229957	0.99949133	0.5223214285714286	26.5779873043243	5	CA-CTCF	True
chr19:8332686:G:A	CD320	0.9999992	0.5223214285714286	24.32094784149495	3	none	False
chr16:1066169:A:G	ENSG00000261720	0.99944484	0.5223214285714286	22.234042568571887	2	none	False
chr9:135261004:C:G	ENSG00000233936	1.0	0.5222222222222223	23.84780014351814	4	dELS	True
chr8:2091828:G:A	MIR7160	0.99989766	0.5222222222222223	24.19825431539304	3	dELS	False
chr17:79113962:T:C	ENSG00000266711	0.99235034	0.5222222222222223	26.335272148839536	4	dELS	False
chr16:83951702:C:T	NECAB2	0.99607706	0.5222222222222223	23.594143016652254	2	none	False
chr11:1182048:A:T	MUC5AC	0.99934834	0.5222222222222223	30.661617493046037	5	CA-H3K4me3	True
chr9:62903316:G:T	ENSG00000291011	0.94550467	0.5221238938053098	27.071110139454213	3	none	True
chr21:9016571:T:A	ENSG00000279967	0.9646458	0.5221238938053098	21.161470123745705	2	none	False
chr12:129087184:G:T	TMEM132D-AS1	0.973485	0.5221238938053098	24.02873447059864	3	none	True
chr6:111302000:C:T	ENSG00000271789	0.9166845	0.5220417633410673	26.841693361698944	3	dELS	False
chr3:195735029:T:C	MUC20	0.9552242	0.5219638242894057	23.127636889717305	4	dELS	False
chr5:773667:G:C	ENSG00000285522	1.0	0.5219399538106235	24.000231886769026	3	dELS	False
chr17:48513357:T:G	HOXB1	1.0	0.5218390804597701	36.19236063303696	5	dELS	True
chr11:64247235:A:G	OTUB1	0.97944194	0.5217391304347826	22.40781892446769	4	none	True
chr22:30821358:C:T	EIF4HP2	0.9998045	0.5216400911161732	25.63552335271387	4	none	True
chr11:96744868:G:A	AKTIPP3	1.0	0.5216400911161732	33.18836777906976	3	none	True
chr10:29417831:A:G	PTCHD3P1	0.94107556	0.5216400911161732	27.14324591591658	3	dELS	False
chr10:130060203:C:T	ENSG00000277218	0.9680466	0.5216400911161732	25.554521171550363	3	none	True
chr6:134871062:A:G	MEMO1P2	0.96708035	0.5215419501133787	22.54480049861993	2	none	False
chr2:185425115:C:T	ENSG00000286797	1.0	0.5215419501133787	33.54359774622466	4	none	True
chr19:45401501:T:C	PPP1R13L	0.9046128	0.5215419501133787	24.287962099907254	3	none	True
chr18:57630878:G:A	LINC01897	0.9811023	0.5215419501133787	22.25326379835059	3	none	True
chr16:70794366:C:T	VAC14	0.99999964	0.5215419501133787	35.571813861574206	4	dELS	False
chr5:131212687:C:T	ENSG00000290020	0.99998623	0.5215311004784688	33.66684096345398	4	none	True
chr8:24350505:T:C	ADAMDEC1	0.9640638	0.5213483146067416	26.71937684081491	2	none	False
chr6:159464116:T:C	RPL21P69	0.9522173	0.5213483146067416	31.14638254861772	5	dELS	True
chr5:141177784:C:G	PCDHB8	0.9319454	0.5213483146067416	26.348948864300247	3	PLS	False
chr2:9752624:T:C	ENSG00000240960	0.9698668	0.5213483146067416	24.294361599958773	3	dELS	False
chr16:8711877:T:C	RNU7-63P	0.99905264	0.5213483146067416	23.568606601248888	2	none	False
chr7:815439:A:T	SUN1	0.99762046	0.5212527964205816	32.20108943857271	5	pELS	True
chr2:493960:T:C	ENSG00000284452	0.9954625	0.5212527964205816	26.28810155378471	4	none	True
chr20:53582428:A:G	ENSG00000235415	0.9900042	0.5212527964205816	23.375325106910974	2	none	False
chr20:38861637:G:A	RN7SL116P	0.9999972	0.5212527964205816	23.21412912559923	2	none	False
chr1:3359574:A:G	ENSG00000286518	1.0	0.5212527964205816	23.918416916720087	3	dELS	False
chr18:77023214:C:T	ENSG00000279811	1.0	0.5212527964205816	35.023217217896814	5	dELS	True
chr16:89156036:C:T	LINC02138	0.9999999	0.5212527964205816	24.78182840936537	4	none	True
chr10:6141842:C:T	RBM17	0.9097167	0.5212527964205816	21.67970460289674	3	none	True
chr10:128095649:T:C	MKI67	0.9999998	0.5212527964205816	29.959117658887777	4	dELS	False
chr3:125142986:C:T	MIR5092	0.9780778	0.5211581291759465	25.153989033695883	3	none	False
chr1:205966594:T:C	SLC26A9	0.962996	0.5211581291759465	25.430897116798068	3	none	True
chr17:81067409:G:A	BAIAP2	0.99980104	0.5211581291759465	22.70369009475213	3	dELS	False
chr13:113831458:G:A	GAS6	0.99858	0.5211581291759465	23.40611565028837	3	none	True
chr10:1585302:G:A	ADARB2-AS1	0.9996168	0.5211581291759465	21.42762672797484	2	none	False
chr19:16547873:T:C	ENSG00000268309	0.99993837	0.5211267605633803	29.152331783211032	4	dELS	False
chr9:63319268:G:A	ENSG00000228522	0.99437034	0.5210643015521065	22.645383480856225	2	none	False
chr2:92006085:C:T	ENSG00000235147	0.9956138	0.5210643015521065	24.70381638955155	2	none	False
chr13:110470843:T:C	ENSG00000289010	0.9250772	0.5210643015521065	23.34472131729908	3	pELS	False
chr11:3637259:C:T	LINC02749	0.9826624	0.5210643015521065	22.494649877285283	3	dELS	False
chr16:36976139:T:A	PPP1R1AP2	0.96268106	0.5209125475285171	26.02981454460957	2	none	False
chr2:214920239:T:C	RPL10P6	0.9972601	0.5208333333333334	25.964673883578147	2	none	False
chr7:74466625:C:T	GTF2IRD1	0.9972602	0.5206422018348624	24.856250698867825	3	dELS	False
chr20:35055837:T:G	RNU6-407P	0.99999964	0.5206422018348624	30.254636505520395	3	none	True
chr11:131692085:A:G	NTM-AS1	0.9998183	0.5206422018348624	26.502158004150804	3	dELS	False
chr5:54754781:T:C	ENSG00000287367	0.99718416	0.5205479452054794	24.818235573262093	2	none	False
chr4:39972235:C:G	ENSG00000250568	0.98862875	0.5205479452054794	25.74118620929157	4	none	True
chr11:62391452:C:T	ENSG00000255126	0.99687743	0.5205479452054794	24.245203391673424	3	none	True
chr4:11426698:A:T	ENSG00000287778	0.99999505	0.5204545454545455	26.66263720627803	4	pELS	False
chr22:49918145:G:A	CRELD2	0.9510858	0.5204545454545455	23.236793091839967	4	none	True
chr19:3689132:T:C	PIP5K1C	0.9329158	0.5204545454545455	24.421167165925148	3	dELS	False
chr19:10967459:C:T	SMARCA4	0.95526505	0.5204545454545455	25.847650683894305	3	none	False
chr18:23504967:T:C	RMC1	0.9663717	0.5204545454545455	23.897036195888507	3	pELS	False
chr6:31351445:C:T	MIR6891	0.96270806	0.5203619909502263	25.51124751712945	3	PLS	False
chr17:13549364:A:G	MIR548H3	0.9305821	0.5203619909502263	26.741290312434472	3	none	True
chr10:2951142:T:C	ENSG00000231743	0.9981853	0.5203619909502263	26.565361834060507	4	dELS	True
chr6:36974705:A:G	MTCH1	0.9531466	0.5202702702702703	33.182042652855095	4	dELS	False
chr2:676177:C:G	TMEM18-DT	0.9996921	0.5202702702702703	29.010573351042108	5	PLS	True
chr1:31434035:A:G	SERINC2	1.0	0.5202702702702703	29.12617326060232	5	dELS	True
chr1:153261034:A:G	LORICRIN	0.9443763	0.5202702702702703	23.32215835006945	3	pELS	False
chr17:3174919:G:A	ENSG00000261848	0.99997264	0.5202702702702703	22.922738116273283	2	none	False
chr13:73866276:A:G	ENSG00000279463	0.9849633	0.5202702702702703	26.10060668713259	2	none	False
chr3:72329799:A:G	ENSG00000260670	0.99996847	0.5201793721973094	25.45932368573305	3	dELS	False
chr18:75126063:T:G	ENSG00000285915	0.9870972	0.5201793721973094	22.713094190555637	2	none	False
chr17:14754732:G:A	ENSG00000205325	0.9905613	0.5201793721973094	24.90474595344964	3	none	False
chr9:64775680:T:A	ENSG00000223602	0.9797702	0.5201005025125628	21.624429167917985	2	none	False
chr6:37670292:T:C	MDGA1	1.0	0.5200892857142857	28.70519213846224	3	TF	False
chr4:184438262:G:T	SNORD79	1.0	0.5200892857142857	28.486145737452617	4	dELS	False
chr22:44754937:A:C	ARHGAP8	0.91667396	0.5200892857142857	29.17762819061612	4	dELS	False
chr20:63508554:G:A	ENSG00000230226	0.9979779	0.5200892857142857	24.187578480328163	3	dELS	False
chr19:40908576:G:A	CYP2A7P2	0.99843985	0.5200892857142857	25.21784943306748	3	pELS	False
chr17:50199610:G:C	ENSG00000249406	1.0	0.5200892857142857	28.484755416985493	5	dELS	True
chr10:8037175:A:C	GATA3	0.9999889	0.5200892857142857	23.687978924197942	3	dELS	False
chr10:50327179:C:G	ENSG00000286401	1.0	0.5200892857142857	30.42763186064185	4	none	True
chr22:23318141:G:A	ENSG00000214526	1.0	0.52	23.551985886350657	3	none	False
chr18:2633038:C:T	Y_RNA	0.95427775	0.52	22.173410128987683	3	none	True
chr17:902158:C:T	ENSG00000262133	0.99884504	0.52	23.99160743327508	4	pELS	False
chr15:34385773:T:C	MIR1233-1	0.91042924	0.52	23.036128325029967	3	none	True
chr20:63135594:G:A	ENSG00000260416	0.9915574	0.5199115044247787	26.849411822119293	4	CA	False
chr12:53422038:A:G	AMHR2	0.9587684	0.5197215777262181	24.341954106109466	4	pELS	True
chr12:57739707:C:G	TSPAN31	0.9880227	0.5196304849884527	24.47938512248705	4	pELS	False
chr1:148158692:G:A	LINC02805	0.9873886	0.5195402298850574	23.72015459616005	2	none	False
chr18:9404701:G:C	ENSG00000273335	1.0	0.5195402298850574	29.850882073842428	4	none	True
chr8:7783668:G:C	FAM90A10	1.0	0.5194508009153318	24.238236416073622	2	none	False
chr19:19134962:A:G	TMEM161A	0.9986168	0.5194508009153318	25.659468230109503	3	dELS	False
chr19:35775053:A:G	ARHGAP33	0.95974046	0.5193621867881549	28.459124954185185	4	pELS	False
chr16:29152387:A:G	ENSG00000289080	0.90514916	0.5193621867881549	24.0995960137548	3	pELS	False
chr15:92854340:C:T	ENSG00000288872	0.99999857	0.5193621867881549	28.423537600821863	4	none	True
chr7:29589063:T:A	PRR15	0.9764989	0.5192743764172335	32.987216771576186	4	dELS	False
chr6:161185685:T:C	AGPAT4	0.99878854	0.5191873589164786	26.48856800221957	4	dELS	True
chr4:10095068:G:T	MIR3138	0.99998957	0.5191873589164786	25.32676413166367	3	none	True
chr1:3426240:G:T	ARHGEF16	0.9979392	0.5191873589164786	21.84259973245126	3	CA	False
chr19:2723471:C:T	GNA15-DT	0.97057366	0.5191873589164786	22.85460178721868	3	none	True
chr16:85166975:G:A	GSE1	0.99991626	0.5191873589164786	22.02486262512492	2	none	False
chr13:107802247:C:T	NALF1-IT1	0.99174553	0.5191873589164786	25.98441431304888	3	dELS	False
chr9:128029124:C:T	ENSG00000230848	0.99999577	0.5191011235955056	25.47149854695452	4	dELS	False
chr5:836425:C:A	SPCS2P3	0.9950374	0.5191011235955056	25.38295769506644	4	dELS	False
chr19:51016944:C:T	ENSG00000268739	0.9998877	0.5191011235955056	26.87784012909881	3	none	True
chr13:111328915:C:T	TEX29	0.92419213	0.5191011235955056	25.890021915764294	4	CA	False
chr11:34235414:A:G	ENSG00000255207	0.99991274	0.5191011235955056	25.171511837041383	4	none	True
chr4:1036902:G:A	ENSG00000250259	0.9952315	0.5190156599552572	22.27081742865694	3	dELS	False
chr1:244814105:A:C	ENSG00000287601	0.95804936	0.5190156599552572	21.50088258944681	2	none	False
chr16:11670473:G:C	SNN	0.9737631	0.5190156599552572	23.67917319461617	3	none	True
chr15:66116069:G:A	MIR4311	1.0	0.5190156599552572	30.35972329333877	4	dELS	False
chr11:20208600:G:C	DBX1	0.9996623	0.5190156599552572	23.79515557492493	3	dELS	False
chr3:184604162:A:T	EPHB3	0.9026423	0.5189309576837416	21.930042634020023	3	dELS	False
chr3:11900447:G:A	NUP210P2	0.9832322	0.5189309576837416	23.154801244014493	3	pELS	False
chr20:55963754:G:A	CBLN4	1.0	0.5189309576837416	26.79399644891886	4	none	True
chr1:927486:C:T	SAMD11	0.99947256	0.5189309576837416	24.40489046551208	4	pELS	True
chr1:247111182:C:G	LINC02897	0.9964744	0.5189309576837416	21.55036650787558	2	none	False
chr19:426853:G:T	C2CD4C	0.9999999	0.5189309576837416	22.55772566741141	2	none	False
chr19:1671313:C:A	TCF3	0.9972611	0.5189309576837416	21.71144055567427	2	none	False
chr17:81533414:C:T	PVALEF	0.95433384	0.5189309576837416	23.255114709369195	2	none	False
chr3:75619885:T:A	UNC93B3	0.97100276	0.5188679245283019	21.1016298572388	2	none	False
chr5:1201349:A:G	SLC6A19	0.9084402	0.5188470066518847	22.77940530668732	3	pELS	False
chr18:76579302:A:G	ENSG00000286090	0.9999404	0.5188470066518847	24.305115772782397	4	dELS	True
chr15:20449409:C:T	HERC2P3	1.0	0.5185185185185185	26.45772046564573	3	none	False
chr16:53077438:C:G	CHD9	0.9510492	0.5184331797235023	25.516853318072595	3	CA	False
chr10:59900230:C:T	CCDC6	0.99998343	0.5184331797235023	32.90358218521428	4	dELS	False
chr6:52537444:A:C	TRAM2-AS1	0.99933183	0.518348623853211	30.3132036170203	4	dELS	False
chr19:18764616:A:G	REX1BD	0.95184475	0.518348623853211	24.93671232426508	3	pELS	False
chr5:107263687:C:G	PSMC1P5	0.995052	0.5182648401826484	28.99757774819009	2	none	False
chr1:22713090:G:A	MIR4684	0.9474945	0.5182648401826484	21.99503550879212	2	none	False
chr22:30223610:G:A	ENSG00000289846	0.9999999	0.5181818181818182	33.14787921177667	5	dELS	True
chr19:38770567:C:A	CAPN12	0.9509165	0.5181818181818182	25.897349605089783	3	pELS	False
chr7:148404465:G:C	U3	0.9513486	0.5180995475113123	34.624648232813094	4	none	True
chr6:42178560:G:C	GUCA1A	0.9221644	0.5180995475113123	22.983647904953077	2	none	False
chr4:6939433:G:A	TBC1D14	0.9995241	0.5180995475113123	27.059235098196503	4	dELS	False
chr22:50538738:A:T	ODF3B	0.99900305	0.5180995475113123	24.78103170514378	3	none	True
chr21:41952724:G:A	C2CD2	1.0	0.5180995475113123	26.04100172920165	4	pELS	False
chr15:89376714:A:C	ENSG00000289128	0.99065566	0.5180995475113123	26.88802434551539	4	dELS	True
chr7:101630810:C:A	MYL10	0.9930398	0.5180180180180181	31.85798245244098	4	pELS	False
chr6:167116123:A:G	CCR6	0.9841965	0.5180180180180181	31.435743740374196	5	dELS	True
chr4:188041860:T:G	ZFP42	0.97184515	0.5180180180180181	24.990966201163843	4	none	True
chr3:156291825:A:G	KCNAB1-AS2	0.9999999	0.5180180180180181	24.271862266754404	3	none	True
chr2:48981895:C:T	CTBP2P5	0.95885485	0.5180180180180181	29.24783446117353	2	none	False
chr2:33082476:T:C	H2ACP2	0.9756419	0.5180180180180181	29.018739628691257	3	dELS	False
chr2:109498281:C:G	RPL37P12	0.9999998	0.5180180180180181	27.9889309572718	3	none	False
chr1:246976522:C:T	ZNF695	1.0	0.5180180180180181	26.114009815849204	4	none	True
chr17:48605268:G:A	HOXB5	0.95457524	0.5180180180180181	23.72962033101032	3	pELS	False
chr15:96489770:C:G	RN7SKP254	0.9992508	0.5180180180180181	31.496171239263745	4	CA-H3K4me3	False
chr12:8788550:G:A	LINC02972	0.99983704	0.5180180180180181	27.50519001626821	4	pELS	True
chr12:130222462:A:G	ENSG00000242963	0.92681086	0.5180180180180181	23.28864834574982	2	none	False
chr20:26570838:C:G	MIR663AHG	0.95542526	0.518005540166205	23.228823432536693	2	none	False
chr9:126706207:T:C	ENSG00000286428	0.994124	0.5179372197309418	27.371143410923217	4	pELS	False
chr4:4407557:A:C	NSG1	0.9888261	0.5179372197309418	24.63193543240681	4	dELS	True
chr2:5345481:G:A	NPM1P48	0.9713356	0.5179372197309418	24.1521121598605	2	none	False
chr22:47059876:A:G	ENSG00000278881	0.9999193	0.5179372197309418	31.585543710247038	5	dELS	True
chr17:3544023:A:T	TRPV3	1.0	0.5179372197309418	26.356394511007043	4	none	True
chr12:132204297:T:C	ENSG00000279480	1.0	0.5179372197309418	24.88391959084993	3	pELS	False
chr12:128790563:T:C	ENSG00000279500	0.99927443	0.5179372197309418	25.1275866958456	4	dELS	True
chr9:19138299:G:T	PLIN2	0.9763517	0.5178571428571429	28.997309392682972	3	none	True
chr7:1927205:C:T	MIR4655	0.9995071	0.5178571428571429	25.984991677657447	3	dELS	False
chr7:17526774:G:A	LINC02889	1.0	0.5178571428571429	30.905349352377204	3	dELS	False
chr19:2016167:A:G	ENSG00000275468	0.90225905	0.5178571428571429	20.68241464045233	2	none	False
chr17:8127611:C:G	ENSG00000288993	0.9783191	0.5178571428571429	25.757356872743745	5	pELS	True
chr11:70087979:G:A	LINC02584	0.98283994	0.5178571428571429	25.160154228471026	3	dELS	False
chr10:132140607:G:C	JAKMIP3-AS1	0.93392843	0.5178571428571429	22.801931059432476	4	dELS	True
chr9:136110073:C:T	LINC02846	0.98855305	0.5177777777777778	21.140297332761424	3	none	True
chr6:170171460:C:T	THBS2	0.9623687	0.5177777777777778	21.441229527077788	3	none	True
chr5:178353115:C:T	ENSG00000253698	0.99999195	0.5177777777777778	24.53403649907002	3	none	False
chr12:132358770:C:A	ENSG00000286008	0.95492065	0.5177777777777778	22.4454518395238	4	CA	True
chr9:62825419:G:A	CDK2AP2P2	0.94780654	0.5176991150442478	24.73627223288136	2	none	False
chr20:63084866:C:T	ENSG00000274915	0.99969786	0.5176991150442478	24.716105232717453	4	CA-H3K4me3	False
chr11:371047:A:G	B4GALNT4	0.9999955	0.5176991150442478	24.94873342356104	3	none	True
chr1:148869492:A:G	RN7SKP88	0.9936717	0.5175644028103045	25.95657295667064	2	none	False
chr7:50780925:C:G	GRB10	0.9803787	0.5174013921113689	25.584498760699702	3	pELS	False
chr3:66457020:G:A	LRIG1	0.9951409	0.5172413793103449	29.345055624381757	3	none	False
chr8:12483551:C:T	ENSG00000270154	0.9999756	0.517162471395881	25.02941064589352	4	none	True
chr8:97275936:A:C	ENSG00000260640	0.94371426	0.5170842824601367	23.459977894972408	2	none	False
chr15:75007427:G:A	Y_RNA	0.9005855	0.5170842824601367	28.39102686047204	4	pELS	True
chr16:28740813:G:A	NPIPB8	0.99539626	0.5170603674540682	24.68092840424253	3	none	True
chr4:93644429:C:T	RNA5SP164	0.91468346	0.5170068027210885	29.93568369275917	4	none	True
chr18:11163257:C:T	PIEZO2	0.9715417	0.5170068027210885	25.54897395112125	3	none	True
chr17:12939504:T:C	MIR1269B	0.9075176	0.5170068027210885	28.19421559611537	3	none	False
chr10:91608747:A:G	PPP1R3C	1.0	0.5170068027210885	33.68763839496452	5	dELS	True
chr19:45090912:A:G	PPP1R37	0.93120044	0.5169300225733634	22.90117758094356	3	pELS	False
chr7:23025964:T:C	HYCC1	0.9970379	0.5168539325842697	30.709262966749307	4	none	True
chr1:39769093:A:G	BMP8B-AS1	0.9999925	0.5168539325842697	27.676476746558446	3	dELS	False
chr1:111197723:C:G	CHI3L2	1.0	0.5168539325842697	37.083862831632246	4	dELS	False
chr11:124869436:A:C	ROBO3	1.0	0.5168539325842697	23.54414444527564	3	CA-H3K4me3	False
chr9:137114987:C:T	DPP7	0.99249357	0.5167785234899329	23.934328182901755	4	pELS	True
chr7:158236007:G:A	ENSG00000289418	0.9157342	0.5167785234899329	23.465377663935584	4	none	True
chr2:3564943:G:A	RNASEH1-DT	0.9533244	0.5167785234899329	28.673204850086368	5	dELS	True
chr2:127663487:A:G	GPR17	0.9998907	0.5167785234899329	24.127615629326016	3	pELS	False
chr22:46587848:C:T	GRAMD4	0.96190643	0.5167785234899329	24.30043832210036	2	none	False
chr21:44750839:C:T	ENSG00000289144	0.99972343	0.5167785234899329	24.13237919340552	3	pELS	False
chr21:41899675:A:G	ENSG00000251778	0.99997205	0.5167785234899329	26.82262106152952	4	dELS	True
chr12:131163380:C:T	LINC01257	0.9221617	0.5167785234899329	22.010145040687625	2	none	False
chr6:1318315:G:C	FOXQ1	0.99074656	0.5167037861915368	22.84616506868984	2	none	False
chr17:16516442:T:C	ENSG00000286743	0.96246666	0.5167037861915368	25.45480880228533	3	dELS	False
chr10:117952066:G:T	ENSG00000231104	0.929958	0.5167037861915368	30.196911136070643	4	none	True
chr7:157481795:C:T	ENSG00000223872	1.0	0.516629711751663	24.913897311029288	4	CA	False
chr10:33092724:G:A	IATPR	0.96291167	0.5163551401869159	27.839203669455618	3	none	True
chr9:5043007:C:T	CSNK1G2P1	0.9490458	0.5161290322580645	28.083350339081896	4	dELS	False
chr8:80543196:A:G	LINC02986	0.9988053	0.5161290322580645	27.220179139058597	3	pELS	False
chr6:111739596:G:A	TRAF3IP2	0.99359465	0.5161290322580645	30.80922070399241	3	none	False
chr2:161244750:G:A	LINC01806	0.9999995	0.5161290322580645	26.972757048996385	4	none	True
chr16:25276668:C:T	ZKSCAN2-DT	0.9794531	0.5161290322580645	27.273879716765947	3	none	True
chr12:121912427:G:A	RNU7-170P	1.0	0.5161290322580645	27.99258268519696	5	dELS	True
chr6:52308274:G:A	MCM3	0.99339086	0.5159090909090909	27.49076947221601	4	dELS	False
chr3:71101832:T:C	FOXP1-AS1	0.9999944	0.5159090909090909	27.55799883455584	3	dELS	False
chr2:241976052:C:T	LINC01238	0.99996734	0.5159090909090909	25.812116602989423	3	dELS	False
chr2:134583630:A:G	ENSG00000287463	0.99804664	0.5159090909090909	31.289862664509634	4	dELS	False
chr1:3291570:G:C	PRXL2B	0.9844957	0.5159090909090909	22.22118365681205	3	pELS	False
chr17:2709638:T:G	ENSG00000262050	0.955415	0.5159090909090909	23.86496740947915	4	dELS	True
chr9:61981262:G:C	ENSG00000276845	0.9551866	0.5158730158730159	22.757815207948703	3	none	True
chr9:61981262:G:A	ENSG00000284471	0.9774553	0.5158730158730159	23.43188494685946	2	none	False
chr10:127012405:C:T	ENSG00000232935	1.0	0.5158371040723982	32.26348459578283	4	dELS	False
chr2:240673841:A:G	ENSG00000276949	0.9996497	0.5157657657657657	25.77998391014659	3	none	False
chr8:144528803:C:G	LRRC24	0.96218544	0.515695067264574	24.40570294059551	4	pELS	True
chr7:2651567:C:A	ENSG00000288792	1.0	0.515695067264574	31.28234189044636	4	dELS	False
chr4:3873969:C:A	OR7E163P	0.9999995	0.515695067264574	25.59669999850152	3	none	False
chr3:6225830:A:G	MTARC2P1	0.99994904	0.515695067264574	23.901778192401853	3	none	True
chr17:82411252:G:A	Y_RNA	0.99852526	0.515695067264574	29.85718640091743	5	dELS	True
chr17:79137285:T:C	ENSG00000266711	0.999355	0.515695067264574	21.960559855890725	2	none	False
chr12:124676090:C:A	ENSG00000280097	0.9711745	0.515695067264574	22.874800773427328	4	dELS	True
chr10:1660387:C:T	ADARB2	1.0	0.515695067264574	27.90366393318144	3	none	False
chr8:641462:A:G	ENSG00000254207	0.96889037	0.515625	27.76879029879432	5	dELS	True
chr5:1871116:A:C	ENSG00000279222	0.95223606	0.515625	20.59704597513144	2	none	False
chr4:7299561:G:C	MIR4798	0.9758612	0.515625	26.976492193168017	4	dELS	True
chr21:45320104:T:G	ENSG00000288842	0.9210062	0.515625	22.040990717923087	3	pELS	False
chr19:8215737:C:G	CERS4	0.9823186	0.515625	25.01714480820747	3	none	True
chr16:88966223:T:C	CBFA2T3	0.9926509	0.515625	27.846579507485707	5	dELS	True
chr15:31201133:C:T	LINC02352	0.99477214	0.515625	27.224845094244586	4	dELS	False
chr12:130479523:T:C	ENSG00000279146	0.9677895	0.515625	22.81394903355032	3	dELS	False
chr10:46466022:G:C	NPY4R	1.0	0.515625	26.826511326393508	4	none	True
chr9:41809660:C:T	ENSG00000275297	0.9999734	0.5155555555555555	25.30023685868308	3	none	False
chr22:50272204:C:G	MAPK11	0.9903676	0.5155555555555555	22.829975320449748	3	pELS	False
chr22:23579015:A:G	IGLL1	0.9845324	0.5155555555555555	21.01644028040499	2	none	False
chr20:63640895:T:C	ABHD16B	0.97807425	0.5155555555555555	22.2667817516473	3	pELS	False
chr16:84943007:A:G	LINC02176	1.0	0.5155555555555555	28.40994883680521	4	dELS	False
chr16:78641634:C:T	ENSG00000288821	1.0	0.5155555555555555	33.13573011015152	5	dELS	True
chr16:56871338:C:T	SLC12A3	1.0	0.5155555555555555	28.47835527237614	3	none	False
chr20:62582302:G:T	ENSG00000264490	0.9953121	0.5154867256637168	25.235592761854317	4	dELS	True
chr16:88197285:C:T	ENSG00000261816	1.0	0.5154867256637168	26.98423449337848	3	none	False
chr7:83459889:A:G	ENSG00000230617	0.9994322	0.5150115473441108	24.90715597572694	3	none	False
chr11:86048704:T:C	PICALM	0.9675386	0.5148741418764302	29.493518771503958	4	dELS	True
chr2:85405729:A:G	CAPG	0.99663174	0.5148063781321185	29.93121789277112	5	dELS	True
chr7:2005716:T:C	MIR4655	0.9527548	0.5147392290249433	28.64384731298698	5	dELS	True
chr1:202194935:C:T	LGR6	0.95467484	0.5147392290249433	26.957604756152723	3	none	False
chr15:90249528:T:G	ENSG00000261147	0.95118845	0.5147392290249433	28.142947171144115	4	none	True
chr9:81655246:A:C	TLE1	0.9955228	0.5146726862302483	26.88646374733576	4	dELS	True
chr7:22388728:T:G	RAPGEF5	0.90120244	0.5146726862302483	26.93624173265963	3	none	True
chr4:822164:G:A	CPLX1	0.99994105	0.5146726862302483	26.797203080321697	4	CA	True
chr4:53590607:G:A	LNX1-AS2	0.998552	0.5146726862302483	28.23386950652359	4	pELS	False
chr14:104386343:A:G	ENSG00000258598	0.99709874	0.5146726862302483	25.75097462633557	4	dELS	False
chr9:844001:A:G	DMRT1	0.90502775	0.5146067415730337	22.307006064427103	3	none	True
chr8:2783424:A:G	LINC03021	0.997163	0.5146067415730337	28.299216030345743	3	dELS	False
chr7:102442785:A:G	ENSG00000239480	0.99978447	0.5146067415730337	28.73943153916049	5	dELS	True
chr2:45985065:T:C	RPL26P15	1.0	0.5146067415730337	31.671078948330155	5	dELS	True
chr1:10828734:T:C	CASZ1	1.0	0.5146067415730337	25.91240515819236	3	none	False
chr16:88402764:A:C	ZNF469	0.9679109	0.5146067415730337	26.85300847819378	3	CA-CTCF	False
chr14:104714128:G:A	ENSG00000258858	0.9999897	0.5146067415730337	25.98477533144484	5	dELS	True
chr13:113951154:G:A	C13orf46	0.93531233	0.5146067415730337	23.73054658581033	3	none	True
chr11:128174082:C:G	LINC02098	0.999999	0.5146067415730337	22.39390351920538	2	none	False
chr6:37558444:G:A	MIR4462	0.96447814	0.5145413870246085	31.77373035595844	5	dELS	True
chr6:170103381:C:T	ENSG00000287823	1.0	0.5145413870246085	27.571374118975065	4	dELS	False
chr5:497162:G:A	SLC9A3-AS1	0.9290772	0.5145413870246085	21.676961324715528	3	CA-H3K4me3	False
chr10:124574550:T:C	ENSG00000278831	0.9846251	0.5145413870246085	20.04793440194839	2	none	False
chr6:155417512:T:C	ENSG00000232529	0.9990275	0.5144766146993318	22.780563326607407	2	none	False
chr19:601373:G:A	ENSG00000267036	0.9999998	0.5144766146993318	24.36731853887015	4	dELS	True
chr19:4196286:A:G	ANKRD24	0.997755	0.5144766146993318	22.394940388734643	3	none	True
chr12:51847922:C:T	FIGNL2-DT	0.99747086	0.5144766146993318	22.32657791911017	2	none	False
chr7:55758414:A:G	PSPHP1	0.95342326	0.5144230769230769	23.354864041670503	2	none	False
chr2:238104518:C:T	ESPNL	0.9050128	0.5144124168514412	21.542261960051437	3	none	True
chr19:418786:G:A	C2CD4C	1.0	0.5144124168514412	23.215918089775545	3	dELS	False
chr11:3647273:G:T	ART1	1.0	0.5144124168514412	22.799596888686924	2	none	False
chr11:134373155:G:A	B3GAT1	0.99438965	0.5144124168514412	23.40728802144971	3	CA-CTCF	False
chr1:28775780:G:T	OPRD1	0.9496865	0.513953488372093	29.472476831609423	5	dELS	True
chr9:62358974:C:G	FAM27C	0.9958919	0.5138888888888888	29.320677644742325	2	none	False
chr2:219355024:G:A	ENSG00000232789	0.9628751	0.5138248847926268	21.249245998208963	2	none	False
chr13:52600328:C:A	ENSG00000290856	0.99664825	0.5138248847926268	31.247348221474315	4	pELS	False
chr9:129460251:T:C	ENSG00000230676	0.9289455	0.5137614678899083	25.107940810988243	4	dELS	True
chr20:30177625:A:T	5_8S_rRNA	0.92464286	0.5137614678899083	27.910296847555045	3	none	False
chr1:247008034:C:T	ZNF695	0.967414	0.5137614678899083	25.89513853267065	3	none	False
chr15:78617983:C:A	CHRNA3	0.99246365	0.5136986301369864	21.19967267994418	3	none	True
chr11:93945509:C:T	ENSG00000255995	0.9917213	0.5136363636363637	28.63340673480034	3	none	True
chr8:123768584:C:A	FAM91A1	0.93317235	0.5135746606334841	24.59836288924278	3	pELS	False
chr12:32302421:T:C	ENSG00000274964	0.9936417	0.5135746606334841	28.59101217514413	5	dELS	True
chr10:11018817:A:T	ENSG00000228027	0.98253864	0.5135746606334841	22.472824868483887	3	pELS	False
chr7:104216843:G:A	ORC5	0.9961838	0.5135135135135135	31.61724291438253	4	none	True
chr4:8230622:G:A	HTRA3	0.9966992	0.5135135135135135	25.325125198825116	3	none	False
chr4:4032127:A:G	RPS3AP16	0.9989852	0.5135135135135135	23.41235654109012	3	none	True
chr2:64913541:A:G	RN7SL211P	0.92505354	0.5135135135135135	24.65460735766372	3	none	False
chr2:242011715:A:G	ENSG00000280119	0.9552106	0.5135135135135135	23.86703767133245	3	dELS	False
chr1:165842249:C:A	TMCO1	1.0	0.5135135135135135	35.5077075769526	4	dELS	False
chr18:59899156:C:T	PMAIP1	0.9439527	0.5134529147982063	22.792048165304905	3	none	True
chr17:80423956:C:T	MIR4730	1.0	0.5134529147982063	27.443666064868616	5	dELS	True
chr14:52313004:A:C	ENSG00000289424	0.9986855	0.5134529147982063	24.927068313721445	3	pELS	False
chr11:70824236:G:A	ENSG00000280089	0.9833273	0.5134529147982063	24.39253984254457	3	dELS	False
chr8:8779267:T:A	ENSG00000254367	0.9850818	0.5133928571428571	27.472507564517727	5	dELS	True
chr4:677041:C:T	PDE6B-AS1	0.97804964	0.5133928571428571	25.25985807155977	4	pELS	True
chr19:46601278:T:A	PPP5D1P	0.99999917	0.5133928571428571	24.67361294260491	4	pELS	True
chr14:92582025:T:C	RIN3	0.9826518	0.5133928571428571	29.312922452363125	4	dELS	False
chr10:96741166:T:C	RNU6-1274P	1.0	0.5133928571428571	29.805102190175777	4	pELS	False
chr10:70503887:T:C	YY1P1	0.91191065	0.5133928571428571	25.748037118173585	3	dELS	False
chr9:132579615:G:C	BARHL1	0.94447225	0.5133333333333333	22.85934313777172	3	dELS	False
chr7:209235:A:G	ENSG00000240093	0.9436386	0.5133333333333333	21.046648731745027	2	none	False
chr7:1296684:G:A	ENSG00000233082	0.93259484	0.5133333333333333	21.2988542142768	2	none	False
chr18:657140:T:C	ENSG00000263727	1.0	0.5133333333333333	24.12100622747828	3	pELS	False
chr17:79152284:A:G	ENSG00000266711	0.99991435	0.5133333333333333	24.97690122057162	4	dELS	False
chr17:208862:G:A	LINC02091	0.9998817	0.5133333333333333	25.37104082821178	4	none	True
chr16:89590137:T:G	DPEP1	0.9989266	0.5133333333333333	24.11790514655983	4	dELS	True
chr16:761746:C:T	MSLN	0.9999831	0.5133333333333333	25.294298975840537	4	pELS	False
chr15:101406234:A:G	PCSK6-AS1	0.99999076	0.5133333333333333	23.864105791042995	3	dELS	False
chr16:90011253:G:C	GAS8	0.9999261	0.5132743362831859	24.903449818182825	3	pELS	False
chr15:28463841:A:C	ENSG00000260159	0.9736107	0.5132743362831859	21.541233037591944	2	none	False
chr1:267879:G:C	RNU6-1199P	1.0	0.5127610208816705	23.58350513267256	2	none	False
chr2:236159562:G:A	Y_RNA	0.9978269	0.5127020785219399	23.1050564046048	4	none	True
chr12:2212702:A:T	ENSG00000278255	0.9999911	0.5127020785219399	28.786657890693725	4	dELS	True
chr4:10052111:A:G	SLC2A9	1.0	0.5126436781609195	26.452960066831796	4	dELS	True
chr3:42935944:T:C	KRBOX1	0.9084421	0.5126436781609195	22.39139356077545	2	none	False
chr5:35190225:A:G	PRLR	0.9715408	0.5125284738041003	23.123136827328807	3	none	True
chr4:184040000:C:G	ENSG00000250726	0.9970525	0.5124716553287982	24.86467338188801	3	none	False
chr1:148881595:A:G	SEC22B3P	0.947629	0.5124716553287982	23.10269202262716	3	none	True
chr1:3077074:G:A	PRDM16	0.95627564	0.5124153498871332	23.16690955725891	3	none	True
chr14:95666158:A:C	ENSG00000259084	0.9997894	0.5124153498871332	26.50648708740693	4	dELS	False
chr12:124654100:A:G	ENSG00000279087	1.0	0.5124153498871332	24.302453171333305	3	none	False
chr5:168420502:C:T	RARS1	0.90730804	0.5123595505617977	25.08637582176513	4	dELS	True
chr20:3083751:C:G	UBOX5	0.95102894	0.5123595505617977	22.44382063171384	3	dELS	False
chr19:33778981:G:T	KCTD15	1.0	0.5123595505617977	23.34041522694384	3	dELS	False
chr19:11142634:C:T	SPC24	0.96213	0.5123595505617977	25.28692304758495	3	dELS	False
chr15:60399721:G:A	ANXA2	0.99077713	0.5123595505617977	26.6934801504932	4	none	True
chr10:11450582:C:T	ENSG00000280086	1.0	0.5123595505617977	26.23263970444232	3	none	True
chr8:43965766:G:A	ENSG00000253198	0.99962986	0.5123042505592841	27.197479642323284	3	none	True
chr4:184421564:T:C	SNORD79	1.0	0.5123042505592841	25.699526698275392	3	none	True
chr14:72926576:A:G	DCAF4	0.9637641	0.5123042505592841	21.033210036676017	3	none	True
chr13:111337043:G:C	TEX29	0.9989445	0.5123042505592841	22.00385705512961	2	none	False
chr9:63376946:A:G	ENSG00000290549	0.9416947	0.512249443207127	24.7327783338581	3	none	True
chr4:184266678:T:C	RN7SL28P	0.9982562	0.512249443207127	23.97926646202166	3	dELS	False
chr22:50016048:T:C	IL17REL	0.9998815	0.512249443207127	22.034461156499727	3	none	False
chr22:37148067:A:G	ENSG00000235237	0.99823725	0.512249443207127	25.601883862982707	4	pELS	False
chr20:5802772:G:T	SHLD1	0.9933573	0.512249443207127	24.330329116378667	3	none	True
chr19:46496826:C:T	PNMA8B	0.9975338	0.512249443207127	22.122284458396507	2	none	False
chr17:79306920:C:T	ENSG00000266711	0.962369	0.512249443207127	24.444158053805022	3	dELS	False
chr8:1036371:G:C	ENSG00000282692	1.0	0.5121951219512195	27.093382131556957	5	CA	True
chr21:9339550:A:G	ENSG00000278932	1.0	0.5118483412322274	26.622764300399687	3	none	False
chr3:119217544:A:G	ENSG00000251012	0.92397714	0.5115740740740741	24.75210994348781	3	dELS	False
chr17:17685958:C:T	RAI1	0.9999234	0.5115740740740741	26.43433618241217	4	dELS	False
chr8:120670361:C:T	NCAPGP1	0.99998873	0.5114678899082569	27.08706455149443	3	none	False
chr6:122997156:C:G	ENSG00000285652	0.98470104	0.5114678899082569	22.147899120003448	2	none	False
chr4:126100344:T:C	H3P15	0.9291687	0.5114678899082569	23.0533640573648	2	none	False
chr21:43814080:A:G	AATBC	0.9990735	0.5114678899082569	24.403794875823724	3	none	True
chr7:157331310:C:T	DNAJB6	1.0	0.5114155251141552	33.87166769060204	4	CA	False
chr4:1055599:C:T	ENSG00000250259	0.9463567	0.5114155251141552	25.013095396939303	4	CA-H3K4me3	True
chr17:64897339:T:A	ENSG00000266644	0.99996823	0.5114155251141552	25.6701618306253	3	none	True
chr9:36154454:G:T	CCIN	0.99908614	0.5113636363636364	26.88730717385415	4	none	True
chr21:43834599:T:C	MYL6P1	1.0	0.5113636363636364	31.14343310768156	5	dELS	True
chr1:211606672:C:G	ENSG00000288738	0.95661044	0.5113636363636364	24.501556742130937	2	none	False
chr19:10413199:G:A	PDE4A	0.937412	0.5113636363636364	32.03978271846668	3	none	False
chr10:14033522:T:C	ENSG00000235410	0.93249625	0.5113636363636364	22.46746064829805	2	none	False
chr9:130893782:G:A	QRFP	1.0	0.5113122171945701	26.93638467331284	4	PLS	True
chr8:39945821:G:A	IDO2	0.9944268	0.5113122171945701	30.795480942154832	4	dELS	False
chr22:49963202:C:T	PIM3	0.9508055	0.5113122171945701	23.78785254257949	3	pELS	False
chr1:167430497:A:C	ENSG00000287218	0.9945158	0.5113122171945701	24.121679366486088	3	dELS	False
chr8:71803847:G:A	ENSG00000253287	0.9999403	0.5112612612612613	28.40596851352972	3	none	False
chr8:11348753:T:C	TDH-AS1	0.9466991	0.5112612612612613	26.169623414353616	4	none	True
chr1:248470341:T:C	OR2T3	1.0	0.5112612612612613	27.411651213236283	4	none	True
chr19:692877:T:C	RPS2P52	0.9292833	0.5112612612612613	21.577844233691224	2	none	False
chr17:68169814:C:G	RDM1P3	0.9500982	0.5112612612612613	27.24857538432962	3	none	False
chr15:66039692:T:C	MIR4311	0.99993926	0.5112612612612613	24.65564716725887	3	none	False
chr14:29990245:A:G	ENSG00000257904	0.9650147	0.5112612612612613	25.17357102911621	3	none	True
chr4:1470411:T:C	NKX1-1	0.99277407	0.5112107623318386	24.84184081974224	3	dELS	False
chr2:126663639:T:G	GYPC	0.9777633	0.5112107623318386	24.901062609046495	3	dELS	False
chr22:49936040:T:G	PIM3	0.9380949	0.5112107623318386	23.66157000421112	4	dELS	True
chr22:37580969:G:A	LGALS2	1.0	0.5112107623318386	26.58276633192393	4	pELS	True
chr1:244324978:G:A	ENSG00000289439	0.9551535	0.5112107623318386	40.317358911678106	4	pELS	False
chr1:160628113:A:G	SLAMF1	0.93081486	0.5112107623318386	24.41168912045744	4	dELS	True
chr1:159937577:T:C	IGSF9	0.9989268	0.5112107623318386	31.874176311622296	4	dELS	False
chr19:6464925:G:T	SLC25A23	0.9996939	0.5112107623318386	25.737742067079072	4	PLS	True
chr19:43408556:C:T	TEX101	0.9319953	0.5112107623318386	24.78355394671253	3	none	False
chr19:11046747:A:G	ENSG00000278643	1.0	0.5112107623318386	32.13982931520769	4	dELS	False
chr12:11629301:T:C	ETV6	1.0	0.5112107623318386	29.123395599281636	3	none	False
chr10:44386546:C:T	CXCL12	0.98098385	0.5112107623318386	22.22312335353481	3	pELS	False
chr9:136343450:C:T	GPSM1	0.98872435	0.5111607142857143	24.76587277971667	4	dELS	True
chr8:2104472:T:G	MIR7160	0.9646873	0.5111607142857143	20.650639196456936	2	none	False
chr21:46169254:G:A	FTCD	0.9669101	0.5111607142857143	26.976654530355955	4	dELS	True
chr20:53925559:T:G	ENSG00000236352	0.95552164	0.5111607142857143	24.55025389992158	3	dELS	False
chr20:52104567:G:C	ERP29P1	0.97124326	0.5111607142857143	22.154604306471636	3	none	True
chr20:63946888:G:A	UCKL1-AS1	0.9628078	0.5111111111111111	23.62019627930936	4	dELS	True
chr20:52106699:T:C	ERP29P1	0.90751755	0.5111111111111111	22.98015039481744	3	none	True
chr19:13937774:G:C	DCAF15	0.925251	0.5111111111111111	21.206599583480497	2	none	False
chr16:89243169:G:T	FANCA	0.97817034	0.5111111111111111	22.620145685052684	2	none	False
chr16:88646828:A:G	CYBA	1.0	0.5111111111111111	28.20070195329749	5	dELS	True
chr12:94720928:T:C	TMCC3	1.0	0.5111111111111111	25.295641360741843	3	none	False
chr12:132353543:C:T	ENSG00000279704	0.9993342	0.5111111111111111	22.549470938022534	3	pELS	False
chr22:12620843:G:A	FRG1GP	0.9953064	0.5110619469026548	23.855729778969398	2	none	False
chr19:550063:A:C	GZMM	1.0	0.5110619469026548	23.5704309669476	3	none	False
chr11:1657831:G:T	ENSG00000231487	0.999969	0.5110619469026548	27.16171836598985	4	dELS	False
chr11:1449924:C:T	ENSG00000285581	1.0	0.5110619469026548	29.806723057541078	4	none	True
chr20:41141335:T:C	PLCG1-AS1	0.9999957	0.5104408352668214	32.767403114103026	5	dELS	True
chr21:15871974:G:T	MIR99AHG	0.9998549	0.5103926096997691	28.94265755580996	3	none	False
chr4:54615981:G:C	LINC02260	1.0	0.5102974828375286	27.934631903291585	3	none	True
chr13:24923885:A:G	CENPJ	0.98637587	0.510250569476082	23.938704367587867	4	pELS	True
chr8:28185617:A:G	ENSG00000250516	1.0	0.5102040816326531	32.164506563181774	4	dELS	False
chr5:8459420:G:T	ENSG00000279075	1.0	0.5102040816326531	28.0369211562584	3	none	True
chr17:82818167:C:T	ZNF750	0.9996588	0.5102040816326531	27.328903196927	4	dELS	True
chr14:103058006:G:T	ENSG00000289207	0.99553233	0.5102040816326531	22.885876655158707	3	PLS	False
chr12:132227379:T:C	ENSG00000279480	0.9891644	0.5102040816326531	23.339721956279654	2	none	False
chr7:37350174:G:C	RNU6-565P	0.9900275	0.510158013544018	33.17272629241399	4	pELS	False
chr6:157626421:T:C	SNX9	1.0	0.510158013544018	26.431717385229582	4	dELS	True
chr1:220874261:G:A	ENSG00000289142	1.0	0.510158013544018	24.748528636263064	4	dELS	False
chr19:946597:T:C	ENSG00000275162	0.99987906	0.510158013544018	25.799463805419556	4	none	True
chr17:9115867:G:T	ENSG00000262966	0.9999543	0.510158013544018	27.310553255940757	5	dELS	True
chr17:78430673:T:C	TMC8	0.98283356	0.510158013544018	23.950333255018407	3	dELS	False
chr12:70011940:A:G	ENSG00000257241	0.9999971	0.510158013544018	23.02189122938362	3	none	True
chr1:230274416:C:T	ENSG00000227006	0.9999597	0.5101123595505618	26.7686817855009	4	dELS	True
chr17:76443114:T:A	UBE2O	0.9688214	0.5101123595505618	28.64406583579297	4	dELS	True
chr16:84805864:A:G	CRISPLD2	0.9415622	0.5101123595505618	22.3022104608644	3	none	True
chr10:128265922:G:T	ENSG00000234640	0.9974461	0.5101123595505618	24.07561055366624	3	CA-H3K4me3	False
chr7:5932145:T:C	CCZ1	1.0	0.5100671140939598	24.85984749510292	4	dELS	True
chr7:1812530:G:A	ENSG00000176349	0.999247	0.5100671140939598	26.63542453001843	4	dELS	True
chr6:37633895:C:G	MDGA1	0.9955282	0.5100671140939598	23.6236936764173	2	none	False
chr5:420417:T:C	ENSG00000250645	0.9953439	0.5100671140939598	23.57882131061989	4	dELS	False
chr4:5052531:C:G	STK32B	0.98418784	0.5100671140939598	22.59275896560157	3	pELS	False
chr2:237906181:A:C	SNORD39	0.9999965	0.5100671140939598	41.406152207390726	4	dELS	False
chr21:31083112:G:A	UBE3AP2	0.99985564	0.5100671140939598	24.718441490732356	3	none	False
chr20:1946869:A:G	PDYN-AS1	0.9330482	0.5100671140939598	22.44912421936143	2	none	False
chr16:78138277:A:G	ENSG00000276007	0.93259543	0.5100671140939598	34.14404790786528	5	dELS	True
chr16:3707340:C:T	TRAP1	0.9997782	0.5100671140939598	24.362142985707667	3	none	True
chr14:51844870:C:T	GNG2	0.9939079	0.5100671140939598	27.111273830508992	3	dELS	False
chr11:5939260:G:A	OR56A3	0.997592	0.5100671140939598	25.31087523017669	3	none	True
chr8:2933793:A:C	ENSG00000288580	0.99806505	0.5100222717149221	25.712487090044824	3	none	False
chr5:179222282:G:A	ADAMTS2	0.99972993	0.5100222717149221	21.292953607115567	2	none	False
chr4:7122632:A:C	RN7SKP36	1.0	0.5100222717149221	24.210178184175845	3	none	False
chr17:83136085:T:C	ENSG00000262898	0.99957377	0.5100222717149221	24.35299376571496	3	CA-H3K4me3	False
chr16:85946600:C:T	LINC02132	0.9420656	0.5100222717149221	21.317541863857464	2	none	False
chr16:57003991:T:C	ENSG00000259922	0.9999966	0.5100222717149221	25.269342643680098	3	dELS	False
chr14:35402011:G:A	NFKBIA	0.98179245	0.5100222717149221	25.495465876964616	3	dELS	False
chr12:11724314:A:G	ETV6	0.97261053	0.5100222717149221	22.47448625581451	2	none	False
chr7:360484:C:T	ENSG00000249574	0.9982524	0.5099778270509978	22.414957532965428	3	dELS	False
chr5:60416493:G:A	RPL31P8	1.0	0.5093457943925234	26.26687346450809	4	dELS	True
chr15:22797059:A:G	ENSG00000291163	1.0	0.5092592592592593	28.200353308257032	4	none	True
chr3:116360016:C:A	LSAMP-AS1	1.0	0.5091743119266054	29.164023400048716	4	none	True
chr7:39774430:G:C	RNU6-719P	0.93925565	0.5091324200913242	26.386424254401376	3	none	True
chr6:139263511:G:A	ENSG00000226571	0.9991239	0.5091324200913242	28.481079456590443	5	dELS	True
chr1:18948583:G:A	IFFO2	0.99941885	0.5091324200913242	27.578023944831365	3	dELS	False
chr13:24606013:C:T	ENSG00000285228	1.0	0.5091324200913242	38.52894670867824	4	dELS	False
chr17:81229156:T:C	ENSG00000260005	0.997338	0.509090909090909	24.561908200751464	3	pELS	False
chr17:40096407:G:A	NR1D1	0.9990787	0.509090909090909	29.343457128568563	4	dELS	False
chr11:63551253:T:C	PLAAT2	0.99989843	0.509090909090909	22.896006841102377	2	none	False
chr7:158839776:T:C	ESYT2	1.0	0.5090497737556561	27.871471992003023	5	dELS	True
chr5:126810079:A:G	LMNB1	0.99821717	0.5090497737556561	33.133062773818764	5	dELS	True
chr17:3747357:A:G	ENSG00000262358	1.0	0.5090497737556561	30.30156634840137	4	dELS	False
chr14:104757158:G:C	SIVA1	0.97143316	0.5090497737556561	26.769470347353536	5	dELS	True
chr9:19508130:T:A	MAP1LC3BP1	0.9992822	0.509009009009009	29.773147338726	3	none	False
chr9:134792211:T:C	ENSG00000286502	0.9380227	0.509009009009009	23.49482990646016	2	none	False
chr22:44667863:C:T	PRR5	1.0	0.509009009009009	23.30965043442196	3	pELS	False
chr21:44434503:A:G	ENSG00000266692	0.9918461	0.509009009009009	23.19196877155526	3	CA-H3K4me3	False
chr1:17126852:G:C	PADI2	0.9978167	0.509009009009009	23.373264959333497	2	none	False
chr1:153771451:A:G	SLC27A3	0.91862345	0.509009009009009	24.44251314206541	3	none	True
chr19:15015289:A:G	CCDC105	0.9704014	0.509009009009009	22.190677408710407	3	CA-TF	False
chr18:79437571:T:C	ENSG00000279637	0.9655491	0.509009009009009	23.98972453775173	3	dELS	False
chr17:9546426:T:C	ENSG00000263051	0.999785	0.509009009009009	25.36274522261912	3	pELS	False
chr16:87698503:G:C	ENSG00000226180	0.99615544	0.509009009009009	23.28387231685584	3	pELS	False
chr16:4642090:A:G	ENSG00000261442	0.9999997	0.509009009009009	23.804543638870825	3	none	True
chr13:111459381:T:C	ENSG00000204398	0.9999998	0.509009009009009	26.53190088025816	3	none	False
chr8:22755083:C:T	ENSG00000287812	0.99991417	0.5089686098654709	26.107463482770523	3	dELS	False
chr8:10632082:G:C	MIR4286	0.989283	0.5089686098654709	24.584760242612507	3	dELS	False
chr7:129150350:C:T	TSPAN33	0.99993724	0.5089686098654709	26.49422954612153	3	dELS	False
chr6:16700602:G:A	ATXN1-AS1	1.0	0.5089686098654709	28.276298390254954	4	dELS	False
chr3:196171206:A:G	ENSG00000289219	0.99981314	0.5089686098654709	25.49155567976267	4	dELS	False
chr22:23695899:A:C	ENSG00000291299	0.97369736	0.5089686098654709	30.07819625232656	5	dELS	True
chr19:54976141:C:T	RPL36AP50	0.9976713	0.5089686098654709	26.19830026504808	5	pELS	True
chr17:61493692:C:T	ENSG00000267137	1.0	0.5089686098654709	25.1248612690571	3	none	False
chr13:75303116:A:G	LINC01078	0.9999964	0.5089686098654709	26.44225880777582	4	none	True
chr11:569591:A:G	MIR210HG	0.94928235	0.5089686098654709	22.02821782214018	3	none	True
chr10:5643338:C:T	LASTR	0.9999504	0.5089686098654709	30.407216084005142	5	dELS	True
chr9:135104866:G:A	OLFM1	0.99931276	0.5089285714285714	23.36021886189681	3	dELS	False
chr1:246659582:A:G	ENSG00000260698	0.95856166	0.5089285714285714	25.4972261214611	4	dELS	False
chr19:892003:T:C	MED16	0.9974413	0.5089285714285714	25.45885751380099	4	pELS	True
chr17:78484273:G:A	DNAH17-AS1	0.9860459	0.5089285714285714	22.54657973824221	3	none	True
chr17:77323908:A:G	SEPTIN9-DT	0.99976116	0.5089285714285714	24.96251153247025	4	pELS	False
chr16:84600458:A:G	ENSG00000261471	0.9977452	0.5089285714285714	21.408295723071745	2	none	False
chr16:1095283:A:G	C1QTNF8	0.9996419	0.5089285714285714	24.177211469076127	4	pELS	True
chr9:137383374:C:T	EXD3	0.9998071	0.5088888888888888	25.99305169725767	4	dELS	True
chr8:1942482:T:C	ENSG00000285957	1.0	0.5088888888888888	26.1638659975973	4	dELS	False
chr6:166763840:C:G	ENSG00000235008	0.99999976	0.5088888888888888	22.89009515327112	3	CA-H3K4me3	False
chr18:514263:C:T	LINC01925	0.9999723	0.5088888888888888	22.338421835577822	3	pELS	False
chr17:75574761:T:C	MYO15B	0.99999696	0.5088888888888888	21.774638435713797	3	none	True
chr10:133047807:G:T	ENSG00000289039	0.98413014	0.5088888888888888	23.00509296019345	4	dELS	True
chr22:11952548:C:A	ENSG00000279973	0.9302426	0.5081521739130435	26.2109345584006	2	none	False
chr9:90965078:C:T	ENSG00000228216	0.96047646	0.5080459770114942	21.372737898435844	2	none	False
chr6:88612520:C:T	SNORA73	0.9708444	0.5080459770114942	31.46125427899829	3	none	True
chr6:37352938:C:T	ENSG00000200706	0.94239587	0.5080091533180778	20.04006520662672	2	none	False
chr10:29470296:A:G	PTCHD3P1	0.97183853	0.5080091533180778	22.93045627856838	3	dELS	False
chr6:15404019:G:C	RNU6-645P	0.99266374	0.5079726651480638	28.540987693867795	3	none	True
chr6:6659129:C:G	ENSG00000279368	0.99992025	0.5079365079365079	29.936624476235902	4	dELS	False
chr22:39100894:A:C	APOBEC3H	0.9642077	0.5079365079365079	23.789422765087306	3	none	True
chr7:157279270:G:T	ENSG00000229660	0.99937916	0.5079006772009029	26.546454147529342	5	dELS	True
chr2:127639232:A:G	GPR17	0.99974746	0.5079006772009029	23.80395442119745	4	dELS	True
chr1:244406444:T:G	ENSG00000240963	1.0	0.5079006772009029	30.00933444592178	3	none	False
chr19:4534267:G:A	MIR4747	0.99853456	0.5079006772009029	24.25575525403488	3	pELS	False
chr17:6842322:A:G	TEKT1	0.9350291	0.5079006772009029	25.71617141250848	4	dELS	True
chr7:1743137:G:A	ELFN1-AS1	0.9944323	0.5078651685393258	23.885930676946145	4	pELS	True
chr3:126394860:G:A	RCC2P4	0.9757887	0.5078651685393258	23.19828489691996	3	CA-H3K4me3	False
chr2:133499407:C:T	ENSG00000223430	0.96936595	0.5078651685393258	25.80770202368773	3	none	True
chr19:1763777:A:C	ONECUT3	0.95683616	0.5078651685393258	22.32537225951915	3	dELS	False
chr13:114112393:G:A	RASA3-IT1	0.9995329	0.5078651685393258	29.06473970253392	5	dELS	True
chr8:100809577:T:C	RNU4-83P	0.99999994	0.5078299776286354	28.95487422822732	5	dELS	True
chr4:4337644:G:C	NSG1	1.0	0.5078299776286354	21.705301669424838	2	none	False
chr19:54201339:G:A	RPS9	0.9972042	0.5078299776286354	23.71319580860653	3	pELS	False
chr17:15603003:C:G	ENSG00000223544	1.0	0.5078299776286354	25.657099645235608	4	none	True
chr13:26896392:T:G	FGFR1OP2P1	0.98538184	0.5078299776286354	23.28856173707598	3	dELS	False
chr11:133945455:A:G	IGSF9B	0.9435803	0.5078299776286354	23.23787269535045	3	dELS	False
chr10:71824669:T:C	RNU7-38P	0.9999971	0.5078299776286354	27.06827526367629	4	none	True
chr10:124615011:C:T	ENSG00000278831	0.9938113	0.5078299776286354	22.388197611651872	3	dELS	False
chr9:27466682:C:T	ENSG00000287355	1.0	0.5077951002227171	30.38427655496634	4	dELS	False
chr9:136071388:T:C	NACC2	0.99990875	0.5077951002227171	21.8411919654962	2	none	False
chr7:158189138:G:A	ENSG00000231980	0.95174754	0.5077951002227171	20.87119175187816	2	none	False
chr3:125145922:C:G	MIR5092	1.0	0.5077951002227171	24.63611112598444	3	dELS	False
chr17:2895255:C:T	ENSG00000262884	0.9986591	0.5077951002227171	22.025586629856527	2	none	False
chr9:136600378:A:T	LINC01451	0.9997686	0.5077605321507761	26.9319953224605	5	TF	True
chr8:784736:C:T	ENSG00000282375	0.9899287	0.5077605321507761	25.905550888026127	3	none	False
chr20:61948739:G:A	MIR1257	0.99999905	0.5077605321507761	25.74708009720776	4	none	True
chr17:355521:G:C	ENSG00000262558	0.9293609	0.5077605321507761	22.49517395699048	4	pELS	True
chr11:19963892:A:T	NAV2-AS3	0.9109661	0.5077605321507761	27.78394540077261	4	dELS	True
chr1:505172:T:G	U6	0.9940993	0.5075	28.19914373277109	3	none	False
chr7:100874758:C:T	SRRT	0.96178216	0.5069124423963134	25.69584627351351	5	pELS	True
chr2:110859115:T:C	RPL5P9	0.99972284	0.5068493150684932	21.68043472480629	2	none	False
chr20:30175576:C:T	5_8S_rRNA	0.94621414	0.5068493150684932	23.71121225938716	2	none	False
chr10:127176893:C:T	INSYN2A	0.9703951	0.5068493150684932	23.12653828241464	3	none	False
chr3:70973186:A:G	RNU6-281P	0.98782736	0.5068181818181818	23.260248532941283	2	none	False
chr3:42092260:C:T	RPL7AP83	1.0	0.5068181818181818	26.400501711267918	3	none	False
chr3:183552490:G:A	TVP23CP3	0.939689	0.5068181818181818	21.787895800988565	2	none	False
chr10:14692787:C:T	RNA5SP302	0.9999543	0.5068181818181818	27.236870026753635	4	dELS	False
chr7:24969197:A:T	OSBPL3	0.99951357	0.5067873303167421	26.550623716187555	3	none	True
chr5:59892336:G:C	ENSG00000248935	0.9986061	0.5067873303167421	23.61084455347949	3	pELS	False
chr2:9678198:C:T	ENSG00000240960	0.95198834	0.5067873303167421	24.004610934319096	3	dELS	False
chr8:27541296:G:A	GULOP	0.94344354	0.5067567567567568	23.62272305456432	3	none	True
chr6:25314336:G:C	Y_RNA	0.9572286	0.5067567567567568	25.946354358427904	3	none	True
chr22:39237617:C:T	ENSG00000284633	0.92703855	0.5067567567567568	24.32547709816532	3	none	False
chr1:1948037:T:A	TMEM52	1.0	0.5067567567567568	25.867192684681296	4	none	True
chr19:50427433:C:G	MYBPC2	0.9999102	0.5067567567567568	24.359733914131887	3	dELS	False
chr19:1779414:C:A	ONECUT3	0.99982363	0.5067567567567568	23.9614137340695	3	dELS	False
chr16:85220068:A:G	MIR6774	0.9901098	0.5067567567567568	22.65009621555477	3	none	False
chr15:63883106:T:G	ENSG00000275785	1.0	0.5067567567567568	39.39050416938018	4	dELS	False
chr8:2852870:A:G	ENSG00000287740	1.0	0.5067264573991032	24.58695994504752	2	none	False
chr8:2576389:T:C	ENSG00000282142	0.99999994	0.5067264573991032	27.524409238823143	3	none	False
chr4:6683719:A:G	LINC02481	0.9326141	0.5067264573991032	23.83982688683795	3	none	False
chr12:120396629:C:T	ENSG00000256695	0.98732495	0.5067264573991032	20.785081418991147	2	none	False
chr11:1870675:C:G	MIR7847	0.9996223	0.5067264573991032	20.708289251562	2	none	False
chr21:46115622:T:G	COL6A2	0.9542149	0.5066964285714286	22.63307748605524	3	pELS	False
chr8:1857879:G:T	ARHGEF10	1.0	0.5066666666666667	21.821006434958896	2	none	False
chr8:124689712:C:G	MTSS1	1.0	0.5066666666666667	26.698624089142346	4	none	True
chr7:139483814:A:C	KLRG2	0.99923813	0.5066666666666667	22.95301027059669	3	pELS	False
chr6:170163740:T:C	ENSG00000287407	0.9999509	0.5066666666666667	21.975889187464084	3	PLS	False
chr4:5733576:C:T	EVC	0.9956916	0.5066666666666667	27.178529428379623	4	none	True
chr11:321001:A:G	ENSG00000255089	0.999979	0.5066666666666667	21.296414992197352	2	none	False
chr10:5576839:G:T	ENSG00000287235	0.99887997	0.5066666666666667	25.06065309070008	4	dELS	True
chr10:127350261:A:G	INSYN2A	0.94990563	0.5066666666666667	22.15245604266837	3	dELS	False
chr15:21288064:A:C	LONRF2P4	0.95813817	0.5066371681415929	20.784600275518294	2	none	False
chr9:120753781:G:C	AHCYP2	0.9974183	0.505800464037123	22.42061546245709	2	none	False
chr16:3422114:C:T	ZNF174	0.999989	0.5057736720554272	26.56062671542917	3	none	False
chr12:109264599:C:T	FOXN4	1.0	0.5057471264367817	25.04884281940452	4	dELS	False
chr17:19508169:C:T	RPL17P43	0.91961765	0.5056947608200456	32.187923182617666	5	dELS	True
chr12:120650947:A:G	CABP1-DT	0.91680235	0.5056947608200456	24.14263397892989	3	PLS	False
chr1:1760882:T:C	ENSG00000290854	1.0	0.5056689342403629	26.31316274586845	4	none	True
chr11:121341252:T:C	BMPR1AP2	0.9700195	0.5056689342403629	23.244441592907297	2	none	False
chr19:50202599:A:G	MYH14	0.9899842	0.5056433408577878	21.54658242564544	2	none	False
chr16:70791080:T:G	VAC14	0.96364814	0.5056433408577878	23.36198140737363	3	dELS	False
chr14:100544027:G:A	ENSG00000259031	0.9988533	0.5056433408577878	24.815782402538915	3	CA-CTCF	False
chr5:1081587:A:G	MIR4635	0.9993311	0.5056179775280899	22.246228084121647	2	none	False
chr3:196189725:T:C	Y_RNA	0.9742699	0.5056179775280899	37.648448152573245	5	dELS	True
chr19:14386240:G:A	ADGRE5	1.0	0.5056179775280899	28.247725354377582	4	dELS	False
chr7:21898622:C:A	CDCA7L	1.0	0.5055928411633109	37.99285972726895	5	dELS	True
chr5:1763076:G:A	ENSG00000260066	0.92700225	0.5055928411633109	22.622084565042503	3	CA	False
chr19:1725435:G:A	C19orf25	0.9679535	0.5055928411633109	22.049470094829488	3	dELS	False
chr17:17195539:C:T	ENSG00000263624	0.9982753	0.5055928411633109	24.360311059408435	3	dELS	False
chr16:89624280:C:T	DPEP1	0.9990545	0.5055928411633109	24.12332774397544	4	dELS	True
chr16:88505648:T:C	ZFPM1-AS1	0.99967307	0.5055928411633109	26.07188377434642	4	dELS	True
chr16:11399860:A:C	ENSG00000262636	0.99586517	0.5055928411633109	20.147627456875163	2	none	False
chr12:10199006:G:A	GABARAPL1	0.9999434	0.5055928411633109	22.17309802124652	3	none	True
chr10:131373461:G:A	TCERG1L	0.9300023	0.5055928411633109	19.98205736835136	2	none	False
chr7:2640781:C:T	ENSG00000288792	0.9998677	0.5055679287305123	22.37430969220201	3	dELS	False
chr17:4518509:C:T	SPNS2-AS1	0.9583806	0.5055679287305123	22.235502970550453	3	none	True
chr17:3696368:C:G	P2RX5	0.9999224	0.5055679287305123	21.32860653085349	3	PLS	False
chr16:12405314:T:A	ENSG00000278979	1.0	0.5055679287305123	30.464099542872155	5	dELS	True
chr12:132464972:T:C	ENSG00000256875	0.9999985	0.5055679287305123	28.29876835598301	4	dELS	False
chr9:136627553:T:C	LINC01451	1.0	0.5055432372505543	24.288667429433392	3	dELS	False
chr22:45905834:C:G	ENSG00000235091	0.97362185	0.5055432372505543	20.684323246912573	2	none	False
chr20:63350733:A:G	ENSG00000203900	0.9936562	0.5055432372505543	22.506900428783474	3	none	True
chr17:834730:C:G	ENSG00000277491	0.99999994	0.5055432372505543	25.50321762133918	4	none	True
chr10:720438:C:T	ENSG00000231601	1.0	0.5055432372505543	25.22013722571013	4	CA-CTCF	True
chr5:46648802:C:T	ENSG00000250122	0.981352	0.5050847457627119	25.945294717521804	2	none	False
chr9:31214471:A:T	SLC25A6P2	0.9999716	0.5046511627906977	28.74987497074896	2	none	False
chr9:102050507:A:T	ARL2BPP7	1.0	0.5046296296296297	34.60398724677649	4	none	True
chr1:7851377:T:C	UTS2	0.94177973	0.5045871559633027	24.71189362084243	3	none	True
chr13:45439292:G:T	PPIAP25	1.0	0.5045871559633027	29.16981049434	3	none	True
chr2:238500125:G:A	ENSG00000274346	0.99563503	0.5045662100456622	24.36380432397157	3	none	False
chr1:41783308:A:G	ENSG00000284895	0.9999856	0.5045662100456622	31.492028551688723	4	dELS	False
chr11:119184653:A:G	NHERF4	0.9999987	0.5045662100456622	33.6328159748933	5	CA	True
chr18:3320661:G:T	ENSG00000266578	1.0	0.5045454545454545	27.370949625212607	3	dELS	False
chr9:136725815:G:A	SNORA17B	0.9989191	0.504524886877828	22.193583200473174	3	pELS	False
chr6:107118121:C:T	BEND3	0.96671754	0.504524886877828	25.231852124866045	2	none	False
chr13:99986138:G:A	ZIC2	0.9950702	0.504524886877828	23.824517714371996	3	dELS	False
chr8:100472779:A:C	ENSG00000253666	0.9458902	0.5045045045045045	26.56897733322868	4	dELS	True
chr5:154646133:C:T	LARP1	0.9853297	0.5045045045045045	24.79781448454557	4	TF	True
chr3:15272091:G:A	SH3BP5-AS1	1.0	0.5045045045045045	27.403003462681376	4	dELS	False
chr2:215828178:A:G	LINC00607	0.99999964	0.5045045045045045	25.36470650588088	4	pELS	False
chr1:110208912:C:G	CELSR2	0.9492549	0.5045045045045045	21.290098028410885	3	dELS	False
chr1:1060101:T:G	RNF223	0.98110825	0.5045045045045045	28.27772911702659	5	dELS	True
chr17:81140644:G:A	ENSG00000263167	0.9721137	0.5045045045045045	21.003156681497448	3	none	False
chr17:73739346:A:G	ENSG00000263574	0.91262877	0.5045045045045045	21.6515120912279	3	pELS	False
chr11:120267491:C:T	ENSG00000259541	1.0	0.5045045045045045	33.46386741162971	4	pELS	False
chr9:710966:G:A	ENSG00000227914	0.9569189	0.5044843049327354	22.9307139194028	3	dELS	False
chr9:134773846:T:C	ENSG00000286502	0.99762845	0.5044843049327354	23.616920378053248	2	none	False
chr9:112945930:G:T	MUPP	1.0	0.5044843049327354	27.811116583384248	4	CA-CTCF	False
chr6:149977706:C:T	BTF3P10	1.0	0.5044843049327354	26.193569619387223	3	none	False
chr3:10172813:G:A	IRAK2	1.0	0.5044843049327354	24.376189092082388	3	none	True
chr2:70940001:G:A	ATP6V1B1	0.9935369	0.5044843049327354	24.597891225172823	3	dELS	False
chr19:441456:T:A	RNA5SP462	0.9993539	0.5044843049327354	22.374011465734377	2	none	False
chr14:101365235:C:T	ENSG00000258460	0.9590325	0.5044843049327354	23.220535023846445	3	dELS	False
chr13:113953640:T:C	C13orf46	0.9999361	0.5044843049327354	23.767183979911422	4	dELS	True
chr12:124388041:T:C	ENSG00000255965	0.99845606	0.5044843049327354	27.396995646195425	4	dELS	True
chr7:5186323:A:G	WIPI2	0.9157455	0.5044642857142857	24.579496329756985	3	CA	False
chr6:167989168:A:G	KIF25	0.97126573	0.5044642857142857	20.678068193459488	2	none	False
chr21:42052230:C:T	ENSG00000289322	0.93271726	0.5044642857142857	24.99304857927811	3	none	False
chr21:15219224:A:G	ENSG00000288555	0.9953024	0.5044642857142857	25.244340837831157	3	pELS	False
chr15:94205499:A:G	MCTP2	1.0	0.5044642857142857	25.175295166597724	3	dELS	False
chr4:5723171:A:C	EVC	0.9975993	0.5044444444444445	23.95048415184441	2	none	False
chr2:45287015:T:C	LINC01121	0.99818295	0.5044444444444445	25.15447310907719	2	none	False
chr2:239817531:T:C	ENSG00000220256	0.91931945	0.5044444444444445	24.652703398262524	3	none	False
chr18:9813580:G:A	RN7SL862P	0.999687	0.5044444444444445	23.430251177678947	3	none	False
chr14:95486581:T:G	ENSG00000258572	0.9999719	0.5044444444444445	26.830474064317936	3	none	False
chr9:61938101:T:C	ENSG00000276845	0.99997294	0.5042016806722689	24.59723410740287	2	none	False
chr12:111201294:G:C	MIR6760	1.0	0.5035799522673031	26.53273950814529	3	dELS	False
chr10:48017127:T:C	RNA5SP315	0.96864855	0.5035460992907801	24.545426646926675	2	none	False
chr15:40591345:G:A	ITPKA	0.9646835	0.5034802784222738	24.137995267267893	3	dELS	False
chr3:183044649:G:A	MCCC1-AS1	0.9668554	0.5034642032332564	28.98804562865605	4	dELS	True
chr1:187270186:G:A	LINC01036	1.0	0.5034324942791762	27.06712736108992	3	none	True
chr9:628868:C:G	EIF1P1	0.98519677	0.5034168564920274	21.54306635591559	2	none	False
chr6:56433241:C:G	RCC2P7	0.9958634	0.5034013605442177	24.858119536146784	3	PLS	False
chr4:182013291:C:A	CCNHP1	0.9091676	0.5034013605442177	22.509469743715712	2	none	False
chr10:119429954:C:T	MIR4681	0.9994679	0.5034013605442177	26.48273677223078	5	dELS	True
chr10:117536418:G:A	FAM204A	0.99073356	0.5034013605442177	21.255447949653878	3	none	True
chr3:112358610:T:C	CD200	0.9997791	0.5033860045146726	27.774690183180457	3	dELS	False
chr1:62286768:G:A	RNU6-371P	0.96061707	0.5033860045146726	30.10901035701909	5	dELS	True
chr16:11975112:C:A	NPIPB2	0.9914404	0.5033860045146726	21.26534223484052	3	none	True
chr12:51394964:G:A	GALNT6	0.99903405	0.5033860045146726	30.37730171685797	4	dELS	False
chr11:9759344:C:T	LINC02709	1.0	0.5033860045146726	24.81731594516016	3	pELS	False
chr9:2156874:G:A	RNU2-25P	0.9999999	0.503370786516854	27.036409625589588	4	pELS	False
chr9:111036449:T:G	LPAR1	0.99999356	0.503370786516854	23.50721874293389	2	none	False
chr6:11901940:T:C	AMD1P4	0.9769356	0.503370786516854	34.497868255052325	5	dELS	True
chr2:128372207:C:T	Y_RNA	0.99882334	0.503370786516854	25.229552531921104	4	dELS	False
chr21:45486797:G:A	MIR6815	0.9998574	0.503370786516854	23.2752865005017	3	pELS	False
chr17:21839169:C:T	ENSG00000265233	0.9923668	0.503370786516854	27.906343038210032	4	none	True
chr10:14584193:T:C	ENSG00000236495	0.99867404	0.503370786516854	25.02175040239083	4	dELS	True
chr8:2133617:T:G	ENSG00000287970	0.33524317	0.5033557046979866	25.510641806647754	4	dELS	True
chr8:2133617:T:C	ENSG00000287970	0.99999994	0.5033557046979866	24.61263926200784	3	none	True
chr7:26109943:A:T	ENSG00000289053	0.9945944	0.5033557046979866	33.40699145246063	4	none	True
chr7:151862083:A:G	PRKAG2-AS1	1.0	0.5033557046979866	24.58836459554077	3	CA-CTCF	False
chr4:186191475:G:C	CYP4V2	1.0	0.5033557046979866	28.2021247317122	4	none	True
chr3:196199814:G:A	Y_RNA	1.0	0.5033557046979866	23.52164789432447	3	none	True
chr2:234977465:G:T	SH3BP4	0.9973967	0.5033557046979866	22.039462108285484	3	pELS	False
chr13:114114874:C:T	RASA3-IT1	0.9996577	0.5033557046979866	27.30089895579951	5	dELS	True
chr9:133950703:C:T	VAV2	0.994935	0.5033407572383074	24.11221745810601	2	none	False
chr6:38702291:C:T	GLO1	1.0	0.5033407572383074	26.527906802589523	4	pELS	True
chr19:57173764:T:G	ENSG00000268379	0.99128705	0.5033407572383074	26.22966965731718	4	none	True
chr19:1696089:T:C	Metazoa_SRP	0.99997157	0.5033407572383074	21.102076999351222	2	none	False
chr18:9778951:C:T	ZNF415P1	0.937584	0.5033407572383074	23.73662784219991	4	none	True
chr16:88600316:G:A	ZC3H18	1.0	0.5033407572383074	27.66878112260121	4	dELS	False
chr16:86738817:G:A	LINC02189	0.9939576	0.5033407572383074	26.36105455088652	4	CA-H3K4me3	False
chr16:363523:T:G	MRPL28	0.9482618	0.5033407572383074	21.86687153983605	3	pELS	False
chr17:76480952:T:C	SAP30BP	0.9563282	0.5033259423503326	23.51077378459119	4	pELS	True
chr22:12185993:G:C	FRG1GP	0.98395014	0.5028409090909091	27.56757209121088	2	none	False
chr9:91857995:A:T	ROR2	1.0	0.5023255813953489	32.115831351820354	4	dELS	False
chr8:80103249:C:T	ENSG00000254205	0.91504174	0.5023148148148148	24.516950731242478	2	none	False
chr6:88616498:C:T	SNORA73	1.0	0.5023041474654378	41.94599883331918	4	none	True
chr18:31411098:T:G	DSG1-AS1	0.97004855	0.5023041474654378	23.718021882217787	3	CA-H3K4me3	False
chr7:77122341:C:A	FAM185BP	0.9667818	0.5022935779816514	23.7529394928369	3	pELS	False
chr4:76252146:T:C	FAM47E-STBD1	0.9965372	0.5022935779816514	27.89889819922877	5	pELS	True
chr9:104045961:A:G	ENSG00000285483	0.99999946	0.502283105022831	25.90623208755575	2	none	False
chr6:8075464:T:C	BLOC1S5	0.9910459	0.502283105022831	26.53225018598929	4	dELS	True
chr3:23100274:A:G	RPL24P7	0.98924226	0.5022727272727273	27.81142219950779	3	dELS	False
chr12:67719081:C:T	LINC02421	0.9991595	0.5022727272727273	21.43953568748495	2	none	False
chr10:119222844:C:T	RN7SL749P	1.0	0.5022727272727273	27.711568454800968	4	none	True
chr5:1129631:A:G	SLC12A7	0.95824474	0.502262443438914	24.2487391130011	4	dELS	True
chr1:37519211:C:T	MEAF6	0.9761923	0.502262443438914	20.839659200529937	3	none	True
chr18:76473527:T:C	ZNF516-AS1	1.0	0.502262443438914	21.85007323601549	2	none	False
chr17:8916496:C:T	PIK3R6	0.9410268	0.5022522522522522	24.194163844240776	4	dELS	True
chr8:141327691:C:T	ENSG00000254291	0.9994523	0.5022421524663677	37.184880737713016	5	pELS	True
chr7:130300721:G:A	CPA4	1.0	0.5022421524663677	27.516370383288912	3	none	False
chr4:187994830:T:C	ZFP42	0.9731422	0.5022421524663677	23.381246538412963	2	none	False
chr19:4726788:A:G	DPP9	0.91709155	0.5022421524663677	24.85459719375642	4	dELS	True
chr8:143427537:C:T	MAFA-AS1	0.92575705	0.5022321428571429	23.20152703031732	4	CA-H3K4me3	True
chr6:159125350:G:A	ENSG00000288845	0.9291762	0.5022321428571429	24.67582800756801	3	none	True
chr3:195067523:G:A	XXYLT1-AS1	0.90935767	0.5022321428571429	37.32284142784104	5	CA-H3K4me3	True
chr21:44303800:T:C	PFKL	0.9727204	0.5022321428571429	25.704068488954217	4	dELS	True
chr21:17785063:C:A	C21orf91-OT1	0.99999654	0.5022321428571429	25.08848947050241	3	dELS	False
chr20:436968:T:C	Y_RNA	0.99478704	0.5022321428571429	26.806036557709067	4	none	True
chr16:87779840:C:G	ENSG00000260498	0.9381686	0.5022321428571429	21.28535786648324	3	pELS	False
chr15:77996436:G:T	ENSG00000259792	0.9990527	0.5022321428571429	28.46428965572673	5	dELS	True
chr12:132454575:A:G	ENSG00000256783	0.9217245	0.5022321428571429	19.94989542128028	2	none	False
chr8:2506169:C:T	ENSG00000253444	1.0	0.5022222222222222	22.656404760969835	3	none	False
chr3:130036694:G:C	OR7E21P	0.9999995	0.5022222222222222	23.338403456131385	3	none	False
chr22:49948867:G:A	ADM2	0.9989452	0.5022222222222222	22.593687279219203	3	pELS	False
chr22:46416105:A:G	FAM136EP	0.9997719	0.5022222222222222	24.16182301618578	4	dELS	True
chr19:48068510:A:G	PLA2G4C-AS1	1.0	0.5022222222222222	21.81985849319936	2	none	False
chr17:81350753:G:T	RENO1	0.99584746	0.5022222222222222	21.788087748528167	3	dELS	False
chr17:80988494:C:T	CHMP6	0.9936177	0.5022222222222222	27.266059836093408	5	dELS	True
chr13:26474012:T:C	ENSG00000285929	1.0	0.5022222222222222	29.22552035962764	5	dELS	True
chr12:130553572:C:T	ENSG00000279146	1.0	0.5022222222222222	28.8396347051332	4	dELS	False
chr22:10761227:G:A	U2	0.9140556	0.5022123893805309	22.787775119424	2	none	False
chr18:12007:G:C	LINC02564	0.9354794	0.5022123893805309	19.771773512469068	2	none	False
chr15:20333533:T:G	ENSG00000258654	0.9369847	0.5022123893805309	19.689450802384258	2	none	False
chr21:9373156:C:T	SNX18P10	0.9752905	0.5017667844522968	29.09048088305274	2	none	False
chr21:9102495:G:T	ENSG00000279381	1.0	0.5015384615384615	31.321286795328238	3	none	False
chr15:21652166:G:C	OR4M2B	0.97958845	0.5013123359580053	27.154621873071736	3	none	False
chr19:22062552:G:A	ZNF257	0.9997978	0.5011764705882353	29.45647273786648	5	pELS	True
chr16:31103613:G:C	PRSS36	0.9666053	0.5011764705882353	22.91195360663839	4	CA-TF	True
chr11:65488118:C:A	ENSG00000286756	0.99998397	0.5011547344110855	23.74214924507418	2	none	False
chr6:3623811:A:C	ENSG00000270477	0.9793199	0.5011494252873563	24.318494294479976	3	dELS	False
chr15:28496764:G:C	ENSG00000276928	0.972744	0.5011441647597255	22.686271360245705	3	none	True
chr11:67997192:G:C	UNC93B1	0.92187816	0.5011441647597255	22.78480617578156	3	dELS	False
chr7:141927349:G:A	OR9A4	0.99986494	0.5011389521640092	29.01238408877741	4	none	True
chr10:100716589:C:G	PAX2	0.99953777	0.5011389521640092	24.54552946879557	4	none	True
chr9:136753846:G:A	LCN6	0.9920865	0.5011337868480725	23.52175227073351	2	none	False
chr3:183815588:C:T	YEATS2-AS1	0.9989198	0.5011337868480725	23.979188363195	3	dELS	False
chr17:8061912:G:T	ALOXE3P1	0.99984	0.5011337868480725	27.62243230536865	4	pELS	True
chr8:48380462:C:G	RPL29P19	0.92422235	0.5011286681715575	22.51515257862445	2	none	False
chr19:3207648:A:G	CELF5	0.99749196	0.5011286681715575	21.63900549018151	3	none	True
chr11:132094042:T:A	ENSG00000224700	0.9926263	0.5011286681715575	32.046328798635905	5	dELS	True
chr10:126039027:G:A	FANK1-AS1	0.9995522	0.5011286681715575	29.53149380506181	4	dELS	False
chr8:1797231:C:T	MIR3674	0.99998665	0.501123595505618	25.618843499707037	5	dELS	True
chr7:93794371:T:G	ENSG00000225898	0.96567345	0.501123595505618	27.55715198357144	3	none	True
chr19:29402844:C:T	ENSG00000267574	0.99526995	0.501123595505618	26.371333355449927	4	CA	False
chr7:158418642:A:G	ENSG00000289418	0.9925097	0.5011185682326622	22.19349776472596	3	none	False
chr20:53659464:C:A	RNU7-14P	1.0	0.5011185682326622	24.43550670769797	3	dELS	False
chr19:56216032:T:C	ENSG00000242411	0.9998032	0.5011185682326622	23.678669761618345	3	none	False
chr14:77038246:C:T	ENSG00000289347	0.9999581	0.5011185682326622	26.05589485723837	5	pELS	True
chr13:113416357:C:G	ADPRHL1	1.0	0.5011185682326622	25.808972739400154	5	dELS	True
chr12:99451539:A:G	GARIN6	0.99853575	0.5011185682326622	24.43106541107464	2	none	False
chr7:154876755:T:C	ENSG00000236408	0.99851245	0.5011135857461024	23.49788082441605	4	dELS	True
chr2:238120720:C:T	KLHL30	0.99678534	0.5011135857461024	23.91270549103551	2	none	False
chr19:46404293:C:T	ENSG00000269151	0.999704	0.5011135857461024	22.875220625780543	3	PLS	False
chr19:2982049:G:C	TLE6	0.9983546	0.5011135857461024	22.583879057184813	2	none	False
chr18:78079663:G:T	RNU6-655P	1.0	0.5011135857461024	23.112815389739065	3	none	False
chr15:88855374:G:T	HAPLN3	0.9151509	0.5011135857461024	22.75578525597093	2	none	False
chr12:1630159:G:A	MIR3649	0.9967776	0.5011135857461024	21.885252791054427	3	pELS	False
chr11:69098010:G:A	ENSG00000260895	0.9976732	0.5011135857461024	23.27401907634308	3	dELS	False
chr8:994287:A:G	ENSG00000282692	0.99999964	0.5011086474501109	22.9622732131654	2	none	False
chr8:1355468:G:A	ENSG00000260721	0.99998385	0.5011086474501109	20.21325727451981	2	none	False
chr19:15931092:A:G	CYP4F11	0.95325756	0.5011086474501109	25.202862820993737	3	PLS	False
chr17:78126139:A:G	TMC8	0.9959734	0.5011086474501109	24.99589662638884	4	pELS	True
chr10:41865109:G:A	KSR1P1	0.9958117	0.5011086474501109	22.10953509794097	3	none	True
