variant_id	nearest_gene	pip	asm_frac_fisher	score_convergence	ccre	sv
chr8:2727062:A:G	ENSG00000253853	1.0	0.9290465631929048	5	PLS	True
chr10:123991676:G:C	YBX2P1	1.0	0.8696629213483146	5	PLS	True
chr20:3751578:G:A	ADISSP	0.99888647	0.8665158371040724	5	dELS	True
chr2:127695843:C:T	SFT2D3	0.9010204	0.8433179723502304	5	dELS	True
chr14:105530256:G:C	TMEM121	0.9995124	0.8356481481481481	5	pELS	True
chr6:28884587:G:A	ZNF90P2	0.9985006	0.8313817330210773	5	dELS	True
chr16:1533633:T:C	ENSG00000280062	1.0	0.8227272727272728	5	pELS	True
chr9:128192959:A:G	DNM1	0.98998344	0.8179723502304147	5	pELS	True
chr22:50178377:A:G	TRABD	1.0	0.8165548098434005	5	dELS	True
chr19:4784721:C:T	ENSG00000268536	0.9665416	0.8157303370786517	5	dELS	True
chr9:124838176:T:C	WDR38	0.99909693	0.8112359550561797	5	dELS	True
chr4:55158531:C:A	ENSG00000287060	0.9936947	0.8026905829596412	5	CA-CTCF	True
chr5:177370342:G:A	SLC34A1	0.9927846	0.7927107061503417	5	dELS	True
chr1:227887946:G:T	MIR5008	0.99992025	0.7848970251716247	5	dELS	True
chr1:157279114:A:G	LINC02772	0.92403364	0.777027027027027	5	dELS	True
chr19:2888829:C:A	ENSG00000266938	1.0	0.7707865168539326	5	dELS	True
chr13:22926477:C:G	ENSG00000289217	0.99999416	0.7683741648106904	5	pELS	True
chr6:32634009:C:A	HLA-DQA1	0.9810545	0.7625570776255708	5	pELS	True
chr6:32528242:G:A	HLA-DRB5	0.94368404	0.7619047619047619	5	dELS	True
chr6:32522099:T:A	HLA-DRB5	0.9234892	0.7579617834394905	5	dELS	True
chr10:1240467:C:A	ENSG00000287043	1.0	0.753880266075388	5	dELS	True
chr4:213204:T:C	ZNF876P	0.9863611	0.7471264367816092	5	pELS	True
chr3:198105787:G:C	ENSG00000290936	1.0	0.7466367713004485	5	dELS	True
chr1:247531068:G:C	OR2C3	0.99416655	0.7460674157303371	5	dELS	True
chr16:53373594:C:G	ENSG00000261804	0.9989937	0.7443946188340808	5	pELS	True
chr2:219243701:C:T	STK16	0.9978827	0.7442922374429224	5	PLS	True
chr16:87713598:T:C	ENSG00000226180	0.99998605	0.7399103139013453	5	dELS	True
chr3:113515294:C:G	SPICE1	0.9797919	0.7397260273972602	5	pELS	True
chr16:89113159:G:A	ENSG00000261546	0.998846	0.7388392857142857	5	dELS	True
chr7:963411:G:A	ADAP1	0.93954796	0.7376681614349776	5	dELS	True
chr1:148353326:A:G	ENSG00000272824	0.9999999	0.7369614512471655	5	dELS	True
chr6:29680621:G:C	ZFP57	0.99141103	0.7354988399071926	5	pELS	True
chr1:180954459:G:A	KIAA1614-AS1	0.9861131	0.7301587301587301	5	pELS	True
chr1:228276575:T:C	ENSG00000269934	0.9756429	0.7220956719817767	5	pELS	True
chr9:89438810:C:T	PA2G4P6	0.933217	0.7201834862385321	5	dELS	True
chr13:49620258:G:A	ENSG00000176882	0.9999866	0.7199074074074074	5	pELS	True
chr9:27690769:T:C	CTAGE12P	0.9801449	0.7181208053691275	5	dELS	True
chr12:9943411:G:C	LINC02470	1.0	0.715261958997722	5	PLS	True
chr12:39145452:C:T	LINC02406	0.9999608	0.715261958997722	5	PLS	True
chr14:105742782:T:C	IGHG1	0.9999977	0.7142857142857143	5	dELS	True
chr21:45256000:G:A	LINC00334	0.9602789	0.7139588100686499	5	dELS	True
chr3:195763273:C:A	MUC20	0.99729997	0.7136363636363636	5	dELS	True
chr12:6426378:C:G	SRP14P1	0.9805106	0.7133333333333334	5	dELS	True
chr9:133370907:C:A	SURF4	1.0	0.7126696832579186	5	dELS	True
chr16:58500028:A:C	RNU6-103P	0.97968674	0.7123595505617978	5	PLS	True
chr19:54967273:G:A	NLRP7	1.0	0.7114093959731543	5	pELS	True
chr8:664111:G:C	ENSG00000254207	1.0	0.7111111111111111	5	dELS	True
chr17:234991:A:G	LINC02091	1.0	0.7101769911504425	5	dELS	True
chr19:1133385:A:G	ENSG00000290166	0.93223864	0.708803611738149	5	dELS	True
chr19:3404145:C:A	ENSG00000279599	1.0	0.7078651685393258	5	dELS	True
chr2:91748437:G:A	KMT5AP2	0.917238	0.7050359712230215	5	PLS	True
chr6:163750882:A:G	ENSG00000285858	0.99999934	0.7009132420091324	5	dELS	True
chr19:1044329:C:T	ABCA7	0.999994	0.7	5	dELS	True
chr20:64197155:G:A	PCMTD2	1.0	0.6995515695067265	5	dELS	True
chr12:9740483:A:G	CLECL1P	1.0	0.6984126984126984	5	dELS	True
chr14:68506829:A:G	PPIAP6	1.0	0.6981981981981982	5	dELS	True
chr10:28924560:C:T	RPL21P93	0.9227754	0.6981981981981982	5	dELS	True
chr1:1173872:A:G	TTLL10	1.0	0.697986577181208	5	pELS	True
chr5:181161977:C:G	OR2V2	0.95424926	0.6957494407158836	5	dELS	True
chr3:195065244:C:T	XXYLT1-AS1	0.99659747	0.6957494407158836	5	dELS	True
chr1:27360975:G:T	MAP3K6	0.9919871	0.6954545454545454	5	dELS	True
chr1:109711774:C:G	GSTM5	0.99999994	0.6948775055679287	5	pELS	True
chr17:78879654:G:A	ENSG00000279339	0.9969089	0.6947608200455581	5	dELS	True
chr3:72337089:G:C	ENSG00000260670	1.0	0.6928251121076233	5	dELS	True
chr17:76185621:T:C	ATP5MGP6	1.0	0.6928251121076233	5	dELS	True
chr7:95324583:G:A	PON1	0.999999	0.6914414414414415	5	PLS	True
chr14:30620692:C:T	SCFD1	0.99993914	0.6910755148741419	5	TF	True
chr1:153627648:T:C	S100A1	0.97589844	0.6903669724770642	5	PLS	True
chr14:77219960:A:C	ENSG00000201384	0.9995975	0.6895787139689579	5	CA-TF	True
chr10:788796:G:A	ENSG00000231601	0.970832	0.6859688195991092	5	dELS	True
chr9:38526827:C:G	ENSG00000243085	0.997786	0.6856492027334852	5	PLS	True
chr7:935761:C:G	ADAP1	0.9995102	0.6844444444444444	5	dELS	True
chr16:29326337:T:G	ENSG00000260413	1.0	0.6832579185520362	5	dELS	True
chr14:76959734:G:T	LINC01629	1.0	0.6832579185520362	5	pELS	True
chr16:1445474:G:A	ENSG00000261641	1.0	0.6818181818181818	5	pELS	True
chr16:69965397:C:A	ENSG00000277003	1.0	0.6816143497757847	5	dELS	True
chr19:906149:G:C	R3HDM4	1.0	0.6808035714285714	5	dELS	True
chr5:150166578:C:T	CDX1	1.0	0.6792873051224945	5	PLS	True
chr17:76239124:A:C	RNF157	0.99991053	0.6765375854214123	5	pELS	True
chr12:130879371:C:G	RAN	1.0	0.6757990867579908	5	dELS	True
chr15:92734201:C:G	H2AZ2P1	0.9994159	0.6742081447963801	5	PLS	True
chr4:186298264:T:C	ENSG00000287667	0.95487076	0.6741071428571429	5	CA-H3K4me3	True
chr13:30153999:C:A	LINC00385	0.999959	0.672686230248307	5	pELS	True
chr9:33141793:C:T	B4GALT1-AS1	0.93499255	0.6697038724373576	5	dELS	True
chr2:421116:G:A	ENSG00000226277	0.9013569	0.668903803131991	5	pELS	True
chr9:137715590:T:C	ENSG00000255585	1.0	0.668141592920354	5	dELS	True
chr19:8073170:C:A	CCL25	0.999988	0.667420814479638	5	dELS	True
chr13:113810948:A:G	GAS6-AS1	0.9391799	0.6666666666666666	5	dELS	True
chr12:47942528:G:T	VDR	1.0	0.6636568848758465	5	pELS	True
chr12:132187192:T:C	LINC02361	1.0	0.6629213483146067	5	dELS	True
chr6:26134824:T:A	H2AC6	0.99913806	0.6628959276018099	5	TF	True
chr7:136012881:A:C	ENSG00000230649	0.94122386	0.662870159453303	5	dELS	True
chr8:638072:A:T	TDRP	1.0	0.6621923937360179	5	dELS	True
chr1:1575864:G:A	SSU72	0.98144215	0.6614349775784754	5	pELS	True
chr10:132330501:T:C	LRRC27	1.0	0.6613995485327314	5	CA-CTCF	True
chr13:50127054:G:A	ENSG00000274270	0.9995832	0.6605922551252847	5	pELS	True
chr4:182139833:C:A	TENM3	0.9230056	0.6591422121896162	5	dELS	True
chr8:141391470:G:C	PTP4A3	1.0	0.6583143507972665	5	pELS	True
chr7:149191446:C:T	ENSG00000239719	0.9781285	0.6574712643678161	5	PLS	True
chr12:1663449:G:A	MIR3649	0.9934813	0.6570155902004454	5	dELS	True
chr13:27034730:T:A	RPS20P32	0.99784565	0.6569506726457399	5	dELS	True
chr17:335230:C:T	RPH3AL-AS1	1.0	0.656319290465632	5	dELS	True
chr10:113960755:G:C	ADRB1	0.9429032	0.6555555555555556	5	dELS	True
chr3:127755187:G:A	ENSG00000287143	1.0	0.6554809843400448	5	dELS	True
chr16:29284402:A:C	ENSG00000261552	0.99916	0.655328798185941	5	dELS	True
chr9:122406599:C:T	ENSG00000234156	1.0	0.6544622425629291	5	PLS	True
chr17:32495589:C:T	ENSG00000266718	0.9879776	0.6540178571428571	5	pELS	True
chr17:82603449:G:A	ENSG00000262147	0.94727486	0.6525612472160356	5	dELS	True
chr16:85002791:C:G	ZDHHC7	1.0	0.6522727272727272	5	dELS	True
chr19:52997951:G:A	ARPC1AP2	0.9999969	0.652073732718894	5	dELS	True
chr2:113625421:G:A	RPL23AP7	0.99999386	0.6515837104072398	5	pELS	True
chr16:2953946:G:A	ENSG00000262482	1.0	0.6515837104072398	5	dELS	True
chr17:14295065:T:C	ENSG00000262786	0.9329707	0.6496674057649667	5	CA-H3K4me3	True
chr14:35370030:G:C	ENSG00000258860	1.0	0.6481069042316259	5	dELS	True
chr10:367192:C:T	RN7SL754P	0.99350893	0.6481069042316259	5	dELS	True
chr6:36681624:G:T	DINOL	0.9893538	0.6470588235294118	5	dELS	True
chr22:49704685:C:T	ENSG00000226954	1.0	0.6465324384787472	5	dELS	True
chr12:11855930:G:A	BCL2L14	0.9629977	0.6457399103139013	5	dELS	True
chr6:87484302:T:C	RNU6-444P	0.9999985	0.6456876456876457	5	dELS	True
chr6:26319360:G:T	H3C9P	0.9997723	0.6451612903225806	5	dELS	True
chr8:635267:G:A	TDRP	0.9732258	0.6449438202247191	5	dELS	True
chr7:149787710:C:T	SSPOP	1.0	0.6447963800904978	5	CA-H3K4me3	True
chr7:1099004:A:G	GPER1	1.0	0.6442953020134228	5	dELS	True
chr10:130129242:C:T	PPIAP32	0.9999144	0.6441441441441441	5	CA-H3K4me3	True
chr14:77557176:C:G	RN7SL587P	1.0	0.6439909297052154	5	dELS	True
chr8:11416972:G:C	RNU6-1084P	0.99937785	0.643652561247216	5	dELS	True
chr2:239192672:C:T	ENSG00000287405	1.0	0.6434977578475336	5	pELS	True
chr16:3102232:C:T	ZSCAN10	1.0	0.6434977578475336	5	dELS	True
chr12:124795961:T:C	ENSG00000287242	0.9911516	0.6434977578475336	5	dELS	True
chr3:128675467:T:G	Metazoa_SRP	0.9998821	0.6430205949656751	5	pELS	True
chr19:41551536:T:C	ENSG00000280014	0.95518905	0.642691415313225	5	pELS	True
chr2:131682500:G:C	NBEAP2	1.0	0.6425339366515838	5	CA	True
chr11:17400313:A:G	KCNJ11	1.0	0.6425339366515838	5	dELS	True
chr5:181167978:A:C	OR2V2	1.0	0.639821029082774	5	dELS	True
chr16:3254654:T:C	MEFV	0.9926181	0.6388261851015802	5	dELS	True
chr21:46182335:C:T	SPATC1L	1.0	0.6383928571428571	5	dELS	True
chr18:79506527:G:A	ENSG00000279397	0.98956764	0.6353467561521253	5	dELS	True
chr6:158208189:T:A	TULP4	0.98436004	0.6351351351351351	5	dELS	True
chr17:8247086:G:C	PFAS	0.9909134	0.6351039260969977	5	pELS	True
chr3:184017498:C:G	ABCC5	0.9999983	0.634703196347032	5	pELS	True
chr7:138147202:A:G	ENSG00000225559	0.9997421	0.6345291479820628	5	dELS	True
chr4:1604073:C:T	ENSG00000244459	1.0	0.6345291479820628	5	dELS	True
chr2:3605689:C:T	ENSG00000237370	1.0	0.6341463414634146	5	pELS	True
chr10:100944288:G:A	ENSG00000273476	1.0	0.6332574031890661	5	dELS	True
chr7:1548051:A:G	TMEM184A	0.9997612	0.6331096196868009	5	dELS	True
chr7:1023824:G:T	MIR339	0.98872256	0.6322869955156951	5	pELS	True
chr8:206284:C:A	ENSG00000253166	0.9341026	0.6316964285714286	5	CA-H3K4me3	True
chr1:182608676:C:G	RGS16	1.0	0.6309794988610479	5	dELS	True
chr8:650729:A:G	ENSG00000254207	1.0	0.6302895322939867	5	dELS	True
chr3:197028882:G:T	MELTF	0.9999765	0.6288888888888889	5	pELS	True
chr7:65807057:G:A	RNU6-912P	0.9682065	0.6278026905829597	5	dELS	True
chr16:4747108:G:A	ENSG00000266994	0.9953294	0.6275395033860045	5	dELS	True
chr3:131361178:T:C	NUDT16L2P	0.98242617	0.6273148148148148	5	pELS	True
chr10:12635305:C:T	MIR4481	1.0	0.6269662921348315	5	dELS	True
chr2:173899208:G:A	RPL5P7	1.0	0.6267281105990783	5	dELS	True
chr5:668727:C:T	ENSG00000271781	1.0	0.6258351893095768	5	dELS	True
chr5:172178467:T:C	STK10	1.0	0.6241457858769932	5	dELS	True
chr1:161038745:C:G	ENSG00000270149	0.9999995	0.6235827664399093	5	pELS	True
chr17:43362840:C:A	ENSG00000279602	0.9934969	0.6235827664399093	5	pELS	True
chr3:14380195:T:C	RNA5SP124	1.0	0.6221719457013575	5	dELS	True
chr8:143617254:G:C	ENSG00000254812	1.0	0.6210762331838565	5	PLS	True
chr13:30740318:C:A	ALOX5AP	1.0	0.6204545454545455	5	dELS	True
chr7:102292255:G:C	MIR4285	0.9999943	0.6202247191011236	5	pELS	True
chr5:14745159:T:C	ENSG00000286970	0.997175	0.6193693693693694	5	dELS	True
chr7:8121571:T:C	ENSG00000227719	1.0	0.6160714285714286	5	dELS	True
chr15:90931508:G:C	UNC45A	0.9816577	0.615909090909091	5	pELS	True
chr7:157575858:A:G	MIR153-2	0.99974775	0.6146788990825688	5	dELS	True
chr12:132772739:C:T	ANKLE2	1.0	0.6138392857142857	5	dELS	True
chr17:35244527:G:A	SLFN5	1.0	0.6131221719457014	5	dELS	True
chr8:62864125:T:C	SRPK2P	0.9994113	0.6127562642369021	5	PLS	True
chr19:7004521:G:A	ENSG00000269761	1.0	0.6124721603563474	5	CA-CTCF	True
chr18:77070697:C:T	ENSG00000275178	0.9052523	0.6116071428571429	5	dELS	True
chr3:195646172:G:A	MUC4	0.96237206	0.6111111111111112	5	TF	True
chr11:64491033:T:C	ENSG00000286816	0.92382175	0.6105990783410138	5	pELS	True
chr15:100372708:T:C	CERS3-AS1	1.0	0.6095890410958904	5	PLS	True
chr16:88042437:C:T	ENSG00000260166	0.9999075	0.6090909090909091	5	dELS	True
chr7:126657941:C:T	ENSG00000287568	0.999997	0.6083916083916084	5	dELS	True
chr12:121222984:T:C	P2RX4	0.98577935	0.6073059360730594	5	dELS	True
chr1:23897285:A:T	BTBD6P1	0.99356633	0.6067415730337079	5	dELS	True
chr12:131851047:G:A	ENSG00000256955	0.9354196	0.6067415730337079	5	dELS	True
chr12:96224128:C:G	ENSG00000258177	0.9756007	0.6058558558558559	5	pELS	True
chr16:3669343:C:T	ENSG00000276754	1.0	0.6049661399548533	5	dELS	True
chr21:33429601:T:C	IFNGR2	1.0	0.6045977011494252	5	dELS	True
chr11:59173977:C:A	DTX4	1.0	0.6045454545454545	5	pELS	True
chr10:42166321:G:A	IGKV1OR10-1	0.9996758	0.6039823008849557	5	dELS	True
chr17:3688159:A:C	P2RX5-TAX1BP3	0.9856874	0.6031042128603105	5	TF	True
chr22:49527915:G:T	ENSG00000279597	0.94639874	0.6004464285714286	5	dELS	True
chr16:1338329:G:C	BAIAP3	1.0	0.5977272727272728	5	dELS	True
chr11:44613360:C:T	ENSG00000255092	0.9999821	0.5973154362416108	5	dELS	True
chr1:7857016:G:A	UTS2	1.0	0.597254004576659	5	dELS	True
chr16:1312186:C:T	ENSG00000274751	0.9625449	0.5968468468468469	5	PLS	True
chr1:203342608:T:C	FMOD	1.0	0.5959821428571429	5	dELS	True
chr4:187814845:A:C	ADAM20P3	0.9649409	0.5945330296127562	5	dELS	True
chr17:970116:G:A	NXN	0.99999815	0.594170403587444	5	dELS	True
chr12:31804835:G:C	RNU6-1069P	0.9990964	0.5931818181818181	5	pELS	True
chr22:23756069:C:T	VPREB3	1.0	0.5927601809954751	5	pELS	True
chr1:6005774:G:A	NPHP4	0.9999948	0.5915178571428571	5	dELS	True
chr22:38981477:C:T	APOBEC3B	0.9797423	0.5911949685534591	5	pELS	True
chr2:239319560:C:T	MIR4269	0.9976959	0.5909090909090909	5	dELS	True
chr13:114043681:C:A	RASA3-IT1	0.9998017	0.588495575221239	5	dELS	True
chr22:47001539:G:A	TBC1D22A-AS1	1.0	0.5859728506787331	5	dELS	True
chr10:80158826:G:A	PLAC9	0.99993616	0.585812356979405	5	dELS	True
chr20:4875717:G:C	ENSG00000252096	0.96987295	0.5854214123006833	5	dELS	True
chr2:64328199:G:A	ENSG00000238012	0.9959883	0.5844748858447488	5	dELS	True
chr1:232805407:C:T	MAP10	1.0	0.5844748858447488	5	pELS	True
chr16:8661413:A:G	ENSG00000279357	0.9848666	0.5838926174496645	5	TF	True
chr17:206326:A:G	LINC02091	1.0	0.5835189309576837	5	dELS	True
chr20:62873105:T:C	ARF4P2	1.0	0.5831485587583148	5	TF	True
chr16:85983088:C:T	ENSG00000269667	0.9312887	0.5831485587583148	5	pELS	True
chr21:36105170:G:C	SRSF9P1	0.9911685	0.5831435079726651	5	dELS	True
chr16:11677497:C:A	SNN	1.0	0.5829596412556054	5	dELS	True
chr12:10672256:A:T	STYK1	0.961311	0.5829596412556054	5	pELS	True
chr20:5593013:A:G	GPCPD1	1.0	0.5825688073394495	5	dELS	True
chr14:95362647:C:T	CLMN	1.0	0.5822222222222222	5	dELS	True
chr22:50195257:T:C	ENSG00000273188	0.99699134	0.5816554809843401	5	dELS	True
chr22:50000165:C:T	IL17REL	1.0	0.5816554809843401	5	CA-H3K4me3	True
chr17:80970304:C:G	ENSG00000261924	0.9999659	0.5812917594654788	5	pELS	True
chr12:49960654:A:C	AQP5	0.9999992	0.5812917594654788	5	pELS	True
chr1:1251122:A:T	ENSG00000260179	1.0	0.581081081081081	5	pELS	True
chr14:65070841:T:A	ENSG00000259118	0.99999994	0.5806451612903226	5	dELS	True
chr19:2187854:G:A	AP3D1	1.0	0.5801354401805869	5	dELS	True
chr18:79951357:T:G	SLC66A2	0.9745017	0.57847533632287	5	pELS	True
chr13:40654513:A:G	FOXO1	0.9953207	0.5783410138248848	5	dELS	True
chr9:89542795:T:G	SEMA4D	1.0	0.5772727272727273	5	dELS	True
chr2:3483551:A:G	TRAPPC12-AS1	0.92649364	0.5771812080536913	5	pELS	True
chr1:10173698:A:G	RNU6-828P	0.99136865	0.5769230769230769	5	dELS	True
chr11:66335298:A:C	ENSG00000254756	1.0	0.5769230769230769	5	pELS	True
chr1:248407874:T:C	OR2T1	1.0	0.576837416481069	5	dELS	True
chr1:9267328:T:G	SPSB1	1.0	0.5743243243243243	5	dELS	True
chr6:37701865:G:A	MDGA1	0.9584262	0.5739910313901345	5	dELS	True
chr16:89320400:A:G	ENSG00000261253	1.0	0.5739910313901345	5	PLS	True
chr7:136293406:A:G	TRPC6P8	0.99999917	0.5730337078651685	5	dELS	True
chr1:1679085:T:C	ENSG00000269737	1.0	0.5727272727272728	5	dELS	True
chr2:38096468:C:T	CYP1B1	1.0	0.5723981900452488	5	dELS	True
chr16:84712039:G:A	USP10	0.99999994	0.5723981900452488	5	dELS	True
chr2:2656300:C:T	ENSG00000289608	1.0	0.5723830734966593	5	dELS	True
chr18:9007149:A:C	RPS4XP19	0.99998325	0.5711111111111111	5	dELS	True
chr5:124528843:G:A	ENSG00000248296	0.9993123	0.5711060948081265	5	dELS	True
chr1:226127247:G:A	ENSG00000270598	1.0	0.5711009174311926	5	PLS	True
chr9:62882565:T:C	FGF7P8	0.99993235	0.5707964601769911	5	pELS	True
chr10:102433069:G:T	CUEDC2	1.0	0.5707762557077626	5	pELS	True
chr15:62027108:T:G	VPS13C	0.9999963	0.5707656612529002	5	dELS	True
chr1:19393234:C:T	RN7SL277P	0.9623665	0.5691244239631337	5	dELS	True
chr8:27439685:T:C	MIR6842	0.9432339	0.5688487584650113	5	dELS	True
chr7:1856935:T:G	MIR4655	0.9982851	0.5688487584650113	5	dELS	True
chr8:10807559:A:G	MIR1322	0.99473363	0.5675057208237986	5	dELS	True
chr3:177146528:T:G	RNU6-681P	0.9637479	0.5672645739910314	5	dELS	True
chr1:1260310:G:C	ENSG00000260179	0.99996215	0.5668934240362812	5	dELS	True
chr17:6713131:C:G	SLC16A11	0.9809936	0.5665914221218962	5	pELS	True
chr6:39792965:A:G	DAAM2	0.9530436	0.5662921348314607	5	PLS	True
chr17:32311466:C:A	ENSG00000265794	1.0	0.5662921348314607	5	dELS	True
chr2:89977447:A:G	IGKV2D-26	0.985979	0.565989847715736	5	TF	True
chr22:45877483:T:C	ENSG00000279954	1.0	0.5657015590200446	5	pELS	True
chr10:84214794:C:A	LRIT2	0.9997188	0.5649202733485194	5	CA-H3K4me3	True
chr8:11480078:T:C	ENSG00000284957	0.97469604	0.5647321428571429	5	pELS	True
chr10:129871528:T:C	EBF3-AS1	0.99955237	0.5647321428571429	5	dELS	True
chr16:2973604:A:G	PAQR4	1.0	0.564625850340136	5	dELS	True
chr19:39875734:G:C	FBL	0.99411076	0.5640449438202247	5	dELS	True
chr10:43267590:G:C	RASGEF1A	0.9885554	0.5640449438202247	5	pELS	True
chr1:227447897:G:A	BTF3P9	0.9112684	0.5636363636363636	5	dELS	True
chr12:121288603:T:C	CAMKK2	1.0	0.5633484162895928	5	dELS	True
chr12:27710598:T:C	MRPS35-DT	0.9694384	0.5627906976744186	5	pELS	True
chr17:2689796:T:C	ENSG00000272911	1.0	0.5626423690205011	5	pELS	True
chr6:42504096:C:T	RPL36AP5	0.987212	0.5625	5	dELS	True
chr19:40614471:G:A	LTBP4	0.9894326	0.5617977528089888	5	dELS	True
chr3:195786202:A:G	MUC4	0.97808766	0.5615212527964206	5	dELS	True
chr14:32938339:C:T	NPAS3	0.9508735	0.5615212527964206	5	pELS	True
chr10:121595212:T:G	FGFR2	1.0	0.5615212527964206	5	pELS	True
chr7:1169971:C:A	ZFAND2A	0.99267876	0.5612472160356348	5	dELS	True
chr5:116778142:C:T	LINC02214	0.9995526	0.5610859728506787	5	dELS	True
chr2:1166830:C:T	ENSG00000236665	0.96753687	0.5605381165919282	5	CA	True
chr3:81297683:A:G	ENSG00000241593	0.9999999	0.5604651162790698	5	pELS	True
chr16:72990460:G:A	ENSG00000280092	0.9204272	0.5603644646924829	5	dELS	True
chr6:163260351:A:G	PACRG-AS1	1.0	0.5602678571428571	5	dELS	True
chr17:80099098:C:T	GAA	0.9997482	0.5602678571428571	5	dELS	True
chr16:77963918:G:A	CLEC3A	0.9637447	0.5602678571428571	5	dELS	True
chr3:195118646:T:G	MIR3137	1.0	0.56	5	dELS	True
chr7:155741230:C:G	SHH	0.9999999	0.5599078341013825	5	dELS	True
chr16:87703172:T:C	ENSG00000226180	1.0	0.5595505617977528	5	pELS	True
chr2:47345021:G:A	EPCAM-DT	0.9999949	0.5590200445434298	5	pELS	True
chr16:15014430:A:G	ENSG00000261819	0.9753534	0.5590200445434298	5	pELS	True
chr2:106262145:A:G	SRSF3P4	1.0	0.5578231292517006	5	dELS	True
chr17:21737379:G:C	KCNJ12	0.91893655	0.5575221238938053	5	dELS	True
chr16:3613230:G:A	DNASE1	0.99996334	0.5571095571095571	5	pELS	True
chr1:247323434:C:T	ZNF496	1.0	0.5565610859728507	5	dELS	True
chr7:4809511:A:G	Y_RNA	1.0	0.5560538116591929	5	dELS	True
chr15:77019700:G:A	ENSG00000259652	0.98144	0.5558086560364465	5	dELS	True
chr7:156920695:C:T	ENSG00000230033	0.9828364	0.5547945205479452	5	dELS	True
chr9:128703202:C:G	PKN3	0.9914591	0.5542725173210161	5	pELS	True
chr1:169361801:G:C	NME7	1.0	0.5537757437070938	5	dELS	True
chr22:17404078:T:G	ENSG00000229492	1.0	0.5523385300668151	5	dELS	True
chr16:88838113:G:T	TRAPPC2L	1.0	0.5523385300668151	5	dELS	True
chr17:40361971:C:A	GJD3-AS1	1.0	0.5522727272727272	5	CA-H3K4me3	True
chr19:10643724:A:G	ILF3-DT	0.999903	0.5515695067264574	5	dELS	True
chr16:73545182:A:G	ENSG00000260848	1.0	0.5513392857142857	5	pELS	True
chr12:124280357:T:C	MIR6880	0.9777703	0.55125284738041	5	dELS	True
chr13:48591739:G:A	LINC00462	1.0	0.550351288056206	5	pELS	True
chr1:248450113:C:T	OR2T2	0.9511685	0.5501113585746102	5	TF	True
chr18:12028250:G:A	LINC02979	0.99999744	0.5491071428571429	5	dELS	True
chr10:308361:C:T	RNA5SP298	1.0	0.5491071428571429	5	dELS	True
chr9:93033577:A:C	SUSD3	1.0	0.5487528344671202	5	dELS	True
chr16:78098349:C:T	WWOX	1.0	0.5478841870824054	5	pELS	True
chr20:63542982:C:T	ENSG00000275812	0.99971753	0.547085201793722	5	pELS	True
chr10:123553252:G:A	ENSG00000286344	1.0	0.546875	5	dELS	True
chr3:197049579:C:T	MELTF	0.9175182	0.546485260770975	5	dELS	True
chr20:19077526:T:C	ENSG00000274863	1.0	0.546485260770975	5	dELS	True
chr6:129711600:T:C	ARHGAP18	0.9570408	0.5464601769911505	5	pELS	True
chr22:41937326:C:G	CENPM	0.9886675	0.5448275862068965	5	dELS	True
chr11:692908:T:C	EPS8L2	0.99911386	0.5444444444444444	5	dELS	True
chr5:150846783:C:T	IRGM	0.9669419	0.5439429928741093	5	pELS	True
chr1:13797615:G:A	ENSG00000289380	1.0	0.5438202247191011	5	dELS	True
chr5:177291360:A:G	RAB24	0.9817778	0.5435779816513762	5	dELS	True
chr15:92833636:C:T	ENSG00000289200	0.9501938	0.5429864253393665	5	dELS	True
chr10:133139767:C:G	RPL5P28	0.93639374	0.5429864253393665	5	CA-TF	True
chr19:51132484:G:A	ENSG00000267990	1.0	0.5427927927927928	5	dELS	True
chr5:526007:A:G	SLC9A3	1.0	0.5424107142857143	5	pELS	True
chr11:7520318:G:A	SYT9-AS1	0.98333114	0.5424107142857143	5	dELS	True
chr21:46173036:G:C	SPATC1L	1.0	0.5422222222222223	5	dELS	True
chr2:143262202:A:G	ENSG00000257284	0.9835341	0.5421412300683371	5	dELS	True
chr3:108389078:C:A	HNRNPA1P17	0.9999998	0.5415730337078651	5	dELS	True
chr15:57102418:C:G	HNRNPA3P11	1.0	0.5412844036697247	5	dELS	True
chr12:117045062:C:T	ENSG00000277840	0.98795426	0.5409090909090909	5	dELS	True
chr19:4470998:G:A	ENSG00000267011	0.99109524	0.5396825396825397	5	TF	True
chr3:124769002:A:G	ITGB5-AS1	1.0	0.5395033860045146	5	dELS	True
chr17:75077648:G:T	TRIM80P	0.9973444	0.5395033860045146	5	dELS	True
chr4:40054597:C:A	N4BP2	0.9999832	0.5393258426966292	5	dELS	True
chr18:35466558:G:A	ZNF24TR	1.0	0.5388127853881278	5	PLS	True
chr11:63915397:A:G	RCOR2	0.9885622	0.5377574370709383	5	pELS	True
chr9:136763382:G:C	LCN15	0.9978124	0.5375854214123007	5	pELS	True
chr3:12787537:C:T	KRT18P17	0.99022114	0.5372460496613995	5	pELS	True
chr7:158712671:C:T	RPL21P76	0.9771511	0.5367483296213809	5	dELS	True
chr9:84367989:C:T	SLC28A3	1.0	0.5354691075514875	5	dELS	True
chr5:160165737:G:A	FABP6	1.0	0.5354691075514875	5	dELS	True
chr9:124800509:G:A	OLFML2A	0.9944045	0.5351473922902494	5	PLS	True
chr6:3978023:A:C	GLRX3P2	1.0	0.5346756152125279	5	PLS	True
chr12:31362239:T:C	U6	1.0	0.5346756152125279	5	dELS	True
chr17:215560:C:T	LINC02091	0.98397624	0.5333333333333333	5	dELS	True
chr12:42145045:C:G	GXYLT1	0.9805453	0.5331807780320366	5	pELS	True
chr16:88025391:C:T	ENSG00000260166	0.9991126	0.5328798185941043	5	dELS	True
chr11:88307965:T:G	ENSG00000288018	0.97530705	0.5328798185941043	5	dELS	True
chr14:35347104:G:A	ENSG00000258860	0.9051677	0.5325842696629214	5	dELS	True
chr5:179531040:G:T	RUFY1	0.93256986	0.5324384787472036	5	dELS	True
chr5:122073485:G:C	LOX	1.0	0.5319634703196348	5	pELS	True
chr12:121629033:T:C	ORAI1	0.9531594	0.5318181818181819	5	dELS	True
chr3:195849848:G:A	KIF3AP1	1.0	0.53125	5	dELS	True
chr8:141590195:T:A	ENSG00000287677	1.0	0.5311111111111111	5	CA-TF	True
chr7:101126257:A:G	SERPINE1	1.0	0.5303370786516854	5	pELS	True
chr21:44836885:C:G	SUMO3	0.97546303	0.5303370786516854	5	dELS	True
chr22:42529125:A:G	RRP7A	1.0	0.5302013422818792	5	dELS	True
chr2:98415992:T:G	INPP4A	0.9911515	0.5299539170506913	5	dELS	True
chr17:30234437:T:A	SLC6A4	1.0	0.5298165137614679	5	pELS	True
chr20:2206932:A:C	ENSG00000226644	1.0	0.5291479820627802	5	pELS	True
chr1:21762348:G:A	ENSG00000231978	0.99958616	0.5291375291375291	5	dELS	True
chr19:362283:C:T	THEG	0.98711807	0.5290178571428571	5	CA-CTCF	True
chr10:128928001:C:T	LINC02667	0.9999936	0.5290178571428571	5	dELS	True
chr5:159452861:C:G	LINC01845	1.0	0.528344671201814	5	dELS	True
chr1:26162456:C:T	FAM110D	1.0	0.5282167042889391	5	dELS	True
chr18:11983681:C:T	IMPA2	1.0	0.5280898876404494	5	dELS	True
chr13:113164695:T:A	ENSG00000269125	1.0	0.5278396436525612	5	pELS	True
chr11:116851835:G:T	APOA1	0.99997866	0.5273972602739726	5	dELS	True
chr14:65791314:C:A	NCOA4P1	0.9994866	0.5272727272727272	5	dELS	True
chr1:39672835:A:G	NT5C1A	1.0	0.527027027027027	5	pELS	True
chr7:1643054:C:T	ENSG00000231476	0.999705	0.5269058295964125	5	dELS	True
chr19:1332428:G:A	ENSG00000267372	0.9999995	0.5269058295964125	5	dELS	True
chr17:21748378:C:A	ENSG00000283566	0.9264945	0.5265486725663717	5	CA-H3K4me3	True
chr6:125154948:A:G	TPD52L1	0.92269295	0.5261958997722096	5	pELS	True
chr11:76205433:A:G	WNT11	0.99995196	0.5260770975056689	5	pELS	True
chr11:66595526:A:G	CCS	0.9812657	0.5259433962264151	5	dELS	True
chr16:78551931:C:A	ENSG00000279129	0.9836736	0.5258426966292135	5	pELS	True
chr14:106332504:A:G	IGHV3-29	0.93185765	0.5257731958762887	5	pELS	True
chr3:72739284:T:C	ENSG00000287595	0.99857295	0.5257270693512305	5	pELS	True
chr16:89640691:G:T	CHMP1A	0.99687636	0.5254988913525499	5	dELS	True
chr20:33785678:G:T	ZNF341-AS1	1.0	0.5253456221198156	5	dELS	True
chr14:75495819:A:C	BATF	0.9999995	0.5245535714285714	5	dELS	True
chr22:50062708:A:G	TTLL8	0.9991111	0.5244444444444445	5	dELS	True
chr8:143406142:G:A	LINC02990	0.9330625	0.5232815964523282	5	dELS	True
chr20:3001104:G:A	GNRH2	0.99885565	0.5232558139534884	5	dELS	True
chr14:105364375:T:G	ENSG00000279495	0.97680277	0.5232558139534884	5	CA-H3K4me3	True
chr20:46153503:C:T	ENSG00000229957	0.99949133	0.5223214285714286	5	CA-CTCF	True
chr11:1182048:A:T	MUC5AC	0.99934834	0.5222222222222223	5	CA-H3K4me3	True
chr17:48513357:T:G	HOXB1	1.0	0.5218390804597701	5	dELS	True
chr6:159464116:T:C	RPL21P69	0.9522173	0.5213483146067416	5	dELS	True
chr7:815439:A:T	SUN1	0.99762046	0.5212527964205816	5	pELS	True
chr18:77023214:C:T	ENSG00000279811	1.0	0.5212527964205816	5	dELS	True
chr2:676177:C:G	TMEM18-DT	0.9996921	0.5202702702702703	5	PLS	True
chr1:31434035:A:G	SERINC2	1.0	0.5202702702702703	5	dELS	True
chr17:50199610:G:C	ENSG00000249406	1.0	0.5200892857142857	5	dELS	True
chr22:30223610:G:A	ENSG00000289846	0.9999999	0.5181818181818182	5	dELS	True
chr6:167116123:A:G	CCR6	0.9841965	0.5180180180180181	5	dELS	True
chr22:47059876:A:G	ENSG00000278881	0.9999193	0.5179372197309418	5	dELS	True
chr17:8127611:C:G	ENSG00000288993	0.9783191	0.5178571428571429	5	pELS	True
chr10:91608747:A:G	PPP1R3C	1.0	0.5170068027210885	5	dELS	True
chr2:3564943:G:A	RNASEH1-DT	0.9533244	0.5167785234899329	5	dELS	True
chr12:121912427:G:A	RNU7-170P	1.0	0.5161290322580645	5	dELS	True
chr17:82411252:G:A	Y_RNA	0.99852526	0.515695067264574	5	dELS	True
chr8:641462:A:G	ENSG00000254207	0.96889037	0.515625	5	dELS	True
chr16:88966223:T:C	CBFA2T3	0.9926509	0.515625	5	dELS	True
chr16:78641634:C:T	ENSG00000288821	1.0	0.5155555555555555	5	dELS	True
chr2:85405729:A:G	CAPG	0.99663174	0.5148063781321185	5	dELS	True
chr7:2005716:T:C	MIR4655	0.9527548	0.5147392290249433	5	dELS	True
chr7:102442785:A:G	ENSG00000239480	0.99978447	0.5146067415730337	5	dELS	True
chr2:45985065:T:C	RPL26P15	1.0	0.5146067415730337	5	dELS	True
chr14:104714128:G:A	ENSG00000258858	0.9999897	0.5146067415730337	5	dELS	True
chr6:37558444:G:A	MIR4462	0.96447814	0.5145413870246085	5	dELS	True
chr1:28775780:G:T	OPRD1	0.9496865	0.513953488372093	5	dELS	True
chr12:32302421:T:C	ENSG00000274964	0.9936417	0.5135746606334841	5	dELS	True
chr17:80423956:C:T	MIR4730	1.0	0.5134529147982063	5	dELS	True
chr8:8779267:T:A	ENSG00000254367	0.9850818	0.5133928571428571	5	dELS	True
chr8:1036371:G:C	ENSG00000282692	1.0	0.5121951219512195	5	CA	True
chr21:43834599:T:C	MYL6P1	1.0	0.5113636363636364	5	dELS	True
chr16:88646828:A:G	CYBA	1.0	0.5111111111111111	5	dELS	True
chr20:41141335:T:C	PLCG1-AS1	0.9999957	0.5104408352668214	5	dELS	True
chr17:9115867:G:T	ENSG00000262966	0.9999543	0.510158013544018	5	dELS	True
chr16:78138277:A:G	ENSG00000276007	0.93259543	0.5100671140939598	5	dELS	True
chr6:139263511:G:A	ENSG00000226571	0.9991239	0.5091324200913242	5	dELS	True
chr7:158839776:T:C	ESYT2	1.0	0.5090497737556561	5	dELS	True
chr5:126810079:A:G	LMNB1	0.99821717	0.5090497737556561	5	dELS	True
chr14:104757158:G:C	SIVA1	0.97143316	0.5090497737556561	5	dELS	True
chr22:23695899:A:C	ENSG00000291299	0.97369736	0.5089686098654709	5	dELS	True
chr19:54976141:C:T	RPL36AP50	0.9976713	0.5089686098654709	5	pELS	True
chr10:5643338:C:T	LASTR	0.9999504	0.5089686098654709	5	dELS	True
chr7:157279270:G:T	ENSG00000229660	0.99937916	0.5079006772009029	5	dELS	True
chr13:114112393:G:A	RASA3-IT1	0.9995329	0.5078651685393258	5	dELS	True
chr8:100809577:T:C	RNU4-83P	0.99999994	0.5078299776286354	5	dELS	True
chr9:136600378:A:T	LINC01451	0.9997686	0.5077605321507761	5	TF	True
chr7:100874758:C:T	SRRT	0.96178216	0.5069124423963134	5	pELS	True
chr17:19508169:C:T	RPL17P43	0.91961765	0.5056947608200456	5	dELS	True
chr3:196189725:T:C	Y_RNA	0.9742699	0.5056179775280899	5	dELS	True
chr7:21898622:C:A	CDCA7L	1.0	0.5055928411633109	5	dELS	True
chr16:12405314:T:A	ENSG00000278979	1.0	0.5055679287305123	5	dELS	True
chr11:119184653:A:G	NHERF4	0.9999987	0.5045662100456622	5	CA	True
chr1:1060101:T:G	RNF223	0.98110825	0.5045045045045045	5	dELS	True
chr10:119429954:C:T	MIR4681	0.9994679	0.5034013605442177	5	dELS	True
chr1:62286768:G:A	RNU6-371P	0.96061707	0.5033860045146726	5	dELS	True
chr6:11901940:T:C	AMD1P4	0.9769356	0.503370786516854	5	dELS	True
chr13:114114874:C:T	RASA3-IT1	0.9996577	0.5033557046979866	5	dELS	True
chr4:76252146:T:C	FAM47E-STBD1	0.9965372	0.5022935779816514	5	pELS	True
chr8:141327691:C:T	ENSG00000254291	0.9994523	0.5022421524663677	5	pELS	True
chr3:195067523:G:A	XXYLT1-AS1	0.90935767	0.5022321428571429	5	CA-H3K4me3	True
chr15:77996436:G:T	ENSG00000259792	0.9990527	0.5022321428571429	5	dELS	True
chr17:80988494:C:T	CHMP6	0.9936177	0.5022222222222222	5	dELS	True
chr13:26474012:T:C	ENSG00000285929	1.0	0.5022222222222222	5	dELS	True
chr19:22062552:G:A	ZNF257	0.9997978	0.5011764705882353	5	pELS	True
chr11:132094042:T:A	ENSG00000224700	0.9926263	0.5011286681715575	5	dELS	True
chr8:1797231:C:T	MIR3674	0.99998665	0.501123595505618	5	dELS	True
chr14:77038246:C:T	ENSG00000289347	0.9999581	0.5011185682326622	5	pELS	True
chr13:113416357:C:G	ADPRHL1	1.0	0.5011185682326622	5	dELS	True
chr10:42171102:G:A	IGKV1OR10-1	1.0	0.9933628318584072	4	none	True
chr2:242147339:C:T	SEPTIN14P2	1.0	0.9800884955752212	4	none	True
chr17:21296464:G:C	MAP2K3	0.99410343	0.9690265486725664	4	dELS	True
chr9:62806392:G:A	ENSG00000287168	0.93863606	0.9601769911504424	4	CA-CTCF	False
chr9:40923614:G:A	MIR1299	0.91955256	0.9579646017699116	4	dELS	True
chr3:75704970:C:G	DUX4L26	0.99475944	0.9488888888888888	4	pELS	False
chr4:6106159:C:T	ENSG00000284684	0.9954809	0.9455782312925172	4	dELS	True
chr1:234787699:G:A	ENSG00000289377	0.99999833	0.9113082039911308	4	dELS	False
chr16:14990011:A:C	ENSG00000261819	1.0	0.9068736141906872	4	none	True
chr9:61854101:G:A	FAM27C	0.9992847	0.8970189701897019	4	pELS	False
chr12:28582:A:G	WASH8P	1.0	0.8960176991150443	4	none	True
chr12:31121188:G:A	DDX11-AS1	0.9160785	0.8933333333333333	4	none	True
chr1:37996149:C:T	RNU6-510P	1.0	0.8819599109131403	4	none	True
chr21:13980370:C:T	ANKRD20A11P	0.99992186	0.8747203579418344	4	none	True
chr14:68628719:T:A	ENSG00000259038	1.0	0.8693693693693694	4	pELS	False
chr11:133916929:C:G	MIR4697	0.9861587	0.8587443946188341	4	dELS	True
chr17:21754463:A:G	ENSG00000283566	0.9517901	0.8580931263858093	4	none	True
chr2:20672115:C:A	PUM2	0.9528956	0.8574610244988864	4	pELS	True
chr9:113060926:G:C	ENSG00000284763	0.930223	0.8492239467849224	4	none	True
chr19:519749:A:G	MADCAM1-AS1	0.93486565	0.8370535714285714	4	dELS	True
chr4:186199057:C:A	ENSG00000290316	0.9999997	0.8355855855855856	4	none	True
chr19:610729:A:G	ENSG00000267036	0.9999992	0.8329621380846325	4	dELS	True
chr1:145506401:A:C	ENSG00000278182	1.0	0.8306997742663657	4	none	True
chr2:242136987:C:T	SEPTIN14P2	0.95915335	0.8230088495575221	4	none	True
chr12:7639700:G:A	ENSG00000285142	0.9999999	0.8220720720720721	4	dELS	True
chr13:21326386:A:C	GRK6P1	0.96642834	0.8216704288939052	4	dELS	True
chr5:1052245:C:T	MIR4635	0.9999906	0.8179775280898877	4	TF	True
chr9:133701837:A:C	SARDH	0.99636304	0.8169642857142857	4	dELS	True
chr15:90956756:G:T	RCCD1-AS1	1.0	0.8159090909090909	4	pELS	True
chr9:62914794:A:G	ADGRF5P1	1.0	0.8141592920353983	4	pELS	False
chr21:8988128:C:A	ENSG00000264063	0.9767325	0.8141592920353983	4	CA-CTCF	False
chr19:7862797:C:T	ENSG00000268120	1.0	0.8108108108108109	4	dELS	False
chr21:10375362:T:C	BAGE2	0.9995385	0.8053097345132744	4	none	True
chr4:190038136:G:A	AGGF1P1	1.0	0.8022727272727272	4	none	True
chr2:130038610:C:T	KLF2P1	1.0	0.8018867924528302	4	none	True
chr8:1373348:T:G	ENSG00000282160	0.999999	0.7982261640798226	4	pELS	True
chr17:49014714:C:T	ENSG00000251461	0.9998344	0.7972972972972973	4	pELS	True
chr19:21569009:G:C	ENSG00000268081	0.9455067	0.7923250564334086	4	PLS	True
chr17:43360446:T:C	ENSG00000279602	0.99985033	0.7913832199546486	4	pELS	False
chr16:16369176:G:A	MIR6511A3	0.96369404	0.7905405405405406	4	CA	True
chr1:935265:T:C	SAMD11	0.9997163	0.7857142857142857	4	none	True
chr9:138150601:G:T	ENSG00000278130	0.9435871	0.7842696629213484	4	none	True
chr19:50458805:G:A	EMC10	0.93769425	0.7842696629213484	4	dELS	True
chr3:125958416:G:A	FBRSL1P1	1.0	0.7837837837837838	4	none	True
chr10:80536352:G:A	TSPAN14-AS1	0.9425909	0.7832957110609481	4	pELS	True
chr1:1290565:G:C	MIR6726	0.9575896	0.7822222222222223	4	dELS	True
chr13:20119008:C:T	LINC01072	0.9999773	0.779510022271715	4	dELS	True
chr11:636706:G:C	DRD4	0.9997581	0.7782705099778271	4	pELS	False
chr2:43101347:T:C	RNU6-242P	0.9855972	0.7743362831858407	4	pELS	False
chr22:12333680:T:C	FRG1GP	0.9832267	0.7743362831858407	4	none	True
chr13:41427250:C:T	OR7E36P	0.9520726	0.7727272727272727	4	CA-H3K4me3	False
chr1:225939743:G:C	LEFTY2	1.0	0.7702702702702703	4	pELS	True
chr6:325307:G:A	ENSG00000287265	0.9969257	0.7699115044247787	4	pELS	False
chr19:4328662:C:A	ENSG00000269425	0.99757326	0.7692307692307693	4	dELS	True
chr2:242046282:A:G	ENSG00000287971	0.93450075	0.7690582959641256	4	none	True
chr1:9864619:T:C	ENSG00000223989	0.999998	0.7688787185354691	4	dELS	False
chr9:94332944:C:T	ENSG00000232063	0.94648683	0.7684964200477327	4	none	True
chr5:139392844:C:T	MZB1	0.9962195	0.7676056338028169	4	dELS	True
chr4:947502:A:C	TMEM175	0.9229443	0.7659090909090909	4	CA-H3K4me3	True
chr13:114118888:T:C	RASA3-IT1	0.9989725	0.7644444444444445	4	dELS	True
chr2:240520080:G:A	ENSG00000287049	0.9019078	0.7639198218262806	4	CA-H3K4me3	True
chr1:161422178:T:C	ENSG00000283317	0.9653278	0.7631578947368421	4	none	True
chr21:46295649:G:C	YBEY	0.98026806	0.7616926503340757	4	dELS	True
chr1:247373824:G:A	ENSG00000286216	0.99500346	0.7605321507760532	4	dELS	True
chr1:247639621:T:G	ENSG00000235749	0.99999696	0.7600896860986547	4	PLS	True
chr9:41743743:C:T	ENSG00000275297	0.9772361	0.7583148558758315	4	none	True
chr7:130942189:C:T	ENSG00000273319	0.9380869	0.7579185520361991	4	dELS	True
chr5:566127:G:C	MIR4456	0.9999988	0.756152125279642	4	none	True
chr5:1494324:C:T	MIR6075	0.99999934	0.756152125279642	4	dELS	True
chr19:34500685:G:A	WTIP	0.9998151	0.755011135857461	4	dELS	True
chr7:2110312:G:A	MAD1L1	0.9786584	0.7545045045045045	4	none	True
chr17:22136206:T:G	UBBP4	0.99962825	0.754424778761062	4	dELS	True
chr1:16873360:G:A	ESPNP	0.99988616	0.7539149888143176	4	dELS	False
chr8:22702678:C:T	ENSG00000287812	1.0	0.7527839643652561	4	pELS	False
chr19:843687:C:G	PRTN3	0.9577818	0.7522321428571429	4	pELS	True
chr19:54215899:T:C	ENSG00000224579	1.0	0.7477678571428571	4	none	True
chr13:114194757:A:G	ENSG00000283347	0.9992838	0.7466666666666667	4	CA-H3K4me3	True
chr15:100973173:G:T	ALDH1A3-AS1	0.998711	0.7466367713004485	4	dELS	True
chr10:26392062:G:C	ENSG00000284951	0.9998565	0.746606334841629	4	dELS	True
chr5:75612360:G:A	ANKDD1B	0.9082108	0.7458823529411764	4	pELS	False
chr18:76406212:G:A	ENSG00000280205	1.0	0.7455357142857143	4	dELS	False
chr19:50137397:G:C	ENSG00000287001	0.9999998	0.7450110864745011	4	none	True
chr16:737738:G:C	CIAO3	0.9053831	0.7433035714285714	4	pELS	True
chr13:24328368:G:A	NUS1P3	0.99498606	0.7431818181818182	4	none	True
chr1:185404804:G:C	RNU7-183P	0.9982951	0.7420091324200914	4	none	True
chr6:138796035:G:A	ECT2L	0.99760616	0.7404921700223713	4	PLS	True
chr22:50057750:T:C	TTLL8	0.98556554	0.74	4	dELS	True
chr16:3180587:G:A	ENSG00000262521	1.0	0.7393258426966293	4	dELS	True
chr17:80886793:G:A	ENSG00000262313	0.90697837	0.7388392857142857	4	dELS	True
chr7:155491923:A:C	ENSG00000227365	0.9999875	0.7371937639198218	4	dELS	True
chr11:18411652:A:T	LDHC	0.96354425	0.7369614512471655	4	none	True
chr9:35791643:C:T	NPR2	0.99350053	0.7361111111111112	4	PLS	True
chr1:86502375:C:T	CLCA1	0.9995758	0.7346938775510204	4	dELS	True
chr20:62959697:C:T	SLC17A9	0.99957377	0.734375	4	dELS	True
chr16:33057968:C:A	ENSG00000259882	0.9658927	0.734375	4	none	True
chr17:3386296:C:G	OR3A2	0.9999998	0.7342342342342343	4	pELS	True
chr16:18927759:C:A	SMG1-DT	0.99062884	0.7333333333333333	4	none	True
chr17:67451652:T:G	RN7SL756P	1.0	0.7315436241610739	4	none	True
chr13:109869805:C:G	RN7SKP10	0.99996775	0.7312072892938497	4	dELS	True
chr8:1415801:T:C	ENSG00000281961	0.9971771	0.7305122494432071	4	none	True
chr16:84593581:G:C	ENSG00000261471	0.98917186	0.7305122494432071	4	pELS	False
chr6:170022116:C:T	ENSG00000287823	0.99599946	0.7299107142857143	4	dELS	False
chr19:2324513:G:A	GAMT	0.9952011	0.7272727272727273	4	none	True
chr14:68502446:C:G	PPIAP6	0.9987163	0.7268623024830699	4	dELS	False
chr1:2025860:C:T	GABRD	1.0	0.7266514806378133	4	dELS	True
chr22:49052352:G:T	NHIP	0.972896	0.7260579064587973	4	dELS	True
chr7:4862127:G:C	PAPOLB	0.98809683	0.7246049661399548	4	dELS	True
chr19:13208500:C:G	RPL12P42	1.0	0.7244444444444444	4	dELS	True
chr2:6919242:G:A	GRASLND	1.0	0.7239819004524887	4	pELS	False
chr21:44350798:C:T	TRPM2	0.9174025	0.722972972972973	4	pELS	True
chr13:113728999:A:G	LINC00552	0.9188994	0.7226107226107226	4	dELS	True
chr2:20676230:A:G	ENSG00000270100	1.0	0.7209821428571429	4	dELS	False
chr14:61187157:C:T	PRKCH	0.9809645	0.7207207207207207	4	dELS	True
chr8:143575430:G:A	ENSG00000279605	0.96460503	0.7203579418344519	4	PLS	True
chr19:6677978:G:A	TNFSF14	0.9657135	0.7197309417040358	4	dELS	True
chr19:48194230:T:C	ENSG00000280353	0.9359298	0.7197309417040358	4	dELS	True
chr17:75826671:G:T	ENSG00000266980	1.0	0.7185354691075515	4	dELS	False
chr18:79531379:G:A	ENSG00000286296	1.0	0.7184035476718403	4	CA-H3K4me3	True
chr8:140598961:C:G	ENSG00000280326	0.999972	0.7181208053691275	4	dELS	True
chr7:159144665:G:C	ENSG00000289418	0.96671706	0.7177777777777777	4	pELS	True
chr1:1079456:A:G	RNF223	1.0	0.7149220489977728	4	none	True
chr17:35432666:T:G	SLFN12	0.99487835	0.7142857142857143	4	PLS	True
chr19:868002:C:T	CFD	0.99144363	0.7133333333333334	4	dELS	False
chr10:133530679:C:T	ENSG00000278518	0.999685	0.7133182844243793	4	dELS	False
chr1:145169783:C:A	HJV	0.979256	0.7126436781609196	4	none	True
chr16:30561365:T:C	ZNF764	0.9999996	0.7096018735362998	4	none	True
chr20:46209985:G:C	ENSG00000229957	0.9275414	0.7095343680709535	4	CA-H3K4me3	True
chr1:198665121:G:T	ENSG00000261573	0.9997406	0.7090069284064665	4	pELS	False
chr5:171630129:G:C	ENSG00000285914	0.9999999	0.7085201793721974	4	dELS	False
chr17:83103068:G:A	ENSG00000274370	0.9990483	0.7069351230425056	4	dELS	True
chr2:21044589:G:A	APOB	0.9045681	0.7068181818181818	4	PLS	True
chr21:45556197:C:T	ENSG00000288885	1.0	0.7066666666666667	4	pELS	False
chr19:6660558:T:C	TNFSF14	1.0	0.7058823529411765	4	dELS	False
chr17:14304113:C:G	ENSG00000266709	0.96887577	0.7037861915367484	4	PLS	True
chr20:63010278:T:C	BHLHE23	0.9908826	0.7035398230088495	4	dELS	False
chr17:50476555:C:G	ENSG00000275897	1.0	0.7015945330296127	4	none	True
chr11:970503:C:T	RNU6-1025P	0.99714154	0.7006802721088435	4	dELS	True
chr2:240621671:G:T	GPR35	1.0	0.7006651884700665	4	dELS	False
chr3:42129897:T:C	TPMTP2	0.97569615	0.7002237136465325	4	dELS	False
chr15:32613643:C:T	ENSG00000276724	0.98477346	0.6997742663656885	4	CA-H3K4me3	False
chr12:4562324:G:A	DYRK4	1.0	0.6995515695067265	4	PLS	True
chr10:22478145:A:G	ENSG00000285254	0.98859805	0.6992840095465394	4	pELS	True
chr4:1562335:C:T	ENSG00000272783	0.9713924	0.698876404494382	4	none	True
chr19:55032036:G:T	GP6	0.99063873	0.6984478935698448	4	dELS	True
chr2:10041330:T:C	KLF11	0.9651568	0.6981981981981982	4	pELS	True
chr4:184460907:C:T	ENSG00000270426	1.0	0.6973094170403588	4	dELS	False
chr18:54210863:T:C	SNORA37	0.92822474	0.6972477064220184	4	none	True
chr17:1181413:T:A	ABR-AS1	0.9966079	0.6966292134831461	4	pELS	True
chr5:141478231:T:C	RN7SL68P	0.9504868	0.6960556844547564	4	pELS	True
chr9:136199614:G:A	LHX3	0.9597822	0.6948775055679287	4	pELS	True
chr3:8680026:A:C	ENSG00000291007	0.9996857	0.6948775055679287	4	dELS	True
chr17:298979:C:T	ENSG00000262920	0.99994636	0.6946902654867256	4	dELS	True
chr2:42599779:T:G	ENSG00000215263	1.0	0.6945701357466063	4	dELS	False
chr18:69898732:G:A	CD226	0.9962823	0.6941964285714286	4	dELS	True
chr8:143287957:C:T	ZNF696	0.99611753	0.6923076923076923	4	none	True
chr7:38347190:G:A	TRGV6	0.993776	0.6921348314606741	4	pELS	True
chr9:41660173:T:G	ENSG00000276412	1.0	0.6905829596412556	4	pELS	False
chr5:1864686:G:A	ENSG00000279222	0.9049454	0.6904231625835189	4	none	True
chr5:181070175:G:A	ENSG00000241870	0.9999996	0.6904231625835189	4	CA-H3K4me3	True
chr10:133226636:G:A	UTF1	0.99564517	0.6904231625835189	4	none	True
chr6:170088321:G:C	ENSG00000287823	0.98358095	0.6902654867256637	4	pELS	True
chr3:105354628:A:C	ALCAM	0.9197973	0.6902050113895216	4	dELS	True
chr17:39165419:A:C	ENSG00000280177	0.9840174	0.6891891891891891	4	pELS	False
chr17:80780699:G:C	ENSG00000262833	0.9766116	0.6888888888888889	4	dELS	True
chr9:41665990:C:A	Y_RNA	0.9508905	0.6884875846501128	4	none	True
chr7:149415802:G:A	ENSG00000261842	0.9183193	0.6883408071748879	4	dELS	True
chr1:20683093:C:T	ENSG00000235432	0.9268875	0.688195991091314	4	dELS	False
chr17:5112677:C:T	USP6	0.94476956	0.6877828054298643	4	none	True
chr7:75692506:T:C	HIP1	0.91253054	0.6873563218390805	4	dELS	False
chr8:143928664:C:T	MIR661	0.92754275	0.6870748299319728	4	dELS	True
chr4:153437334:T:C	TMEM131L	1.0	0.6862302483069977	4	dELS	False
chr11:849587:C:G	ENSG00000250397	0.9378622	0.6860986547085202	4	dELS	True
chr9:94359298:G:T	ENSG00000232063	0.92283297	0.6855791962174941	4	pELS	False
chr19:13764812:T:C	MRI1	1.0	0.6852678571428571	4	pELS	False
chr3:195633340:G:A	PPP4R2P6	0.9552017	0.6851441241685144	4	none	True
chr1:54487850:T:C	ENSG00000287582	0.9889047	0.6846846846846847	4	dELS	True
chr15:32313638:C:T	ENSG00000260211	1.0	0.6843575418994413	4	none	True
chr1:234803642:C:T	ENSG00000289377	0.99997616	0.6829268292682927	4	CA-TF	True
chr22:49584854:C:T	ENSG00000213279	0.99999696	0.6825396825396826	4	CA-H3K4me3	False
chr19:1966894:G:A	ENSG00000267122	0.9748804	0.6823266219239373	4	dELS	True
chr16:85648865:C:T	RN7SL381P	0.9860511	0.6822222222222222	4	dELS	True
chr6:29864397:C:A	HLA-K	0.99549747	0.6820276497695853	4	pELS	True
chr9:131622063:C:A	PRRT1B	0.95443726	0.6819221967963387	4	dELS	True
chr2:1813071:C:T	ENSG00000284600	0.9515364	0.6817155756207675	4	dELS	False
chr2:1605817:C:T	ENSG00000228613	0.968187	0.6815144766146993	4	dELS	True
chr5:132690255:A:G	ENSG00000230612	0.99999976	0.6812933025404158	4	none	True
chr19:856482:C:T	CFD	0.99650174	0.6807095343680709	4	none	True
chr20:48723090:A:G	ENSG00000286159	0.9153521	0.6804597701149425	4	dELS	True
chr8:2892774:C:T	ENSG00000287740	0.99999994	0.680089485458613	4	none	True
chr17:410351:G:T	C17orf97	0.95748746	0.68	4	none	True
chr17:5771076:C:G	ENSG00000284837	0.9999987	0.6794582392776524	4	pELS	False
chr3:184525248:C:G	LINC01839	0.9760034	0.679372197309417	4	dELS	True
chr4:185202643:C:G	SNX25	0.95164555	0.6788154897494305	4	none	True
chr19:18588679:T:C	REX1BD	1.0	0.678082191780822	4	pELS	False
chr6:2951921:G:A	SERPINB6	0.9999977	0.6779279279279279	4	none	True
chr6:168130251:C:T	FRMD1	1.0	0.6771300448430493	4	dELS	False
chr4:5709368:G:A	EVC2	0.99997205	0.6769911504424779	4	PLS	True
chr15:43330067:C:A	LCMT2	0.99866563	0.6761229314420804	4	none	True
chr19:18776867:T:C	COMP	0.9999656	0.6757990867579908	4	dELS	False
chr8:19602278:A:T	ENSG00000253270	0.98271346	0.6756756756756757	4	PLS	True
chr15:26842636:T:C	ENSG00000242793	0.96365464	0.675	4	dELS	True
chr19:49888042:C:T	MIR4750	0.99991256	0.6749435665914221	4	pELS	True
chr19:7551565:G:A	PNPLA6	0.9981381	0.6748878923766816	4	dELS	True
chr9:137031950:T:C	FUT7	0.9617584	0.6743119266055045	4	pELS	False
chr9:41750810:G:A	ENSG00000275297	0.9994436	0.6741071428571429	4	none	True
chr14:105855485:A:C	MIR6765	0.94372696	0.6728624535315985	4	dELS	True
chr7:154049552:G:A	ENSG00000270114	0.999757	0.6726057906458798	4	none	True
chr18:79741180:G:A	ENSG00000266901	0.9998571	0.6718403547671841	4	dELS	True
chr9:127808105:C:A	GARNL3	0.9812905	0.671264367816092	4	dELS	False
chr3:23672161:A:G	RNU6-788P	0.998531	0.6704288939051919	4	dELS	True
chr22:49467384:T:C	ENSG00000280224	0.9993322	0.6703786191536748	4	dELS	True
chr1:1419214:A:G	ANKRD65-AS1	0.94961035	0.669683257918552	4	pELS	True
chr6:155184187:G:C	ENSG00000235381	0.9999669	0.6696629213483146	4	dELS	True
chr2:10432436:A:G	SNORA80B	1.0	0.6696428571428571	4	dELS	True
chr2:241966402:G:A	SEPTIN2	0.9993822	0.6689655172413793	4	pELS	False
chr18:33819495:C:T	Y_RNA	0.9858454	0.6689655172413793	4	dELS	False
chr1:161579124:C:T	FCGR2C	1.0	0.6689497716894978	4	none	True
chr22:49631813:C:T	ENSG00000288834	0.92068243	0.668918918918919	4	none	True
chr22:49621679:C:T	ENSG00000279597	0.9944187	0.668918918918919	4	none	True
chr13:113931211:T:G	SWINGN	1.0	0.668918918918919	4	none	True
chr19:8448651:T:A	ENSG00000268931	0.9964963	0.6681818181818182	4	none	True
chr19:36776372:T:G	ENSG00000267353	0.9981486	0.6674311926605505	4	pELS	True
chr5:1944442:G:A	ENSG00000288108	0.99992675	0.6666666666666666	4	dELS	True
chr4:76421078:T:C	RPL36AP18	1.0	0.6666666666666666	4	none	True
chr3:126415793:T:C	ENSG00000279328	0.99873704	0.6666666666666666	4	CA-CTCF	True
chr1:901516:T:C	ENSG00000272438	0.99991375	0.6666666666666666	4	pELS	True
chr6:170255309:G:A	ENSG00000230960	0.9038841	0.6659242761692651	4	CA	True
chr14:22484354:A:C	TRD-AS1	1.0	0.6659192825112108	4	PLS	False
chr10:127736065:C:G	ENSG00000279725	0.94859356	0.6659192825112108	4	pELS	False
chr11:282466:A:G	NLRP6	1.0	0.6651884700665188	4	dELS	False
chr13:24989340:T:C	RPL34P27	0.9813346	0.665158371040724	4	pELS	True
chr6:31304835:G:A	LINC02571	0.99995106	0.6651376146788991	4	CA-TF	True
chr22:39360849:G:C	SYNGR1	1.0	0.6644444444444444	4	dELS	False
chr17:82969252:C:T	ENSG00000262339	0.9315809	0.6644444444444444	4	none	True
chr19:22596396:A:G	GOLGA2P9	0.9239082	0.6643518518518519	4	PLS	True
chr16:14945149:G:T	MIR6770-1	0.9605694	0.6637168141592921	4	CA	True
chr14:104295535:T:C	ENSG00000288459	0.99992466	0.6636971046770601	4	dELS	True
chr7:44768492:T:G	ENSG00000228596	0.9999997	0.6628959276018099	4	none	True
chr8:141188171:G:A	ENSG00000280035	1.0	0.6621923937360179	4	CA	False
chr2:88170344:G:C	THNSL2	0.9999883	0.6621315192743764	4	none	True
chr22:20154469:C:G	CCDC188	0.9201214	0.6614699331848553	4	pELS	True
chr19:45104090:C:T	GEMIN7-AS1	0.9980527	0.6613636363636364	4	dELS	False
chr12:758749:G:T	WNK1	0.98479396	0.6612903225806451	4	none	True
chr3:4752298:G:C	EGOT	0.99965423	0.6607142857142857	4	pELS	True
chr16:49463840:G:A	LINC02179	1.0	0.6606741573033708	4	dELS	False
chr3:15118495:A:C	RPS24P10	0.99130744	0.6605922551252847	4	dELS	False
chr10:70494170:G:A	YY1P1	1.0	0.6599552572706935	4	dELS	False
chr6:87790086:C:G	Y_RNA	0.99956465	0.6599099099099099	4	dELS	False
chr9:138022939:G:C	ENSG00000276388	0.99999267	0.6591422121896162	4	none	True
chr10:1036349:T:C	IDI2	0.99999815	0.6591422121896162	4	none	True
chr2:177634512:C:G	TTC30A	0.905552	0.6588785046728972	4	none	True
chr16:88936842:C:T	ENSG00000261226	0.99955505	0.6584821428571429	4	pELS	True
chr1:45429219:G:T	PPIAP36	1.0	0.65807962529274	4	none	True
chr22:49657199:G:A	ENSG00000280224	0.9950892	0.6577181208053692	4	none	True
chr8:143419662:G:C	MAFA-AS1	0.9504599	0.6547884187082406	4	dELS	True
chr6:163149260:T:A	ENSG00000285553	0.96391034	0.654627539503386	4	dELS	True
chr19:22634745:T:C	RPL34P33	0.96492493	0.654292343387471	4	CA-H3K4me3	True
chr14:34019104:C:A	EGLN3-AS1	0.99612725	0.6541019955654102	4	none	True
chr7:2863064:T:C	GNA12	0.9288454	0.6540178571428571	4	dELS	True
chr2:47716808:A:G	NME2P2	1.0	0.6539325842696629	4	dELS	False
chr6:30110498:C:T	TRIM31	0.9876712	0.6537585421412301	4	none	True
chr9:64489680:T:A	ENSG00000277869	0.99999994	0.6537396121883656	4	none	True
chr12:132229771:T:G	ENSG00000279480	1.0	0.6532438478747203	4	CA	False
chr12:43552401:G:A	ADAMTS20	0.95472586	0.6529680365296804	4	pELS	True
chr8:281937:C:T	ENSG00000288985	1.0	0.6525612472160356	4	none	True
chr1:17452438:T:G	RCC2	0.9985811	0.651270207852194	4	dELS	True
chr21:10015516:G:A	ENSG00000280372	0.9984192	0.6511111111111111	4	CA-CTCF	True
chr17:47778590:T:C	OSBPL7	0.9768995	0.6509009009009009	4	CA-H3K4me3	False
chr5:16741117:G:C	RNA5SP179	1.0	0.6507936507936508	4	pELS	False
chr17:21686510:G:T	MAP2K3	0.9598604	0.6504424778761062	4	dELS	True
chr12:52250628:A:G	KRT86	1.0	0.6503340757238307	4	dELS	True
chr9:95517977:G:T	PTCH1	0.994291	0.6494117647058824	4	pELS	True
chr2:240566706:T:C	DUSP28	0.9998724	0.6488888888888888	4	pELS	True
chr7:156601038:G:A	ENSG00000234450	0.9997403	0.6487695749440716	4	none	True
chr14:102761515:T:G	ENSG00000259508	0.95349103	0.6470588235294118	4	dELS	True
chr3:190964587:A:C	GMNC	0.9999999	0.6465324384787472	4	dELS	True
chr16:87489233:A:T	ZCCHC14-DT	0.9999997	0.6462585034013606	4	dELS	False
chr16:55761136:T:C	CES1P1	1.0	0.6462585034013606	4	pELS	True
chr14:100603564:G:T	ENSG00000258576	0.9999473	0.6461187214611872	4	CA	False
chr22:49923539:C:T	ALG12	0.9760134	0.6455981941309256	4	none	True
chr17:78802280:C:T	CYTH1	0.9269832	0.6454545454545455	4	TF	False
chr22:49668192:A:G	ENSG00000286393	0.9999995	0.6450892857142857	4	dELS	False
chr21:41862200:C:A	ENSG00000236545	0.9999993	0.6450892857142857	4	dELS	False
chr18:12226729:C:T	ENSG00000267247	0.9999991	0.6450892857142857	4	none	True
chr15:97875723:A:C	ENSG00000287321	1.0	0.6450892857142857	4	pELS	True
chr12:1908994:C:T	ENSG00000256706	1.0	0.6450892857142857	4	CA-H3K4me3	False
chr20:64003377:G:C	PRPF6	1.0	0.6447963800904978	4	none	True
chr21:42778450:T:C	LINC01668	0.9806658	0.6442953020134228	4	pELS	True
chr10:44865146:G:C	TMEM72	1.0	0.6441441441441441	4	dELS	True
chr17:80940951:G:A	ENSG00000262313	1.0	0.643652561247216	4	pELS	False
chr17:38884333:C:T	LASP1	1.0	0.643652561247216	4	none	True
chr14:103695347:A:G	KLC1-AS1	0.98113054	0.6431818181818182	4	pELS	True
chr17:80761402:A:G	ENSG00000262833	0.9706347	0.6428571428571429	4	dELS	True
chr19:54420809:C:G	TTYH1	0.99249953	0.6420581655480985	4	none	True
chr4:6638976:C:A	MRFAP1	0.99733347	0.6418918918918919	4	none	True
chr15:38558129:T:C	RASGRP1	0.9985828	0.6417233560090703	4	dELS	False
chr9:133820329:C:T	SARDH	0.90315616	0.6414253897550112	4	dELS	True
chr17:80877152:G:A	ENSG00000287403	0.91259134	0.6414253897550112	4	dELS	True
chr3:69353634:T:C	RBM43P1	0.93810475	0.6410835214446953	4	dELS	False
chr12:94173490:C:A	ENSG00000258035	0.99999946	0.6409090909090909	4	dELS	False
chr9:87944798:T:C	ENSG00000238110	0.9475785	0.6402714932126696	4	PLS	False
chr6:106509631:C:T	ENSG00000282408	0.9999998	0.639821029082774	4	dELS	True
chr22:49462025:A:G	ENSG00000280224	0.99999386	0.639821029082774	4	dELS	True
chr16:3011867:G:C	CLDN9	1.0	0.6396396396396397	4	pELS	True
chr20:63361854:C:T	ENSG00000203900	0.9994368	0.6393805309734514	4	PLS	True
chr20:29309464:T:G	DUX4L37	0.98307467	0.6391982182628062	4	none	True
chr9:6631099:A:G	RPL23AP57	1.0	0.6390134529147982	4	dELS	False
chr22:42537365:G:A	SERHL2	0.99999905	0.6390134529147982	4	none	True
chr22:38761379:G:A	ENSG00000273076	0.9772812	0.6386363636363637	4	dELS	True
chr18:79792696:A:G	ENSG00000267780	0.9999976	0.6383928571428571	4	none	True
chr3:14453947:G:A	SLC6A6	0.9991642	0.6380090497737556	4	dELS	False
chr19:23071414:C:G	ENSG00000269543	0.9502371	0.6379310344827587	4	PLS	False
chr8:144413722:T:C	SLC39A4	0.9690042	0.6373873873873874	4	dELS	True
chr10:132187893:C:G	JAKMIP3-AS1	0.93876785	0.63718820861678	4	dELS	False
chr9:41093296:G:T	ENSG00000289843	0.98209804	0.6371681415929203	4	dELS	True
chr15:79904318:A:G	ENSG00000288592	0.999898	0.636986301369863	4	none	True
chr2:238139191:G:A	KLHL30	0.9999992	0.6367713004484304	4	pELS	False
chr14:96588897:T:C	ENSG00000258702	0.999972	0.6363636363636364	4	dELS	False
chr8:1482788:C:G	ENSG00000281961	0.92947435	0.6359550561797753	4	dELS	False
chr12:1647476:C:A	MIR3649	1.0	0.6359550561797753	4	dELS	False
chr8:1841033:G:C	ARHGEF10	0.9771783	0.6355555555555555	4	dELS	True
chr20:62522939:C:G	ENSG00000260542	0.9978586	0.6355555555555555	4	dELS	True
chr19:46616653:T:G	ENSG00000269292	1.0	0.6355555555555555	4	none	True
chr4:6657819:A:G	ENSG00000284847	0.99744725	0.6353467561521253	4	pELS	True
chr8:143434521:T:G	MAFA	1.0	0.6347438752783965	4	dELS	True
chr20:63567773:C:G	HELZ2	0.9986334	0.6347438752783965	4	pELS	True
chr17:3870661:G:A	NCBP3	0.9937286	0.6341463414634146	4	TF	True
chr10:110273200:A:G	ENSG00000214067	1.0	0.6338672768878718	4	dELS	False
chr17:50508193:T:C	ENSG00000249451	0.999925	0.6337078651685393	4	pELS	False
chr5:177948429:G:A	ENSG00000249684	0.99980754	0.6331096196868009	4	none	True
chr2:218034167:G:A	TNS1	0.9970266	0.6331096196868009	4	dELS	True
chr1:3577515:A:G	MIR551A	1.0	0.6327433628318584	4	dELS	False
chr20:53918748:T:C	ENSG00000236352	0.99381447	0.6325167037861915	4	none	True
chr16:8866630:G:C	CARHSP1	0.99128914	0.6325167037861915	4	pELS	True
chr4:1681439:G:A	Y_RNA	0.9998684	0.6322869955156951	4	none	True
chr2:208112231:A:C	CRYGEP	0.99931353	0.6322869955156951	4	PLS	False
chr16:89193264:C:T	SLC22A31	0.9999947	0.6322869955156951	4	dELS	True
chr6:12292539:G:T	EDN1	0.96855277	0.6316964285714286	4	dELS	True
chr22:46773373:C:T	TBC1D22A	0.9999973	0.6316964285714286	4	pELS	False
chr19:55489125:C:T	SSC5D	0.9999834	0.6311111111111111	4	pELS	False
chr17:78242856:A:G	ENSG00000283914	0.9999541	0.6302895322939867	4	dELS	True
chr5:414407:C:T	ENSG00000250645	0.9975094	0.6286353467561522	4	dELS	False
chr12:92398956:G:T	CLLU1	0.995945	0.6286353467561522	4	dELS	False
chr2:234885108:C:T	ENSG00000235726	0.9989916	0.6283185840707964	4	none	True
chr20:63024942:A:G	LINC00029	0.971631	0.6283185840707964	4	dELS	True
chr22:47164534:C:G	ENSG00000278881	0.90476966	0.6278026905829597	4	dELS	False
chr10:13118103:A:T	SNRPGP5	0.99996674	0.6275395033860045	4	dELS	False
chr18:79401671:C:G	NFATC1	0.9986445	0.6274944567627494	4	pELS	True
chr3:195651837:C:T	ENSG00000289929	0.9942867	0.6272321428571429	4	none	True
chr5:1708754:G:T	MIR4277	0.9388089	0.6269662921348315	4	none	True
chr2:71064628:A:G	ENSG00000236469	0.9998737	0.6264236902050114	4	PLS	True
chr8:11449106:T:C	FAM167A	1.0	0.6263982102908278	4	none	True
chr17:7437545:G:A	ENSG00000262624	0.9181407	0.6258503401360545	4	pELS	True
chr22:47921291:C:T	ENSG00000279712	0.97178584	0.6258351893095768	4	dELS	False
chr17:1905425:T:C	ENSG00000108958	0.99679774	0.625560538116592	4	dELS	True
chr9:133709471:C:G	SARDH	1.0	0.625	4	dELS	False
chr10:133122867:A:G	RPL5P28	0.9975333	0.625	4	CA-H3K4me3	True
chr19:49924283:G:A	ATF5	0.99993306	0.6247191011235955	4	dELS	True
chr8:142670280:T:C	PSCA	1.0	0.6244343891402715	4	pELS	False
chr11:68009612:C:A	ALDH3B1	0.99839044	0.6244239631336406	4	pELS	True
chr9:112077047:A:G	LINC02977	0.9811058	0.6241610738255033	4	none	True
chr21:9036878:C:T	ENSG00000280436	0.97120357	0.6238938053097345	4	CA	True
chr19:48072191:T:C	PLA2G4C-AS1	0.99947816	0.623608017817372	4	none	True
chr14:24331673:G:A	ADCY4	1.0	0.6235827664399093	4	dELS	False
chr4:184330842:A:T	LINC02363	0.9976851	0.6233183856502242	4	dELS	False
chr12:120960072:A:G	HNF1A	0.9207821	0.6229885057471264	4	none	True
chr9:95771036:T:C	ENSG00000268926	0.9989046	0.6227678571428571	4	PLS	False
chr8:8892219:G:C	MFHAS1	0.99993765	0.6216216216216216	4	pELS	True
chr11:202253:G:A	ENSG00000254559	1.0	0.6216216216216216	4	pELS	False
chr20:53905181:A:G	SUMO1P1	1.0	0.621380846325167	4	dELS	False
chr17:82959362:C:T	ENSG00000262339	0.99618846	0.621380846325167	4	dELS	True
chr19:10954733:A:C	SMARCA4	0.9920412	0.6213151927437641	4	none	True
chr2:106066249:A:G	ECRG4	1.0	0.6210762331838565	4	pELS	True
chr12:10395472:G:C	KLRC4	0.9618503	0.6210045662100456	4	none	True
chr1:109740350:G:T	GSTM3	0.9928968	0.6207674943566591	4	pELS	False
chr12:131434307:C:G	ENSG00000280319	0.99949306	0.6205357142857143	4	none	True
chr20:17616489:C:T	ENSG00000230495	0.99997854	0.6202247191011236	4	none	True
chr5:502471:G:A	ENSG00000250385	0.99998116	0.62	4	dELS	True
chr20:17901533:C:G	ENSG00000233625	0.95980257	0.6199095022624435	4	dELS	False
chr15:100948100:T:C	ALDH1A3-AS1	0.99999523	0.6196868008948546	4	dELS	False
chr17:78773488:G:C	CYTH1	0.9982139	0.6192660550458715	4	TF	False
chr1:146052593:C:T	LINC01719	0.99999994	0.6188340807174888	4	none	True
chr8:141493392:G:A	MROH5	0.98191756	0.6186252771618626	4	none	True
chr9:137762062:T:C	ENSG00000255585	0.91444594	0.618510158013544	4	dELS	True
chr1:22593411:C:T	EPHA8	0.99997836	0.618510158013544	4	CA-H3K4me3	True
chr9:133946650:G:A	VAV2	0.9978078	0.6183035714285714	4	dELS	True
chr4:1729926:C:T	TMEM129	0.9745221	0.6181818181818182	4	dELS	False
chr4:2401714:C:T	ZFYVE28	0.92433125	0.6179775280898876	4	dELS	True
chr14:100546276:A:G	ENSG00000259031	0.94947815	0.6179775280898876	4	dELS	True
chr5:178379634:G:C	RN7SL646P	0.92902946	0.6177777777777778	4	pELS	True
chr17:78278050:A:G	LINC01993	1.0	0.6174496644295302	4	pELS	True
chr10:11246455:C:A	ENSG00000230322	0.9692233	0.6174496644295302	4	dELS	False
chr10:18141291:G:A	CACNB2	0.99812007	0.6173120728929385	4	none	True
chr9:41245310:G:T	ENSG00000280077	0.98500323	0.6172839506172839	4	CA-CTCF	True
chr7:157694321:A:C	ENSG00000231515	1.0	0.6171171171171171	4	dELS	False
chr2:1767768:C:G	PXDN	0.9999755	0.6169265033407573	4	none	True
chr4:185216806:C:T	CFAP97	0.99998766	0.6167800453514739	4	TF	True
chr11:61008834:C:T	RNU6-933P	0.99998057	0.6167800453514739	4	dELS	True
chr17:258052:G:A	ENSG00000262920	0.99964947	0.6164079822616408	4	dELS	True
chr6:111575574:C:T	ENSG00000255389	1.0	0.6155606407322655	4	dELS	False
chr6:170422407:G:C	ENSG00000261003	0.9993752	0.6155555555555555	4	CA-H3K4me3	True
chr1:1613974:G:A	MIB2	0.97428536	0.6152125279642058	4	pELS	False
chr10:126882187:T:C	DOCK1	0.96827346	0.6152125279642058	4	dELS	False
chr17:945722:A:G	ENSG00000263017	0.9998582	0.6150442477876106	4	dELS	True
chr22:23906594:A:G	ENSG00000273295	0.99994504	0.6148648648648649	4	none	True
chr21:44436515:G:C	ENSG00000266692	0.9988444	0.6148648648648649	4	pELS	True
chr2:241060889:C:T	SNED1-AS1	0.9999933	0.6146993318485523	4	pELS	False
chr19:55141929:A:C	TNNT1	0.9961419	0.6146993318485523	4	none	True
chr19:46021848:A:G	PGLYRP1	0.9940357	0.614190687361419	4	pELS	False
chr15:99015061:A:G	LUNAR1	0.9998567	0.6134831460674157	4	pELS	True
chr11:117817510:G:C	DSCAML1	1.0	0.6134831460674157	4	pELS	False
chr5:179651067:G:A	HNRNPH1	0.9832816	0.6132723112128147	4	none	True
chr12:54023792:C:G	ENSG00000260597	0.97973293	0.6131221719457014	4	dELS	True
chr18:2913898:C:G	ENSG00000272625	1.0	0.6124721603563474	4	dELS	False
chr6:32546830:T:C	HLA-DRB5	1.0	0.6122448979591837	4	none	True
chr10:3240533:A:T	ENSG00000236968	0.9999894	0.6121076233183856	4	dELS	True
chr9:117713:T:C	FOXD4	0.99579895	0.6117381489841986	4	TF	True
chr18:79684285:C:T	CTDP1	0.9619786	0.6116071428571429	4	dELS	False
chr22:32502810:C:T	FBXO7	0.999667	0.6112359550561798	4	dELS	False
chr21:41370285:C:A	MX2	1.0	0.6112359550561798	4	pELS	False
chr15:27680350:T:A	ENSG00000258853	1.0	0.6109725685785536	4	CA-CTCF	False
chr17:82100099:C:T	FASN	0.99999815	0.6108597285067874	4	none	True
chr3:129554472:A:G	H1-8	0.9999941	0.6099773242630385	4	dELS	True
chr16:398561:A:T	NME4	0.9129163	0.6097560975609756	4	PLS	True
chr13:110524046:A:G	ENSG00000289010	1.0	0.6097560975609756	4	dELS	False
chr9:64412594:G:T	ENSG00000289725	0.99990195	0.6094674556213018	4	none	True
chr16:85688441:G:C	GINS2	1.0	0.609375	4	pELS	False
chr19:55384714:T:C	TMEM238	1.0	0.6089887640449438	4	none	True
chr6:170138127:T:C	ENSG00000288162	0.9983074	0.6088888888888889	4	dELS	True
chr10:785064:C:T	ENSG00000231601	0.9946316	0.6088888888888889	4	none	True
chr15:101008122:G:A	ENSG00000259376	1.0	0.6085011185682326	4	dELS	False
chr16:1044214:G:T	ENSG00000261720	0.99965143	0.6080178173719376	4	none	True
chr8:15236611:A:T	SGCZ	0.95217824	0.6076233183856502	4	none	True
chr3:130122809:A:C	LINC02021	0.9982937	0.6073059360730594	4	none	True
chr16:13955870:C:A	ENSG00000263234	1.0	0.6073059360730594	4	dELS	False
chr11:1384379:A:C	BRSK2	1.0	0.6071428571428571	4	dELS	True
chr7:105593719:C:T	EFCAB10	0.99997985	0.6067415730337079	4	none	True
chr16:1304588:T:G	ENSG00000260710	1.0	0.6067415730337079	4	none	True
chr19:1472008:T:C	LINGO3	0.921768	0.6059225512528473	4	dELS	True
chr1:3786268:C:T	LRRC47	0.9405831	0.6058558558558559	4	none	True
chr8:97598478:G:C	ENSG00000213750	1.0	0.6057906458797327	4	none	True
chr4:188218576:T:G	LINC02434	1.0	0.6057906458797327	4	dELS	True
chr22:49405119:C:G	ENSG00000285722	0.99986637	0.6057906458797327	4	dELS	True
chr16:381209:G:A	MRPL28	0.9376144	0.6057906458797327	4	pELS	False
chr4:6673665:T:C	ENSG00000284847	0.9839231	0.6053811659192825	4	TF	True
chr16:57982916:G:C	TEPP	0.9999807	0.605080831408776	4	none	True
chr16:84482703:G:A	ENSG00000261243	0.99380124	0.6049107142857143	4	dELS	False
chr15:22948971:A:C	CYFIP1	0.9719474	0.6045454545454545	4	dELS	False
chr9:1042166:G:T	ENSG00000286684	0.999999	0.604494382022472	4	pELS	True
chr14:94346805:A:T	SERPINA10	1.0	0.604494382022472	4	none	True
chr15:90808638:A:C	ENSG00000287061	1.0	0.6040723981900452	4	none	True
chr15:52100639:G:C	ENSG00000259712	0.9095386	0.6040723981900452	4	none	True
chr12:3014800:C:T	ENSG00000250899	1.0	0.6040268456375839	4	dELS	False
chr9:41732093:C:T	ENSG00000275297	0.9491646	0.6039823008849557	4	none	True
chr19:460475:G:C	C2CD4C	0.99999887	0.6035634743875279	4	dELS	True
chr18:76519323:C:A	LINC00683	0.99817264	0.6035634743875279	4	dELS	False
chr14:104218537:G:A	LINC02691	0.99408424	0.6035634743875279	4	none	True
chr2:136246280:G:A	ENSG00000279024	0.9013516	0.6032482598607889	4	dELS	True
chr7:128103605:C:T	MIR593	0.990574	0.6032110091743119	4	dELS	True
chr14:101077928:T:C	ENSG00000230805	1.0	0.6026785714285714	4	PLS	False
chr19:4105291:C:T	MAP2K2	0.99986166	0.6022471910112359	4	dELS	False
chr17:81740848:C:T	SLC25A10	1.0	0.6018957345971564	4	dELS	True
chr2:228180981:C:T	SPHKAP	0.9630053	0.6018306636155606	4	none	True
chr1:41382624:G:A	FOXO6-AS1	0.9027868	0.6017897091722595	4	pELS	False
chr10:13930303:G:A	NUTF2P5	0.9959468	0.6017897091722595	4	CA-H3K4me3	False
chr17:83078468:G:A	METRNL	0.9999994	0.6017699115044248	4	pELS	True
chr14:63204185:T:C	RHOJ	1.0	0.6013824884792627	4	none	True
chr7:102337135:A:G	Y_RNA	0.9828678	0.6013513513513513	4	TF	True
chr16:2658557:G:A	ENSG00000260176	0.9967829	0.6013513513513513	4	TF	True
chr19:50364472:G:A	NAPSA	0.99657327	0.6009070294784581	4	pELS	True
chr13:43023570:C:T	DNAJC15	1.0	0.6009070294784581	4	pELS	False
chr10:132942348:T:C	CFAP46	0.9997	0.6009070294784581	4	pELS	True
chr3:36764355:A:C	DCLK3	0.968399	0.600896860986547	4	PLS	True
chr18:13577071:G:A	ENSG00000267503	0.99999964	0.600896860986547	4	dELS	False
chr2:102141893:C:T	ENSG00000227680	0.9002727	0.6004566210045662	4	dELS	True
chr3:172062973:A:G	FNDC3B	1.0	0.600451467268623	4	dELS	False
chr8:2760090:G:A	LINC03021	0.9781739	0.6004464285714286	4	none	True
chr5:487814:C:T	SLC9A3-AS1	0.9999946	0.6	4	none	True
chr3:15304417:G:A	RNU6-454P	0.9533335	0.6	4	dELS	False
chr14:102573378:T:A	RN7SL546P	1.0	0.6	4	dELS	False
chr14:101150358:T:C	ENSG00000286551	0.9987657	0.6	4	pELS	True
chr8:8384155:G:A	PRAG1	0.9999532	0.5995525727069351	4	dELS	False
chr1:3703871:A:G	TP73-AS2	0.9980516	0.5995475113122172	4	dELS	False
chr10:124370428:G:A	OAT	1.0	0.5991091314031181	4	none	True
chr10:132916299:T:C	CFAP46	0.9997889	0.5990990990990991	4	dELS	True
chr3:75764879:G:C	MIR4273	0.9997545	0.5985915492957746	4	none	True
chr5:842792:G:A	BRD9P2	0.98357993	0.5982142857142857	4	dELS	True
chr1:148334986:A:T	MIR5087	1.0	0.5981735159817352	4	pELS	False
chr7:157003266:G:A	MNX1-AS2	1.0	0.597752808988764	4	dELS	False
chr8:58535019:T:G	SDCBP	1.0	0.5977011494252874	4	dELS	False
chr5:43039691:T:C	ANXA2R-AS1	0.9768948	0.5976470588235294	4	pELS	True
chr5:154493417:G:C	ENSG00000253886	1.0	0.5973154362416108	4	PLS	True
chr7:151125239:C:G	AGAP3	1.0	0.5972850678733032	4	dELS	False
chr20:43668004:A:C	MYBL2	0.90397453	0.5972850678733032	4	pELS	False
chr3:130095840:G:A	LINC02014	1.0	0.5972222222222222	4	pELS	False
chr16:583706:C:T	RAB40C	1.0	0.5968109339407744	4	dELS	False
chr13:59442040:C:T	RNU7-88P	1.0	0.5968109339407744	4	none	True
chr3:195150676:G:A	XXYLT1-AS2	0.99388045	0.5964125560538116	4	dELS	False
chr19:35767941:G:C	ENSG00000267049	0.9999648	0.5963718820861678	4	none	True
chr3:177359291:A:G	ENSG00000226782	0.9740673	0.5959367945823928	4	dELS	True
chr7:65796854:C:A	RNU6-912P	0.9999917	0.5955056179775281	4	none	True
chr9:129436241:G:A	ENSG00000226355	1.0	0.5951327433628318	4	pELS	True
chr19:49431744:C:T	GFY	1.0	0.5950782997762863	4	dELS	False
chr15:63592263:T:C	FBXL22	1.0	0.5949074074074074	4	dELS	False
chr6:110357859:T:G	METTL24	0.9999998	0.5945945945945946	4	pELS	False
chr5:78769461:G:T	LHFPL2	0.99964243	0.5942350332594235	4	dELS	False
chr7:7821036:A:G	ENSG00000234718	1.0	0.594170403587444	4	dELS	False
chr11:134762742:G:C	LINC02714	1.0	0.594170403587444	4	dELS	False
chr10:1489976:A:C	ADARB2-AS1	0.99999505	0.59375	4	dELS	True
chr6:3736260:A:G	ENSG00000270504	1.0	0.5936794582392777	4	dELS	False
chr11:67056790:C:T	RHOD	0.9703408	0.5936794582392777	4	pELS	True
chr6:148866363:C:A	UST-AS1	1.0	0.5924276169265034	4	dELS	False
chr1:16948607:C:G	ENSG00000286898	0.9579889	0.5923423423423423	4	dELS	False
chr19:50514120:G:A	ASPDH	0.9901699	0.5923423423423423	4	pELS	True
chr17:1230116:C:T	ABR	0.9914857	0.5923423423423423	4	dELS	True
chr15:101792844:C:T	OR4F6	0.9999999	0.5923423423423423	4	none	True
chr10:119102244:C:A	DENND10	0.99997497	0.592255125284738	4	pELS	False
chr12:6442988:A:G	CD27	1.0	0.5915178571428571	4	pELS	False
chr10:30751163:T:C	LINC02644	0.99910796	0.5915178571428571	4	dELS	True
chr19:50516147:C:T	ASPDH	1.0	0.5910112359550562	4	pELS	False
chr9:6402450:G:C	UHRF2	0.9070751	0.5908045977011495	4	none	True
chr18:79819038:C:G	KCNG2	1.0	0.5906040268456376	4	none	True
chr15:92826945:T:C	ENSG00000289200	0.9094055	0.5904977375565611	4	dELS	False
chr5:6722176:T:C	TENT4A	0.99417275	0.5902777777777778	4	dELS	False
chr19:639163:C:T	FGF22	1.0	0.5900900900900901	4	pELS	True
chr9:41741121:C:G	ENSG00000275297	0.9777109	0.5898004434589801	4	none	True
chr2:239525737:A:T	ENSG00000286188	0.9135143	0.5892857142857143	4	none	True
chr22:18091595:G:A	ENSG00000236890	0.99998677	0.5891647855530474	4	dELS	False
chr1:100538206:C:A	GPR88	1.0	0.589041095890411	4	PLS	False
chr3:69058142:C:G	TMF1	1.0	0.5889145496535797	4	none	True
chr1:4638386:C:T	AJAP1	0.9912406	0.5887640449438202	4	dELS	True
chr2:237703764:A:G	ENSG00000286864	0.97197163	0.5886363636363636	4	dELS	False
chr14:102509215:T:A	ANKRD9	0.9858148	0.5886363636363636	4	pELS	True
chr8:12475238:G:T	ENSG00000270154	1.0	0.588495575221239	4	none	True
chr4:159180147:G:A	MIR3688-1	0.9098659	0.5881006864988558	4	dELS	False
chr18:77134229:C:T	MBP	0.9999714	0.5879732739420935	4	pELS	True
chr14:99602348:T:G	CCDC85C	0.9102289	0.5878378378378378	4	dELS	False
chr10:30505218:A:G	HNRNPA1P32	1.0	0.5878378378378378	4	none	True
chr9:39876786:G:T	ENSG00000283886	0.9999999	0.5877437325905293	4	none	True
chr2:241772191:C:A	GAL3ST2	0.99931055	0.5875831485587583	4	dELS	True
chr14:22790490:C:T	OXA1L-DT	0.9997737	0.5875831485587583	4	dELS	True
chr12:121523950:C:A	KDM2B-DT	1.0	0.5871559633027523	4	none	True
chr19:57317612:G:A	ENSG00000268723	0.9989879	0.5870535714285714	4	PLS	False
chr17:81406747:T:C	MIR4740	0.9990689	0.5866666666666667	4	dELS	True
chr17:1492388:C:T	MYO1C	0.92981464	0.5865168539325842	4	pELS	True
chr16:22627571:C:T	LINC02890	1.0	0.5862831858407079	4	none	True
chr7:155239879:G:A	ENSG00000290007	0.9283145	0.5861297539149888	4	none	True
chr20:61160663:C:T	ENSG00000289577	0.9832641	0.5861297539149888	4	dELS	False
chr17:13318137:C:T	LINC02093	1.0	0.5859728506787331	4	none	True
chr22:46739308:A:C	CERK	1.0	0.5857461024498887	4	pELS	False
chr17:364971:C:T	ENSG00000262558	0.99991846	0.5857461024498887	4	dELS	True
chr22:45412571:T:A	RIBC2	0.90144795	0.5855855855855856	4	CA	False
chr19:12750172:A:G	RTBDN	0.98657054	0.585480093676815	4	pELS	False
chr6:106026874:C:T	PRDM1	1.0	0.585081585081585	4	dELS	False
chr12:15876293:T:C	EPS8	0.99999946	0.5849056603773585	4	none	True
chr9:136045154:T:C	NACC2	1.0	0.5848214285714286	4	dELS	False
chr14:22506122:A:G	TRAJ35	0.9833276	0.5842696629213483	4	pELS	False
chr16:85941279:A:G	LINC02132	0.99999994	0.5838926174496645	4	dELS	False
chr15:70475639:C:T	LINC02205	0.9991535	0.5835189309576837	4	dELS	True
chr18:75858012:A:G	ENSG00000266460	0.9983168	0.5833333333333334	4	dELS	True
chr16:11686918:T:C	SNN	1.0	0.5833333333333334	4	dELS	False
chr1:16676720:C:G	ESPNP	0.97782993	0.5829596412556054	4	dELS	True
chr14:103624162:G:A	RNU4-68P	0.99871147	0.5829493087557603	4	dELS	False
chr4:973547:G:T	DGKQ	0.99639124	0.5827664399092971	4	CA-H3K4me3	True
chr2:130693567:C:T	RNU6-848P	0.99992925	0.5827664399092971	4	none	True
chr15:43798600:T:C	ENSG00000262560	0.91296184	0.5825688073394495	4	pELS	False
chr1:246068093:C:A	SMYD3-AS1	0.95772976	0.582392776523702	4	dELS	True
chr19:3369574:T:G	ENSG00000279599	1.0	0.5822222222222222	4	pELS	False
chr2:1707669:C:T	PXDN	0.962732	0.581858407079646	4	dELS	True
chr19:45345134:C:T	KLC3	0.9993619	0.5816554809843401	4	pELS	False
chr5:1851069:T:G	ENSG00000249966	0.96927214	0.5812917594654788	4	PLS	True
chr5:178575337:C:T	COL23A1	1.0	0.581081081081081	4	CA-H3K4me3	False
chr19:14561937:C:T	DNAJB1	0.9999357	0.581081081081081	4	pELS	False
chr4:24889134:A:G	CCDC149	1.0	0.5808656036446469	4	dELS	False
chr6:16199050:T:G	RNU6-1114P	0.99765027	0.5804988662131519	4	dELS	False
chr7:2694042:A:G	AMZ1	0.9999994	0.5803571428571429	4	dELS	True
chr7:102343273:G:A	SPDYE6	0.98702836	0.5803571428571429	4	none	True
chr17:29584935:G:C	ANKRD13B	1.0	0.5803571428571429	4	none	True
chr16:89947457:A:G	DEF8	0.9993186	0.5801354401805869	4	pELS	False
chr1:7892143:A:G	UTS2	1.0	0.5797752808988764	4	none	True
chr3:122694689:T:G	PARP14	0.9863834	0.5795454545454546	4	dELS	True
chr11:116706725:A:G	BUD13	1.0	0.5795454545454546	4	none	True
chr5:179264982:C:T	ADAMTS2	0.99999034	0.5794183445190156	4	dELS	False
chr16:87866091:T:G	SLC7A5	1.0	0.5794183445190156	4	dELS	True
chr9:136530146:G:A	MIR4673	0.9961023	0.579064587973274	4	dELS	True
chr7:4791590:G:A	Y_RNA	0.9535473	0.5788288288288288	4	pELS	False
chr1:156157577:T:C	SEMA4A	0.9998993	0.5788288288288288	4	dELS	False
chr10:35765169:G:A	PCAT5	0.95976347	0.57847533632287	4	dELS	True
chr10:3482310:A:G	ENSG00000289994	0.95381093	0.57847533632287	4	dELS	True
chr22:39388840:G:C	ENSG00000280216	1.0	0.5782312925170068	4	dELS	False
chr17:39872867:C:G	ZPBP2	0.99529326	0.5781990521327014	4	none	True
chr6:166757887:T:A	ENSG00000235008	0.99511874	0.578125	4	dELS	True
chr2:209209015:T:C	PKP4P1	0.9999953	0.5779816513761468	4	dELS	False
chr17:81499240:C:G	ENSG00000263218	0.96919936	0.5778781038374717	4	pELS	True
chr16:75485492:G:C	ENSG00000203472	1.0	0.5778781038374717	4	dELS	False
chr5:55421097:T:C	ENSG00000279883	0.9994052	0.5778301886792453	4	none	True
chr22:49837507:C:G	RPL5P35	0.96157223	0.5777262180974478	4	dELS	True
chr5:143161204:G:A	ARHGAP26-IT1	0.99983984	0.5775280898876405	4	none	True
chr19:710144:C:T	PALM	0.9999964	0.5775280898876405	4	pELS	True
chr19:49745244:T:C	TSKS	0.9815025	0.5775280898876405	4	pELS	True
chr19:447550:G:A	RNA5SP462	0.98443925	0.576837416481069	4	dELS	True
chr18:9838352:A:G	ENSG00000285653	0.9999988	0.576837416481069	4	dELS	True
chr21:33400410:G:C	ENSG00000289939	1.0	0.5766590389016019	4	pELS	True
chr8:12183586:T:G	ALG1L11P	0.94943106	0.5765765765765766	4	none	True
chr5:172272812:C:G	UBTD2	0.9559158	0.5765765765765766	4	none	True
chr1:1023789:G:C	AGRN	0.99996215	0.5765765765765766	4	dELS	True
chr12:100718403:C:G	ANO4	1.0	0.5765765765765766	4	pELS	False
chr21:44353556:C:T	TRPM2	0.99988294	0.5763097949886105	4	pELS	True
chr9:134782015:T:G	ENSG00000286502	0.98818856	0.5762331838565022	4	dELS	True
chr22:37158799:C:G	ENSG00000235237	1.0	0.5762331838565022	4	dELS	False
chr14:92655025:T:C	LGMN	0.98713404	0.5762331838565022	4	none	True
chr1:275337:T:C	ENSG00000286448	0.9965549	0.5759162303664922	4	CA-CTCF	False
chr3:194204395:C:A	LINC02037	1.0	0.5758928571428571	4	dELS	False
chr16:1072170:G:A	SSTR5	1.0	0.5758928571428571	4	pELS	False
chr22:23953099:T:C	ENSG00000231271	0.99999964	0.5755968169761273	4	none	True
chr22:17778262:A:G	LINC00528	0.9999993	0.5755555555555556	4	pELS	True
chr19:603832:C:T	ENSG00000267036	0.98034406	0.5755555555555556	4	none	True
chr15:96354777:T:C	ENSG00000259275	0.9969078	0.5755555555555556	4	pELS	True
chr21:40215900:T:G	MIR4760	0.9995856	0.5753424657534246	4	none	True
chr6:25393504:C:T	RNU6-987P	0.9070172	0.5752808988764045	4	none	True
chr5:75053805:G:A	GCNT4	0.9847477	0.5752808988764045	4	pELS	True
chr3:10210642:T:C	TATDN2	0.99972963	0.5752808988764045	4	none	True
chr16:90149407:T:G	CICP25	0.9987431	0.5752212389380531	4	CA	False
chr11:35351833:A:C	ENSG00000215380	0.99952865	0.575	4	none	True
chr16:85077297:C:G	CIBAR2	0.99869144	0.5746606334841629	4	dELS	True
chr5:56909530:A:G	SETD9	0.99932724	0.5743707093821511	4	pELS	False
chr16:4660897:T:G	Metazoa_SRP	0.99995446	0.5743243243243243	4	pELS	True
chr10:124604551:T:C	ENSG00000278831	0.98387635	0.5742793791574279	4	none	True
chr22:42649452:G:T	ATP5MGL	1.0	0.5739910313901345	4	pELS	False
chr19:2635061:T:C	ENSG00000267214	0.9991677	0.5733634311512416	4	dELS	True
chr14:89462948:T:G	FOXN3-AS1	0.99931294	0.5733634311512416	4	dELS	True
chr22:48249074:A:T	ENSG00000285707	0.99999964	0.5733333333333334	4	none	True
chr7:158428346:G:A	ENSG00000289418	1.0	0.5730337078651685	4	none	True
chr20:62891556:A:G	ARF4P2	0.999858	0.5727069351230425	4	dELS	True
chr10:312203:T:C	RNA5SP298	1.0	0.5727069351230425	4	dELS	False
chr2:119291056:G:A	STEAP3-AS1	0.9915246	0.5724465558194775	4	dELS	False
chr9:98035935:G:A	RNU6-918P	0.9997042	0.5724137931034483	4	none	True
chr7:77539068:G:A	PTPN12	0.99962306	0.5723981900452488	4	dELS	True
chr7:55539496:T:C	VOPP1	0.96421105	0.5723981900452488	4	pELS	True
chr18:22324881:T:G	ENSG00000273348	1.0	0.5723981900452488	4	dELS	False
chr7:5925657:G:A	CCZ1	0.9566888	0.5723830734966593	4	none	True
chr7:154891372:T:C	ENSG00000236408	0.9900006	0.5723830734966593	4	none	True
chr20:642571:C:A	SRXN1	0.99788374	0.5723830734966593	4	none	True
chr17:81536328:G:A	ENSG00000289182	0.90449977	0.5723830734966593	4	pELS	True
chr10:99523573:C:A	ENSG00000228778	0.99967796	0.5717488789237668	4	dELS	True
chr22:23924767:A:C	ENSG00000225282	1.0	0.5714285714285714	4	none	True
chr19:55157451:A:G	TNNI3	0.99864465	0.5714285714285714	4	pELS	False
chr11:69530568:A:G	LINC01488	0.92822737	0.5714285714285714	4	none	True
chr7:157401193:T:C	ENSG00000234210	0.9980942	0.5711111111111111	4	TF	False
chr1:1897985:C:G	GNB1	0.9995318	0.5711009174311926	4	dELS	False
chr8:12601353:G:C	RPS3AP34	0.97928154	0.5707964601769911	4	CA-CTCF	False
chr8:69715580:A:G	ENSG00000254557	1.0	0.5707865168539326	4	dELS	False
chr1:180945830:C:T	KIAA1614-AS1	0.99999225	0.5707865168539326	4	dELS	False
chr22:42645165:T:C	ATP5MGL	0.9906623	0.5704697986577181	4	pELS	False
chr9:133960545:C:T	VAV2	0.9465322	0.5701559020044543	4	dELS	True
chr19:54375469:T:C	ENSG00000288742	1.0	0.5698447893569845	4	none	True
chr20:50871606:G:A	TMSB4XP6	0.99999917	0.5695067264573991	4	dELS	False
chr19:58488906:A:G	RN7SL693P	1.0	0.5695067264573991	4	pELS	True
chr1:234924943:C:T	ENSG00000286263	1.0	0.5694760820045558	4	dELS	False
chr20:62728391:G:A	NTSR1	0.99986523	0.5691964285714286	4	dELS	True
chr17:78628292:G:A	SCAT1	0.9998959	0.5691964285714286	4	dELS	False
chr1:2112545:C:T	ENSG00000271806	0.99958944	0.5688888888888889	4	none	True
chr21:5231730:C:G	ENSG00000279669	0.99999356	0.5685840707964602	4	none	True
chr2:214856444:T:G	RPL10P6	1.0	0.568445475638051	4	dELS	False
chr8:143430595:A:T	MAFA-AS1	0.99999833	0.5679287305122495	4	CA-H3K4me3	True
chr8:140515939:T:C	CHRAC1	0.9951572	0.5679287305122495	4	none	True
chr7:150033538:A:G	ENSG00000241449	1.0	0.5676274944567627	4	none	True
chr6:90934907:C:T	MAP3K7	1.0	0.5675675675675675	4	dELS	False
chr13:112101629:C:T	LINC00404	0.99602354	0.5672645739910314	4	dELS	True
chr5:344215:A:G	PPP4R2P1	0.9399824	0.5669642857142857	4	dELS	True
chr20:62355278:C:T	LAMA5-AS1	1.0	0.5669642857142857	4	dELS	False
chr2:128755288:G:T	ENSG00000237532	0.984258	0.5668934240362812	4	dELS	False
chr19:7408426:A:G	ARHGEF18-AS1	0.983047	0.5668202764976958	4	dELS	True
chr21:7933789:G:A	ENSG00000279967	0.999989	0.5663716814159292	4	none	True
chr6:106696571:G:A	LINC02526	0.922419	0.5662100456621004	4	none	True
chr2:69731732:T:A	ENSG00000231024	0.99992895	0.5662100456621004	4	none	True
chr16:68847592:C:T	TANGO6	1.0	0.5661252900232019	4	none	True
chr13:110645057:C:T	NAXD-AS1	0.9853304	0.5659955257270693	4	dELS	True
chr22:49930780:A:G	ENSG00000278869	0.99914354	0.5657015590200446	4	dELS	True
chr17:5298901:C:T	RABEP1	1.0	0.5655172413793104	4	dELS	False
chr17:38906388:G:A	ENSG00000266588	0.95573354	0.565410199556541	4	pELS	False
chr11:1667305:C:G	FAM99A	0.9999768	0.565410199556541	4	PLS	False
chr5:172897555:G:A	ENSG00000254295	0.9998963	0.5650224215246636	4	dELS	False
chr5:1488974:T:C	MIR6075	1.0	0.5650224215246636	4	dELS	False
chr18:13261897:A:G	ENSG00000286926	1.0	0.5647321428571429	4	dELS	True
chr1:121263386:A:G	ENSG00000275129	0.9939285	0.5645161290322581	4	dELS	False
chr20:61952116:G:A	MIR1257	0.99934393	0.5644444444444444	4	pELS	True
chr11:63614551:C:A	ENSG00000203520	0.99976283	0.5644444444444444	4	none	True
chr9:90839903:A:C	SYK	0.99983114	0.5643340857787811	4	dELS	True
chr1:149206551:G:C	ENSG00000289614	1.0	0.5643340857787811	4	CA-H3K4me3	False
chr19:4089813:C:T	ZBTB7A	0.9998137	0.5643340857787811	4	dELS	True
chr6:31272264:C:T	HLA-C	0.9998761	0.5642201834862385	4	pELS	True
chr1:16532881:G:A	RNU1-1	1.0	0.5641025641025641	4	dELS	False
chr16:88922597:T:C	ENSG00000261226	0.969728	0.5640449438202247	4	dELS	True
chr15:34794165:A:G	ACTC1	1.0	0.5637583892617449	4	pELS	False
chr11:133834170:T:C	SPATA19	0.9790281	0.5637583892617449	4	CA-CTCF	False
chr17:83116932:T:C	ENSG00000288807	1.0	0.5634743875278396	4	CA-H3K4me3	False
chr10:132991445:T:G	ENSG00000289633	0.99961495	0.5634743875278396	4	dELS	True
chr5:180806755:C:G	ENSG00000280161	0.98390085	0.5633484162895928	4	dELS	True
chr1:22042624:C:T	CDC42	1.0	0.5633484162895928	4	dELS	False
chr22:23211258:C:T	BCRP8	0.9896422	0.5632183908045977	4	none	True
chr16:970874:C:T	LMF1-AS1	0.98578453	0.5631929046563193	4	none	True
chr9:123679118:G:A	ENSG00000230826	0.9975929	0.5630841121495327	4	dELS	False
chr6:167704739:C:G	LINC02487	1.0	0.5630630630630631	4	dELS	True
chr19:7799151:C:T	ENSG00000290088	1.0	0.5625	4	dELS	False
chr19:55547588:G:T	SBK3	0.9441181	0.5625	4	none	True
chr14:105667045:T:C	IGHGP	0.97465104	0.5625	4	none	True
chr8:2023053:G:A	ENSG00000289473	0.98191035	0.5622222222222222	4	PLS	True
chr9:137048660:A:G	NPDC1	0.99992627	0.5620767494356659	4	dELS	False
chr11:73661044:T:G	PLEKHB1	0.99996555	0.5620767494356659	4	dELS	False
chr9:41625634:A:C	ENSG00000288225	0.9976215	0.5619469026548672	4	pELS	False
chr22:23970896:G:A	DDT	0.99897206	0.5618279569892473	4	none	True
chr3:19102885:T:G	KCNH8	0.9903617	0.5617715617715617	4	dELS	True
chr22:39351775:G:A	ENSG00000280216	0.9539123	0.5612472160356348	4	none	True
chr11:406615:C:T	PKP3	0.9087652	0.5612472160356348	4	none	True
chr21:44484098:G:A	ENSG00000289857	1.0	0.5608108108108109	4	pELS	True
chr18:9734424:C:T	ENSG00000266891	0.98343515	0.5608108108108109	4	pELS	True
chr7:135661514:T:G	STMP1	0.99999964	0.5606407322654462	4	none	True
chr1:65163428:G:T	RPS29P7	1.0	0.5606407322654462	4	dELS	False
chr7:65814770:A:T	RNU6-912P	0.9952463	0.5605381165919282	4	none	True
chr1:12056438:T:C	TNFRSF8	0.9789945	0.5605381165919282	4	dELS	False
chr19:50602602:G:A	SYT3	0.9864513	0.5605381165919282	4	CA-CTCF	True
chr16:90038596:T:G	URAHP	0.9999986	0.5605381165919282	4	dELS	True
chr12:132956288:C:A	ENSG00000250790	0.94537294	0.5605381165919282	4	CA-H3K4me3	True
chr2:10880136:C:A	ENSG00000270488	0.9992826	0.5602678571428571	4	dELS	False
chr12:8229422:C:T	ALG1L10P	0.99025565	0.5602678571428571	4	CA-H3K4me3	False
chr6:8435650:C:T	HULC	1.0	0.5601851851851852	4	PLS	True
chr10:18658450:G:A	NSUN6	0.9731424	0.5600907029478458	4	pELS	False
chr19:6244676:C:G	ENSG00000280394	0.99183667	0.5596330275229358	4	pELS	False
chr8:723301:G:A	ENSG00000254207	0.90005296	0.5595505617977528	4	dELS	False
chr13:95290307:T:C	ABCC4	1.0	0.5595505617977528	4	dELS	False
chr11:76654727:G:C	ENSG00000254810	0.9543122	0.5595505617977528	4	dELS	False
chr7:6581126:A:G	ZDHHC4	0.95778847	0.5593607305936074	4	pELS	False
chr22:39546229:T:C	RPS19BP1	0.99745566	0.5593607305936074	4	dELS	True
chr4:138919306:C:T	ENSG00000250577	1.0	0.5592841163310962	4	none	True
chr18:8727295:T:C	Y_RNA	0.9538615	0.5592841163310962	4	dELS	True
chr22:36434429:T:C	Y_RNA	0.9999967	0.5590909090909091	4	none	True
chr1:169882968:T:C	SCYL3	0.9999955	0.5586206896551724	4	dELS	False
chr14:22927271:T:G	PRMT5	1.0	0.5583524027459954	4	dELS	False
chr21:42654602:A:G	PDE9A	1.0	0.5580357142857143	4	none	True
chr19:895674:G:A	CFD	0.9805433	0.5580357142857143	4	dELS	True
chr17:77390751:A:G	ENSG00000287257	0.9999997	0.5580357142857143	4	dELS	False
chr9:31217906:T:C	ENSG00000223421	0.9056859	0.5576036866359447	4	none	True
chr4:173807:A:G	ENSG00000275426	0.9995881	0.5576036866359447	4	none	True
chr2:25379273:G:A	ARNILA	1.0	0.5575620767494357	4	dELS	False
chr19:1287388:C:A	EFNA2	0.9999996	0.5575620767494357	4	pELS	False
chr1:153634528:G:A	ENSG00000272030	0.9591089	0.5573394495412844	4	pELS	False
chr6:11723022:A:C	ENSG00000287593	0.9999996	0.5573033707865168	4	pELS	True
chr16:81861068:C:A	PLCG2	0.99998057	0.5567928730512249	4	dELS	False
chr12:131611218:G:A	ENSG00000279455	1.0	0.5567928730512249	4	dELS	False
chr14:106364429:G:A	IGHVII-30-1	0.9930264	0.5566502463054187	4	CA	True
chr1:211677717:G:A	NEK2-DT	1.0	0.5565610859728507	4	pELS	True
chr10:69238245:G:A	ENSG00000229261	1.0	0.5565610859728507	4	none	True
chr5:137735376:C:A	NPY6R	0.9517165	0.5563380281690141	4	dELS	True
chr5:6718555:C:T	TENT4A	0.9999981	0.5563218390804597	4	dELS	False
chr18:11973186:G:A	IMPA2	0.9996483	0.5563063063063063	4	none	True
chr16:1812723:G:A	HS3ST6	0.91533357	0.5563063063063063	4	dELS	True
chr16:1259862:G:A	ENSG00000260182	0.98812664	0.5561097256857855	4	CA-H3K4me3	False
chr3:2590988:A:C	HINT2P1	1.0	0.5558035714285714	4	none	True
chr21:42393421:G:A	TMPRSS3	0.98425376	0.5558035714285714	4	none	True
chr19:35440123:G:T	ENSG00000289246	1.0	0.5558035714285714	4	none	True
chr14:92704556:A:C	LGMN	1.0	0.5558035714285714	4	dELS	False
chr12:132283310:G:C	ENSG00000277011	0.99885494	0.5555555555555556	4	pELS	True
chr19:58042659:C:T	ZSCAN1	0.9974065	0.5553047404063205	4	dELS	False
chr19:42698527:C:A	RPS10P28	0.9994706	0.5552995391705069	4	none	True
chr19:18438739:C:G	ISYNA1	1.0	0.5552995391705069	4	pELS	False
chr8:23240938:T:C	CHMP7	0.98164576	0.5550561797752809	4	none	True
chr22:47192356:C:G	ENSG00000280312	1.0	0.5550561797752809	4	dELS	False
chr8:97259534:C:T	ENSG00000260640	1.0	0.555045871559633	4	dELS	False
chr9:124134310:A:G	ENSG00000234921	1.0	0.5548098434004475	4	none	True
chr12:131004782:C:G	ADGRD1-AS1	0.9871825	0.5545657015590201	4	dELS	False
chr19:2277916:C:T	PEAK3	1.0	0.5545454545454546	4	none	True
chr13:113654911:G:A	LINC00552	0.9040127	0.5545454545454546	4	dELS	True
chr16:15322346:A:C	PLA2G10GP	0.9999998	0.5545243619489559	4	none	True
chr7:115146:T:C	FOXL3	0.9543068	0.5543237250554324	4	CA-H3K4me3	True
chr21:38804769:C:T	ETS2	0.9680414	0.5542986425339367	4	pELS	False
chr16:1343019:G:A	BAIAP3	0.98765564	0.5537757437070938	4	CA	True
chr5:181091797:G:A	FOXO1B	1.0	0.5535714285714286	4	none	True
chr19:2385203:A:C	TMPRSS9	0.97724104	0.5533333333333333	4	dELS	True
chr7:495072:G:A	ENSG00000234471	0.913746	0.5530973451327433	4	pELS	True
chr11:120517722:G:A	GRIK4	0.987272	0.5530474040632054	4	dELS	True
chr17:35802063:A:G	MMP28	1.0	0.5529953917050692	4	none	True
chr7:7972344:C:T	GLCCI1-DT	0.9594736	0.5528089887640449	4	dELS	False
chr16:89118709:T:C	ENSG00000261546	1.0	0.5528089887640449	4	dELS	True
chr10:117241640:A:C	SLC18A2-AS1	0.99589217	0.5528089887640449	4	none	True
chr19:39404470:C:T	ENSG00000288919	1.0	0.5527522935779816	4	pELS	False
chr16:68368746:G:A	ENSG00000279693	0.98608726	0.5525114155251142	4	pELS	False
chr15:70763521:T:G	ENSG00000274297	0.99093825	0.5525114155251142	4	pELS	True
chr21:34687310:C:T	CLIC6	1.0	0.5522727272727272	4	none	True
chr17:32519606:C:G	ENSG00000265337	0.99781597	0.5521064301552107	4	dELS	True
chr16:53823351:C:T	RPGRIP1L	1.0	0.5520361990950227	4	dELS	False
chr1:109274857:G:C	PSRC1	1.0	0.5518018018018018	4	dELS	False
chr11:69471437:C:T	ENSG00000261347	0.994741	0.5518018018018018	4	dELS	False
chr7:1227964:T:C	UNCX	1.0	0.5515695067264574	4	none	True
chr2:16111703:G:C	ENSG00000236989	0.99968594	0.5515695067264574	4	CA	True
chr20:761203:A:G	SLC52A3	1.0	0.5515695067264574	4	dELS	True
chr15:93110051:G:A	ENSG00000288991	0.9948351	0.5515695067264574	4	CA-H3K4me3	True
chr9:67758196:A:G	ANKRD20A1	0.92719746	0.5511111111111111	4	none	True
chr20:63636704:A:G	MHENCR	0.99996716	0.5511111111111111	4	none	True
chr6:166747914:G:A	ENSG00000235008	0.9999831	0.5508849557522124	4	dELS	False
chr20:38877670:T:A	RN7SL116P	0.99996924	0.5507900677200903	4	dELS	True
chr5:755441:C:T	BRD9P2	0.9999197	0.5506912442396313	4	none	True
chr6:18318848:T:C	RNU6-263P	0.9973196	0.550561797752809	4	none	True
chr15:93072695:A:T	YBX2P2	0.9476108	0.550561797752809	4	pELS	True
chr17:1603513:G:A	RN7SL105P	0.9999761	0.5503355704697986	4	none	True
chr10:124063460:T:C	CHST15	0.9688538	0.5503355704697986	4	dELS	False
chr11:61904484:A:G	FADS3	0.99994653	0.5497737556561086	4	dELS	True
chr10:127872741:A:G	BUB1P1	1.0	0.5491071428571429	4	dELS	False
chr17:69223919:T:G	PRO1804	1.0	0.5488372093023256	4	none	True
chr22:42440331:A:C	ENSG00000230107	1.0	0.5487528344671202	4	dELS	False
chr6:150687738:C:A	ENSG00000226599	0.9999738	0.5485327313769752	4	dELS	False
chr10:27354858:C:T	FAM210CP	0.9984759	0.5483146067415731	4	dELS	True
chr1:145985849:G:A	TXNIP	0.9941865	0.5481651376146789	4	none	True
chr5:170393499:T:C	KCNMB1	1.0	0.5480984340044742	4	dELS	False
chr1:13541017:G:A	BRWD1P1	1.0	0.5480984340044742	4	dELS	False
chr16:87648574:A:C	ENSG00000277504	0.9999935	0.5478841870824054	4	CA-H3K4me3	False
chr6:3023150:T:A	ENSG00000288612	0.9877676	0.5477272727272727	4	none	True
chr20:38790643:T:C	PPP1R16B	0.9999995	0.5475638051044084	4	dELS	False
chr17:17741050:G:A	RAI1-AS1	0.9981263	0.5475638051044084	4	dELS	True
chr2:672976:A:G	TMEM18-DT	0.9943098	0.5475113122171946	4	dELS	True
chr4:5887390:T:A	ENSG00000289414	0.9876557	0.5473441108545035	4	none	True
chr1:147046616:G:T	RNU1-151P	0.9943849	0.5472972972972973	4	pELS	True
chr1:1351747:G:A	DVL1	0.9151702	0.5472972972972973	4	none	True
chr12:116540246:G:A	LINC00173	1.0	0.5466970387243736	4	dELS	False
chr18:44581678:G:T	LINC01478	1.0	0.5462962962962963	4	none	True
chr1:78044860:T:G	ENSG00000213561	0.95563316	0.54627539503386	4	pELS	True
chr17:74558581:A:G	ENSG00000236770	1.0	0.54627539503386	4	dELS	False
chr15:99120079:T:C	SYNM-AS2	0.99928707	0.54627539503386	4	dELS	False
chr14:77021499:A:T	ENSG00000273729	0.9779734	0.54627539503386	4	none	True
chr8:5084668:C:G	ENSG00000253262	0.9320874	0.5460674157303371	4	dELS	True
chr16:12059517:A:C	RPS23P6	1.0	0.5460674157303371	4	none	True
chr5:2743225:C:T	ENSG00000259757	0.97364575	0.5458612975391499	4	dELS	True
chr19:51438243:G:A	ENSG00000269181	1.0	0.5458612975391499	4	none	True
chr6:11318449:A:T	ENSG00000287920	0.9999774	0.5448430493273543	4	dELS	True
chr11:62924734:A:G	CHRM1	0.99784464	0.5448430493273543	4	dELS	False
chr13:113847856:G:C	GAS6	1.0	0.5446428571428571	4	none	True
chr12:132765481:G:T	ANKLE2	0.9131794	0.5446428571428571	4	dELS	True
chr4:6343256:C:T	ENSG00000286176	1.0	0.5444444444444444	4	dELS	False
chr3:197599900:T:G	RPL36P7	0.9987654	0.5444444444444444	4	dELS	True
chr20:5144973:A:G	CDS2	0.9999999	0.5444191343963554	4	dELS	False
chr20:4809934:C:A	RASSF2	0.9999999	0.54421768707483	4	none	True
chr8:8848822:A:C	MFHAS1	1.0	0.5440180586907449	4	dELS	True
chr4:6070359:A:G	ENSG00000284684	0.99970436	0.5440180586907449	4	pELS	True
chr19:52492028:T:C	ENSG00000278543	0.9988753	0.5440180586907449	4	dELS	False
chr7:128880237:A:T	ATP6V1FNB	0.99999905	0.5438202247191011	4	dELS	False
chr1:1801188:T:C	NADK	1.0	0.5435779816513762	4	dELS	False
chr13:78661366:A:G	OBI1	0.97454137	0.5431818181818182	4	pELS	False
chr6:14397429:T:C	ENSG00000234540	0.99853456	0.5429864253393665	4	dELS	True
chr4:649835:C:T	PDE6B-AS1	0.9162629	0.5429864253393665	4	pELS	True
chr1:80727977:T:C	ENSG00000224326	0.9995373	0.54292343387471	4	none	True
chr2:232925461:A:C	SNORC	0.9995545	0.5427927927927928	4	dELS	True
chr22:19291431:C:A	ENSG00000286367	0.9834201	0.5427927927927928	4	none	True
chr10:42755698:C:T	ENSG00000259869	0.99978435	0.5427927927927928	4	none	True
chr2:109058455:C:T	Metazoa_SRP	0.99904567	0.5426008968609866	4	dELS	False
chr5:10633385:C:T	ANKRD33B-AS1	0.99997395	0.5424107142857143	4	dELS	True
chr4:7754124:G:A	AFAP1-AS1	1.0	0.5424107142857143	4	PLS	False
chr17:79739296:G:C	ENPP7	0.99786764	0.5424107142857143	4	dELS	True
chr16:951359:C:G	LMF1-AS1	0.9999446	0.5422222222222223	4	none	True
chr8:80152054:A:C	ENSG00000254205	0.9998914	0.5421412300683371	4	dELS	False
chr1:197918454:A:G	LHX9	0.9000091	0.5421412300683371	4	TF	True
chr20:62831150:G:C	DPH3P1	1.0	0.5420353982300885	4	dELS	True
chr4:39366463:C:T	RFC1	1.0	0.5416666666666666	4	pELS	True
chr3:13066241:C:G	RPL39P17	0.98100436	0.5415730337078651	4	dELS	False
chr17:81487293:T:C	ENSG00000289140	0.989958	0.5415730337078651	4	dELS	True
chr18:10604365:T:C	ENSG00000265728	1.0	0.5413870246085011	4	dELS	False
chr1:24970252:A:C	ENSG00000261025	0.99993086	0.5412026726057907	4	pELS	False
chr1:1063494:A:T	RNF223	0.95216787	0.5412026726057907	4	none	True
chr16:88699951:C:T	ZFPM1	0.99305516	0.5412026726057907	4	pELS	True
chr11:3223584:T:A	ENSG00000224513	0.9999964	0.541019955654102	4	dELS	True
chr16:2853844:G:T	ENSG00000263325	0.9756666	0.5409090909090909	4	pELS	True
chr6:68576063:C:A	ENSG00000288088	0.9286765	0.5407925407925408	4	TF	True
chr9:98102637:T:C	Metazoa_SRP	0.91803485	0.5407239819004525	4	dELS	False
chr21:44817356:A:G	SUMO3	0.9764819	0.5407239819004525	4	pELS	True
chr15:99251134:A:C	ENSG00000259921	0.99978805	0.5407239819004525	4	dELS	True
chr3:123114156:C:T	MIR7110	0.9999831	0.5405405405405406	4	none	True
chr12:116692846:T:A	ENSG00000257654	0.99784964	0.5405405405405406	4	none	True
chr12:132437900:G:A	ENSG00000274373	1.0	0.5401785714285714	4	none	True
chr7:151336542:T:C	NUB1	1.0	0.5393258426966292	4	dELS	True
chr4:54103572:G:C	GSX2	0.99917126	0.5393258426966292	4	dELS	False
chr14:56448647:C:T	TMEM260	0.9908493	0.5393258426966292	4	CA-H3K4me3	False
chr8:11502129:G:T	BLK	0.99735975	0.5391498881431768	4	dELS	True
chr2:47752548:A:G	RBISP5	0.9999952	0.5391498881431768	4	dELS	True
chr15:32640825:T:C	ARHGAP11A-DT	0.99553734	0.5391498881431768	4	dELS	True
chr11:118787366:A:G	DDX6	0.94451886	0.5389908256880734	4	TF	True
chr3:196619940:C:A	ENSG00000286661	0.99985963	0.5389755011135857	4	dELS	False
chr2:865635:T:C	LINC01115	0.9976809	0.5389755011135857	4	dELS	True
chr2:234336060:C:T	RPS20P12	1.0	0.5389755011135857	4	dELS	True
chr19:1038290:A:C	ENSG00000279753	0.9999674	0.5389755011135857	4	pELS	True
chr15:90479107:G:A	CRTC3	0.9081085	0.5384615384615384	4	dELS	False
chr9:136666732:C:T	MIR126	0.9749167	0.5382882882882883	4	pELS	False
chr6:151325496:G:A	RN7SKP268	0.9463062	0.5381165919282511	4	PLS	True
chr20:47267718:G:A	ENSG00000267882	0.98130405	0.5381165919282511	4	dELS	False
chr2:231679677:C:A	PTMA	0.9999868	0.5379464285714286	4	none	True
chr14:95524274:T:C	SYNE3	0.9999991	0.5379464285714286	4	dELS	True
chr17:79712286:G:A	LINC02078	0.9993372	0.5377777777777778	4	dELS	False
chr6:32893839:G:T	ENSG00000289047	0.9599098	0.5377574370709383	4	pELS	False
chr6:339147:G:A	ENSG00000287265	0.9755317	0.5376106194690266	4	pELS	False
chr20:62768472:C:T	LINC00659	0.9926019	0.5376106194690266	4	pELS	True
chr16:17267465:T:C	ENSG00000279620	0.9999948	0.5375854214123007	4	dELS	False
chr7:108712314:C:G	ENSG00000270425	1.0	0.5373831775700935	4	none	True
chr11:13280328:C:G	ENSG00000290083	0.9973211	0.5372460496613995	4	dELS	False
chr8:142451691:G:A	ADGRB1	0.9982719	0.5370786516853933	4	none	True
chr4:78552886:C:A	ANXA3	0.99988526	0.5370786516853933	4	pELS	True
chr4:17468852:C:T	RPS7P6	1.0	0.5370786516853933	4	dELS	False
chr1:61641349:A:G	ENSG00000223920	1.0	0.5370786516853933	4	dELS	False
chr1:200887275:C:A	INAVA	1.0	0.5370786516853933	4	dELS	False
chr8:11546260:C:G	ENSG00000269954	1.0	0.5369127516778524	4	none	True
chr22:42553742:C:G	SERHL2	0.98209655	0.5369127516778524	4	pELS	True
chr20:61352136:G:C	ENSG00000276786	1.0	0.5369127516778524	4	dELS	False
chr7:77784843:C:T	TMEM60	0.970127	0.5365296803652968	4	dELS	False
chr22:37199446:G:A	C1QTNF6	0.96771294	0.536036036036036	4	dELS	True
chr13:45782200:A:G	Metazoa_SRP	1.0	0.536036036036036	4	dELS	False
chr5:1085489:C:A	MIR4635	0.93706995	0.5358744394618834	4	dELS	True
chr2:60297927:T:A	ENSG00000287640	0.98881835	0.5358744394618834	4	dELS	True
chr17:81091850:T:C	MIR657	0.9495685	0.5358744394618834	4	dELS	True
chr11:69049761:C:T	TPCN2	0.9999424	0.5358744394618834	4	pELS	False
chr8:1559355:T:C	DLGAP2-AS1	0.99925	0.5357142857142857	4	none	True
chr16:88702696:C:T	RNF166	1.0	0.5355555555555556	4	pELS	True
chr8:119709534:T:C	RN7SKP153	0.9999854	0.5354691075514875	4	CA	False
chr4:146663969:A:G	POU4F2	0.99997157	0.5354691075514875	4	none	True
chr18:58646002:T:G	ENSG00000275418	0.97623986	0.5351473922902494	4	none	True
chr17:8185294:G:T	MIR4521	0.9611029	0.5351473922902494	4	pELS	False
chr17:2392720:T:C	ENSG00000262456	0.95429856	0.5351473922902494	4	dELS	True
chr4:8261567:A:C	HTRA3	0.9968976	0.5349887133182845	4	dELS	False
chr21:41779416:G:A	ENSG00000289513	0.9999485	0.5348314606741573	4	dELS	True
chr19:3699241:G:A	PIP5K1C	0.9999618	0.5348314606741573	4	pELS	False
chr2:242085937:A:G	ENSG00000287971	0.94508487	0.5347222222222222	4	none	True
chr17:7989856:T:C	GUCY2D	0.99382037	0.5347222222222222	4	dELS	True
chr14:42017805:G:A	ENSG00000259149	0.92124516	0.5347222222222222	4	none	True
chr7:155532478:G:A	ENSG00000287610	0.9771593	0.5346756152125279	4	none	True
chr6:37551624:G:A	MIR4462	0.933288	0.5346756152125279	4	dELS	True
chr17:1733183:C:T	ENSG00000262791	0.99690676	0.5346756152125279	4	none	True
chr16:11369855:A:G	ENSG00000262636	0.904914	0.5346756152125279	4	dELS	True
chr4:386768:A:G	ZNF876P	0.9285654	0.5344036697247706	4	none	True
chr7:104488541:C:G	LHFPL3	0.93992865	0.5343680709534369	4	none	True
chr11:1877434:T:C	MIR7847	0.9856797	0.5339366515837104	4	dELS	True
chr22:38412690:C:A	ENSG00000286144	0.9998772	0.5337837837837838	4	dELS	False
chr21:44590254:G:A	KRTAP10-6	0.99999994	0.5337837837837838	4	none	True
chr15:59329695:C:G	RNU6-212P	0.9999587	0.5337837837837838	4	dELS	False
chr12:51886611:C:T	ANKRD33	1.0	0.5337837837837838	4	none	True
chr2:1591090:C:G	ENSG00000231482	0.9698251	0.5334821428571429	4	dELS	True
chr17:18961868:A:G	ENSG00000196893	1.0	0.5334821428571429	4	dELS	False
chr16:8833075:G:A	ENSG00000260350	0.9931475	0.5334821428571429	4	dELS	True
chr10:124076749:G:A	CHST15	1.0	0.5334821428571429	4	none	True
chr12:132476176:C:T	ENSG00000256875	0.98035073	0.5333333333333333	4	dELS	False
chr19:15934681:G:C	CYP4F11	0.99999946	0.5331858407079646	4	PLS	True
chr13:113844447:T:C	GAS6	0.90400654	0.5330073349633252	4	dELS	True
chr1:27634321:C:G	FGR	0.9836238	0.5328798185941043	4	pELS	True
chr10:6044329:G:T	IL2RA	0.9999912	0.5328798185941043	4	dELS	False
chr8:7159477:G:T	SNRPCP15	0.9998872	0.5327313769751693	4	none	True
chr19:636936:C:T	FGF22	0.9324947	0.5327313769751693	4	pELS	True
chr22:23138775:T:G	U7	0.9990542	0.5327102803738317	4	none	True
chr19:2452842:A:T	LMNB2	0.9463243	0.5325842696629214	4	dELS	True
chr12:3744030:T:A	ENSG00000283138	1.0	0.5325842696629214	4	dELS	False
chr3:4471859:A:G	SUMF1	0.9416028	0.532293986636971	4	dELS	False
chr17:82647768:A:G	ENSG00000279613	0.99999195	0.532293986636971	4	PLS	True
chr16:88660318:T:G	MVD	0.9536203	0.532293986636971	4	dELS	False
chr16:85422370:G:T	ENSG00000278716	0.9973316	0.532150776053215	4	dELS	True
chr1:159012687:G:T	PYDC5	0.9995336	0.5319634703196348	4	pELS	True
chr13:100506326:A:G	PCCA-AS1	0.9999998	0.5318181818181819	4	dELS	True
chr1:21608999:C:T	LINC02596	0.9980868	0.5316742081447964	4	dELS	False
chr16:16046021:A:G	RPL17P40	1.0	0.5316742081447964	4	dELS	False
chr6:31041731:C:G	HCG22	0.9999989	0.5315315315315315	4	none	True
chr5:160311702:A:G	ENSG00000270612	0.99942297	0.5315315315315315	4	pELS	True
chr17:81515990:G:A	ENSG00000289182	0.96477956	0.531390134529148	4	pELS	True
chr8:22371457:G:A	SLC39A14	0.90728325	0.53125	4	none	True
chr1:3593980:A:T	MEGF6	0.9639471	0.53125	4	dELS	True
chr19:54244536:A:G	LILRA6	0.9299917	0.53125	4	none	True
chr17:21645711:A:G	ENSG00000264617	1.0	0.5311111111111111	4	none	True
chr16:1124566:C:G	ENSG00000260532	0.9996803	0.5311111111111111	4	dELS	True
chr22:49881083:G:C	ENSG00000273192	0.9857411	0.5310344827586206	4	none	True
chr20:35978320:A:G	SCAND1	1.0	0.530952380952381	4	none	True
chr7:47839395:C:T	PKD1L1-AS1	0.99449754	0.5308924485125858	4	CA	False
chr2:239275992:G:A	MIR4269	0.99112386	0.5306122448979592	4	dELS	False
chr1:145475346:T:C	ENSG00000287374	0.98823047	0.5304740406320542	4	none	True
chr12:47394687:T:A	LINC02156	0.9993723	0.5304740406320542	4	dELS	True
chr9:37404775:C:T	GRHPR	0.993376	0.5303370786516854	4	dELS	False
chr20:48504154:C:A	RNU7-144P	0.99993455	0.5300668151447662	4	none	True
chr3:195684627:G:A	MIR570	0.93718785	0.5299334811529933	4	pELS	True
chr12:132600178:G:C	ENSG00000277186	1.0	0.5299334811529933	4	dELS	False
chr3:195952603:T:A	ENSG00000290762	1.0	0.5298165137614679	4	none	True
chr2:214931753:A:G	ENSG00000227769	1.0	0.5298165137614679	4	none	True
chr11:15941038:T:C	MIR6073	1.0	0.5296803652968036	4	dELS	True
chr9:124267457:G:A	ENSG00000227200	0.9999316	0.5295454545454545	4	dELS	False
chr16:34176407:C:G	BCAP31P1	0.92821866	0.5294117647058824	4	none	True
chr9:6566602:C:A	ENSG00000237158	0.94205415	0.5292792792792793	4	pELS	True
chr18:13448221:C:G	MIR5190	1.0	0.5291479820627802	4	dELS	True
chr10:71852159:C:T	PSAP	0.99945796	0.5291479820627802	4	pELS	True
chr14:94864988:G:T	ENSG00000274379	0.97760224	0.5290178571428571	4	CA-H3K4me3	True
chr17:83022096:A:C	B3GNTL1	0.99999136	0.5288888888888889	4	none	True
chr10:324797:C:T	RNA5SP298	0.98899525	0.5288888888888889	4	dELS	True
chr1:171280905:C:T	HMGB1P11	0.9951825	0.5287356321839081	4	dELS	False
chr4:48277358:C:T	TEC	0.99994636	0.528604118993135	4	CA-CTCF	False
chr20:3168530:C:T	LZTS3	0.91642904	0.5284738041002278	4	PLS	True
chr19:5990294:C:G	RANBP3	0.9969079	0.5284738041002278	4	dELS	False
chr15:30801294:T:G	RN7SL82P	0.99991107	0.528344671201814	4	none	True
chr9:136718168:C:A	DIPK1B	0.9495174	0.5282167042889391	4	none	True
chr9:104928714:G:A	ABCA1	0.9440192	0.5279642058165548	4	pELS	True
chr13:23695681:A:G	ENSG00000289332	1.0	0.5279642058165548	4	dELS	True
chr11:9840841:C:G	ENSG00000255476	0.9945217	0.5279642058165548	4	pELS	True
chr22:45247026:T:C	KIAA0930	1.0	0.5278396436525612	4	dELS	False
chr1:246696911:A:C	ENSG00000235021	0.9989041	0.5278396436525612	4	dELS	True
chr17:35447616:C:T	SLFN13	0.9999994	0.5278396436525612	4	pELS	True
chr17:1151914:A:G	ENSG00000275997	0.98884827	0.5277161862527716	4	none	True
chr1:161399804:T:A	ENSG00000283696	0.9999571	0.5276497695852534	4	pELS	False
chr10:124687039:G:C	FAM53B-AS1	0.90534174	0.5275229357798165	4	dELS	True
chr10:72332166:T:C	DNAJB12	0.929697	0.5274463007159904	4	dELS	True
chr10:42952564:T:G	LINC01264	0.9497332	0.5272727272727272	4	dELS	True
chr9:113594093:G:C	ENSG00000237073	0.99002856	0.5271493212669683	4	PLS	True
chr11:1752247:T:G	IFITM10	1.0	0.5271493212669683	4	pELS	False
chr22:46054417:C:T	ENSG00000231010	0.9999018	0.527027027027027	4	dELS	True
chr19:6670705:T:C	TNFSF14	1.0	0.5269058295964125	4	none	True
chr16:10179679:G:T	GRIN2A	0.99950975	0.5269058295964125	4	dELS	False
chr5:2738341:C:A	ENSG00000259757	0.99999946	0.5267857142857143	4	TF	False
chr4:173523751:G:A	HAND2-AS1	0.9993846	0.5267857142857143	4	dELS	False
chr5:177779034:C:T	ENSG00000249109	0.9897781	0.5266990291262136	4	none	True
chr10:5582110:G:C	ENSG00000287235	0.9806267	0.5266666666666666	4	dELS	True
chr1:243068977:A:G	LINC01347	0.98550844	0.5265588914549654	4	none	True
chr6:166752298:C:T	ENSG00000235008	1.0	0.5265486725663717	4	dELS	False
chr17:20677588:G:A	ENSG00000236504	1.0	0.5263157894736842	4	none	True
chr4:3285928:A:G	RGS12	0.99133563	0.5261958997722096	4	dELS	True
chr13:27448480:C:T	ENSG00000289827	0.99991375	0.5261958997722096	4	dELS	False
chr2:67896338:C:T	LINC01812	1.0	0.5260770975056689	4	dELS	False
chr18:13616594:G:A	MIR4526	0.99820185	0.5259593679458239	4	dELS	False
chr16:86791541:G:C	ENSG00000287010	0.99999845	0.5259593679458239	4	dELS	True
chr20:707704:C:G	SCRT2	0.99992245	0.5257270693512305	4	dELS	True
chr16:12752394:T:G	ENSG00000260378	0.9999088	0.5257270693512305	4	dELS	False
chr3:32626680:T:C	IGBP1P3	0.97936577	0.5257009345794392	4	none	True
chr7:155882285:A:G	ENSG00000204876	1.0	0.5256124721603563	4	dELS	False
chr14:19297599:C:T	NBEAP5	0.9951729	0.5256124721603563	4	CA	True
chr17:38891606:A:G	ENSG00000263466	0.98892486	0.5254988913525499	4	dELS	True
chr9:107637457:G:C	RNU6-996P	0.90253437	0.5248868778280543	4	dELS	False
chr16:29318232:A:G	ENSG00000260413	0.9999998	0.5248868778280543	4	dELS	False
chr8:60885579:G:A	ENSG00000287975	1.0	0.5247747747747747	4	none	True
chr16:799166:C:A	GNG13	1.0	0.5246636771300448	4	CA-H3K4me3	True
chr13:113078695:C:T	F7	1.0	0.5246636771300448	4	dELS	False
chr12:9814348:G:C	GCNAP1	0.99155813	0.5246636771300448	4	dELS	False
chr16:888717:A:G	ENSG00000260022	0.9998057	0.5245535714285714	4	CA-H3K4me3	True
chr14:104664765:A:C	LINC02280	0.9903783	0.5245535714285714	4	pELS	True
chr19:57803905:G:A	ZNF552	0.99968463	0.5243619489559165	4	dELS	True
chr9:136866722:G:C	EDF1	0.9388199	0.5239179954441914	4	pELS	False
chr21:9067769:C:T	ENSG00000279501	0.95076156	0.5235955056179775	4	none	True
chr20:4985136:C:A	SLC23A2	0.90565693	0.5235955056179775	4	dELS	False
chr1:226345147:T:C	ENSG00000289348	1.0	0.5235955056179775	4	dELS	True
chr2:10408700:T:C	SNORA80B	1.0	0.5234899328859061	4	none	True
chr22:43187592:T:C	TTLL12	1.0	0.5234899328859061	4	pELS	True
chr8:20123793:T:C	RPL30P9	0.9999982	0.5233853006681515	4	dELS	True
chr10:31750315:C:T	Y_RNA	0.9996701	0.5227272727272727	4	dELS	True
chr3:193842841:A:G	LINC02038	1.0	0.5226244343891403	4	pELS	False
chr12:132220492:A:G	ENSG00000279480	0.9996535	0.5226244343891403	4	none	True
chr1:2047418:A:G	PRKCZ-DT	0.99905473	0.5225225225225225	4	dELS	True
chr16:12062449:G:C	RPS23P6	0.9855846	0.5224215246636771	4	dELS	False
chr8:7536511:A:G	FAM90A22	0.9998915	0.5223880597014925	4	none	True
chr9:135261004:C:G	ENSG00000233936	1.0	0.5222222222222223	4	dELS	True
chr17:79113962:T:C	ENSG00000266711	0.99235034	0.5222222222222223	4	dELS	False
chr3:195735029:T:C	MUC20	0.9552242	0.5219638242894057	4	dELS	False
chr11:64247235:A:G	OTUB1	0.97944194	0.5217391304347826	4	none	True
chr22:30821358:C:T	EIF4HP2	0.9998045	0.5216400911161732	4	none	True
chr2:185425115:C:T	ENSG00000286797	1.0	0.5215419501133787	4	none	True
chr16:70794366:C:T	VAC14	0.99999964	0.5215419501133787	4	dELS	False
chr5:131212687:C:T	ENSG00000290020	0.99998623	0.5215311004784688	4	none	True
chr2:493960:T:C	ENSG00000284452	0.9954625	0.5212527964205816	4	none	True
chr16:89156036:C:T	LINC02138	0.9999999	0.5212527964205816	4	none	True
chr10:128095649:T:C	MKI67	0.9999998	0.5212527964205816	4	dELS	False
chr19:16547873:T:C	ENSG00000268309	0.99993837	0.5211267605633803	4	dELS	False
chr4:39972235:C:G	ENSG00000250568	0.98862875	0.5205479452054794	4	none	True
chr4:11426698:A:T	ENSG00000287778	0.99999505	0.5204545454545455	4	pELS	False
chr22:49918145:G:A	CRELD2	0.9510858	0.5204545454545455	4	none	True
chr10:2951142:T:C	ENSG00000231743	0.9981853	0.5203619909502263	4	dELS	True
chr6:36974705:A:G	MTCH1	0.9531466	0.5202702702702703	4	dELS	False
chr4:184438262:G:T	SNORD79	1.0	0.5200892857142857	4	dELS	False
chr22:44754937:A:C	ARHGAP8	0.91667396	0.5200892857142857	4	dELS	False
chr10:50327179:C:G	ENSG00000286401	1.0	0.5200892857142857	4	none	True
chr17:902158:C:T	ENSG00000262133	0.99884504	0.52	4	pELS	False
chr20:63135594:G:A	ENSG00000260416	0.9915574	0.5199115044247787	4	CA	False
chr12:53422038:A:G	AMHR2	0.9587684	0.5197215777262181	4	pELS	True
chr12:57739707:C:G	TSPAN31	0.9880227	0.5196304849884527	4	pELS	False
chr18:9404701:G:C	ENSG00000273335	1.0	0.5195402298850574	4	none	True
chr19:35775053:A:G	ARHGAP33	0.95974046	0.5193621867881549	4	pELS	False
chr15:92854340:C:T	ENSG00000288872	0.99999857	0.5193621867881549	4	none	True
chr7:29589063:T:A	PRR15	0.9764989	0.5192743764172335	4	dELS	False
chr6:161185685:T:C	AGPAT4	0.99878854	0.5191873589164786	4	dELS	True
chr9:128029124:C:T	ENSG00000230848	0.99999577	0.5191011235955056	4	dELS	False
chr5:836425:C:A	SPCS2P3	0.9950374	0.5191011235955056	4	dELS	False
chr13:111328915:C:T	TEX29	0.92419213	0.5191011235955056	4	CA	False
chr11:34235414:A:G	ENSG00000255207	0.99991274	0.5191011235955056	4	none	True
chr15:66116069:G:A	MIR4311	1.0	0.5190156599552572	4	dELS	False
chr20:55963754:G:A	CBLN4	1.0	0.5189309576837416	4	none	True
chr1:927486:C:T	SAMD11	0.99947256	0.5189309576837416	4	pELS	True
chr18:76579302:A:G	ENSG00000286090	0.9999404	0.5188470066518847	4	dELS	True
chr10:59900230:C:T	CCDC6	0.99998343	0.5184331797235023	4	dELS	False
chr6:52537444:A:C	TRAM2-AS1	0.99933183	0.518348623853211	4	dELS	False
chr7:148404465:G:C	U3	0.9513486	0.5180995475113123	4	none	True
chr4:6939433:G:A	TBC1D14	0.9995241	0.5180995475113123	4	dELS	False
chr21:41952724:G:A	C2CD2	1.0	0.5180995475113123	4	pELS	False
chr15:89376714:A:C	ENSG00000289128	0.99065566	0.5180995475113123	4	dELS	True
chr7:101630810:C:A	MYL10	0.9930398	0.5180180180180181	4	pELS	False
chr4:188041860:T:G	ZFP42	0.97184515	0.5180180180180181	4	none	True
chr1:246976522:C:T	ZNF695	1.0	0.5180180180180181	4	none	True
chr15:96489770:C:G	RN7SKP254	0.9992508	0.5180180180180181	4	CA-H3K4me3	False
chr12:8788550:G:A	LINC02972	0.99983704	0.5180180180180181	4	pELS	True
chr9:126706207:T:C	ENSG00000286428	0.994124	0.5179372197309418	4	pELS	False
chr4:4407557:A:C	NSG1	0.9888261	0.5179372197309418	4	dELS	True
chr17:3544023:A:T	TRPV3	1.0	0.5179372197309418	4	none	True
chr12:128790563:T:C	ENSG00000279500	0.99927443	0.5179372197309418	4	dELS	True
chr10:132140607:G:C	JAKMIP3-AS1	0.93392843	0.5178571428571429	4	dELS	True
chr12:132358770:C:A	ENSG00000286008	0.95492065	0.5177777777777778	4	CA	True
chr20:63084866:C:T	ENSG00000274915	0.99969786	0.5176991150442478	4	CA-H3K4me3	False
chr8:12483551:C:T	ENSG00000270154	0.9999756	0.517162471395881	4	none	True
chr15:75007427:G:A	Y_RNA	0.9005855	0.5170842824601367	4	pELS	True
chr4:93644429:C:T	RNA5SP164	0.91468346	0.5170068027210885	4	none	True
chr7:23025964:T:C	HYCC1	0.9970379	0.5168539325842697	4	none	True
chr1:111197723:C:G	CHI3L2	1.0	0.5168539325842697	4	dELS	False
chr9:137114987:C:T	DPP7	0.99249357	0.5167785234899329	4	pELS	True
chr7:158236007:G:A	ENSG00000289418	0.9157342	0.5167785234899329	4	none	True
chr21:41899675:A:G	ENSG00000251778	0.99997205	0.5167785234899329	4	dELS	True
chr10:117952066:G:T	ENSG00000231104	0.929958	0.5167037861915368	4	none	True
chr7:157481795:C:T	ENSG00000223872	1.0	0.516629711751663	4	CA	False
chr9:5043007:C:T	CSNK1G2P1	0.9490458	0.5161290322580645	4	dELS	False
chr2:161244750:G:A	LINC01806	0.9999995	0.5161290322580645	4	none	True
chr6:52308274:G:A	MCM3	0.99339086	0.5159090909090909	4	dELS	False
chr2:134583630:A:G	ENSG00000287463	0.99804664	0.5159090909090909	4	dELS	False
chr17:2709638:T:G	ENSG00000262050	0.955415	0.5159090909090909	4	dELS	True
chr10:127012405:C:T	ENSG00000232935	1.0	0.5158371040723982	4	dELS	False
chr8:144528803:C:G	LRRC24	0.96218544	0.515695067264574	4	pELS	True
chr7:2651567:C:A	ENSG00000288792	1.0	0.515695067264574	4	dELS	False
chr12:124676090:C:A	ENSG00000280097	0.9711745	0.515695067264574	4	dELS	True
chr4:7299561:G:C	MIR4798	0.9758612	0.515625	4	dELS	True
chr15:31201133:C:T	LINC02352	0.99477214	0.515625	4	dELS	False
chr10:46466022:G:C	NPY4R	1.0	0.515625	4	none	True
chr16:84943007:A:G	LINC02176	1.0	0.5155555555555555	4	dELS	False
chr20:62582302:G:T	ENSG00000264490	0.9953121	0.5154867256637168	4	dELS	True
chr11:86048704:T:C	PICALM	0.9675386	0.5148741418764302	4	dELS	True
chr15:90249528:T:G	ENSG00000261147	0.95118845	0.5147392290249433	4	none	True
chr9:81655246:A:C	TLE1	0.9955228	0.5146726862302483	4	dELS	True
chr4:822164:G:A	CPLX1	0.99994105	0.5146726862302483	4	CA	True
chr4:53590607:G:A	LNX1-AS2	0.998552	0.5146726862302483	4	pELS	False
chr14:104386343:A:G	ENSG00000258598	0.99709874	0.5146726862302483	4	dELS	False
chr6:170103381:C:T	ENSG00000287823	1.0	0.5145413870246085	4	dELS	False
chr19:601373:G:A	ENSG00000267036	0.9999998	0.5144766146993318	4	dELS	True
chr13:52600328:C:A	ENSG00000290856	0.99664825	0.5138248847926268	4	pELS	False
chr9:129460251:T:C	ENSG00000230676	0.9289455	0.5137614678899083	4	dELS	True
chr7:104216843:G:A	ORC5	0.9961838	0.5135135135135135	4	none	True
chr1:165842249:C:A	TMCO1	1.0	0.5135135135135135	4	dELS	False
chr4:677041:C:T	PDE6B-AS1	0.97804964	0.5133928571428571	4	pELS	True
chr19:46601278:T:A	PPP5D1P	0.99999917	0.5133928571428571	4	pELS	True
chr14:92582025:T:C	RIN3	0.9826518	0.5133928571428571	4	dELS	False
chr10:96741166:T:C	RNU6-1274P	1.0	0.5133928571428571	4	pELS	False
chr17:79152284:A:G	ENSG00000266711	0.99991435	0.5133333333333333	4	dELS	False
chr17:208862:G:A	LINC02091	0.9998817	0.5133333333333333	4	none	True
chr16:89590137:T:G	DPEP1	0.9989266	0.5133333333333333	4	dELS	True
chr16:761746:C:T	MSLN	0.9999831	0.5133333333333333	4	pELS	False
chr2:236159562:G:A	Y_RNA	0.9978269	0.5127020785219399	4	none	True
chr12:2212702:A:T	ENSG00000278255	0.9999911	0.5127020785219399	4	dELS	True
chr4:10052111:A:G	SLC2A9	1.0	0.5126436781609195	4	dELS	True
chr14:95666158:A:C	ENSG00000259084	0.9997894	0.5124153498871332	4	dELS	False
chr5:168420502:C:T	RARS1	0.90730804	0.5123595505617977	4	dELS	True
chr15:60399721:G:A	ANXA2	0.99077713	0.5123595505617977	4	none	True
chr22:37148067:A:G	ENSG00000235237	0.99823725	0.512249443207127	4	pELS	False
chr17:17685958:C:T	RAI1	0.9999234	0.5115740740740741	4	dELS	False
chr7:157331310:C:T	DNAJB6	1.0	0.5114155251141552	4	CA	False
chr4:1055599:C:T	ENSG00000250259	0.9463567	0.5114155251141552	4	CA-H3K4me3	True
chr9:36154454:G:T	CCIN	0.99908614	0.5113636363636364	4	none	True
chr9:130893782:G:A	QRFP	1.0	0.5113122171945701	4	PLS	True
chr8:39945821:G:A	IDO2	0.9944268	0.5113122171945701	4	dELS	False
chr8:11348753:T:C	TDH-AS1	0.9466991	0.5112612612612613	4	none	True
chr1:248470341:T:C	OR2T3	1.0	0.5112612612612613	4	none	True
chr22:49936040:T:G	PIM3	0.9380949	0.5112107623318386	4	dELS	True
chr22:37580969:G:A	LGALS2	1.0	0.5112107623318386	4	pELS	True
chr1:244324978:G:A	ENSG00000289439	0.9551535	0.5112107623318386	4	pELS	False
chr1:160628113:A:G	SLAMF1	0.93081486	0.5112107623318386	4	dELS	True
chr1:159937577:T:C	IGSF9	0.9989268	0.5112107623318386	4	dELS	False
chr19:6464925:G:T	SLC25A23	0.9996939	0.5112107623318386	4	PLS	True
chr19:11046747:A:G	ENSG00000278643	1.0	0.5112107623318386	4	dELS	False
chr9:136343450:C:T	GPSM1	0.98872435	0.5111607142857143	4	dELS	True
chr21:46169254:G:A	FTCD	0.9669101	0.5111607142857143	4	dELS	True
chr20:63946888:G:A	UCKL1-AS1	0.9628078	0.5111111111111111	4	dELS	True
chr11:1657831:G:T	ENSG00000231487	0.999969	0.5110619469026548	4	dELS	False
chr11:1449924:C:T	ENSG00000285581	1.0	0.5110619469026548	4	none	True
chr13:24923885:A:G	CENPJ	0.98637587	0.510250569476082	4	pELS	True
chr8:28185617:A:G	ENSG00000250516	1.0	0.5102040816326531	4	dELS	False
chr17:82818167:C:T	ZNF750	0.9996588	0.5102040816326531	4	dELS	True
chr7:37350174:G:C	RNU6-565P	0.9900275	0.510158013544018	4	pELS	False
chr6:157626421:T:C	SNX9	1.0	0.510158013544018	4	dELS	True
chr1:220874261:G:A	ENSG00000289142	1.0	0.510158013544018	4	dELS	False
chr19:946597:T:C	ENSG00000275162	0.99987906	0.510158013544018	4	none	True
chr1:230274416:C:T	ENSG00000227006	0.9999597	0.5101123595505618	4	dELS	True
chr17:76443114:T:A	UBE2O	0.9688214	0.5101123595505618	4	dELS	True
chr7:5932145:T:C	CCZ1	1.0	0.5100671140939598	4	dELS	True
chr7:1812530:G:A	ENSG00000176349	0.999247	0.5100671140939598	4	dELS	True
chr5:420417:T:C	ENSG00000250645	0.9953439	0.5100671140939598	4	dELS	False
chr2:237906181:A:C	SNORD39	0.9999965	0.5100671140939598	4	dELS	False
chr5:60416493:G:A	RPL31P8	1.0	0.5093457943925234	4	dELS	True
chr15:22797059:A:G	ENSG00000291163	1.0	0.5092592592592593	4	none	True
chr3:116360016:C:A	LSAMP-AS1	1.0	0.5091743119266054	4	none	True
chr13:24606013:C:T	ENSG00000285228	1.0	0.5091324200913242	4	dELS	False
chr17:40096407:G:A	NR1D1	0.9990787	0.509090909090909	4	dELS	False
chr17:3747357:A:G	ENSG00000262358	1.0	0.5090497737556561	4	dELS	False
chr6:16700602:G:A	ATXN1-AS1	1.0	0.5089686098654709	4	dELS	False
chr3:196171206:A:G	ENSG00000289219	0.99981314	0.5089686098654709	4	dELS	False
chr13:75303116:A:G	LINC01078	0.9999964	0.5089686098654709	4	none	True
chr1:246659582:A:G	ENSG00000260698	0.95856166	0.5089285714285714	4	dELS	False
chr19:892003:T:C	MED16	0.9974413	0.5089285714285714	4	pELS	True
chr17:77323908:A:G	SEPTIN9-DT	0.99976116	0.5089285714285714	4	pELS	False
chr16:1095283:A:G	C1QTNF8	0.9996419	0.5089285714285714	4	pELS	True
chr9:137383374:C:T	EXD3	0.9998071	0.5088888888888888	4	dELS	True
chr8:1942482:T:C	ENSG00000285957	1.0	0.5088888888888888	4	dELS	False
chr10:133047807:G:T	ENSG00000289039	0.98413014	0.5088888888888888	4	dELS	True
chr6:6659129:C:G	ENSG00000279368	0.99992025	0.5079365079365079	4	dELS	False
chr2:127639232:A:G	GPR17	0.99974746	0.5079006772009029	4	dELS	True
chr17:6842322:A:G	TEKT1	0.9350291	0.5079006772009029	4	dELS	True
chr7:1743137:G:A	ELFN1-AS1	0.9944323	0.5078651685393258	4	pELS	True
chr17:15603003:C:G	ENSG00000223544	1.0	0.5078299776286354	4	none	True
chr10:71824669:T:C	RNU7-38P	0.9999971	0.5078299776286354	4	none	True
chr9:27466682:C:T	ENSG00000287355	1.0	0.5077951002227171	4	dELS	False
chr20:61948739:G:A	MIR1257	0.99999905	0.5077605321507761	4	none	True
chr17:355521:G:C	ENSG00000262558	0.9293609	0.5077605321507761	4	pELS	True
chr11:19963892:A:T	NAV2-AS3	0.9109661	0.5077605321507761	4	dELS	True
chr10:14692787:C:T	RNA5SP302	0.9999543	0.5068181818181818	4	dELS	False
chr1:1948037:T:A	TMEM52	1.0	0.5067567567567568	4	none	True
chr15:63883106:T:G	ENSG00000275785	1.0	0.5067567567567568	4	dELS	False
chr8:124689712:C:G	MTSS1	1.0	0.5066666666666667	4	none	True
chr4:5733576:C:T	EVC	0.9956916	0.5066666666666667	4	none	True
chr10:5576839:G:T	ENSG00000287235	0.99887997	0.5066666666666667	4	dELS	True
chr12:109264599:C:T	FOXN4	1.0	0.5057471264367817	4	dELS	False
chr1:1760882:T:C	ENSG00000290854	1.0	0.5056689342403629	4	none	True
chr19:14386240:G:A	ADGRE5	1.0	0.5056179775280899	4	dELS	False
chr16:89624280:C:T	DPEP1	0.9990545	0.5055928411633109	4	dELS	True
chr16:88505648:T:C	ZFPM1-AS1	0.99967307	0.5055928411633109	4	dELS	True
chr12:132464972:T:C	ENSG00000256875	0.9999985	0.5055679287305123	4	dELS	False
chr17:834730:C:G	ENSG00000277491	0.99999994	0.5055432372505543	4	none	True
chr10:720438:C:T	ENSG00000231601	1.0	0.5055432372505543	4	CA-CTCF	True
chr9:102050507:A:T	ARL2BPP7	1.0	0.5046296296296297	4	none	True
chr1:41783308:A:G	ENSG00000284895	0.9999856	0.5045662100456622	4	dELS	False
chr8:100472779:A:C	ENSG00000253666	0.9458902	0.5045045045045045	4	dELS	True
chr5:154646133:C:T	LARP1	0.9853297	0.5045045045045045	4	TF	True
chr3:15272091:G:A	SH3BP5-AS1	1.0	0.5045045045045045	4	dELS	False
chr2:215828178:A:G	LINC00607	0.99999964	0.5045045045045045	4	pELS	False
chr11:120267491:C:T	ENSG00000259541	1.0	0.5045045045045045	4	pELS	False
chr9:112945930:G:T	MUPP	1.0	0.5044843049327354	4	CA-CTCF	False
chr13:113953640:T:C	C13orf46	0.9999361	0.5044843049327354	4	dELS	True
chr12:124388041:T:C	ENSG00000255965	0.99845606	0.5044843049327354	4	dELS	True
chr3:183044649:G:A	MCCC1-AS1	0.9668554	0.5034642032332564	4	dELS	True
chr12:51394964:G:A	GALNT6	0.99903405	0.5033860045146726	4	dELS	False
chr9:2156874:G:A	RNU2-25P	0.9999999	0.503370786516854	4	pELS	False
chr2:128372207:C:T	Y_RNA	0.99882334	0.503370786516854	4	dELS	False
chr17:21839169:C:T	ENSG00000265233	0.9923668	0.503370786516854	4	none	True
chr10:14584193:T:C	ENSG00000236495	0.99867404	0.503370786516854	4	dELS	True
chr8:2133617:T:G	ENSG00000287970	0.33524317	0.5033557046979866	4	dELS	True
chr7:26109943:A:T	ENSG00000289053	0.9945944	0.5033557046979866	4	none	True
chr4:186191475:G:C	CYP4V2	1.0	0.5033557046979866	4	none	True
chr6:38702291:C:T	GLO1	1.0	0.5033407572383074	4	pELS	True
chr19:57173764:T:G	ENSG00000268379	0.99128705	0.5033407572383074	4	none	True
chr18:9778951:C:T	ZNF415P1	0.937584	0.5033407572383074	4	none	True
chr16:88600316:G:A	ZC3H18	1.0	0.5033407572383074	4	dELS	False
chr16:86738817:G:A	LINC02189	0.9939576	0.5033407572383074	4	CA-H3K4me3	False
chr17:76480952:T:C	SAP30BP	0.9563282	0.5033259423503326	4	pELS	True
chr9:91857995:A:T	ROR2	1.0	0.5023255813953489	4	dELS	False
chr6:88616498:C:T	SNORA73	1.0	0.5023041474654378	4	none	True
chr6:8075464:T:C	BLOC1S5	0.9910459	0.502283105022831	4	dELS	True
chr10:119222844:C:T	RN7SL749P	1.0	0.5022727272727273	4	none	True
chr5:1129631:A:G	SLC12A7	0.95824474	0.502262443438914	4	dELS	True
chr17:8916496:C:T	PIK3R6	0.9410268	0.5022522522522522	4	dELS	True
chr19:4726788:A:G	DPP9	0.91709155	0.5022421524663677	4	dELS	True
chr8:143427537:C:T	MAFA-AS1	0.92575705	0.5022321428571429	4	CA-H3K4me3	True
chr21:44303800:T:C	PFKL	0.9727204	0.5022321428571429	4	dELS	True
chr20:436968:T:C	Y_RNA	0.99478704	0.5022321428571429	4	none	True
chr22:46416105:A:G	FAM136EP	0.9997719	0.5022222222222222	4	dELS	True
chr12:130553572:C:T	ENSG00000279146	1.0	0.5022222222222222	4	dELS	False
chr16:31103613:G:C	PRSS36	0.9666053	0.5011764705882353	4	CA-TF	True
chr7:141927349:G:A	OR9A4	0.99986494	0.5011389521640092	4	none	True
chr10:100716589:C:G	PAX2	0.99953777	0.5011389521640092	4	none	True
chr17:8061912:G:T	ALOXE3P1	0.99984	0.5011337868480725	4	pELS	True
chr10:126039027:G:A	FANK1-AS1	0.9995522	0.5011286681715575	4	dELS	False
chr19:29402844:C:T	ENSG00000267574	0.99526995	0.501123595505618	4	CA	False
chr7:154876755:T:C	ENSG00000236408	0.99851245	0.5011135857461024	4	dELS	True
chr17:78126139:A:G	TMC8	0.9959734	0.5011086474501109	4	pELS	True
