sample_id	hp1_url	hp2_url
HG00097	https://1000g-ont.s3.amazonaws.com/PROCESSED_DATA/ALIGNED_TO_HG38/MODKIT/HG00097-ONT-hg38-R10-LSK114-dorado034_sup_5mCG_5hmCG_v33/HG00097-ONT-hg38-R10-LSK114-dorado034_sup_5mCG_5hmCG_v33_hp1.bed.gz	https://1000g-ont.s3.amazonaws.com/PROCESSED_DATA/ALIGNED_TO_HG38/MODKIT/HG00097-ONT-hg38-R10-LSK114-dorado034_sup_5mCG_5hmCG_v33/HG00097-ONT-hg38-R10-LSK114-dorado034_sup_5mCG_5hmCG_v33_hp2.bed.gz
HG00102	https://1000g-ont.s3.amazonaws.com/PROCESSED_DATA/ALIGNED_TO_HG38/MODKIT/HG00102-ONT-hg38-R10-LSK114-dorado081_sup_5mCG_5hmCG_v500/HG00102-ONT-hg38-R10-LSK114-dorado081_sup_5mCG_5hmCG_v500_hp1.bed.gz	https://1000g-ont.s3.amazonaws.com/PROCESSED_DATA/ALIGNED_TO_HG38/MODKIT/HG00102-ONT-hg38-R10-LSK114-dorado081_sup_5mCG_5hmCG_v500/HG00102-ONT-hg38-R10-LSK114-dorado081_sup_5mCG_5hmCG_v500_hp2.bed.gz
HG00105	https://1000g-ont.s3.amazonaws.com/PROCESSED_DATA/ALIGNED_TO_HG38/MODKIT/HG00105-ONT-hg38-R9-LSK110-guppy-sup-5mC/HG00105-ONT-hg38-R9-LSK110-guppy-sup-5mC_hp1.bed.gz	https://1000g-ont.s3.amazonaws.com/PROCESSED_DATA/ALIGNED_TO_HG38/MODKIT/HG00105-ONT-hg38-R9-LSK110-guppy-sup-5mC/HG00105-ONT-hg38-R9-LSK110-guppy-sup-5mC_hp2.bed.gz
HG00108	https://1000g-ont.s3.amazonaws.com/PROCESSED_DATA/ALIGNED_TO_HG38/MODKIT/HG00108-ONT-hg38-R9-LSK110-dorado050_sup_5mCG_v33/HG00108-ONT-hg38-R9-LSK110-dorado050_sup_5mCG_v33_hp1.bed.gz	https://1000g-ont.s3.amazonaws.com/PROCESSED_DATA/ALIGNED_TO_HG38/MODKIT/HG00108-ONT-hg38-R9-LSK110-dorado050_sup_5mCG_v33/HG00108-ONT-hg38-R9-LSK110-dorado050_sup_5mCG_v33_hp2.bed.gz
HG00109	https://1000g-ont.s3.amazonaws.com/PROCESSED_DATA/ALIGNED_TO_HG38/MODKIT/HG00109-ONT-hg38-R10-LSK114-dorado081_sup_5mCG_5hmCG_v500/HG00109-ONT-hg38-R10-LSK114-dorado081_sup_5mCG_5hmCG_v500_hp1.bed.gz	https://1000g-ont.s3.amazonaws.com/PROCESSED_DATA/ALIGNED_TO_HG38/MODKIT/HG00109-ONT-hg38-R10-LSK114-dorado081_sup_5mCG_5hmCG_v500/HG00109-ONT-hg38-R10-LSK114-dorado081_sup_5mCG_5hmCG_v500_hp2.bed.gz
HG00110	https://1000g-ont.s3.amazonaws.com/PROCESSED_DATA/ALIGNED_TO_HG38/MODKIT/HG00110-ONT-hg38-R9-LSK110-guppy-sup-5mC/HG00110-ONT-hg38-R9-LSK110-guppy-sup-5mC_hp1.bed.gz	https://1000g-ont.s3.amazonaws.com/PROCESSED_DATA/ALIGNED_TO_HG38/MODKIT/HG00110-ONT-hg38-R9-LSK110-guppy-sup-5mC/HG00110-ONT-hg38-R9-LSK110-guppy-sup-5mC_hp2.bed.gz
HG00112	https://1000g-ont.s3.amazonaws.com/PROCESSED_DATA/ALIGNED_TO_HG38/MODKIT/HG00112-ONT-hg38-R10-LSK114-dorado090_sup_5mCG_5hmCG_v500/HG00112-ONT-hg38-R10-LSK114-dorado090_sup_5mCG_5hmCG_v500_hp1.bed.gz	https://1000g-ont.s3.amazonaws.com/PROCESSED_DATA/ALIGNED_TO_HG38/MODKIT/HG00112-ONT-hg38-R10-LSK114-dorado090_sup_5mCG_5hmCG_v500/HG00112-ONT-hg38-R10-LSK114-dorado090_sup_5mCG_5hmCG_v500_hp2.bed.gz
HG00113	https://1000g-ont.s3.amazonaws.com/PROCESSED_DATA/ALIGNED_TO_HG38/MODKIT/HG00113-ONT-hg38-R10-LSK114-dorado090_sup_5mCG_5hmCG_v500/HG00113-ONT-hg38-R10-LSK114-dorado090_sup_5mCG_5hmCG_v500_hp1.bed.gz	https://1000g-ont.s3.amazonaws.com/PROCESSED_DATA/ALIGNED_TO_HG38/MODKIT/HG00113-ONT-hg38-R10-LSK114-dorado090_sup_5mCG_5hmCG_v500/HG00113-ONT-hg38-R10-LSK114-dorado090_sup_5mCG_5hmCG_v500_hp2.bed.gz
HG00115	https://1000g-ont.s3.amazonaws.com/PROCESSED_DATA/ALIGNED_TO_HG38/MODKIT/HG00115-ONT-hg38-R10-LSK114-dorado090_sup_5mCG_5hmCG_v500/HG00115-ONT-hg38-R10-LSK114-dorado090_sup_5mCG_5hmCG_v500_hp1.bed.gz	https://1000g-ont.s3.amazonaws.com/PROCESSED_DATA/ALIGNED_TO_HG38/MODKIT/HG00115-ONT-hg38-R10-LSK114-dorado090_sup_5mCG_5hmCG_v500/HG00115-ONT-hg38-R10-LSK114-dorado090_sup_5mCG_5hmCG_v500_hp2.bed.gz
HG00116	https://1000g-ont.s3.amazonaws.com/PROCESSED_DATA/ALIGNED_TO_HG38/MODKIT/HG00116-ONT-hg38-R10-LSK114-dorado082_sup_5mCG_5hmCG_v500/HG00116-ONT-hg38-R10-LSK114-dorado082_sup_5mCG_5hmCG_v500_hp1.bed.gz	https://1000g-ont.s3.amazonaws.com/PROCESSED_DATA/ALIGNED_TO_HG38/MODKIT/HG00116-ONT-hg38-R10-LSK114-dorado082_sup_5mCG_5hmCG_v500/HG00116-ONT-hg38-R10-LSK114-dorado082_sup_5mCG_5hmCG_v500_hp2.bed.gz
HG00119	https://1000g-ont.s3.amazonaws.com/PROCESSED_DATA/ALIGNED_TO_HG38/MODKIT/HG00119-ONT-hg38-R10-LSK114-dorado090_sup_5mCG_5hmCG_v500/HG00119-ONT-hg38-R10-LSK114-dorado090_sup_5mCG_5hmCG_v500_hp1.bed.gz	https://1000g-ont.s3.amazonaws.com/PROCESSED_DATA/ALIGNED_TO_HG38/MODKIT/HG00119-ONT-hg38-R10-LSK114-dorado090_sup_5mCG_5hmCG_v500/HG00119-ONT-hg38-R10-LSK114-dorado090_sup_5mCG_5hmCG_v500_hp2.bed.gz
HG00121	https://1000g-ont.s3.amazonaws.com/PROCESSED_DATA/ALIGNED_TO_HG38/MODKIT/HG00121-ONT-hg38-R9-LSK110-guppy-sup-5mC/HG00121-ONT-hg38-R9-LSK110-guppy-sup-5mC_hp1.bed.gz	https://1000g-ont.s3.amazonaws.com/PROCESSED_DATA/ALIGNED_TO_HG38/MODKIT/HG00121-ONT-hg38-R9-LSK110-guppy-sup-5mC/HG00121-ONT-hg38-R9-LSK110-guppy-sup-5mC_hp2.bed.gz
HG00126	https://1000g-ont.s3.amazonaws.com/PROCESSED_DATA/ALIGNED_TO_HG38/MODKIT/HG00126-ONT-hg38-R9-LSK110-dorado050_sup_5mCG_v33/HG00126-ONT-hg38-R9-LSK110-dorado050_sup_5mCG_v33_hp1.bed.gz	https://1000g-ont.s3.amazonaws.com/PROCESSED_DATA/ALIGNED_TO_HG38/MODKIT/HG00126-ONT-hg38-R9-LSK110-dorado050_sup_5mCG_v33/HG00126-ONT-hg38-R9-LSK110-dorado050_sup_5mCG_v33_hp2.bed.gz
HG00127	https://1000g-ont.s3.amazonaws.com/PROCESSED_DATA/ALIGNED_TO_HG38/MODKIT/HG00127-ONT-hg38-R9-LSK110-guppy-sup-5mC/HG00127-ONT-hg38-R9-LSK110-guppy-sup-5mC_hp1.bed.gz	https://1000g-ont.s3.amazonaws.com/PROCESSED_DATA/ALIGNED_TO_HG38/MODKIT/HG00127-ONT-hg38-R9-LSK110-guppy-sup-5mC/HG00127-ONT-hg38-R9-LSK110-guppy-sup-5mC_hp2.bed.gz
HG00136	https://1000g-ont.s3.amazonaws.com/PROCESSED_DATA/ALIGNED_TO_HG38/MODKIT/HG00136-ONT-hg38-R9-LSK110-guppy-sup-5mC/HG00136-ONT-hg38-R9-LSK110-guppy-sup-5mC_hp1.bed.gz	https://1000g-ont.s3.amazonaws.com/PROCESSED_DATA/ALIGNED_TO_HG38/MODKIT/HG00136-ONT-hg38-R9-LSK110-guppy-sup-5mC/HG00136-ONT-hg38-R9-LSK110-guppy-sup-5mC_hp2.bed.gz
HG00142	https://1000g-ont.s3.amazonaws.com/PROCESSED_DATA/ALIGNED_TO_HG38/MODKIT/HG00142-ONT-hg38-R10-LSK114-dorado034_sup_5mCG_5hmCG_v33/HG00142-ONT-hg38-R10-LSK114-dorado034_sup_5mCG_5hmCG_v33_hp1.bed.gz	https://1000g-ont.s3.amazonaws.com/PROCESSED_DATA/ALIGNED_TO_HG38/MODKIT/HG00142-ONT-hg38-R10-LSK114-dorado034_sup_5mCG_5hmCG_v33/HG00142-ONT-hg38-R10-LSK114-dorado034_sup_5mCG_5hmCG_v33_hp2.bed.gz
HG00143	https://1000g-ont.s3.amazonaws.com/PROCESSED_DATA/ALIGNED_TO_HG38/MODKIT/HG00143-ONT-hg38-R10-LSK114-dorado050_sup_5mCG_v430/HG00143-ONT-hg38-R10-LSK114-dorado050_sup_5mCG_v430_hp1.bed.gz	https://1000g-ont.s3.amazonaws.com/PROCESSED_DATA/ALIGNED_TO_HG38/MODKIT/HG00143-ONT-hg38-R10-LSK114-dorado050_sup_5mCG_v430/HG00143-ONT-hg38-R10-LSK114-dorado050_sup_5mCG_v430_hp2.bed.gz
HG00145	https://1000g-ont.s3.amazonaws.com/PROCESSED_DATA/ALIGNED_TO_HG38/MODKIT/HG00145-ONT-hg38-R10-LSK114-dorado050_sup_5mCG_5hmCG_v430/HG00145-ONT-hg38-R10-LSK114-dorado050_sup_5mCG_5hmCG_v430_hp1.bed.gz	https://1000g-ont.s3.amazonaws.com/PROCESSED_DATA/ALIGNED_TO_HG38/MODKIT/HG00145-ONT-hg38-R10-LSK114-dorado050_sup_5mCG_5hmCG_v430/HG00145-ONT-hg38-R10-LSK114-dorado050_sup_5mCG_5hmCG_v430_hp2.bed.gz
HG00151	https://1000g-ont.s3.amazonaws.com/PROCESSED_DATA/ALIGNED_TO_HG38/MODKIT/HG00151-ONT-hg38-R9-LSK110-guppy-sup-5mC/HG00151-ONT-hg38-R9-LSK110-guppy-sup-5mC_hp1.bed.gz	https://1000g-ont.s3.amazonaws.com/PROCESSED_DATA/ALIGNED_TO_HG38/MODKIT/HG00151-ONT-hg38-R9-LSK110-guppy-sup-5mC/HG00151-ONT-hg38-R9-LSK110-guppy-sup-5mC_hp2.bed.gz
HG00154	https://1000g-ont.s3.amazonaws.com/PROCESSED_DATA/ALIGNED_TO_HG38/MODKIT/HG00154-ONT-hg38-R10-LSK114-dorado090_sup_5mCG_5hmCG_v500/HG00154-ONT-hg38-R10-LSK114-dorado090_sup_5mCG_5hmCG_v500_hp1.bed.gz	https://1000g-ont.s3.amazonaws.com/PROCESSED_DATA/ALIGNED_TO_HG38/MODKIT/HG00154-ONT-hg38-R10-LSK114-dorado090_sup_5mCG_5hmCG_v500/HG00154-ONT-hg38-R10-LSK114-dorado090_sup_5mCG_5hmCG_v500_hp2.bed.gz
HG00155	https://1000g-ont.s3.amazonaws.com/PROCESSED_DATA/ALIGNED_TO_HG38/MODKIT/HG00155-ONT-hg38-R10-LSK114-dorado081_sup_5mCG_5hmCG_v500/HG00155-ONT-hg38-R10-LSK114-dorado081_sup_5mCG_5hmCG_v500_hp1.bed.gz	https://1000g-ont.s3.amazonaws.com/PROCESSED_DATA/ALIGNED_TO_HG38/MODKIT/HG00155-ONT-hg38-R10-LSK114-dorado081_sup_5mCG_5hmCG_v500/HG00155-ONT-hg38-R10-LSK114-dorado081_sup_5mCG_5hmCG_v500_hp2.bed.gz
HG00160	https://1000g-ont.s3.amazonaws.com/PROCESSED_DATA/ALIGNED_TO_HG38/MODKIT/HG00160-ONT-hg38-R10-LSK114-dorado081_sup_5mCG_5hmCG_v500/HG00160-ONT-hg38-R10-LSK114-dorado081_sup_5mCG_5hmCG_v500_hp1.bed.gz	https://1000g-ont.s3.amazonaws.com/PROCESSED_DATA/ALIGNED_TO_HG38/MODKIT/HG00160-ONT-hg38-R10-LSK114-dorado081_sup_5mCG_5hmCG_v500/HG00160-ONT-hg38-R10-LSK114-dorado081_sup_5mCG_5hmCG_v500_hp2.bed.gz
HG00171	https://1000g-ont.s3.amazonaws.com/PROCESSED_DATA/ALIGNED_TO_HG38/MODKIT/HG00171-ONT-hg38-R10-LSK114-dorado081_sup_5mCG_5hmCG_v500/HG00171-ONT-hg38-R10-LSK114-dorado081_sup_5mCG_5hmCG_v500_hp1.bed.gz	https://1000g-ont.s3.amazonaws.com/PROCESSED_DATA/ALIGNED_TO_HG38/MODKIT/HG00171-ONT-hg38-R10-LSK114-dorado081_sup_5mCG_5hmCG_v500/HG00171-ONT-hg38-R10-LSK114-dorado081_sup_5mCG_5hmCG_v500_hp2.bed.gz
HG00231	https://1000g-ont.s3.amazonaws.com/PROCESSED_DATA/ALIGNED_TO_HG38/MODKIT/HG00231-ONT-hg38-R10-LSK114-dorado082_sup_5mCG_5hmCG_v500/HG00231-ONT-hg38-R10-LSK114-dorado082_sup_5mCG_5hmCG_v500_hp1.bed.gz	https://1000g-ont.s3.amazonaws.com/PROCESSED_DATA/ALIGNED_TO_HG38/MODKIT/HG00231-ONT-hg38-R10-LSK114-dorado082_sup_5mCG_5hmCG_v500/HG00231-ONT-hg38-R10-LSK114-dorado082_sup_5mCG_5hmCG_v500_hp2.bed.gz
HG00232	https://1000g-ont.s3.amazonaws.com/PROCESSED_DATA/ALIGNED_TO_HG38/MODKIT/HG00232-ONT-hg38-R9-LSK110-guppy637_sup_5mC_5hmC/HG00232-ONT-hg38-R9-LSK110-guppy637_sup_5mC_5hmC_hp1.bed.gz	https://1000g-ont.s3.amazonaws.com/PROCESSED_DATA/ALIGNED_TO_HG38/MODKIT/HG00232-ONT-hg38-R9-LSK110-guppy637_sup_5mC_5hmC/HG00232-ONT-hg38-R9-LSK110-guppy637_sup_5mC_5hmC_hp2.bed.gz
HG00233	https://1000g-ont.s3.amazonaws.com/PROCESSED_DATA/ALIGNED_TO_HG38/MODKIT/HG00233-ONT-hg38-R9-LSK110-dorado050_sup_5mCG_v33/HG00233-ONT-hg38-R9-LSK110-dorado050_sup_5mCG_v33_hp1.bed.gz	https://1000g-ont.s3.amazonaws.com/PROCESSED_DATA/ALIGNED_TO_HG38/MODKIT/HG00233-ONT-hg38-R9-LSK110-dorado050_sup_5mCG_v33/HG00233-ONT-hg38-R9-LSK110-dorado050_sup_5mCG_v33_hp2.bed.gz
HG00234	https://1000g-ont.s3.amazonaws.com/PROCESSED_DATA/ALIGNED_TO_HG38/MODKIT/HG00234-ONT-hg38-R10-LSK114-dorado081_sup_5mCG_5hmCG_v500/HG00234-ONT-hg38-R10-LSK114-dorado081_sup_5mCG_5hmCG_v500_hp1.bed.gz	https://1000g-ont.s3.amazonaws.com/PROCESSED_DATA/ALIGNED_TO_HG38/MODKIT/HG00234-ONT-hg38-R10-LSK114-dorado081_sup_5mCG_5hmCG_v500/HG00234-ONT-hg38-R10-LSK114-dorado081_sup_5mCG_5hmCG_v500_hp2.bed.gz
HG00236	https://1000g-ont.s3.amazonaws.com/PROCESSED_DATA/ALIGNED_TO_HG38/MODKIT/HG00236-ONT-hg38-R10-LSK114-dorado081_sup_5mCG_5hmCG_v500/HG00236-ONT-hg38-R10-LSK114-dorado081_sup_5mCG_5hmCG_v500_hp1.bed.gz	https://1000g-ont.s3.amazonaws.com/PROCESSED_DATA/ALIGNED_TO_HG38/MODKIT/HG00236-ONT-hg38-R10-LSK114-dorado081_sup_5mCG_5hmCG_v500/HG00236-ONT-hg38-R10-LSK114-dorado081_sup_5mCG_5hmCG_v500_hp2.bed.gz
HG00237	https://1000g-ont.s3.amazonaws.com/PROCESSED_DATA/ALIGNED_TO_HG38/MODKIT/HG00237-ONT-hg38-R10-LSK114-dorado081_sup_5mCG_5hmCG_v500/HG00237-ONT-hg38-R10-LSK114-dorado081_sup_5mCG_5hmCG_v500_hp1.bed.gz	https://1000g-ont.s3.amazonaws.com/PROCESSED_DATA/ALIGNED_TO_HG38/MODKIT/HG00237-ONT-hg38-R10-LSK114-dorado081_sup_5mCG_5hmCG_v500/HG00237-ONT-hg38-R10-LSK114-dorado081_sup_5mCG_5hmCG_v500_hp2.bed.gz
HG00238	https://1000g-ont.s3.amazonaws.com/PROCESSED_DATA/ALIGNED_TO_HG38/MODKIT/HG00238-ONT-hg38-R9-LSK110-dorado050_sup_5mCG_v33/HG00238-ONT-hg38-R9-LSK110-dorado050_sup_5mCG_v33_hp1.bed.gz	https://1000g-ont.s3.amazonaws.com/PROCESSED_DATA/ALIGNED_TO_HG38/MODKIT/HG00238-ONT-hg38-R9-LSK110-dorado050_sup_5mCG_v33/HG00238-ONT-hg38-R9-LSK110-dorado050_sup_5mCG_v33_hp2.bed.gz
HG00240	https://1000g-ont.s3.amazonaws.com/PROCESSED_DATA/ALIGNED_TO_HG38/MODKIT/HG00240-ONT-hg38-R9-LSK110-dorado050_sup_with5mC/HG00240-ONT-hg38-R9-LSK110-dorado050_sup_with5mC_hp1.bed.gz	https://1000g-ont.s3.amazonaws.com/PROCESSED_DATA/ALIGNED_TO_HG38/MODKIT/HG00240-ONT-hg38-R9-LSK110-dorado050_sup_with5mC/HG00240-ONT-hg38-R9-LSK110-dorado050_sup_with5mC_hp2.bed.gz
HG00245	https://1000g-ont.s3.amazonaws.com/PROCESSED_DATA/ALIGNED_TO_HG38/MODKIT/HG00245-ONT-hg38-R9-LSK110-dorado082_sup_5mCG_v33/HG00245-ONT-hg38-R9-LSK110-dorado082_sup_5mCG_v33_hp1.bed.gz	https://1000g-ont.s3.amazonaws.com/PROCESSED_DATA/ALIGNED_TO_HG38/MODKIT/HG00245-ONT-hg38-R9-LSK110-dorado082_sup_5mCG_v33/HG00245-ONT-hg38-R9-LSK110-dorado082_sup_5mCG_v33_hp2.bed.gz
HG00246	https://1000g-ont.s3.amazonaws.com/PROCESSED_DATA/ALIGNED_TO_HG38/MODKIT/HG00246-ONT-hg38-LSK114-R10-dorado081_sup_5mCG_5hmCG_v500/HG00246-ONT-hg38-LSK114-R10-dorado081_sup_5mCG_5hmCG_v500_hp1.bed.gz	https://1000g-ont.s3.amazonaws.com/PROCESSED_DATA/ALIGNED_TO_HG38/MODKIT/HG00246-ONT-hg38-LSK114-R10-dorado081_sup_5mCG_5hmCG_v500/HG00246-ONT-hg38-LSK114-R10-dorado081_sup_5mCG_5hmCG_v500_hp2.bed.gz
HG00250	https://1000g-ont.s3.amazonaws.com/PROCESSED_DATA/ALIGNED_TO_HG38/MODKIT/HG00250-ONT-hg38-LSK114-R10-dorado081_sup_5mCG_5hmCG_v500/HG00250-ONT-hg38-LSK114-R10-dorado081_sup_5mCG_5hmCG_v500_hp1.bed.gz	https://1000g-ont.s3.amazonaws.com/PROCESSED_DATA/ALIGNED_TO_HG38/MODKIT/HG00250-ONT-hg38-LSK114-R10-dorado081_sup_5mCG_5hmCG_v500/HG00250-ONT-hg38-LSK114-R10-dorado081_sup_5mCG_5hmCG_v500_hp2.bed.gz
HG00253	https://1000g-ont.s3.amazonaws.com/PROCESSED_DATA/ALIGNED_TO_HG38/MODKIT/HG00253-ONT-hg38-LSK114-R10-dorado081_sup_5mCG_5hmCG_v500/HG00253-ONT-hg38-LSK114-R10-dorado081_sup_5mCG_5hmCG_v500_hp1.bed.gz	https://1000g-ont.s3.amazonaws.com/PROCESSED_DATA/ALIGNED_TO_HG38/MODKIT/HG00253-ONT-hg38-LSK114-R10-dorado081_sup_5mCG_5hmCG_v500/HG00253-ONT-hg38-LSK114-R10-dorado081_sup_5mCG_5hmCG_v500_hp2.bed.gz
HG00256	https://1000g-ont.s3.amazonaws.com/PROCESSED_DATA/ALIGNED_TO_HG38/MODKIT/HG00256-ONT-hg38-R10-LSK114-dorado082_sup_5mCG_5hmCG_v500/HG00256-ONT-hg38-R10-LSK114-dorado082_sup_5mCG_5hmCG_v500_hp1.bed.gz	https://1000g-ont.s3.amazonaws.com/PROCESSED_DATA/ALIGNED_TO_HG38/MODKIT/HG00256-ONT-hg38-R10-LSK114-dorado082_sup_5mCG_5hmCG_v500/HG00256-ONT-hg38-R10-LSK114-dorado082_sup_5mCG_5hmCG_v500_hp2.bed.gz
HG00257	https://1000g-ont.s3.amazonaws.com/PROCESSED_DATA/ALIGNED_TO_HG38/MODKIT/HG00257-ONT-hg38-R9-LSK110-dorado050_sup_with5mC/HG00257-ONT-hg38-R9-LSK110-dorado050_sup_with5mC_hp1.bed.gz	https://1000g-ont.s3.amazonaws.com/PROCESSED_DATA/ALIGNED_TO_HG38/MODKIT/HG00257-ONT-hg38-R9-LSK110-dorado050_sup_with5mC/HG00257-ONT-hg38-R9-LSK110-dorado050_sup_with5mC_hp2.bed.gz
HG00259	https://1000g-ont.s3.amazonaws.com/PROCESSED_DATA/ALIGNED_TO_HG38/MODKIT/HG00259-ONT-hg38-R10-LSK114-dorado082_sup_5mCG_5hmCG_v500/HG00259-ONT-hg38-R10-LSK114-dorado082_sup_5mCG_5hmCG_v500_hp1.bed.gz	https://1000g-ont.s3.amazonaws.com/PROCESSED_DATA/ALIGNED_TO_HG38/MODKIT/HG00259-ONT-hg38-R10-LSK114-dorado082_sup_5mCG_5hmCG_v500/HG00259-ONT-hg38-R10-LSK114-dorado082_sup_5mCG_5hmCG_v500_hp2.bed.gz
HG00262	https://1000g-ont.s3.amazonaws.com/PROCESSED_DATA/ALIGNED_TO_HG38/MODKIT/HG00262-ONT-hg38-R10-LSK114-dorado081_sup_5mCG_5hmCG_v500/HG00262-ONT-hg38-R10-LSK114-dorado081_sup_5mCG_5hmCG_v500_hp1.bed.gz	https://1000g-ont.s3.amazonaws.com/PROCESSED_DATA/ALIGNED_TO_HG38/MODKIT/HG00262-ONT-hg38-R10-LSK114-dorado081_sup_5mCG_5hmCG_v500/HG00262-ONT-hg38-R10-LSK114-dorado081_sup_5mCG_5hmCG_v500_hp2.bed.gz
HG00263	https://1000g-ont.s3.amazonaws.com/PROCESSED_DATA/ALIGNED_TO_HG38/MODKIT/HG00263-ONT-hg38-R10-LSK114-dorado034_sup_5mCG_5hmCG_v33/HG00263-ONT-hg38-R10-LSK114-dorado034_sup_5mCG_5hmCG_v33_hp1.bed.gz	https://1000g-ont.s3.amazonaws.com/PROCESSED_DATA/ALIGNED_TO_HG38/MODKIT/HG00263-ONT-hg38-R10-LSK114-dorado034_sup_5mCG_5hmCG_v33/HG00263-ONT-hg38-R10-LSK114-dorado034_sup_5mCG_5hmCG_v33_hp2.bed.gz
HG00264	https://1000g-ont.s3.amazonaws.com/PROCESSED_DATA/ALIGNED_TO_HG38/MODKIT/HG00264-ONT-hg38-R10-LSK114-dorado082_sup_5mCG_5hmCG_v500/HG00264-ONT-hg38-R10-LSK114-dorado082_sup_5mCG_5hmCG_v500_hp1.bed.gz	https://1000g-ont.s3.amazonaws.com/PROCESSED_DATA/ALIGNED_TO_HG38/MODKIT/HG00264-ONT-hg38-R10-LSK114-dorado082_sup_5mCG_5hmCG_v500/HG00264-ONT-hg38-R10-LSK114-dorado082_sup_5mCG_5hmCG_v500_hp2.bed.gz
HG00277	https://1000g-ont.s3.amazonaws.com/PROCESSED_DATA/ALIGNED_TO_HG38/MODKIT/HG00277-ONT-hg38-R10-LSK114-dorado034_sup_5mCG_5hmCG_v33/HG00277-ONT-hg38-R10-LSK114-dorado034_sup_5mCG_5hmCG_v33_hp1.bed.gz	https://1000g-ont.s3.amazonaws.com/PROCESSED_DATA/ALIGNED_TO_HG38/MODKIT/HG00277-ONT-hg38-R10-LSK114-dorado034_sup_5mCG_5hmCG_v33/HG00277-ONT-hg38-R10-LSK114-dorado034_sup_5mCG_5hmCG_v33_hp2.bed.gz
HG00285	https://1000g-ont.s3.amazonaws.com/PROCESSED_DATA/ALIGNED_TO_HG38/MODKIT/HG00285-ONT-hg38-R10-LSK114-dorado090_sup_5mCG_5hmCG_v500/HG00285-ONT-hg38-R10-LSK114-dorado090_sup_5mCG_5hmCG_v500_hp1.bed.gz	https://1000g-ont.s3.amazonaws.com/PROCESSED_DATA/ALIGNED_TO_HG38/MODKIT/HG00285-ONT-hg38-R10-LSK114-dorado090_sup_5mCG_5hmCG_v500/HG00285-ONT-hg38-R10-LSK114-dorado090_sup_5mCG_5hmCG_v500_hp2.bed.gz
HG00304	https://1000g-ont.s3.amazonaws.com/PROCESSED_DATA/ALIGNED_TO_HG38/MODKIT/HG00304-ONT-hg38-R10-LSK114-dorado081_sup_5mCG_5hmCG_v500/HG00304-ONT-hg38-R10-LSK114-dorado081_sup_5mCG_5hmCG_v500_hp1.bed.gz	https://1000g-ont.s3.amazonaws.com/PROCESSED_DATA/ALIGNED_TO_HG38/MODKIT/HG00304-ONT-hg38-R10-LSK114-dorado081_sup_5mCG_5hmCG_v500/HG00304-ONT-hg38-R10-LSK114-dorado081_sup_5mCG_5hmCG_v500_hp2.bed.gz
HG00318	https://1000g-ont.s3.amazonaws.com/PROCESSED_DATA/ALIGNED_TO_HG38/MODKIT/HG00318-ONT-hg38-R10-LSK114-dorado090_sup_5mCG_5hmCG_v500/HG00318-ONT-hg38-R10-LSK114-dorado090_sup_5mCG_5hmCG_v500_hp1.bed.gz	https://1000g-ont.s3.amazonaws.com/PROCESSED_DATA/ALIGNED_TO_HG38/MODKIT/HG00318-ONT-hg38-R10-LSK114-dorado090_sup_5mCG_5hmCG_v500/HG00318-ONT-hg38-R10-LSK114-dorado090_sup_5mCG_5hmCG_v500_hp2.bed.gz
HG00320	https://1000g-ont.s3.amazonaws.com/PROCESSED_DATA/ALIGNED_TO_HG38/MODKIT/HG00320-ONT-hg38-R10-LSK114-dorado082_sup_5mCG_5hmCG_v500/HG00320-ONT-hg38-R10-LSK114-dorado082_sup_5mCG_5hmCG_v500_hp1.bed.gz	https://1000g-ont.s3.amazonaws.com/PROCESSED_DATA/ALIGNED_TO_HG38/MODKIT/HG00320-ONT-hg38-R10-LSK114-dorado082_sup_5mCG_5hmCG_v500/HG00320-ONT-hg38-R10-LSK114-dorado082_sup_5mCG_5hmCG_v500_hp2.bed.gz
HG00326	https://1000g-ont.s3.amazonaws.com/PROCESSED_DATA/ALIGNED_TO_HG38/MODKIT/HG00326-ONT-hg38-R10-LSK114-dorado034_sup_5mCG_5hmCG_v33/HG00326-ONT-hg38-R10-LSK114-dorado034_sup_5mCG_5hmCG_v33_hp1.bed.gz	https://1000g-ont.s3.amazonaws.com/PROCESSED_DATA/ALIGNED_TO_HG38/MODKIT/HG00326-ONT-hg38-R10-LSK114-dorado034_sup_5mCG_5hmCG_v33/HG00326-ONT-hg38-R10-LSK114-dorado034_sup_5mCG_5hmCG_v33_hp2.bed.gz
HG00331	https://1000g-ont.s3.amazonaws.com/PROCESSED_DATA/ALIGNED_TO_HG38/MODKIT/HG00331-ONT-hg38-R9-LSK110-guppy-sup-5hmc_5mc_cg/HG00331-ONT-hg38-R9-LSK110-guppy-sup-5hmc_5mc_cg_hp1.bed.gz	https://1000g-ont.s3.amazonaws.com/PROCESSED_DATA/ALIGNED_TO_HG38/MODKIT/HG00331-ONT-hg38-R9-LSK110-guppy-sup-5hmc_5mc_cg/HG00331-ONT-hg38-R9-LSK110-guppy-sup-5hmc_5mc_cg_hp2.bed.gz
HG00337	https://1000g-ont.s3.amazonaws.com/PROCESSED_DATA/ALIGNED_TO_HG38/MODKIT/HG00337-ONT-hg38-R9-LSK110-dorado050_sup_5mCG_v33/HG00337-ONT-hg38-R9-LSK110-dorado050_sup_5mCG_v33_hp1.bed.gz	https://1000g-ont.s3.amazonaws.com/PROCESSED_DATA/ALIGNED_TO_HG38/MODKIT/HG00337-ONT-hg38-R9-LSK110-dorado050_sup_5mCG_v33/HG00337-ONT-hg38-R9-LSK110-dorado050_sup_5mCG_v33_hp2.bed.gz
HG00355	https://1000g-ont.s3.amazonaws.com/PROCESSED_DATA/ALIGNED_TO_HG38/MODKIT/HG00355-ONT-hg38-R9-LSK110-dorado050_sup_5mCG_v33/HG00355-ONT-hg38-R9-LSK110-dorado050_sup_5mCG_v33_hp1.bed.gz	https://1000g-ont.s3.amazonaws.com/PROCESSED_DATA/ALIGNED_TO_HG38/MODKIT/HG00355-ONT-hg38-R9-LSK110-dorado050_sup_5mCG_v33/HG00355-ONT-hg38-R9-LSK110-dorado050_sup_5mCG_v33_hp2.bed.gz
HG00372	https://1000g-ont.s3.amazonaws.com/PROCESSED_DATA/ALIGNED_TO_HG38/MODKIT/HG00372-ONT-hg38-R10-LSK114-dorado034_sup_5mCG_5hmCG_v33/HG00372-ONT-hg38-R10-LSK114-dorado034_sup_5mCG_5hmCG_v33_hp1.bed.gz	https://1000g-ont.s3.amazonaws.com/PROCESSED_DATA/ALIGNED_TO_HG38/MODKIT/HG00372-ONT-hg38-R10-LSK114-dorado034_sup_5mCG_5hmCG_v33/HG00372-ONT-hg38-R10-LSK114-dorado034_sup_5mCG_5hmCG_v33_hp2.bed.gz
HG00382	https://1000g-ont.s3.amazonaws.com/PROCESSED_DATA/ALIGNED_TO_HG38/MODKIT/HG00382-ONT-hg38-R10-LSK114-dorado081_sup_5mCG_5hmCG_v500/HG00382-ONT-hg38-R10-LSK114-dorado081_sup_5mCG_5hmCG_v500_hp1.bed.gz	https://1000g-ont.s3.amazonaws.com/PROCESSED_DATA/ALIGNED_TO_HG38/MODKIT/HG00382-ONT-hg38-R10-LSK114-dorado081_sup_5mCG_5hmCG_v500/HG00382-ONT-hg38-R10-LSK114-dorado081_sup_5mCG_5hmCG_v500_hp2.bed.gz
HG00410	https://1000g-ont.s3.amazonaws.com/PROCESSED_DATA/ALIGNED_TO_HG38/MODKIT/HG00410-ONT-hg38-R9-LSK110-guppy-sup-5mC/HG00410-ONT-hg38-R9-LSK110-guppy-sup-5mC_hp1.bed.gz	https://1000g-ont.s3.amazonaws.com/PROCESSED_DATA/ALIGNED_TO_HG38/MODKIT/HG00410-ONT-hg38-R9-LSK110-guppy-sup-5mC/HG00410-ONT-hg38-R9-LSK110-guppy-sup-5mC_hp2.bed.gz
HG00463	https://1000g-ont.s3.amazonaws.com/PROCESSED_DATA/ALIGNED_TO_HG38/MODKIT/HG00463-ONT-hg38-R10-LSK114-dorado034_sup_5mCG_5hmCG_v33/HG00463-ONT-hg38-R10-LSK114-dorado034_sup_5mCG_5hmCG_v33_hp1.bed.gz	https://1000g-ont.s3.amazonaws.com/PROCESSED_DATA/ALIGNED_TO_HG38/MODKIT/HG00463-ONT-hg38-R10-LSK114-dorado034_sup_5mCG_5hmCG_v33/HG00463-ONT-hg38-R10-LSK114-dorado034_sup_5mCG_5hmCG_v33_hp2.bed.gz
HG00473	https://1000g-ont.s3.amazonaws.com/PROCESSED_DATA/ALIGNED_TO_HG38/MODKIT/HG00473-ONT-hg38-R9-LSK110-guppy-sup-5mC/HG00473-ONT-hg38-R9-LSK110-guppy-sup-5mC_hp1.bed.gz	https://1000g-ont.s3.amazonaws.com/PROCESSED_DATA/ALIGNED_TO_HG38/MODKIT/HG00473-ONT-hg38-R9-LSK110-guppy-sup-5mC/HG00473-ONT-hg38-R9-LSK110-guppy-sup-5mC_hp2.bed.gz
HG00513	https://1000g-ont.s3.amazonaws.com/PROCESSED_DATA/ALIGNED_TO_HG38/MODKIT/HG00513-ONT-hg38-R10-LSK114-dorado081_sup_5mCG_5hmCG_v500/HG00513-ONT-hg38-R10-LSK114-dorado081_sup_5mCG_5hmCG_v500_hp1.bed.gz	https://1000g-ont.s3.amazonaws.com/PROCESSED_DATA/ALIGNED_TO_HG38/MODKIT/HG00513-ONT-hg38-R10-LSK114-dorado081_sup_5mCG_5hmCG_v500/HG00513-ONT-hg38-R10-LSK114-dorado081_sup_5mCG_5hmCG_v500_hp2.bed.gz
HG00525	https://1000g-ont.s3.amazonaws.com/PROCESSED_DATA/ALIGNED_TO_HG38/MODKIT/HG00525-ONT-hg38-R9-LSK110-guppy-sup-5mC/HG00525-ONT-hg38-R9-LSK110-guppy-sup-5mC_hp1.bed.gz	https://1000g-ont.s3.amazonaws.com/PROCESSED_DATA/ALIGNED_TO_HG38/MODKIT/HG00525-ONT-hg38-R9-LSK110-guppy-sup-5mC/HG00525-ONT-hg38-R9-LSK110-guppy-sup-5mC_hp2.bed.gz
HG00533	https://1000g-ont.s3.amazonaws.com/PROCESSED_DATA/ALIGNED_TO_HG38/MODKIT/HG00533-ONT-hg38-R10-LSK114-dorado081_sup_5mCG_5hmCG_v500/HG00533-ONT-hg38-R10-LSK114-dorado081_sup_5mCG_5hmCG_v500_hp1.bed.gz	https://1000g-ont.s3.amazonaws.com/PROCESSED_DATA/ALIGNED_TO_HG38/MODKIT/HG00533-ONT-hg38-R10-LSK114-dorado081_sup_5mCG_5hmCG_v500/HG00533-ONT-hg38-R10-LSK114-dorado081_sup_5mCG_5hmCG_v500_hp2.bed.gz
HG00553	https://1000g-ont.s3.amazonaws.com/PROCESSED_DATA/ALIGNED_TO_HG38/MODKIT/HG00553-ONT-hg38-R10-LSK114-dorado090_sup_5mCG_5hmCG_v500/HG00553-ONT-hg38-R10-LSK114-dorado090_sup_5mCG_5hmCG_v500_hp1.bed.gz	https://1000g-ont.s3.amazonaws.com/PROCESSED_DATA/ALIGNED_TO_HG38/MODKIT/HG00553-ONT-hg38-R10-LSK114-dorado090_sup_5mCG_5hmCG_v500/HG00553-ONT-hg38-R10-LSK114-dorado090_sup_5mCG_5hmCG_v500_hp2.bed.gz
HG00556	https://1000g-ont.s3.amazonaws.com/PROCESSED_DATA/ALIGNED_TO_HG38/MODKIT/HG00556-ONT-hg38-R10-LSK114-dorado081_sup_5mCG_5hmCG_v500/HG00556-ONT-hg38-R10-LSK114-dorado081_sup_5mCG_5hmCG_v500_hp1.bed.gz	https://1000g-ont.s3.amazonaws.com/PROCESSED_DATA/ALIGNED_TO_HG38/MODKIT/HG00556-ONT-hg38-R10-LSK114-dorado081_sup_5mCG_5hmCG_v500/HG00556-ONT-hg38-R10-LSK114-dorado081_sup_5mCG_5hmCG_v500_hp2.bed.gz
HG00581	https://1000g-ont.s3.amazonaws.com/PROCESSED_DATA/ALIGNED_TO_HG38/MODKIT/HG00581-ONT-hg38-R10-LSK114-dorado081_sup_5mCG_5hmCG_v500/HG00581-ONT-hg38-R10-LSK114-dorado081_sup_5mCG_5hmCG_v500_hp1.bed.gz	https://1000g-ont.s3.amazonaws.com/PROCESSED_DATA/ALIGNED_TO_HG38/MODKIT/HG00581-ONT-hg38-R10-LSK114-dorado081_sup_5mCG_5hmCG_v500/HG00581-ONT-hg38-R10-LSK114-dorado081_sup_5mCG_5hmCG_v500_hp2.bed.gz
HG00590	https://1000g-ont.s3.amazonaws.com/PROCESSED_DATA/ALIGNED_TO_HG38/MODKIT/HG00590-ONT-hg38-R10-LSK114-dorado090_sup_5mCG_5hmCG_v500/HG00590-ONT-hg38-R10-LSK114-dorado090_sup_5mCG_5hmCG_v500_hp1.bed.gz	https://1000g-ont.s3.amazonaws.com/PROCESSED_DATA/ALIGNED_TO_HG38/MODKIT/HG00590-ONT-hg38-R10-LSK114-dorado090_sup_5mCG_5hmCG_v500/HG00590-ONT-hg38-R10-LSK114-dorado090_sup_5mCG_5hmCG_v500_hp2.bed.gz
HG00598	https://1000g-ont.s3.amazonaws.com/PROCESSED_DATA/ALIGNED_TO_HG38/MODKIT/HG00598-ONT-hg38-R10-LSK114-dorado081_sup_5mCG_5hmCG_v500/HG00598-ONT-hg38-R10-LSK114-dorado081_sup_5mCG_5hmCG_v500_hp1.bed.gz	https://1000g-ont.s3.amazonaws.com/PROCESSED_DATA/ALIGNED_TO_HG38/MODKIT/HG00598-ONT-hg38-R10-LSK114-dorado081_sup_5mCG_5hmCG_v500/HG00598-ONT-hg38-R10-LSK114-dorado081_sup_5mCG_5hmCG_v500_hp2.bed.gz
HG00599	https://1000g-ont.s3.amazonaws.com/PROCESSED_DATA/ALIGNED_TO_HG38/MODKIT/HG00599-ONT-hg38-R9-LSK110-guppy-sup-5hmc_5mc_cg/HG00599-ONT-hg38-R9-LSK110-guppy-sup-5hmc_5mc_cg_hp1.bed.gz	https://1000g-ont.s3.amazonaws.com/PROCESSED_DATA/ALIGNED_TO_HG38/MODKIT/HG00599-ONT-hg38-R9-LSK110-guppy-sup-5hmc_5mc_cg/HG00599-ONT-hg38-R9-LSK110-guppy-sup-5hmc_5mc_cg_hp2.bed.gz
HG00623	https://1000g-ont.s3.amazonaws.com/PROCESSED_DATA/ALIGNED_TO_HG38/MODKIT/HG00623-ONT-hg38-R9-LSK110-dorado050_sup_5mCG_v33/HG00623-ONT-hg38-R9-LSK110-dorado050_sup_5mCG_v33_hp1.bed.gz	https://1000g-ont.s3.amazonaws.com/PROCESSED_DATA/ALIGNED_TO_HG38/MODKIT/HG00623-ONT-hg38-R9-LSK110-dorado050_sup_5mCG_v33/HG00623-ONT-hg38-R9-LSK110-dorado050_sup_5mCG_v33_hp2.bed.gz
HG00625	https://1000g-ont.s3.amazonaws.com/PROCESSED_DATA/ALIGNED_TO_HG38/MODKIT/HG00625-ONT-hg38-R10-LSK114-dorado090_sup_5mCG_5hmCG_v500/HG00625-ONT-hg38-R10-LSK114-dorado090_sup_5mCG_5hmCG_v500_hp1.bed.gz	https://1000g-ont.s3.amazonaws.com/PROCESSED_DATA/ALIGNED_TO_HG38/MODKIT/HG00625-ONT-hg38-R10-LSK114-dorado090_sup_5mCG_5hmCG_v500/HG00625-ONT-hg38-R10-LSK114-dorado090_sup_5mCG_5hmCG_v500_hp2.bed.gz
HG00631	https://1000g-ont.s3.amazonaws.com/PROCESSED_DATA/ALIGNED_TO_HG38/MODKIT/HG00631-ONT-hg38-R9-LSK110-guppy-sup-5mC/HG00631-ONT-hg38-R9-LSK110-guppy-sup-5mC_hp1.bed.gz	https://1000g-ont.s3.amazonaws.com/PROCESSED_DATA/ALIGNED_TO_HG38/MODKIT/HG00631-ONT-hg38-R9-LSK110-guppy-sup-5mC/HG00631-ONT-hg38-R9-LSK110-guppy-sup-5mC_hp2.bed.gz
HG00653	https://1000g-ont.s3.amazonaws.com/PROCESSED_DATA/ALIGNED_TO_HG38/MODKIT/HG00653-ONT-hg38-R10-LSK114-dorado090_sup_5mCG_5hmCG_v500/HG00653-ONT-hg38-R10-LSK114-dorado090_sup_5mCG_5hmCG_v500_hp1.bed.gz	https://1000g-ont.s3.amazonaws.com/PROCESSED_DATA/ALIGNED_TO_HG38/MODKIT/HG00653-ONT-hg38-R10-LSK114-dorado090_sup_5mCG_5hmCG_v500/HG00653-ONT-hg38-R10-LSK114-dorado090_sup_5mCG_5hmCG_v500_hp2.bed.gz
HG00663	https://1000g-ont.s3.amazonaws.com/PROCESSED_DATA/ALIGNED_TO_HG38/MODKIT/HG00663-ONT-hg38-R10-LSK114-dorado090_sup_5mCG_5hmCG_v500/HG00663-ONT-hg38-R10-LSK114-dorado090_sup_5mCG_5hmCG_v500_hp1.bed.gz	https://1000g-ont.s3.amazonaws.com/PROCESSED_DATA/ALIGNED_TO_HG38/MODKIT/HG00663-ONT-hg38-R10-LSK114-dorado090_sup_5mCG_5hmCG_v500/HG00663-ONT-hg38-R10-LSK114-dorado090_sup_5mCG_5hmCG_v500_hp2.bed.gz
HG00674	https://1000g-ont.s3.amazonaws.com/PROCESSED_DATA/ALIGNED_TO_HG38/MODKIT/HG00674-ONT-hg38-R10-LSK114-dorado081_sup_5mCG_5hmCG_v500/HG00674-ONT-hg38-R10-LSK114-dorado081_sup_5mCG_5hmCG_v500_hp1.bed.gz	https://1000g-ont.s3.amazonaws.com/PROCESSED_DATA/ALIGNED_TO_HG38/MODKIT/HG00674-ONT-hg38-R10-LSK114-dorado081_sup_5mCG_5hmCG_v500/HG00674-ONT-hg38-R10-LSK114-dorado081_sup_5mCG_5hmCG_v500_hp2.bed.gz
HG00675	https://1000g-ont.s3.amazonaws.com/PROCESSED_DATA/ALIGNED_TO_HG38/MODKIT/HG00675-ONT-hg38-R9-LSK110-guppy-sup-5mC/HG00675-ONT-hg38-R9-LSK110-guppy-sup-5mC_hp1.bed.gz	https://1000g-ont.s3.amazonaws.com/PROCESSED_DATA/ALIGNED_TO_HG38/MODKIT/HG00675-ONT-hg38-R9-LSK110-guppy-sup-5mC/HG00675-ONT-hg38-R9-LSK110-guppy-sup-5mC_hp2.bed.gz
HG00693	https://1000g-ont.s3.amazonaws.com/PROCESSED_DATA/ALIGNED_TO_HG38/MODKIT/HG00693-ONT-hg38-R10-LSK114-dorado090_sup_5mCG_5hmCG_v500/HG00693-ONT-hg38-R10-LSK114-dorado090_sup_5mCG_5hmCG_v500_hp1.bed.gz	https://1000g-ont.s3.amazonaws.com/PROCESSED_DATA/ALIGNED_TO_HG38/MODKIT/HG00693-ONT-hg38-R10-LSK114-dorado090_sup_5mCG_5hmCG_v500/HG00693-ONT-hg38-R10-LSK114-dorado090_sup_5mCG_5hmCG_v500_hp2.bed.gz
HG00704	https://1000g-ont.s3.amazonaws.com/PROCESSED_DATA/ALIGNED_TO_HG38/MODKIT/HG00704-ONT-hg38-R10-LSK114-dorado082_sup_5mCG_5hmCG_v500/HG00704-ONT-hg38-R10-LSK114-dorado082_sup_5mCG_5hmCG_v500_hp1.bed.gz	https://1000g-ont.s3.amazonaws.com/PROCESSED_DATA/ALIGNED_TO_HG38/MODKIT/HG00704-ONT-hg38-R10-LSK114-dorado082_sup_5mCG_5hmCG_v500/HG00704-ONT-hg38-R10-LSK114-dorado082_sup_5mCG_5hmCG_v500_hp2.bed.gz
HG00705	https://1000g-ont.s3.amazonaws.com/PROCESSED_DATA/ALIGNED_TO_HG38/MODKIT/HG00705-ONT-hg38-R9-LSK110-guppy-sup-5hmc_5mc_cg/HG00705-ONT-hg38-R9-LSK110-guppy-sup-5hmc_5mc_cg_hp1.bed.gz	https://1000g-ont.s3.amazonaws.com/PROCESSED_DATA/ALIGNED_TO_HG38/MODKIT/HG00705-ONT-hg38-R9-LSK110-guppy-sup-5hmc_5mc_cg/HG00705-ONT-hg38-R9-LSK110-guppy-sup-5hmc_5mc_cg_hp2.bed.gz
HG00728	https://1000g-ont.s3.amazonaws.com/PROCESSED_DATA/ALIGNED_TO_HG38/MODKIT/HG00728-ONT-hg38-R9-LSK110-guppy-sup-5mC/HG00728-ONT-hg38-R9-LSK110-guppy-sup-5mC_hp1.bed.gz	https://1000g-ont.s3.amazonaws.com/PROCESSED_DATA/ALIGNED_TO_HG38/MODKIT/HG00728-ONT-hg38-R9-LSK110-guppy-sup-5mC/HG00728-ONT-hg38-R9-LSK110-guppy-sup-5mC_hp2.bed.gz
HG00729	https://1000g-ont.s3.amazonaws.com/PROCESSED_DATA/ALIGNED_TO_HG38/MODKIT/HG00729-ONT-hg38-R9-LSK110-dorado050_sup_5mCG_v33/HG00729-ONT-hg38-R9-LSK110-dorado050_sup_5mCG_v33_hp1.bed.gz	https://1000g-ont.s3.amazonaws.com/PROCESSED_DATA/ALIGNED_TO_HG38/MODKIT/HG00729-ONT-hg38-R9-LSK110-dorado050_sup_5mCG_v33/HG00729-ONT-hg38-R9-LSK110-dorado050_sup_5mCG_v33_hp2.bed.gz
HG00731	https://1000g-ont.s3.amazonaws.com/PROCESSED_DATA/ALIGNED_TO_HG38/MODKIT/HG00731-ONT-hg38-R10-LSK114-dorado090_sup_5mCG_5hmCG_v500/HG00731-ONT-hg38-R10-LSK114-dorado090_sup_5mCG_5hmCG_v500_hp1.bed.gz	https://1000g-ont.s3.amazonaws.com/PROCESSED_DATA/ALIGNED_TO_HG38/MODKIT/HG00731-ONT-hg38-R10-LSK114-dorado090_sup_5mCG_5hmCG_v500/HG00731-ONT-hg38-R10-LSK114-dorado090_sup_5mCG_5hmCG_v500_hp2.bed.gz
HG00742	https://1000g-ont.s3.amazonaws.com/PROCESSED_DATA/ALIGNED_TO_HG38/MODKIT/HG00742-ONT-hg38-R10-LSK114-dorado081_sup_5mCG_5hmCG_v500/HG00742-ONT-hg38-R10-LSK114-dorado081_sup_5mCG_5hmCG_v500_hp1.bed.gz	https://1000g-ont.s3.amazonaws.com/PROCESSED_DATA/ALIGNED_TO_HG38/MODKIT/HG00742-ONT-hg38-R10-LSK114-dorado081_sup_5mCG_5hmCG_v500/HG00742-ONT-hg38-R10-LSK114-dorado081_sup_5mCG_5hmCG_v500_hp2.bed.gz
HG00743	https://1000g-ont.s3.amazonaws.com/PROCESSED_DATA/ALIGNED_TO_HG38/MODKIT/HG00743-ONT-hg38-R9-LSK110-guppy657_sup_with5mC_5hmC/HG00743-ONT-hg38-R9-LSK110-guppy657_sup_with5mC_5hmC_hp1.bed.gz	https://1000g-ont.s3.amazonaws.com/PROCESSED_DATA/ALIGNED_TO_HG38/MODKIT/HG00743-ONT-hg38-R9-LSK110-guppy657_sup_with5mC_5hmC/HG00743-ONT-hg38-R9-LSK110-guppy657_sup_with5mC_5hmC_hp2.bed.gz
HG00978	https://1000g-ont.s3.amazonaws.com/PROCESSED_DATA/ALIGNED_TO_HG38/MODKIT/HG00978-ONT-hg38-R9-LSK110-guppy637_sup_5mC_5hmC/HG00978-ONT-hg38-R9-LSK110-guppy637_sup_5mC_5hmC_hp1.bed.gz	https://1000g-ont.s3.amazonaws.com/PROCESSED_DATA/ALIGNED_TO_HG38/MODKIT/HG00978-ONT-hg38-R9-LSK110-guppy637_sup_5mC_5hmC/HG00978-ONT-hg38-R9-LSK110-guppy637_sup_5mC_5hmC_hp2.bed.gz
HG01029	https://1000g-ont.s3.amazonaws.com/PROCESSED_DATA/ALIGNED_TO_HG38/MODKIT/HG01029-ONT-hg38-R9-LSK110-guppy657_sup_5mC_5hmC/HG01029-ONT-hg38-R9-LSK110-guppy657_sup_5mC_5hmC_hp1.bed.gz	https://1000g-ont.s3.amazonaws.com/PROCESSED_DATA/ALIGNED_TO_HG38/MODKIT/HG01029-ONT-hg38-R9-LSK110-guppy657_sup_5mC_5hmC/HG01029-ONT-hg38-R9-LSK110-guppy657_sup_5mC_5hmC_hp2.bed.gz
HG01031	https://1000g-ont.s3.amazonaws.com/PROCESSED_DATA/ALIGNED_TO_HG38/MODKIT/HG01031-ONT-hg38-R9-LSK110-dorado082_sup_5mCG_v33/HG01031-ONT-hg38-R9-LSK110-dorado082_sup_5mCG_v33_hp1.bed.gz	https://1000g-ont.s3.amazonaws.com/PROCESSED_DATA/ALIGNED_TO_HG38/MODKIT/HG01031-ONT-hg38-R9-LSK110-dorado082_sup_5mCG_v33/HG01031-ONT-hg38-R9-LSK110-dorado082_sup_5mCG_v33_hp2.bed.gz
HG01046	https://1000g-ont.s3.amazonaws.com/PROCESSED_DATA/ALIGNED_TO_HG38/MODKIT/HG01046-ONT-hg38-R9-LSK110-guppy-sup-5mC/HG01046-ONT-hg38-R9-LSK110-guppy-sup-5mC_hp1.bed.gz	https://1000g-ont.s3.amazonaws.com/PROCESSED_DATA/ALIGNED_TO_HG38/MODKIT/HG01046-ONT-hg38-R9-LSK110-guppy-sup-5mC/HG01046-ONT-hg38-R9-LSK110-guppy-sup-5mC_hp2.bed.gz
HG01052	https://1000g-ont.s3.amazonaws.com/PROCESSED_DATA/ALIGNED_TO_HG38/MODKIT/HG01052-ONT-hg38-R10-LSK114-dorado090_sup_5mCG_5hmCG_v500/HG01052-ONT-hg38-R10-LSK114-dorado090_sup_5mCG_5hmCG_v500_hp1.bed.gz	https://1000g-ont.s3.amazonaws.com/PROCESSED_DATA/ALIGNED_TO_HG38/MODKIT/HG01052-ONT-hg38-R10-LSK114-dorado090_sup_5mCG_5hmCG_v500/HG01052-ONT-hg38-R10-LSK114-dorado090_sup_5mCG_5hmCG_v500_hp2.bed.gz
HG01061	https://1000g-ont.s3.amazonaws.com/PROCESSED_DATA/ALIGNED_TO_HG38/MODKIT/HG01061-ONT-hg38-R10-LSK114-dorado082_sup_5mCG_5hmCG_v500/HG01061-ONT-hg38-R10-LSK114-dorado082_sup_5mCG_5hmCG_v500_hp1.bed.gz	https://1000g-ont.s3.amazonaws.com/PROCESSED_DATA/ALIGNED_TO_HG38/MODKIT/HG01061-ONT-hg38-R10-LSK114-dorado082_sup_5mCG_5hmCG_v500/HG01061-ONT-hg38-R10-LSK114-dorado082_sup_5mCG_5hmCG_v500_hp2.bed.gz
HG01063	https://1000g-ont.s3.amazonaws.com/PROCESSED_DATA/ALIGNED_TO_HG38/MODKIT/HG01063-ONT-hg38-R10-LSK114-dorado050_sup_5mCG_5hmCG_v430/HG01063-ONT-hg38-R10-LSK114-dorado050_sup_5mCG_5hmCG_v430_hp1.bed.gz	https://1000g-ont.s3.amazonaws.com/PROCESSED_DATA/ALIGNED_TO_HG38/MODKIT/HG01063-ONT-hg38-R10-LSK114-dorado050_sup_5mCG_5hmCG_v430/HG01063-ONT-hg38-R10-LSK114-dorado050_sup_5mCG_5hmCG_v430_hp2.bed.gz
HG01064	https://1000g-ont.s3.amazonaws.com/PROCESSED_DATA/ALIGNED_TO_HG38/MODKIT/HG01064-ONT-hg38-R9-LSK110-guppy637_sup_5mC_5hmC/HG01064-ONT-hg38-R9-LSK110-guppy637_sup_5mC_5hmC_hp1.bed.gz	https://1000g-ont.s3.amazonaws.com/PROCESSED_DATA/ALIGNED_TO_HG38/MODKIT/HG01064-ONT-hg38-R9-LSK110-guppy637_sup_5mC_5hmC/HG01064-ONT-hg38-R9-LSK110-guppy637_sup_5mC_5hmC_hp2.bed.gz
HG01077	https://1000g-ont.s3.amazonaws.com/PROCESSED_DATA/ALIGNED_TO_HG38/MODKIT/HG01077-ONT-hg38-R9-LSK110-dorado082_sup_5mCG_v33/HG01077-ONT-hg38-R9-LSK110-dorado082_sup_5mCG_v33_hp1.bed.gz	https://1000g-ont.s3.amazonaws.com/PROCESSED_DATA/ALIGNED_TO_HG38/MODKIT/HG01077-ONT-hg38-R9-LSK110-dorado082_sup_5mCG_v33/HG01077-ONT-hg38-R9-LSK110-dorado082_sup_5mCG_v33_hp2.bed.gz
HG01088	https://1000g-ont.s3.amazonaws.com/PROCESSED_DATA/ALIGNED_TO_HG38/MODKIT/HG01088-ONT-hg38-R10-LSK114-dorado082_sup_5mCG_5hmCG_v500/HG01088-ONT-hg38-R10-LSK114-dorado082_sup_5mCG_5hmCG_v500_hp1.bed.gz	https://1000g-ont.s3.amazonaws.com/PROCESSED_DATA/ALIGNED_TO_HG38/MODKIT/HG01088-ONT-hg38-R10-LSK114-dorado082_sup_5mCG_5hmCG_v500/HG01088-ONT-hg38-R10-LSK114-dorado082_sup_5mCG_5hmCG_v500_hp2.bed.gz
HG01092	https://1000g-ont.s3.amazonaws.com/PROCESSED_DATA/ALIGNED_TO_HG38/MODKIT/HG01092-ONT-hg38-R9-LSK110-dorado050_sup_5mCG_v33/HG01092-ONT-hg38-R9-LSK110-dorado050_sup_5mCG_v33_hp1.bed.gz	https://1000g-ont.s3.amazonaws.com/PROCESSED_DATA/ALIGNED_TO_HG38/MODKIT/HG01092-ONT-hg38-R9-LSK110-dorado050_sup_5mCG_v33/HG01092-ONT-hg38-R9-LSK110-dorado050_sup_5mCG_v33_hp2.bed.gz
HG01113	https://1000g-ont.s3.amazonaws.com/PROCESSED_DATA/ALIGNED_TO_HG38/MODKIT/HG01113-ONT-hg38-R10-LSK114-dorado090_sup_5mCG_5hmCG_v500/HG01113-ONT-hg38-R10-LSK114-dorado090_sup_5mCG_5hmCG_v500_hp1.bed.gz	https://1000g-ont.s3.amazonaws.com/PROCESSED_DATA/ALIGNED_TO_HG38/MODKIT/HG01113-ONT-hg38-R10-LSK114-dorado090_sup_5mCG_5hmCG_v500/HG01113-ONT-hg38-R10-LSK114-dorado090_sup_5mCG_5hmCG_v500_hp2.bed.gz
HG01122	https://1000g-ont.s3.amazonaws.com/PROCESSED_DATA/ALIGNED_TO_HG38/MODKIT/HG01122-ONT-hg38-R9-LSK110-guppy-sup-5mC/HG01122-ONT-hg38-R9-LSK110-guppy-sup-5mC_hp1.bed.gz	https://1000g-ont.s3.amazonaws.com/PROCESSED_DATA/ALIGNED_TO_HG38/MODKIT/HG01122-ONT-hg38-R9-LSK110-guppy-sup-5mC/HG01122-ONT-hg38-R9-LSK110-guppy-sup-5mC_hp2.bed.gz
HG01125	https://1000g-ont.s3.amazonaws.com/PROCESSED_DATA/ALIGNED_TO_HG38/MODKIT/HG01125-ONT-hg38-R10-LSK114-dorado090_sup_5mCG_5hmCG_v500/HG01125-ONT-hg38-R10-LSK114-dorado090_sup_5mCG_5hmCG_v500_hp1.bed.gz	https://1000g-ont.s3.amazonaws.com/PROCESSED_DATA/ALIGNED_TO_HG38/MODKIT/HG01125-ONT-hg38-R10-LSK114-dorado090_sup_5mCG_5hmCG_v500/HG01125-ONT-hg38-R10-LSK114-dorado090_sup_5mCG_5hmCG_v500_hp2.bed.gz
HG01161	https://1000g-ont.s3.amazonaws.com/PROCESSED_DATA/ALIGNED_TO_HG38/MODKIT/HG01161-ONT-hg38-R9-LSK110-guppy637_sup_5mC_5hmC/HG01161-ONT-hg38-R9-LSK110-guppy637_sup_5mC_5hmC_hp1.bed.gz	https://1000g-ont.s3.amazonaws.com/PROCESSED_DATA/ALIGNED_TO_HG38/MODKIT/HG01161-ONT-hg38-R9-LSK110-guppy637_sup_5mC_5hmC/HG01161-ONT-hg38-R9-LSK110-guppy637_sup_5mC_5hmC_hp2.bed.gz
HG01164	https://1000g-ont.s3.amazonaws.com/PROCESSED_DATA/ALIGNED_TO_HG38/MODKIT/HG01164-ONT-hg38-R9-LSK110-dorado034_sup_5mCG_5hmCG_v33/HG01164-ONT-hg38-R9-LSK110-dorado034_sup_5mCG_5hmCG_v33_hp1.bed.gz	https://1000g-ont.s3.amazonaws.com/PROCESSED_DATA/ALIGNED_TO_HG38/MODKIT/HG01164-ONT-hg38-R9-LSK110-dorado034_sup_5mCG_5hmCG_v33/HG01164-ONT-hg38-R9-LSK110-dorado034_sup_5mCG_5hmCG_v33_hp2.bed.gz
HG01170	https://1000g-ont.s3.amazonaws.com/PROCESSED_DATA/ALIGNED_TO_HG38/MODKIT/HG01170-ONT-hg38-R10-LSK114-dorado082_sup_5mCG_5hmCG_v500/HG01170-ONT-hg38-R10-LSK114-dorado082_sup_5mCG_5hmCG_v500_hp1.bed.gz	https://1000g-ont.s3.amazonaws.com/PROCESSED_DATA/ALIGNED_TO_HG38/MODKIT/HG01170-ONT-hg38-R10-LSK114-dorado082_sup_5mCG_5hmCG_v500/HG01170-ONT-hg38-R10-LSK114-dorado082_sup_5mCG_5hmCG_v500_hp2.bed.gz
HG01173	https://1000g-ont.s3.amazonaws.com/PROCESSED_DATA/ALIGNED_TO_HG38/MODKIT/HG01173-ONT-hg38-R10-LSK114-dorado082_sup_5mCG_5hmCG_v500/HG01173-ONT-hg38-R10-LSK114-dorado082_sup_5mCG_5hmCG_v500_hp1.bed.gz	https://1000g-ont.s3.amazonaws.com/PROCESSED_DATA/ALIGNED_TO_HG38/MODKIT/HG01173-ONT-hg38-R10-LSK114-dorado082_sup_5mCG_5hmCG_v500/HG01173-ONT-hg38-R10-LSK114-dorado082_sup_5mCG_5hmCG_v500_hp2.bed.gz
HG01190	https://1000g-ont.s3.amazonaws.com/PROCESSED_DATA/ALIGNED_TO_HG38/MODKIT/HG01190-ONT-hg38-R10-LSK114-dorado081_sup_5mCG_5hmCG_v500/HG01190-ONT-hg38-R10-LSK114-dorado081_sup_5mCG_5hmCG_v500_hp1.bed.gz	https://1000g-ont.s3.amazonaws.com/PROCESSED_DATA/ALIGNED_TO_HG38/MODKIT/HG01190-ONT-hg38-R10-LSK114-dorado081_sup_5mCG_5hmCG_v500/HG01190-ONT-hg38-R10-LSK114-dorado081_sup_5mCG_5hmCG_v500_hp2.bed.gz
HG01200	https://1000g-ont.s3.amazonaws.com/PROCESSED_DATA/ALIGNED_TO_HG38/MODKIT/HG01200-ONT-hg38-R10-LSK114-dorado090_sup_5mCG_5hmCG_v500/HG01200-ONT-hg38-R10-LSK114-dorado090_sup_5mCG_5hmCG_v500_hp1.bed.gz	https://1000g-ont.s3.amazonaws.com/PROCESSED_DATA/ALIGNED_TO_HG38/MODKIT/HG01200-ONT-hg38-R10-LSK114-dorado090_sup_5mCG_5hmCG_v500/HG01200-ONT-hg38-R10-LSK114-dorado090_sup_5mCG_5hmCG_v500_hp2.bed.gz
HG01204	https://1000g-ont.s3.amazonaws.com/PROCESSED_DATA/ALIGNED_TO_HG38/MODKIT/HG01204-ONT-hg38-R10-LSK114-dorado082_sup_5mCG_5hmCG_v500/HG01204-ONT-hg38-R10-LSK114-dorado082_sup_5mCG_5hmCG_v500_hp1.bed.gz	https://1000g-ont.s3.amazonaws.com/PROCESSED_DATA/ALIGNED_TO_HG38/MODKIT/HG01204-ONT-hg38-R10-LSK114-dorado082_sup_5mCG_5hmCG_v500/HG01204-ONT-hg38-R10-LSK114-dorado082_sup_5mCG_5hmCG_v500_hp2.bed.gz
HG01250	https://1000g-ont.s3.amazonaws.com/PROCESSED_DATA/ALIGNED_TO_HG38/MODKIT/HG01250-ONT-hg38-R10-LSK114-dorado082_sup_5mCG_5hmCG_v500/HG01250-ONT-hg38-R10-LSK114-dorado082_sup_5mCG_5hmCG_v500_hp1.bed.gz	https://1000g-ont.s3.amazonaws.com/PROCESSED_DATA/ALIGNED_TO_HG38/MODKIT/HG01250-ONT-hg38-R10-LSK114-dorado082_sup_5mCG_5hmCG_v500/HG01250-ONT-hg38-R10-LSK114-dorado082_sup_5mCG_5hmCG_v500_hp2.bed.gz
HG01251	https://1000g-ont.s3.amazonaws.com/PROCESSED_DATA/ALIGNED_TO_HG38/MODKIT/HG01251-ONT-hg38-R10-LSK114-dorado081_sup_5mCG_5hmCG_v500/HG01251-ONT-hg38-R10-LSK114-dorado081_sup_5mCG_5hmCG_v500_hp1.bed.gz	https://1000g-ont.s3.amazonaws.com/PROCESSED_DATA/ALIGNED_TO_HG38/MODKIT/HG01251-ONT-hg38-R10-LSK114-dorado081_sup_5mCG_5hmCG_v500/HG01251-ONT-hg38-R10-LSK114-dorado081_sup_5mCG_5hmCG_v500_hp2.bed.gz
HG01260	https://1000g-ont.s3.amazonaws.com/PROCESSED_DATA/ALIGNED_TO_HG38/MODKIT/HG01260-ONT-hg38-R10-LSK114-dorado090_sup_5mCG_5hmCG_v500/HG01260-ONT-hg38-R10-LSK114-dorado090_sup_5mCG_5hmCG_v500_hp1.bed.gz	https://1000g-ont.s3.amazonaws.com/PROCESSED_DATA/ALIGNED_TO_HG38/MODKIT/HG01260-ONT-hg38-R10-LSK114-dorado090_sup_5mCG_5hmCG_v500/HG01260-ONT-hg38-R10-LSK114-dorado090_sup_5mCG_5hmCG_v500_hp2.bed.gz
HG01271	https://1000g-ont.s3.amazonaws.com/PROCESSED_DATA/ALIGNED_TO_HG38/MODKIT/HG01271-ONT-hg38-R10-LSK114-dorado081_sup_5mCG_5hmCG_v500/HG01271-ONT-hg38-R10-LSK114-dorado081_sup_5mCG_5hmCG_v500_hp1.bed.gz	https://1000g-ont.s3.amazonaws.com/PROCESSED_DATA/ALIGNED_TO_HG38/MODKIT/HG01271-ONT-hg38-R10-LSK114-dorado081_sup_5mCG_5hmCG_v500/HG01271-ONT-hg38-R10-LSK114-dorado081_sup_5mCG_5hmCG_v500_hp2.bed.gz
HG01277	https://1000g-ont.s3.amazonaws.com/PROCESSED_DATA/ALIGNED_TO_HG38/MODKIT/HG01277-ONT-hg38-R10-LSK114-dorado081_sup_5mCG_5hmCG_v500/HG01277-ONT-hg38-R10-LSK114-dorado081_sup_5mCG_5hmCG_v500_hp1.bed.gz	https://1000g-ont.s3.amazonaws.com/PROCESSED_DATA/ALIGNED_TO_HG38/MODKIT/HG01277-ONT-hg38-R10-LSK114-dorado081_sup_5mCG_5hmCG_v500/HG01277-ONT-hg38-R10-LSK114-dorado081_sup_5mCG_5hmCG_v500_hp2.bed.gz
HG01281	https://1000g-ont.s3.amazonaws.com/PROCESSED_DATA/ALIGNED_TO_HG38/MODKIT/HG01281-ONT-hg38-R9-LSK110-guppy-sup-5mC/HG01281-ONT-hg38-R9-LSK110-guppy-sup-5mC_hp1.bed.gz	https://1000g-ont.s3.amazonaws.com/PROCESSED_DATA/ALIGNED_TO_HG38/MODKIT/HG01281-ONT-hg38-R9-LSK110-guppy-sup-5mC/HG01281-ONT-hg38-R9-LSK110-guppy-sup-5mC_hp2.bed.gz
HG01303	https://1000g-ont.s3.amazonaws.com/PROCESSED_DATA/ALIGNED_TO_HG38/MODKIT/HG01303-ONT-hg38-R10-LSK114-dorado090_sup_5mCG_5hmCG_v500/HG01303-ONT-hg38-R10-LSK114-dorado090_sup_5mCG_5hmCG_v500_hp1.bed.gz	https://1000g-ont.s3.amazonaws.com/PROCESSED_DATA/ALIGNED_TO_HG38/MODKIT/HG01303-ONT-hg38-R10-LSK114-dorado090_sup_5mCG_5hmCG_v500/HG01303-ONT-hg38-R10-LSK114-dorado090_sup_5mCG_5hmCG_v500_hp2.bed.gz
HG01305	https://1000g-ont.s3.amazonaws.com/PROCESSED_DATA/ALIGNED_TO_HG38/MODKIT/HG01305-ONT-hg38-R10-LSK114-dorado081_sup_5mCG_5hmCG_v500/HG01305-ONT-hg38-R10-LSK114-dorado081_sup_5mCG_5hmCG_v500_hp1.bed.gz	https://1000g-ont.s3.amazonaws.com/PROCESSED_DATA/ALIGNED_TO_HG38/MODKIT/HG01305-ONT-hg38-R10-LSK114-dorado081_sup_5mCG_5hmCG_v500/HG01305-ONT-hg38-R10-LSK114-dorado081_sup_5mCG_5hmCG_v500_hp2.bed.gz
HG01312	https://1000g-ont.s3.amazonaws.com/PROCESSED_DATA/ALIGNED_TO_HG38/MODKIT/HG01312-ONT-hg38-R9-LSK110-guppy-sup-5hmc_5mc_cg/HG01312-ONT-hg38-R9-LSK110-guppy-sup-5hmc_5mc_cg_hp1.bed.gz	https://1000g-ont.s3.amazonaws.com/PROCESSED_DATA/ALIGNED_TO_HG38/MODKIT/HG01312-ONT-hg38-R9-LSK110-guppy-sup-5hmc_5mc_cg/HG01312-ONT-hg38-R9-LSK110-guppy-sup-5hmc_5mc_cg_hp2.bed.gz
HG01323	https://1000g-ont.s3.amazonaws.com/PROCESSED_DATA/ALIGNED_TO_HG38/MODKIT/HG01323-ONT-hg38-R10-LSK114-dorado090_sup_5mCG_5hmCG_v500/HG01323-ONT-hg38-R10-LSK114-dorado090_sup_5mCG_5hmCG_v500_hp1.bed.gz	https://1000g-ont.s3.amazonaws.com/PROCESSED_DATA/ALIGNED_TO_HG38/MODKIT/HG01323-ONT-hg38-R10-LSK114-dorado090_sup_5mCG_5hmCG_v500/HG01323-ONT-hg38-R10-LSK114-dorado090_sup_5mCG_5hmCG_v500_hp2.bed.gz
HG01326	https://1000g-ont.s3.amazonaws.com/PROCESSED_DATA/ALIGNED_TO_HG38/MODKIT/HG01326-ONT-hg38-R10-LSK114-dorado082_sup_5mCG_5hmCG_v500/HG01326-ONT-hg38-R10-LSK114-dorado082_sup_5mCG_5hmCG_v500_hp1.bed.gz	https://1000g-ont.s3.amazonaws.com/PROCESSED_DATA/ALIGNED_TO_HG38/MODKIT/HG01326-ONT-hg38-R10-LSK114-dorado082_sup_5mCG_5hmCG_v500/HG01326-ONT-hg38-R10-LSK114-dorado082_sup_5mCG_5hmCG_v500_hp2.bed.gz
HG01334	https://1000g-ont.s3.amazonaws.com/PROCESSED_DATA/ALIGNED_TO_HG38/MODKIT/HG01334-ONT-hg38-R10-LSK114-dorado090_sup_5mCG_5hmCG_v500/HG01334-ONT-hg38-R10-LSK114-dorado090_sup_5mCG_5hmCG_v500_hp1.bed.gz	https://1000g-ont.s3.amazonaws.com/PROCESSED_DATA/ALIGNED_TO_HG38/MODKIT/HG01334-ONT-hg38-R10-LSK114-dorado090_sup_5mCG_5hmCG_v500/HG01334-ONT-hg38-R10-LSK114-dorado090_sup_5mCG_5hmCG_v500_hp2.bed.gz
HG01342	https://1000g-ont.s3.amazonaws.com/PROCESSED_DATA/ALIGNED_TO_HG38/MODKIT/HG01342-ONT-hg38-R10-LSK114-dorado090_sup_5mCG_5hmCG_v500/HG01342-ONT-hg38-R10-LSK114-dorado090_sup_5mCG_5hmCG_v500_hp1.bed.gz	https://1000g-ont.s3.amazonaws.com/PROCESSED_DATA/ALIGNED_TO_HG38/MODKIT/HG01342-ONT-hg38-R10-LSK114-dorado090_sup_5mCG_5hmCG_v500/HG01342-ONT-hg38-R10-LSK114-dorado090_sup_5mCG_5hmCG_v500_hp2.bed.gz
HG01363	https://1000g-ont.s3.amazonaws.com/PROCESSED_DATA/ALIGNED_TO_HG38/MODKIT/HG01363-ONT-hg38-R9-LSK110-guppy-sup-5hmc_5mc_cg/HG01363-ONT-hg38-R9-LSK110-guppy-sup-5hmc_5mc_cg_hp1.bed.gz	https://1000g-ont.s3.amazonaws.com/PROCESSED_DATA/ALIGNED_TO_HG38/MODKIT/HG01363-ONT-hg38-R9-LSK110-guppy-sup-5hmc_5mc_cg/HG01363-ONT-hg38-R9-LSK110-guppy-sup-5hmc_5mc_cg_hp2.bed.gz
HG01369	https://1000g-ont.s3.amazonaws.com/PROCESSED_DATA/ALIGNED_TO_HG38/MODKIT/HG01369-ONT-hg38-R9-LSK110-guppy-sup-5mC/HG01369-ONT-hg38-R9-LSK110-guppy-sup-5mC_hp1.bed.gz	https://1000g-ont.s3.amazonaws.com/PROCESSED_DATA/ALIGNED_TO_HG38/MODKIT/HG01369-ONT-hg38-R9-LSK110-guppy-sup-5mC/HG01369-ONT-hg38-R9-LSK110-guppy-sup-5mC_hp2.bed.gz
HG01372	https://1000g-ont.s3.amazonaws.com/PROCESSED_DATA/ALIGNED_TO_HG38/MODKIT/HG01372-ONT-hg38-R9-LSK110-guppy-sup-5mC/HG01372-ONT-hg38-R9-LSK110-guppy-sup-5mC_hp1.bed.gz	https://1000g-ont.s3.amazonaws.com/PROCESSED_DATA/ALIGNED_TO_HG38/MODKIT/HG01372-ONT-hg38-R9-LSK110-guppy-sup-5mC/HG01372-ONT-hg38-R9-LSK110-guppy-sup-5mC_hp2.bed.gz
HG01393	https://1000g-ont.s3.amazonaws.com/PROCESSED_DATA/ALIGNED_TO_HG38/MODKIT/HG01393-ONT-hg38-R9-LSK110-dorado050_sup_5mCG_v33/HG01393-ONT-hg38-R9-LSK110-dorado050_sup_5mCG_v33_hp1.bed.gz	https://1000g-ont.s3.amazonaws.com/PROCESSED_DATA/ALIGNED_TO_HG38/MODKIT/HG01393-ONT-hg38-R9-LSK110-dorado050_sup_5mCG_v33/HG01393-ONT-hg38-R9-LSK110-dorado050_sup_5mCG_v33_hp2.bed.gz
HG01395	https://1000g-ont.s3.amazonaws.com/PROCESSED_DATA/ALIGNED_TO_HG38/MODKIT/HG01395-ONT-hg38-R9-LSK110-guppy-sup-5mC/HG01395-ONT-hg38-R9-LSK110-guppy-sup-5mC_hp1.bed.gz	https://1000g-ont.s3.amazonaws.com/PROCESSED_DATA/ALIGNED_TO_HG38/MODKIT/HG01395-ONT-hg38-R9-LSK110-guppy-sup-5mC/HG01395-ONT-hg38-R9-LSK110-guppy-sup-5mC_hp2.bed.gz
HG01402	https://1000g-ont.s3.amazonaws.com/PROCESSED_DATA/ALIGNED_TO_HG38/MODKIT/HG01402-ONT-hg38-R10-LSK114-dorado081_sup_5mCG_5hmCG_v500/HG01402-ONT-hg38-R10-LSK114-dorado081_sup_5mCG_5hmCG_v500_hp1.bed.gz	https://1000g-ont.s3.amazonaws.com/PROCESSED_DATA/ALIGNED_TO_HG38/MODKIT/HG01402-ONT-hg38-R10-LSK114-dorado081_sup_5mCG_5hmCG_v500/HG01402-ONT-hg38-R10-LSK114-dorado081_sup_5mCG_5hmCG_v500_hp2.bed.gz
HG01403	https://1000g-ont.s3.amazonaws.com/PROCESSED_DATA/ALIGNED_TO_HG38/MODKIT/HG01403-ONT-hg38-R9-LSK110-dorado082_sup_5mCG_v33/HG01403-ONT-hg38-R9-LSK110-dorado082_sup_5mCG_v33_hp1.bed.gz	https://1000g-ont.s3.amazonaws.com/PROCESSED_DATA/ALIGNED_TO_HG38/MODKIT/HG01403-ONT-hg38-R9-LSK110-dorado082_sup_5mCG_v33/HG01403-ONT-hg38-R9-LSK110-dorado082_sup_5mCG_v33_hp2.bed.gz
HG01405	https://1000g-ont.s3.amazonaws.com/PROCESSED_DATA/ALIGNED_TO_HG38/MODKIT/HG01405-ONT-hg38-R10-LSK114-dorado081_sup_5mCG_5hmCG_v500/HG01405-ONT-hg38-R10-LSK114-dorado081_sup_5mCG_5hmCG_v500_hp1.bed.gz	https://1000g-ont.s3.amazonaws.com/PROCESSED_DATA/ALIGNED_TO_HG38/MODKIT/HG01405-ONT-hg38-R10-LSK114-dorado081_sup_5mCG_5hmCG_v500/HG01405-ONT-hg38-R10-LSK114-dorado081_sup_5mCG_5hmCG_v500_hp2.bed.gz
HG01413	https://1000g-ont.s3.amazonaws.com/PROCESSED_DATA/ALIGNED_TO_HG38/MODKIT/HG01413-ONT-hg38-R10-LSK114-dorado090_sup_5mCG_5hmCG_v500/HG01413-ONT-hg38-R10-LSK114-dorado090_sup_5mCG_5hmCG_v500_hp1.bed.gz	https://1000g-ont.s3.amazonaws.com/PROCESSED_DATA/ALIGNED_TO_HG38/MODKIT/HG01413-ONT-hg38-R10-LSK114-dorado090_sup_5mCG_5hmCG_v500/HG01413-ONT-hg38-R10-LSK114-dorado090_sup_5mCG_5hmCG_v500_hp2.bed.gz
HG01414	https://1000g-ont.s3.amazonaws.com/PROCESSED_DATA/ALIGNED_TO_HG38/MODKIT/HG01414-ONT-hg38-R9-LSK110-guppy-sup-5mC/HG01414-ONT-hg38-R9-LSK110-guppy-sup-5mC_hp1.bed.gz	https://1000g-ont.s3.amazonaws.com/PROCESSED_DATA/ALIGNED_TO_HG38/MODKIT/HG01414-ONT-hg38-R9-LSK110-guppy-sup-5mC/HG01414-ONT-hg38-R9-LSK110-guppy-sup-5mC_hp2.bed.gz
HG01435	https://1000g-ont.s3.amazonaws.com/PROCESSED_DATA/ALIGNED_TO_HG38/MODKIT/HG01435-ONT-hg38-R10-LSK114-dorado090_sup_5mCG_5hmCG_v500/HG01435-ONT-hg38-R10-LSK114-dorado090_sup_5mCG_5hmCG_v500_hp1.bed.gz	https://1000g-ont.s3.amazonaws.com/PROCESSED_DATA/ALIGNED_TO_HG38/MODKIT/HG01435-ONT-hg38-R10-LSK114-dorado090_sup_5mCG_5hmCG_v500/HG01435-ONT-hg38-R10-LSK114-dorado090_sup_5mCG_5hmCG_v500_hp2.bed.gz
HG01443	https://1000g-ont.s3.amazonaws.com/PROCESSED_DATA/ALIGNED_TO_HG38/MODKIT/HG01443-ONT-hg38-R9-LSK110-dorado082_sup_5mCG_v33/HG01443-ONT-hg38-R9-LSK110-dorado082_sup_5mCG_v33_hp1.bed.gz	https://1000g-ont.s3.amazonaws.com/PROCESSED_DATA/ALIGNED_TO_HG38/MODKIT/HG01443-ONT-hg38-R9-LSK110-dorado082_sup_5mCG_v33/HG01443-ONT-hg38-R9-LSK110-dorado082_sup_5mCG_v33_hp2.bed.gz
HG01459	https://1000g-ont.s3.amazonaws.com/PROCESSED_DATA/ALIGNED_TO_HG38/MODKIT/HG01459-ONT-hg38-R9-LSK110-dorado082_sup_5mCG_v33/HG01459-ONT-hg38-R9-LSK110-dorado082_sup_5mCG_v33_hp1.bed.gz	https://1000g-ont.s3.amazonaws.com/PROCESSED_DATA/ALIGNED_TO_HG38/MODKIT/HG01459-ONT-hg38-R9-LSK110-dorado082_sup_5mCG_v33/HG01459-ONT-hg38-R9-LSK110-dorado082_sup_5mCG_v33_hp2.bed.gz
HG01461	https://1000g-ont.s3.amazonaws.com/PROCESSED_DATA/ALIGNED_TO_HG38/MODKIT/HG01461-ONT-hg38-R10-LSK114-dorado082_sup_5mCG_5hmCG_v500/HG01461-ONT-hg38-R10-LSK114-dorado082_sup_5mCG_5hmCG_v500_hp1.bed.gz	https://1000g-ont.s3.amazonaws.com/PROCESSED_DATA/ALIGNED_TO_HG38/MODKIT/HG01461-ONT-hg38-R10-LSK114-dorado082_sup_5mCG_5hmCG_v500/HG01461-ONT-hg38-R10-LSK114-dorado082_sup_5mCG_5hmCG_v500_hp2.bed.gz
HG01468	https://1000g-ont.s3.amazonaws.com/PROCESSED_DATA/ALIGNED_TO_HG38/MODKIT/HG01468-ONT-hg38-R9-LSK110-guppy-sup-5mC/HG01468-ONT-hg38-R9-LSK110-guppy-sup-5mC_hp1.bed.gz	https://1000g-ont.s3.amazonaws.com/PROCESSED_DATA/ALIGNED_TO_HG38/MODKIT/HG01468-ONT-hg38-R9-LSK110-guppy-sup-5mC/HG01468-ONT-hg38-R9-LSK110-guppy-sup-5mC_hp2.bed.gz
HG01485	https://1000g-ont.s3.amazonaws.com/PROCESSED_DATA/ALIGNED_TO_HG38/MODKIT/HG01485-ONT-hg38-R10-LSK114-dorado082_sup_5mCG_5hmCG_v500/HG01485-ONT-hg38-R10-LSK114-dorado082_sup_5mCG_5hmCG_v500_hp1.bed.gz	https://1000g-ont.s3.amazonaws.com/PROCESSED_DATA/ALIGNED_TO_HG38/MODKIT/HG01485-ONT-hg38-R10-LSK114-dorado082_sup_5mCG_5hmCG_v500/HG01485-ONT-hg38-R10-LSK114-dorado082_sup_5mCG_5hmCG_v500_hp2.bed.gz
HG01486	https://1000g-ont.s3.amazonaws.com/PROCESSED_DATA/ALIGNED_TO_HG38/MODKIT/HG01486-ONT-hg38-R9-LSK110-dorado050_sup_with5mC/HG01486-ONT-hg38-R9-LSK110-dorado050_sup_with5mC_hp1.bed.gz	https://1000g-ont.s3.amazonaws.com/PROCESSED_DATA/ALIGNED_TO_HG38/MODKIT/HG01486-ONT-hg38-R9-LSK110-dorado050_sup_with5mC/HG01486-ONT-hg38-R9-LSK110-dorado050_sup_with5mC_hp2.bed.gz
HG01501	https://1000g-ont.s3.amazonaws.com/PROCESSED_DATA/ALIGNED_TO_HG38/MODKIT/HG01501-ONT-hg38-R9-LSK110-guppy-sup-5hmc_5mc_cg/HG01501-ONT-hg38-R9-LSK110-guppy-sup-5hmc_5mc_cg_hp1.bed.gz	https://1000g-ont.s3.amazonaws.com/PROCESSED_DATA/ALIGNED_TO_HG38/MODKIT/HG01501-ONT-hg38-R9-LSK110-guppy-sup-5hmc_5mc_cg/HG01501-ONT-hg38-R9-LSK110-guppy-sup-5hmc_5mc_cg_hp2.bed.gz
HG01515	https://1000g-ont.s3.amazonaws.com/PROCESSED_DATA/ALIGNED_TO_HG38/MODKIT/HG01515-ONT-hg38-R10-LSK114-dorado081_sup_5mCG_5hmCG_v500/HG01515-ONT-hg38-R10-LSK114-dorado081_sup_5mCG_5hmCG_v500_hp1.bed.gz	https://1000g-ont.s3.amazonaws.com/PROCESSED_DATA/ALIGNED_TO_HG38/MODKIT/HG01515-ONT-hg38-R10-LSK114-dorado081_sup_5mCG_5hmCG_v500/HG01515-ONT-hg38-R10-LSK114-dorado081_sup_5mCG_5hmCG_v500_hp2.bed.gz
HG01522	https://1000g-ont.s3.amazonaws.com/PROCESSED_DATA/ALIGNED_TO_HG38/MODKIT/HG01522-ONT-hg38-R9-LSK110-dorado050_sup_5mCG_v33/HG01522-ONT-hg38-R9-LSK110-dorado050_sup_5mCG_v33_hp1.bed.gz	https://1000g-ont.s3.amazonaws.com/PROCESSED_DATA/ALIGNED_TO_HG38/MODKIT/HG01522-ONT-hg38-R9-LSK110-dorado050_sup_5mCG_v33/HG01522-ONT-hg38-R9-LSK110-dorado050_sup_5mCG_v33_hp2.bed.gz
HG01593	https://1000g-ont.s3.amazonaws.com/PROCESSED_DATA/ALIGNED_TO_HG38/MODKIT/HG01593-ONT-hg38-R9-LSK110-dorado050_sup_5mCG_v33/HG01593-ONT-hg38-R9-LSK110-dorado050_sup_5mCG_v33_hp1.bed.gz	https://1000g-ont.s3.amazonaws.com/PROCESSED_DATA/ALIGNED_TO_HG38/MODKIT/HG01593-ONT-hg38-R9-LSK110-dorado050_sup_5mCG_v33/HG01593-ONT-hg38-R9-LSK110-dorado050_sup_5mCG_v33_hp2.bed.gz
HG01607	https://1000g-ont.s3.amazonaws.com/PROCESSED_DATA/ALIGNED_TO_HG38/MODKIT/HG01607-ONT-hg38-R9-LSK110-dorado050_sup_5mCG_v33/HG01607-ONT-hg38-R9-LSK110-dorado050_sup_5mCG_v33_hp1.bed.gz	https://1000g-ont.s3.amazonaws.com/PROCESSED_DATA/ALIGNED_TO_HG38/MODKIT/HG01607-ONT-hg38-R9-LSK110-dorado050_sup_5mCG_v33/HG01607-ONT-hg38-R9-LSK110-dorado050_sup_5mCG_v33_hp2.bed.gz
HG01613	https://1000g-ont.s3.amazonaws.com/PROCESSED_DATA/ALIGNED_TO_HG38/MODKIT/HG01613-ONT-hg38-R9-LSK110-dorado050_sup_5mCG_v33/HG01613-ONT-hg38-R9-LSK110-dorado050_sup_5mCG_v33_hp1.bed.gz	https://1000g-ont.s3.amazonaws.com/PROCESSED_DATA/ALIGNED_TO_HG38/MODKIT/HG01613-ONT-hg38-R9-LSK110-dorado050_sup_5mCG_v33/HG01613-ONT-hg38-R9-LSK110-dorado050_sup_5mCG_v33_hp2.bed.gz
HG01615	https://1000g-ont.s3.amazonaws.com/PROCESSED_DATA/ALIGNED_TO_HG38/MODKIT/HG01615-ONT-hg38-R9-LSK110-guppy-sup-5mC/HG01615-ONT-hg38-R9-LSK110-guppy-sup-5mC_hp1.bed.gz	https://1000g-ont.s3.amazonaws.com/PROCESSED_DATA/ALIGNED_TO_HG38/MODKIT/HG01615-ONT-hg38-R9-LSK110-guppy-sup-5mC/HG01615-ONT-hg38-R9-LSK110-guppy-sup-5mC_hp2.bed.gz
HG01669	https://1000g-ont.s3.amazonaws.com/PROCESSED_DATA/ALIGNED_TO_HG38/MODKIT/HG01669-ONT-hg38-R10-LSK114-dorado081_sup_5mCG_5hmCG_v500/HG01669-ONT-hg38-R10-LSK114-dorado081_sup_5mCG_5hmCG_v500_hp1.bed.gz	https://1000g-ont.s3.amazonaws.com/PROCESSED_DATA/ALIGNED_TO_HG38/MODKIT/HG01669-ONT-hg38-R10-LSK114-dorado081_sup_5mCG_5hmCG_v500/HG01669-ONT-hg38-R10-LSK114-dorado081_sup_5mCG_5hmCG_v500_hp2.bed.gz
HG01682	https://1000g-ont.s3.amazonaws.com/PROCESSED_DATA/ALIGNED_TO_HG38/MODKIT/HG01682-ONT-hg38-R10-LSK114-dorado090_sup_5mCG_5hmCG_v500/HG01682-ONT-hg38-R10-LSK114-dorado090_sup_5mCG_5hmCG_v500_hp1.bed.gz	https://1000g-ont.s3.amazonaws.com/PROCESSED_DATA/ALIGNED_TO_HG38/MODKIT/HG01682-ONT-hg38-R10-LSK114-dorado090_sup_5mCG_5hmCG_v500/HG01682-ONT-hg38-R10-LSK114-dorado090_sup_5mCG_5hmCG_v500_hp2.bed.gz
HG01686	https://1000g-ont.s3.amazonaws.com/PROCESSED_DATA/ALIGNED_TO_HG38/MODKIT/HG01686-ONT-hg38-R10-LSK114-dorado081_sup_5mCG_5hmCG_v500/HG01686-ONT-hg38-R10-LSK114-dorado081_sup_5mCG_5hmCG_v500_hp1.bed.gz	https://1000g-ont.s3.amazonaws.com/PROCESSED_DATA/ALIGNED_TO_HG38/MODKIT/HG01686-ONT-hg38-R10-LSK114-dorado081_sup_5mCG_5hmCG_v500/HG01686-ONT-hg38-R10-LSK114-dorado081_sup_5mCG_5hmCG_v500_hp2.bed.gz
HG01695	https://1000g-ont.s3.amazonaws.com/PROCESSED_DATA/ALIGNED_TO_HG38/MODKIT/HG01695-ONT-hg38-R9-LSK110-guppy-sup-5mC/HG01695-ONT-hg38-R9-LSK110-guppy-sup-5mC_hp1.bed.gz	https://1000g-ont.s3.amazonaws.com/PROCESSED_DATA/ALIGNED_TO_HG38/MODKIT/HG01695-ONT-hg38-R9-LSK110-guppy-sup-5mC/HG01695-ONT-hg38-R9-LSK110-guppy-sup-5mC_hp2.bed.gz
HG01762	https://1000g-ont.s3.amazonaws.com/PROCESSED_DATA/ALIGNED_TO_HG38/MODKIT/HG01762-ONT-hg38-R9-LSK110-dorado082_sup_5mCG_v33/HG01762-ONT-hg38-R9-LSK110-dorado082_sup_5mCG_v33_hp1.bed.gz	https://1000g-ont.s3.amazonaws.com/PROCESSED_DATA/ALIGNED_TO_HG38/MODKIT/HG01762-ONT-hg38-R9-LSK110-dorado082_sup_5mCG_v33/HG01762-ONT-hg38-R9-LSK110-dorado082_sup_5mCG_v33_hp2.bed.gz
HG01771	https://1000g-ont.s3.amazonaws.com/PROCESSED_DATA/ALIGNED_TO_HG38/MODKIT/HG01771-ONT-hg38-R10-LSK114-dorado090_sup_5mCG_5hmCG_v500/HG01771-ONT-hg38-R10-LSK114-dorado090_sup_5mCG_5hmCG_v500_hp1.bed.gz	https://1000g-ont.s3.amazonaws.com/PROCESSED_DATA/ALIGNED_TO_HG38/MODKIT/HG01771-ONT-hg38-R10-LSK114-dorado090_sup_5mCG_5hmCG_v500/HG01771-ONT-hg38-R10-LSK114-dorado090_sup_5mCG_5hmCG_v500_hp2.bed.gz
HG01790	https://1000g-ont.s3.amazonaws.com/PROCESSED_DATA/ALIGNED_TO_HG38/MODKIT/HG01790-ONT-hg38-R9-LSK110-guppy-sup-5mC/HG01790-ONT-hg38-R9-LSK110-guppy-sup-5mC_hp1.bed.gz	https://1000g-ont.s3.amazonaws.com/PROCESSED_DATA/ALIGNED_TO_HG38/MODKIT/HG01790-ONT-hg38-R9-LSK110-guppy-sup-5mC/HG01790-ONT-hg38-R9-LSK110-guppy-sup-5mC_hp2.bed.gz
HG01795	https://1000g-ont.s3.amazonaws.com/PROCESSED_DATA/ALIGNED_TO_HG38/MODKIT/HG01795-ONT-hg38-R10-LSK114-dorado082_sup_5mCG_5hmCG_v500/HG01795-ONT-hg38-R10-LSK114-dorado082_sup_5mCG_5hmCG_v500_hp1.bed.gz	https://1000g-ont.s3.amazonaws.com/PROCESSED_DATA/ALIGNED_TO_HG38/MODKIT/HG01795-ONT-hg38-R10-LSK114-dorado082_sup_5mCG_5hmCG_v500/HG01795-ONT-hg38-R10-LSK114-dorado082_sup_5mCG_5hmCG_v500_hp2.bed.gz
HG01797	https://1000g-ont.s3.amazonaws.com/PROCESSED_DATA/ALIGNED_TO_HG38/MODKIT/HG01797-ONT-hg38-R9-LSK110-guppy-sup-5mC/HG01797-ONT-hg38-R9-LSK110-guppy-sup-5mC_hp1.bed.gz	https://1000g-ont.s3.amazonaws.com/PROCESSED_DATA/ALIGNED_TO_HG38/MODKIT/HG01797-ONT-hg38-R9-LSK110-guppy-sup-5mC/HG01797-ONT-hg38-R9-LSK110-guppy-sup-5mC_hp2.bed.gz
HG01801	https://1000g-ont.s3.amazonaws.com/PROCESSED_DATA/ALIGNED_TO_HG38/MODKIT/HG01801-ONT-hg38-R9-LSK110-guppy-sup-5mC/HG01801-ONT-hg38-R9-LSK110-guppy-sup-5mC_hp1.bed.gz	https://1000g-ont.s3.amazonaws.com/PROCESSED_DATA/ALIGNED_TO_HG38/MODKIT/HG01801-ONT-hg38-R9-LSK110-guppy-sup-5mC/HG01801-ONT-hg38-R9-LSK110-guppy-sup-5mC_hp2.bed.gz
HG01802	https://1000g-ont.s3.amazonaws.com/PROCESSED_DATA/ALIGNED_TO_HG38/MODKIT/HG01802-ONT-hg38-R10-LSK114-dorado081_sup_5mCG_5hmCG_v500/HG01802-ONT-hg38-R10-LSK114-dorado081_sup_5mCG_5hmCG_v500_hp1.bed.gz	https://1000g-ont.s3.amazonaws.com/PROCESSED_DATA/ALIGNED_TO_HG38/MODKIT/HG01802-ONT-hg38-R10-LSK114-dorado081_sup_5mCG_5hmCG_v500/HG01802-ONT-hg38-R10-LSK114-dorado081_sup_5mCG_5hmCG_v500_hp2.bed.gz
HG01804	https://1000g-ont.s3.amazonaws.com/PROCESSED_DATA/ALIGNED_TO_HG38/MODKIT/HG01804-ONT-hg38-R10-LSK114-dorado081_sup_5mCG_5hmCG_v500/HG01804-ONT-hg38-R10-LSK114-dorado081_sup_5mCG_5hmCG_v500_hp1.bed.gz	https://1000g-ont.s3.amazonaws.com/PROCESSED_DATA/ALIGNED_TO_HG38/MODKIT/HG01804-ONT-hg38-R10-LSK114-dorado081_sup_5mCG_5hmCG_v500/HG01804-ONT-hg38-R10-LSK114-dorado081_sup_5mCG_5hmCG_v500_hp2.bed.gz
HG01808	https://1000g-ont.s3.amazonaws.com/PROCESSED_DATA/ALIGNED_TO_HG38/MODKIT/HG01808-ONT-hg38-R10-LSK114-dorado090_sup_5mCG_5hmCG_v500/HG01808-ONT-hg38-R10-LSK114-dorado090_sup_5mCG_5hmCG_v500_hp1.bed.gz	https://1000g-ont.s3.amazonaws.com/PROCESSED_DATA/ALIGNED_TO_HG38/MODKIT/HG01808-ONT-hg38-R10-LSK114-dorado090_sup_5mCG_5hmCG_v500/HG01808-ONT-hg38-R10-LSK114-dorado090_sup_5mCG_5hmCG_v500_hp2.bed.gz
HG01811	https://1000g-ont.s3.amazonaws.com/PROCESSED_DATA/ALIGNED_TO_HG38/MODKIT/HG01811-ONT-hg38-R10-LSK114-dorado090_sup_5mCG_5hmCG_v500/HG01811-ONT-hg38-R10-LSK114-dorado090_sup_5mCG_5hmCG_v500_hp1.bed.gz	https://1000g-ont.s3.amazonaws.com/PROCESSED_DATA/ALIGNED_TO_HG38/MODKIT/HG01811-ONT-hg38-R10-LSK114-dorado090_sup_5mCG_5hmCG_v500/HG01811-ONT-hg38-R10-LSK114-dorado090_sup_5mCG_5hmCG_v500_hp2.bed.gz
HG01812	https://1000g-ont.s3.amazonaws.com/PROCESSED_DATA/ALIGNED_TO_HG38/MODKIT/HG01812-ONT-hg38-R9-LSK110-guppy-sup-5mC/HG01812-ONT-hg38-R9-LSK110-guppy-sup-5mC_hp1.bed.gz	https://1000g-ont.s3.amazonaws.com/PROCESSED_DATA/ALIGNED_TO_HG38/MODKIT/HG01812-ONT-hg38-R9-LSK110-guppy-sup-5mC/HG01812-ONT-hg38-R9-LSK110-guppy-sup-5mC_hp2.bed.gz
HG01816	https://1000g-ont.s3.amazonaws.com/PROCESSED_DATA/ALIGNED_TO_HG38/MODKIT/HG01816-ONT-hg38-R10-LSK114-dorado090_sup_5mCG_5hmCG_v500/HG01816-ONT-hg38-R10-LSK114-dorado090_sup_5mCG_5hmCG_v500_hp1.bed.gz	https://1000g-ont.s3.amazonaws.com/PROCESSED_DATA/ALIGNED_TO_HG38/MODKIT/HG01816-ONT-hg38-R10-LSK114-dorado090_sup_5mCG_5hmCG_v500/HG01816-ONT-hg38-R10-LSK114-dorado090_sup_5mCG_5hmCG_v500_hp2.bed.gz
HG01841	https://1000g-ont.s3.amazonaws.com/PROCESSED_DATA/ALIGNED_TO_HG38/MODKIT/HG01841-ONT-hg38-R10-LSK114-dorado081_sup_5mCG_5hmCG_v500/HG01841-ONT-hg38-R10-LSK114-dorado081_sup_5mCG_5hmCG_v500_hp1.bed.gz	https://1000g-ont.s3.amazonaws.com/PROCESSED_DATA/ALIGNED_TO_HG38/MODKIT/HG01841-ONT-hg38-R10-LSK114-dorado081_sup_5mCG_5hmCG_v500/HG01841-ONT-hg38-R10-LSK114-dorado081_sup_5mCG_5hmCG_v500_hp2.bed.gz
HG01842	https://1000g-ont.s3.amazonaws.com/PROCESSED_DATA/ALIGNED_TO_HG38/MODKIT/HG01842-ONT-hg38-R10-LSK114-dorado090_sup_5mCG_5hmCG_v500/HG01842-ONT-hg38-R10-LSK114-dorado090_sup_5mCG_5hmCG_v500_hp1.bed.gz	https://1000g-ont.s3.amazonaws.com/PROCESSED_DATA/ALIGNED_TO_HG38/MODKIT/HG01842-ONT-hg38-R10-LSK114-dorado090_sup_5mCG_5hmCG_v500/HG01842-ONT-hg38-R10-LSK114-dorado090_sup_5mCG_5hmCG_v500_hp2.bed.gz
HG01843	https://1000g-ont.s3.amazonaws.com/PROCESSED_DATA/ALIGNED_TO_HG38/MODKIT/HG01843-ONT-hg38-R9-LSK110-dorado050_sup_with5mC/HG01843-ONT-hg38-R9-LSK110-dorado050_sup_with5mC_hp1.bed.gz	https://1000g-ont.s3.amazonaws.com/PROCESSED_DATA/ALIGNED_TO_HG38/MODKIT/HG01843-ONT-hg38-R9-LSK110-dorado050_sup_with5mC/HG01843-ONT-hg38-R9-LSK110-dorado050_sup_with5mC_hp2.bed.gz
HG01844	https://1000g-ont.s3.amazonaws.com/PROCESSED_DATA/ALIGNED_TO_HG38/MODKIT/HG01844-ONT-hg38-R9-LSK110-dorado050_sup_with5mC/HG01844-ONT-hg38-R9-LSK110-dorado050_sup_with5mC_hp1.bed.gz	https://1000g-ont.s3.amazonaws.com/PROCESSED_DATA/ALIGNED_TO_HG38/MODKIT/HG01844-ONT-hg38-R9-LSK110-dorado050_sup_with5mC/HG01844-ONT-hg38-R9-LSK110-dorado050_sup_with5mC_hp2.bed.gz
HG01845	https://1000g-ont.s3.amazonaws.com/PROCESSED_DATA/ALIGNED_TO_HG38/MODKIT/HG01845-ONT-hg38-R10-LSK114-dorado081_sup_5mCG_5hmCG_v500/HG01845-ONT-hg38-R10-LSK114-dorado081_sup_5mCG_5hmCG_v500_hp1.bed.gz	https://1000g-ont.s3.amazonaws.com/PROCESSED_DATA/ALIGNED_TO_HG38/MODKIT/HG01845-ONT-hg38-R10-LSK114-dorado081_sup_5mCG_5hmCG_v500/HG01845-ONT-hg38-R10-LSK114-dorado081_sup_5mCG_5hmCG_v500_hp2.bed.gz
HG01848	https://1000g-ont.s3.amazonaws.com/PROCESSED_DATA/ALIGNED_TO_HG38/MODKIT/HG01848-ONT-hg38-R9-LSK110-dorado082_sup_5mCG_v33/HG01848-ONT-hg38-R9-LSK110-dorado082_sup_5mCG_v33_hp1.bed.gz	https://1000g-ont.s3.amazonaws.com/PROCESSED_DATA/ALIGNED_TO_HG38/MODKIT/HG01848-ONT-hg38-R9-LSK110-dorado082_sup_5mCG_v33/HG01848-ONT-hg38-R9-LSK110-dorado082_sup_5mCG_v33_hp2.bed.gz
HG01849	https://1000g-ont.s3.amazonaws.com/PROCESSED_DATA/ALIGNED_TO_HG38/MODKIT/HG01849-ONT-hg38-R9-LSK110-guppy657_sup_with5mC_5hmC/HG01849-ONT-hg38-R9-LSK110-guppy657_sup_with5mC_5hmC_hp1.bed.gz	https://1000g-ont.s3.amazonaws.com/PROCESSED_DATA/ALIGNED_TO_HG38/MODKIT/HG01849-ONT-hg38-R9-LSK110-guppy657_sup_with5mC_5hmC/HG01849-ONT-hg38-R9-LSK110-guppy657_sup_with5mC_5hmC_hp2.bed.gz
HG01850	https://1000g-ont.s3.amazonaws.com/PROCESSED_DATA/ALIGNED_TO_HG38/MODKIT/HG01850-ONT-hg38-R10-LSK114-dorado090_sup_5mCG_5hmCG_v500/HG01850-ONT-hg38-R10-LSK114-dorado090_sup_5mCG_5hmCG_v500_hp1.bed.gz	https://1000g-ont.s3.amazonaws.com/PROCESSED_DATA/ALIGNED_TO_HG38/MODKIT/HG01850-ONT-hg38-R10-LSK114-dorado090_sup_5mCG_5hmCG_v500/HG01850-ONT-hg38-R10-LSK114-dorado090_sup_5mCG_5hmCG_v500_hp2.bed.gz
HG01852	https://1000g-ont.s3.amazonaws.com/PROCESSED_DATA/ALIGNED_TO_HG38/MODKIT/HG01852-ONT-hg38-R10-LSK114-dorado081_sup_5mCG_5hmCG_v500/HG01852-ONT-hg38-R10-LSK114-dorado081_sup_5mCG_5hmCG_v500_hp1.bed.gz	https://1000g-ont.s3.amazonaws.com/PROCESSED_DATA/ALIGNED_TO_HG38/MODKIT/HG01852-ONT-hg38-R10-LSK114-dorado081_sup_5mCG_5hmCG_v500/HG01852-ONT-hg38-R10-LSK114-dorado081_sup_5mCG_5hmCG_v500_hp2.bed.gz
HG01855	https://1000g-ont.s3.amazonaws.com/PROCESSED_DATA/ALIGNED_TO_HG38/MODKIT/HG01855-ONT-hg38-R10-LSK114-dorado081_sup_5mCG_5hmCG_v500/HG01855-ONT-hg38-R10-LSK114-dorado081_sup_5mCG_5hmCG_v500_hp1.bed.gz	https://1000g-ont.s3.amazonaws.com/PROCESSED_DATA/ALIGNED_TO_HG38/MODKIT/HG01855-ONT-hg38-R10-LSK114-dorado081_sup_5mCG_5hmCG_v500/HG01855-ONT-hg38-R10-LSK114-dorado081_sup_5mCG_5hmCG_v500_hp2.bed.gz
HG01857	https://1000g-ont.s3.amazonaws.com/PROCESSED_DATA/ALIGNED_TO_HG38/MODKIT/HG01857-ONT-hg38-R10-LSK114-dorado090_sup_5mCG_5hmCG_v500/HG01857-ONT-hg38-R10-LSK114-dorado090_sup_5mCG_5hmCG_v500_hp1.bed.gz	https://1000g-ont.s3.amazonaws.com/PROCESSED_DATA/ALIGNED_TO_HG38/MODKIT/HG01857-ONT-hg38-R10-LSK114-dorado090_sup_5mCG_5hmCG_v500/HG01857-ONT-hg38-R10-LSK114-dorado090_sup_5mCG_5hmCG_v500_hp2.bed.gz
HG01858	https://1000g-ont.s3.amazonaws.com/PROCESSED_DATA/ALIGNED_TO_HG38/MODKIT/HG01858-ONT-hg38-R9-LSK110-guppy637_sup_5mC_5hmC/HG01858-ONT-hg38-R9-LSK110-guppy637_sup_5mC_5hmC_hp1.bed.gz	https://1000g-ont.s3.amazonaws.com/PROCESSED_DATA/ALIGNED_TO_HG38/MODKIT/HG01858-ONT-hg38-R9-LSK110-guppy637_sup_5mC_5hmC/HG01858-ONT-hg38-R9-LSK110-guppy637_sup_5mC_5hmC_hp2.bed.gz
HG01860	https://1000g-ont.s3.amazonaws.com/PROCESSED_DATA/ALIGNED_TO_HG38/MODKIT/HG01860-ONT-hg38-R10-LSK114-dorado090_sup_5mCG_5hmCG_v500/HG01860-ONT-hg38-R10-LSK114-dorado090_sup_5mCG_5hmCG_v500_hp1.bed.gz	https://1000g-ont.s3.amazonaws.com/PROCESSED_DATA/ALIGNED_TO_HG38/MODKIT/HG01860-ONT-hg38-R10-LSK114-dorado090_sup_5mCG_5hmCG_v500/HG01860-ONT-hg38-R10-LSK114-dorado090_sup_5mCG_5hmCG_v500_hp2.bed.gz
HG01861	https://1000g-ont.s3.amazonaws.com/PROCESSED_DATA/ALIGNED_TO_HG38/MODKIT/HG01861-ONT-hg38-R10-LSK114-dorado090_sup_5mCG_5hmCG_v500/HG01861-ONT-hg38-R10-LSK114-dorado090_sup_5mCG_5hmCG_v500_hp1.bed.gz	https://1000g-ont.s3.amazonaws.com/PROCESSED_DATA/ALIGNED_TO_HG38/MODKIT/HG01861-ONT-hg38-R10-LSK114-dorado090_sup_5mCG_5hmCG_v500/HG01861-ONT-hg38-R10-LSK114-dorado090_sup_5mCG_5hmCG_v500_hp2.bed.gz
HG01862	https://1000g-ont.s3.amazonaws.com/PROCESSED_DATA/ALIGNED_TO_HG38/MODKIT/HG01862-ONT-hg38-R9-LSK110-guppy-sup-5hmc_5mc_cg/HG01862-ONT-hg38-R9-LSK110-guppy-sup-5hmc_5mc_cg_hp1.bed.gz	https://1000g-ont.s3.amazonaws.com/PROCESSED_DATA/ALIGNED_TO_HG38/MODKIT/HG01862-ONT-hg38-R9-LSK110-guppy-sup-5hmc_5mc_cg/HG01862-ONT-hg38-R9-LSK110-guppy-sup-5hmc_5mc_cg_hp2.bed.gz
HG01864	https://1000g-ont.s3.amazonaws.com/PROCESSED_DATA/ALIGNED_TO_HG38/MODKIT/HG01864-ONT-hg38-R9-LSK110-dorado082_sup_5mCG_v33/HG01864-ONT-hg38-R9-LSK110-dorado082_sup_5mCG_v33_hp1.bed.gz	https://1000g-ont.s3.amazonaws.com/PROCESSED_DATA/ALIGNED_TO_HG38/MODKIT/HG01864-ONT-hg38-R9-LSK110-dorado082_sup_5mCG_v33/HG01864-ONT-hg38-R9-LSK110-dorado082_sup_5mCG_v33_hp2.bed.gz
HG01867	https://1000g-ont.s3.amazonaws.com/PROCESSED_DATA/ALIGNED_TO_HG38/MODKIT/HG01867-ONT-hg38-R10-LSK114-dorado081_sup_5mCG_5hmCG_v500/HG01867-ONT-hg38-R10-LSK114-dorado081_sup_5mCG_5hmCG_v500_hp1.bed.gz	https://1000g-ont.s3.amazonaws.com/PROCESSED_DATA/ALIGNED_TO_HG38/MODKIT/HG01867-ONT-hg38-R10-LSK114-dorado081_sup_5mCG_5hmCG_v500/HG01867-ONT-hg38-R10-LSK114-dorado081_sup_5mCG_5hmCG_v500_hp2.bed.gz
HG01868	https://1000g-ont.s3.amazonaws.com/PROCESSED_DATA/ALIGNED_TO_HG38/MODKIT/HG01868-ONT-hg38-R9-LSK110-guppy637_sup_5mC_5hmC/HG01868-ONT-hg38-R9-LSK110-guppy637_sup_5mC_5hmC_hp1.bed.gz	https://1000g-ont.s3.amazonaws.com/PROCESSED_DATA/ALIGNED_TO_HG38/MODKIT/HG01868-ONT-hg38-R9-LSK110-guppy637_sup_5mC_5hmC/HG01868-ONT-hg38-R9-LSK110-guppy637_sup_5mC_5hmC_hp2.bed.gz
HG01869	https://1000g-ont.s3.amazonaws.com/PROCESSED_DATA/ALIGNED_TO_HG38/MODKIT/HG01869-ONT-hg38-R10-LSK114-dorado090_sup_5mCG_5hmCG_v500/HG01869-ONT-hg38-R10-LSK114-dorado090_sup_5mCG_5hmCG_v500_hp1.bed.gz	https://1000g-ont.s3.amazonaws.com/PROCESSED_DATA/ALIGNED_TO_HG38/MODKIT/HG01869-ONT-hg38-R10-LSK114-dorado090_sup_5mCG_5hmCG_v500/HG01869-ONT-hg38-R10-LSK114-dorado090_sup_5mCG_5hmCG_v500_hp2.bed.gz
HG01874	https://1000g-ont.s3.amazonaws.com/PROCESSED_DATA/ALIGNED_TO_HG38/MODKIT/HG01874-ONT-hg38-LSK110-R9-dorado082_sup_5mCG_v33/HG01874-ONT-hg38-LSK110-R9-dorado082_sup_5mCG_v33_hp1.bed.gz	https://1000g-ont.s3.amazonaws.com/PROCESSED_DATA/ALIGNED_TO_HG38/MODKIT/HG01874-ONT-hg38-LSK110-R9-dorado082_sup_5mCG_v33/HG01874-ONT-hg38-LSK110-R9-dorado082_sup_5mCG_v33_hp2.bed.gz
HG01878	https://1000g-ont.s3.amazonaws.com/PROCESSED_DATA/ALIGNED_TO_HG38/MODKIT/HG01878-ONT-hg38-R9-LSK110-dorado050_sup_with5mC/HG01878-ONT-hg38-R9-LSK110-dorado050_sup_with5mC_hp1.bed.gz	https://1000g-ont.s3.amazonaws.com/PROCESSED_DATA/ALIGNED_TO_HG38/MODKIT/HG01878-ONT-hg38-R9-LSK110-dorado050_sup_with5mC/HG01878-ONT-hg38-R9-LSK110-dorado050_sup_with5mC_hp2.bed.gz
HG01893	https://1000g-ont.s3.amazonaws.com/PROCESSED_DATA/ALIGNED_TO_HG38/MODKIT/HG01893-ONT-hg38-R10-LSK114-dorado082_sup_5mCG_5hmCG_v500/HG01893-ONT-hg38-R10-LSK114-dorado082_sup_5mCG_5hmCG_v500_hp1.bed.gz	https://1000g-ont.s3.amazonaws.com/PROCESSED_DATA/ALIGNED_TO_HG38/MODKIT/HG01893-ONT-hg38-R10-LSK114-dorado082_sup_5mCG_5hmCG_v500/HG01893-ONT-hg38-R10-LSK114-dorado082_sup_5mCG_5hmCG_v500_hp2.bed.gz
HG01920	https://1000g-ont.s3.amazonaws.com/PROCESSED_DATA/ALIGNED_TO_HG38/MODKIT/HG01920-ONT-hg38-R10-LSK114-dorado081_sup_5mCG_5hmCG_v500/HG01920-ONT-hg38-R10-LSK114-dorado081_sup_5mCG_5hmCG_v500_hp1.bed.gz	https://1000g-ont.s3.amazonaws.com/PROCESSED_DATA/ALIGNED_TO_HG38/MODKIT/HG01920-ONT-hg38-R10-LSK114-dorado081_sup_5mCG_5hmCG_v500/HG01920-ONT-hg38-R10-LSK114-dorado081_sup_5mCG_5hmCG_v500_hp2.bed.gz
HG01970	https://1000g-ont.s3.amazonaws.com/PROCESSED_DATA/ALIGNED_TO_HG38/MODKIT/HG01970-ONT-hg38-R10-LSK114-dorado081_sup_5mCG_5hmCG_v500/HG01970-ONT-hg38-R10-LSK114-dorado081_sup_5mCG_5hmCG_v500_hp1.bed.gz	https://1000g-ont.s3.amazonaws.com/PROCESSED_DATA/ALIGNED_TO_HG38/MODKIT/HG01970-ONT-hg38-R10-LSK114-dorado081_sup_5mCG_5hmCG_v500/HG01970-ONT-hg38-R10-LSK114-dorado081_sup_5mCG_5hmCG_v500_hp2.bed.gz
HG01973	https://1000g-ont.s3.amazonaws.com/PROCESSED_DATA/ALIGNED_TO_HG38/MODKIT/HG01973-ONT-hg38-R10-LSK114-dorado090_sup_5mCG_5hmCG_v500/HG01973-ONT-hg38-R10-LSK114-dorado090_sup_5mCG_5hmCG_v500_hp1.bed.gz	https://1000g-ont.s3.amazonaws.com/PROCESSED_DATA/ALIGNED_TO_HG38/MODKIT/HG01973-ONT-hg38-R10-LSK114-dorado090_sup_5mCG_5hmCG_v500/HG01973-ONT-hg38-R10-LSK114-dorado090_sup_5mCG_5hmCG_v500_hp2.bed.gz
HG02025	https://1000g-ont.s3.amazonaws.com/PROCESSED_DATA/ALIGNED_TO_HG38/MODKIT/HG02025-ONT-hg38-R10-LSK114-dorado090_sup_5mCG_5hmCG_v500/HG02025-ONT-hg38-R10-LSK114-dorado090_sup_5mCG_5hmCG_v500_hp1.bed.gz	https://1000g-ont.s3.amazonaws.com/PROCESSED_DATA/ALIGNED_TO_HG38/MODKIT/HG02025-ONT-hg38-R10-LSK114-dorado090_sup_5mCG_5hmCG_v500/HG02025-ONT-hg38-R10-LSK114-dorado090_sup_5mCG_5hmCG_v500_hp2.bed.gz
HG02026	https://1000g-ont.s3.amazonaws.com/PROCESSED_DATA/ALIGNED_TO_HG38/MODKIT/HG02026-ONT-hg38-R10-LSK114-dorado090_sup_5mCG_5hmCG_v500/HG02026-ONT-hg38-R10-LSK114-dorado090_sup_5mCG_5hmCG_v500_hp1.bed.gz	https://1000g-ont.s3.amazonaws.com/PROCESSED_DATA/ALIGNED_TO_HG38/MODKIT/HG02026-ONT-hg38-R10-LSK114-dorado090_sup_5mCG_5hmCG_v500/HG02026-ONT-hg38-R10-LSK114-dorado090_sup_5mCG_5hmCG_v500_hp2.bed.gz
HG02035	https://1000g-ont.s3.amazonaws.com/PROCESSED_DATA/ALIGNED_TO_HG38/MODKIT/HG02035-ONT-hg38-R10-LSK114-dorado090_sup_5mCG_5hmCG_v500/HG02035-ONT-hg38-R10-LSK114-dorado090_sup_5mCG_5hmCG_v500_hp1.bed.gz	https://1000g-ont.s3.amazonaws.com/PROCESSED_DATA/ALIGNED_TO_HG38/MODKIT/HG02035-ONT-hg38-R10-LSK114-dorado090_sup_5mCG_5hmCG_v500/HG02035-ONT-hg38-R10-LSK114-dorado090_sup_5mCG_5hmCG_v500_hp2.bed.gz
HG02048	https://1000g-ont.s3.amazonaws.com/PROCESSED_DATA/ALIGNED_TO_HG38/MODKIT/HG02048-ONT-hg38-R9-LSK110-guppy-sup-5mC/HG02048-ONT-hg38-R9-LSK110-guppy-sup-5mC_hp1.bed.gz	https://1000g-ont.s3.amazonaws.com/PROCESSED_DATA/ALIGNED_TO_HG38/MODKIT/HG02048-ONT-hg38-R9-LSK110-guppy-sup-5mC/HG02048-ONT-hg38-R9-LSK110-guppy-sup-5mC_hp2.bed.gz
HG02049	https://1000g-ont.s3.amazonaws.com/PROCESSED_DATA/ALIGNED_TO_HG38/MODKIT/HG02049-ONT-hg38-R9-LSK110-dorado050_sup_5mCG_v33/HG02049-ONT-hg38-R9-LSK110-dorado050_sup_5mCG_v33_hp1.bed.gz	https://1000g-ont.s3.amazonaws.com/PROCESSED_DATA/ALIGNED_TO_HG38/MODKIT/HG02049-ONT-hg38-R9-LSK110-dorado050_sup_5mCG_v33/HG02049-ONT-hg38-R9-LSK110-dorado050_sup_5mCG_v33_hp2.bed.gz
HG02050	https://1000g-ont.s3.amazonaws.com/PROCESSED_DATA/ALIGNED_TO_HG38/MODKIT/HG02050-ONT-hg38-R9-LSK110-dorado082_sup_5mCG_v33/HG02050-ONT-hg38-R9-LSK110-dorado082_sup_5mCG_v33_hp1.bed.gz	https://1000g-ont.s3.amazonaws.com/PROCESSED_DATA/ALIGNED_TO_HG38/MODKIT/HG02050-ONT-hg38-R9-LSK110-dorado082_sup_5mCG_v33/HG02050-ONT-hg38-R9-LSK110-dorado082_sup_5mCG_v33_hp2.bed.gz
HG02051	https://1000g-ont.s3.amazonaws.com/PROCESSED_DATA/ALIGNED_TO_HG38/MODKIT/HG02051-ONT-hg38-R9-LSK110-guppy-sup-5hmc_5mc_cg/HG02051-ONT-hg38-R9-LSK110-guppy-sup-5hmc_5mc_cg_hp1.bed.gz	https://1000g-ont.s3.amazonaws.com/PROCESSED_DATA/ALIGNED_TO_HG38/MODKIT/HG02051-ONT-hg38-R9-LSK110-guppy-sup-5hmc_5mc_cg/HG02051-ONT-hg38-R9-LSK110-guppy-sup-5hmc_5mc_cg_hp2.bed.gz
HG02086	https://1000g-ont.s3.amazonaws.com/PROCESSED_DATA/ALIGNED_TO_HG38/MODKIT/HG02086-ONT-hg38-R10-LSK114-dorado090_sup_5mCG_5hmCG_v500/HG02086-ONT-hg38-R10-LSK114-dorado090_sup_5mCG_5hmCG_v500_hp1.bed.gz	https://1000g-ont.s3.amazonaws.com/PROCESSED_DATA/ALIGNED_TO_HG38/MODKIT/HG02086-ONT-hg38-R10-LSK114-dorado090_sup_5mCG_5hmCG_v500/HG02086-ONT-hg38-R10-LSK114-dorado090_sup_5mCG_5hmCG_v500_hp2.bed.gz
HG02088	https://1000g-ont.s3.amazonaws.com/PROCESSED_DATA/ALIGNED_TO_HG38/MODKIT/HG02088-ONT-hg38-R10-LSK114-dorado090_sup_5mCG_5hmCG_v500/HG02088-ONT-hg38-R10-LSK114-dorado090_sup_5mCG_5hmCG_v500_hp1.bed.gz	https://1000g-ont.s3.amazonaws.com/PROCESSED_DATA/ALIGNED_TO_HG38/MODKIT/HG02088-ONT-hg38-R10-LSK114-dorado090_sup_5mCG_5hmCG_v500/HG02088-ONT-hg38-R10-LSK114-dorado090_sup_5mCG_5hmCG_v500_hp2.bed.gz
HG02090	https://1000g-ont.s3.amazonaws.com/PROCESSED_DATA/ALIGNED_TO_HG38/MODKIT/HG02090-ONT-hg38-R9-LSK110-guppy657_sup_5mC_5hmC/HG02090-ONT-hg38-R9-LSK110-guppy657_sup_5mC_5hmC_hp1.bed.gz	https://1000g-ont.s3.amazonaws.com/PROCESSED_DATA/ALIGNED_TO_HG38/MODKIT/HG02090-ONT-hg38-R9-LSK110-guppy657_sup_5mC_5hmC/HG02090-ONT-hg38-R9-LSK110-guppy657_sup_5mC_5hmC_hp2.bed.gz
HG02102	https://1000g-ont.s3.amazonaws.com/PROCESSED_DATA/ALIGNED_TO_HG38/MODKIT/HG02102-ONT-hg38-R9-LSK110-guppy-sup-5hmc_5mc_cg/HG02102-ONT-hg38-R9-LSK110-guppy-sup-5hmc_5mc_cg_hp1.bed.gz	https://1000g-ont.s3.amazonaws.com/PROCESSED_DATA/ALIGNED_TO_HG38/MODKIT/HG02102-ONT-hg38-R9-LSK110-guppy-sup-5hmc_5mc_cg/HG02102-ONT-hg38-R9-LSK110-guppy-sup-5hmc_5mc_cg_hp2.bed.gz
HG02113	https://1000g-ont.s3.amazonaws.com/PROCESSED_DATA/ALIGNED_TO_HG38/MODKIT/HG02113-ONT-hg38-R9-LSK110-dorado082_sup_5mCG_v33/HG02113-ONT-hg38-R9-LSK110-dorado082_sup_5mCG_v33_hp1.bed.gz	https://1000g-ont.s3.amazonaws.com/PROCESSED_DATA/ALIGNED_TO_HG38/MODKIT/HG02113-ONT-hg38-R9-LSK110-dorado082_sup_5mCG_v33/HG02113-ONT-hg38-R9-LSK110-dorado082_sup_5mCG_v33_hp2.bed.gz
HG02134	https://1000g-ont.s3.amazonaws.com/PROCESSED_DATA/ALIGNED_TO_HG38/MODKIT/HG02134-ONT-hg38-R10-LSK114-dorado090_sup_5mCG_5hmCG_v500/HG02134-ONT-hg38-R10-LSK114-dorado090_sup_5mCG_5hmCG_v500_hp1.bed.gz	https://1000g-ont.s3.amazonaws.com/PROCESSED_DATA/ALIGNED_TO_HG38/MODKIT/HG02134-ONT-hg38-R10-LSK114-dorado090_sup_5mCG_5hmCG_v500/HG02134-ONT-hg38-R10-LSK114-dorado090_sup_5mCG_5hmCG_v500_hp2.bed.gz
HG02140	https://1000g-ont.s3.amazonaws.com/PROCESSED_DATA/ALIGNED_TO_HG38/MODKIT/HG02140-ONT-hg38-R10-LSK114-dorado090_sup_5mCG_5hmCG_v500/HG02140-ONT-hg38-R10-LSK114-dorado090_sup_5mCG_5hmCG_v500_hp1.bed.gz	https://1000g-ont.s3.amazonaws.com/PROCESSED_DATA/ALIGNED_TO_HG38/MODKIT/HG02140-ONT-hg38-R10-LSK114-dorado090_sup_5mCG_5hmCG_v500/HG02140-ONT-hg38-R10-LSK114-dorado090_sup_5mCG_5hmCG_v500_hp2.bed.gz
HG02141	https://1000g-ont.s3.amazonaws.com/PROCESSED_DATA/ALIGNED_TO_HG38/MODKIT/HG02141-ONT-hg38-R10-LSK114-dorado090_sup_5mCG_5hmCG_v500/HG02141-ONT-hg38-R10-LSK114-dorado090_sup_5mCG_5hmCG_v500_hp1.bed.gz	https://1000g-ont.s3.amazonaws.com/PROCESSED_DATA/ALIGNED_TO_HG38/MODKIT/HG02141-ONT-hg38-R10-LSK114-dorado090_sup_5mCG_5hmCG_v500/HG02141-ONT-hg38-R10-LSK114-dorado090_sup_5mCG_5hmCG_v500_hp2.bed.gz
HG02142	https://1000g-ont.s3.amazonaws.com/PROCESSED_DATA/ALIGNED_TO_HG38/MODKIT/HG02142-ONT-hg38-R9-LSK110-dorado050_sup_5mCG_v33/HG02142-ONT-hg38-R9-LSK110-dorado050_sup_5mCG_v33_hp1.bed.gz	https://1000g-ont.s3.amazonaws.com/PROCESSED_DATA/ALIGNED_TO_HG38/MODKIT/HG02142-ONT-hg38-R9-LSK110-dorado050_sup_5mCG_v33/HG02142-ONT-hg38-R9-LSK110-dorado050_sup_5mCG_v33_hp2.bed.gz
HG02150	https://1000g-ont.s3.amazonaws.com/PROCESSED_DATA/ALIGNED_TO_HG38/MODKIT/HG02150-ONT-hg38-R9-LSK110-dorado050_sup_5mCG_v33/HG02150-ONT-hg38-R9-LSK110-dorado050_sup_5mCG_v33_hp1.bed.gz	https://1000g-ont.s3.amazonaws.com/PROCESSED_DATA/ALIGNED_TO_HG38/MODKIT/HG02150-ONT-hg38-R9-LSK110-dorado050_sup_5mCG_v33/HG02150-ONT-hg38-R9-LSK110-dorado050_sup_5mCG_v33_hp2.bed.gz
HG02151	https://1000g-ont.s3.amazonaws.com/PROCESSED_DATA/ALIGNED_TO_HG38/MODKIT/HG02151-ONT-hg38-R9-LSK110-dorado082_sup_5mCG_v33/HG02151-ONT-hg38-R9-LSK110-dorado082_sup_5mCG_v33_hp1.bed.gz	https://1000g-ont.s3.amazonaws.com/PROCESSED_DATA/ALIGNED_TO_HG38/MODKIT/HG02151-ONT-hg38-R9-LSK110-dorado082_sup_5mCG_v33/HG02151-ONT-hg38-R9-LSK110-dorado082_sup_5mCG_v33_hp2.bed.gz
HG02166	https://1000g-ont.s3.amazonaws.com/PROCESSED_DATA/ALIGNED_TO_HG38/MODKIT/HG02166-ONT-hg38-R9-LSK110-dorado050_sup_5mCG_v33/HG02166-ONT-hg38-R9-LSK110-dorado050_sup_5mCG_v33_hp1.bed.gz	https://1000g-ont.s3.amazonaws.com/PROCESSED_DATA/ALIGNED_TO_HG38/MODKIT/HG02166-ONT-hg38-R9-LSK110-dorado050_sup_5mCG_v33/HG02166-ONT-hg38-R9-LSK110-dorado050_sup_5mCG_v33_hp2.bed.gz
HG02179	https://1000g-ont.s3.amazonaws.com/PROCESSED_DATA/ALIGNED_TO_HG38/MODKIT/HG02179-ONT-hg38-R10-LSK114-dorado090_sup_5mCG_5hmCG_v500/HG02179-ONT-hg38-R10-LSK114-dorado090_sup_5mCG_5hmCG_v500_hp1.bed.gz	https://1000g-ont.s3.amazonaws.com/PROCESSED_DATA/ALIGNED_TO_HG38/MODKIT/HG02179-ONT-hg38-R10-LSK114-dorado090_sup_5mCG_5hmCG_v500/HG02179-ONT-hg38-R10-LSK114-dorado090_sup_5mCG_5hmCG_v500_hp2.bed.gz
HG02181	https://1000g-ont.s3.amazonaws.com/PROCESSED_DATA/ALIGNED_TO_HG38/MODKIT/HG02181-ONT-hg38-R10-LSK114-dorado090_sup_5mCG_5hmCG_v500/HG02181-ONT-hg38-R10-LSK114-dorado090_sup_5mCG_5hmCG_v500_hp1.bed.gz	https://1000g-ont.s3.amazonaws.com/PROCESSED_DATA/ALIGNED_TO_HG38/MODKIT/HG02181-ONT-hg38-R10-LSK114-dorado090_sup_5mCG_5hmCG_v500/HG02181-ONT-hg38-R10-LSK114-dorado090_sup_5mCG_5hmCG_v500_hp2.bed.gz
HG02185	https://1000g-ont.s3.amazonaws.com/PROCESSED_DATA/ALIGNED_TO_HG38/MODKIT/HG02185-ONT-hg38-R9-LSK110-guppy-sup-5mC/HG02185-ONT-hg38-R9-LSK110-guppy-sup-5mC_hp1.bed.gz	https://1000g-ont.s3.amazonaws.com/PROCESSED_DATA/ALIGNED_TO_HG38/MODKIT/HG02185-ONT-hg38-R9-LSK110-guppy-sup-5mC/HG02185-ONT-hg38-R9-LSK110-guppy-sup-5mC_hp2.bed.gz
HG02186	https://1000g-ont.s3.amazonaws.com/PROCESSED_DATA/ALIGNED_TO_HG38/MODKIT/HG02186-ONT-hg38-R10-LSK114-dorado090_sup_5mCG_5hmCG_v500/HG02186-ONT-hg38-R10-LSK114-dorado090_sup_5mCG_5hmCG_v500_hp1.bed.gz	https://1000g-ont.s3.amazonaws.com/PROCESSED_DATA/ALIGNED_TO_HG38/MODKIT/HG02186-ONT-hg38-R10-LSK114-dorado090_sup_5mCG_5hmCG_v500/HG02186-ONT-hg38-R10-LSK114-dorado090_sup_5mCG_5hmCG_v500_hp2.bed.gz
HG02187	https://1000g-ont.s3.amazonaws.com/PROCESSED_DATA/ALIGNED_TO_HG38/MODKIT/HG02187-ONT-hg38-R10-LSK114-dorado090_sup_5mCG_5hmCG_v500/HG02187-ONT-hg38-R10-LSK114-dorado090_sup_5mCG_5hmCG_v500_hp1.bed.gz	https://1000g-ont.s3.amazonaws.com/PROCESSED_DATA/ALIGNED_TO_HG38/MODKIT/HG02187-ONT-hg38-R10-LSK114-dorado090_sup_5mCG_5hmCG_v500/HG02187-ONT-hg38-R10-LSK114-dorado090_sup_5mCG_5hmCG_v500_hp2.bed.gz
HG02188	https://1000g-ont.s3.amazonaws.com/PROCESSED_DATA/ALIGNED_TO_HG38/MODKIT/HG02188-ONT-hg38-R9-LSK110-dorado050_sup_5mCG_v33/HG02188-ONT-hg38-R9-LSK110-dorado050_sup_5mCG_v33_hp1.bed.gz	https://1000g-ont.s3.amazonaws.com/PROCESSED_DATA/ALIGNED_TO_HG38/MODKIT/HG02188-ONT-hg38-R9-LSK110-dorado050_sup_5mCG_v33/HG02188-ONT-hg38-R9-LSK110-dorado050_sup_5mCG_v33_hp2.bed.gz
HG02190	https://1000g-ont.s3.amazonaws.com/PROCESSED_DATA/ALIGNED_TO_HG38/MODKIT/HG02190-ONT-hg38-R9-LSK110-dorado050_sup_5mCG_v33/HG02190-ONT-hg38-R9-LSK110-dorado050_sup_5mCG_v33_hp1.bed.gz	https://1000g-ont.s3.amazonaws.com/PROCESSED_DATA/ALIGNED_TO_HG38/MODKIT/HG02190-ONT-hg38-R9-LSK110-dorado050_sup_5mCG_v33/HG02190-ONT-hg38-R9-LSK110-dorado050_sup_5mCG_v33_hp2.bed.gz
HG02215	https://1000g-ont.s3.amazonaws.com/PROCESSED_DATA/ALIGNED_TO_HG38/MODKIT/HG02215-ONT-hg38-R9-LSK110-dorado050_sup_5mCG_v33/HG02215-ONT-hg38-R9-LSK110-dorado050_sup_5mCG_v33_hp1.bed.gz	https://1000g-ont.s3.amazonaws.com/PROCESSED_DATA/ALIGNED_TO_HG38/MODKIT/HG02215-ONT-hg38-R9-LSK110-dorado050_sup_5mCG_v33/HG02215-ONT-hg38-R9-LSK110-dorado050_sup_5mCG_v33_hp2.bed.gz
HG02220	https://1000g-ont.s3.amazonaws.com/PROCESSED_DATA/ALIGNED_TO_HG38/MODKIT/HG02220-ONT-hg38-R10-LSK114-dorado090_sup_5mCG_5hmCG_v500/HG02220-ONT-hg38-R10-LSK114-dorado090_sup_5mCG_5hmCG_v500_hp1.bed.gz	https://1000g-ont.s3.amazonaws.com/PROCESSED_DATA/ALIGNED_TO_HG38/MODKIT/HG02220-ONT-hg38-R10-LSK114-dorado090_sup_5mCG_5hmCG_v500/HG02220-ONT-hg38-R10-LSK114-dorado090_sup_5mCG_5hmCG_v500_hp2.bed.gz
HG02230	https://1000g-ont.s3.amazonaws.com/PROCESSED_DATA/ALIGNED_TO_HG38/MODKIT/HG02230-ONT-hg38-R10-LSK114-dorado090_sup_5mCG_5hmCG_v500/HG02230-ONT-hg38-R10-LSK114-dorado090_sup_5mCG_5hmCG_v500_hp1.bed.gz	https://1000g-ont.s3.amazonaws.com/PROCESSED_DATA/ALIGNED_TO_HG38/MODKIT/HG02230-ONT-hg38-R10-LSK114-dorado090_sup_5mCG_5hmCG_v500/HG02230-ONT-hg38-R10-LSK114-dorado090_sup_5mCG_5hmCG_v500_hp2.bed.gz
HG02232	https://1000g-ont.s3.amazonaws.com/PROCESSED_DATA/ALIGNED_TO_HG38/MODKIT/HG02232-ONT-hg38-R10-LSK114-dorado090_sup_5mCG_5hmCG_v500/HG02232-ONT-hg38-R10-LSK114-dorado090_sup_5mCG_5hmCG_v500_hp1.bed.gz	https://1000g-ont.s3.amazonaws.com/PROCESSED_DATA/ALIGNED_TO_HG38/MODKIT/HG02232-ONT-hg38-R10-LSK114-dorado090_sup_5mCG_5hmCG_v500/HG02232-ONT-hg38-R10-LSK114-dorado090_sup_5mCG_5hmCG_v500_hp2.bed.gz
HG02236	https://1000g-ont.s3.amazonaws.com/PROCESSED_DATA/ALIGNED_TO_HG38/MODKIT/HG02236-ONT-hg38-R10-LSK114-dorado090_sup_5mCG_5hmCG_v500/HG02236-ONT-hg38-R10-LSK114-dorado090_sup_5mCG_5hmCG_v500_hp1.bed.gz	https://1000g-ont.s3.amazonaws.com/PROCESSED_DATA/ALIGNED_TO_HG38/MODKIT/HG02236-ONT-hg38-R10-LSK114-dorado090_sup_5mCG_5hmCG_v500/HG02236-ONT-hg38-R10-LSK114-dorado090_sup_5mCG_5hmCG_v500_hp2.bed.gz
HG02252	https://1000g-ont.s3.amazonaws.com/PROCESSED_DATA/ALIGNED_TO_HG38/MODKIT/HG02252-ONT-hg38-R9-LSK110-guppy-sup-5mC/HG02252-ONT-hg38-R9-LSK110-guppy-sup-5mC_hp1.bed.gz	https://1000g-ont.s3.amazonaws.com/PROCESSED_DATA/ALIGNED_TO_HG38/MODKIT/HG02252-ONT-hg38-R9-LSK110-guppy-sup-5mC/HG02252-ONT-hg38-R9-LSK110-guppy-sup-5mC_hp2.bed.gz
HG02262	https://1000g-ont.s3.amazonaws.com/PROCESSED_DATA/ALIGNED_TO_HG38/MODKIT/HG02262-ONT-hg38-R9-LSK110-guppy-sup-5mC/HG02262-ONT-hg38-R9-LSK110-guppy-sup-5mC_hp1.bed.gz	https://1000g-ont.s3.amazonaws.com/PROCESSED_DATA/ALIGNED_TO_HG38/MODKIT/HG02262-ONT-hg38-R9-LSK110-guppy-sup-5mC/HG02262-ONT-hg38-R9-LSK110-guppy-sup-5mC_hp2.bed.gz
HG02282	https://1000g-ont.s3.amazonaws.com/PROCESSED_DATA/ALIGNED_TO_HG38/MODKIT/HG02282-ONT-hg38-R9-LSK110-guppy-sup-5mC/HG02282-ONT-hg38-R9-LSK110-guppy-sup-5mC_hp1.bed.gz	https://1000g-ont.s3.amazonaws.com/PROCESSED_DATA/ALIGNED_TO_HG38/MODKIT/HG02282-ONT-hg38-R9-LSK110-guppy-sup-5mC/HG02282-ONT-hg38-R9-LSK110-guppy-sup-5mC_hp2.bed.gz
HG02301	https://1000g-ont.s3.amazonaws.com/PROCESSED_DATA/ALIGNED_TO_HG38/MODKIT/HG02301-ONT-hg38-R10-LSK114-dorado090_sup_5mCG_5hmCG_v500/HG02301-ONT-hg38-R10-LSK114-dorado090_sup_5mCG_5hmCG_v500_hp1.bed.gz	https://1000g-ont.s3.amazonaws.com/PROCESSED_DATA/ALIGNED_TO_HG38/MODKIT/HG02301-ONT-hg38-R10-LSK114-dorado090_sup_5mCG_5hmCG_v500/HG02301-ONT-hg38-R10-LSK114-dorado090_sup_5mCG_5hmCG_v500_hp2.bed.gz
HG02304	https://1000g-ont.s3.amazonaws.com/PROCESSED_DATA/ALIGNED_TO_HG38/MODKIT/HG02304-ONT-hg38-R9-LSK110-dorado082_sup_5mCG_v33/HG02304-ONT-hg38-R9-LSK110-dorado082_sup_5mCG_v33_hp1.bed.gz	https://1000g-ont.s3.amazonaws.com/PROCESSED_DATA/ALIGNED_TO_HG38/MODKIT/HG02304-ONT-hg38-R9-LSK110-dorado082_sup_5mCG_v33/HG02304-ONT-hg38-R9-LSK110-dorado082_sup_5mCG_v33_hp2.bed.gz
HG02312	https://1000g-ont.s3.amazonaws.com/PROCESSED_DATA/ALIGNED_TO_HG38/MODKIT/HG02312-ONT-hg38-R9-LSK110-guppy-sup-5hmc_5mc_cg/HG02312-ONT-hg38-R9-LSK110-guppy-sup-5hmc_5mc_cg_hp1.bed.gz	https://1000g-ont.s3.amazonaws.com/PROCESSED_DATA/ALIGNED_TO_HG38/MODKIT/HG02312-ONT-hg38-R9-LSK110-guppy-sup-5hmc_5mc_cg/HG02312-ONT-hg38-R9-LSK110-guppy-sup-5hmc_5mc_cg_hp2.bed.gz
HG02330	https://1000g-ont.s3.amazonaws.com/PROCESSED_DATA/ALIGNED_TO_HG38/MODKIT/HG02330-ONT-hg38-R9-LSK110-dorado050_sup_5mCG_v33/HG02330-ONT-hg38-R9-LSK110-dorado050_sup_5mCG_v33_hp1.bed.gz	https://1000g-ont.s3.amazonaws.com/PROCESSED_DATA/ALIGNED_TO_HG38/MODKIT/HG02330-ONT-hg38-R9-LSK110-dorado050_sup_5mCG_v33/HG02330-ONT-hg38-R9-LSK110-dorado050_sup_5mCG_v33_hp2.bed.gz
HG02334	https://1000g-ont.s3.amazonaws.com/PROCESSED_DATA/ALIGNED_TO_HG38/MODKIT/HG02334-ONT-hg38-R10-LSK114-dorado090_sup_5mCG_5hmCG_v500/HG02334-ONT-hg38-R10-LSK114-dorado090_sup_5mCG_5hmCG_v500_hp1.bed.gz	https://1000g-ont.s3.amazonaws.com/PROCESSED_DATA/ALIGNED_TO_HG38/MODKIT/HG02334-ONT-hg38-R10-LSK114-dorado090_sup_5mCG_5hmCG_v500/HG02334-ONT-hg38-R10-LSK114-dorado090_sup_5mCG_5hmCG_v500_hp2.bed.gz
HG02339	https://1000g-ont.s3.amazonaws.com/PROCESSED_DATA/ALIGNED_TO_HG38/MODKIT/HG02339-ONT-hg38-R9-LSK110-dorado034_sup_5mCG_5hmCG_v33/HG02339-ONT-hg38-R9-LSK110-dorado034_sup_5mCG_5hmCG_v33_hp1.bed.gz	https://1000g-ont.s3.amazonaws.com/PROCESSED_DATA/ALIGNED_TO_HG38/MODKIT/HG02339-ONT-hg38-R9-LSK110-dorado034_sup_5mCG_5hmCG_v33/HG02339-ONT-hg38-R9-LSK110-dorado034_sup_5mCG_5hmCG_v33_hp2.bed.gz
HG02343	https://1000g-ont.s3.amazonaws.com/PROCESSED_DATA/ALIGNED_TO_HG38/MODKIT/HG02343-ONT-hg38-R9-LSK110-dorado050_sup_5mCG_v33/HG02343-ONT-hg38-R9-LSK110-dorado050_sup_5mCG_v33_hp1.bed.gz	https://1000g-ont.s3.amazonaws.com/PROCESSED_DATA/ALIGNED_TO_HG38/MODKIT/HG02343-ONT-hg38-R9-LSK110-dorado050_sup_5mCG_v33/HG02343-ONT-hg38-R9-LSK110-dorado050_sup_5mCG_v33_hp2.bed.gz
HG02345	https://1000g-ont.s3.amazonaws.com/PROCESSED_DATA/ALIGNED_TO_HG38/MODKIT/HG02345-ONT-hg38-R9-LSK110-guppy-sup-5mC/HG02345-ONT-hg38-R9-LSK110-guppy-sup-5mC_hp1.bed.gz	https://1000g-ont.s3.amazonaws.com/PROCESSED_DATA/ALIGNED_TO_HG38/MODKIT/HG02345-ONT-hg38-R9-LSK110-guppy-sup-5mC/HG02345-ONT-hg38-R9-LSK110-guppy-sup-5mC_hp2.bed.gz
HG02348	https://1000g-ont.s3.amazonaws.com/PROCESSED_DATA/ALIGNED_TO_HG38/MODKIT/HG02348-ONT-hg38-R9-LSK110-dorado050_sup_5mCG_v33/HG02348-ONT-hg38-R9-LSK110-dorado050_sup_5mCG_v33_hp1.bed.gz	https://1000g-ont.s3.amazonaws.com/PROCESSED_DATA/ALIGNED_TO_HG38/MODKIT/HG02348-ONT-hg38-R9-LSK110-dorado050_sup_5mCG_v33/HG02348-ONT-hg38-R9-LSK110-dorado050_sup_5mCG_v33_hp2.bed.gz
HG02351	https://1000g-ont.s3.amazonaws.com/PROCESSED_DATA/ALIGNED_TO_HG38/MODKIT/HG02351-ONT-hg38-R10-LSK114-dorado090_sup_5mCG_5hmCG_v500/HG02351-ONT-hg38-R10-LSK114-dorado090_sup_5mCG_5hmCG_v500_hp1.bed.gz	https://1000g-ont.s3.amazonaws.com/PROCESSED_DATA/ALIGNED_TO_HG38/MODKIT/HG02351-ONT-hg38-R10-LSK114-dorado090_sup_5mCG_5hmCG_v500/HG02351-ONT-hg38-R10-LSK114-dorado090_sup_5mCG_5hmCG_v500_hp2.bed.gz
HG02353	https://1000g-ont.s3.amazonaws.com/PROCESSED_DATA/ALIGNED_TO_HG38/MODKIT/HG02353-ONT-hg38-R10-LSK114-dorado090_sup_5mCG_5hmCG_v500/HG02353-ONT-hg38-R10-LSK114-dorado090_sup_5mCG_5hmCG_v500_hp1.bed.gz	https://1000g-ont.s3.amazonaws.com/PROCESSED_DATA/ALIGNED_TO_HG38/MODKIT/HG02353-ONT-hg38-R10-LSK114-dorado090_sup_5mCG_5hmCG_v500/HG02353-ONT-hg38-R10-LSK114-dorado090_sup_5mCG_5hmCG_v500_hp2.bed.gz
HG02355	https://1000g-ont.s3.amazonaws.com/PROCESSED_DATA/ALIGNED_TO_HG38/MODKIT/HG02355-ONT-hg38-R9-LSK110-dorado082_sup_5mCG_v33/HG02355-ONT-hg38-R9-LSK110-dorado082_sup_5mCG_v33_hp1.bed.gz	https://1000g-ont.s3.amazonaws.com/PROCESSED_DATA/ALIGNED_TO_HG38/MODKIT/HG02355-ONT-hg38-R9-LSK110-dorado082_sup_5mCG_v33/HG02355-ONT-hg38-R9-LSK110-dorado082_sup_5mCG_v33_hp2.bed.gz
HG02356	https://1000g-ont.s3.amazonaws.com/PROCESSED_DATA/ALIGNED_TO_HG38/MODKIT/HG02356-ONT-hg38-R10-LSK114-dorado090_sup_5mCG_5hmCG_v500/HG02356-ONT-hg38-R10-LSK114-dorado090_sup_5mCG_5hmCG_v500_hp1.bed.gz	https://1000g-ont.s3.amazonaws.com/PROCESSED_DATA/ALIGNED_TO_HG38/MODKIT/HG02356-ONT-hg38-R10-LSK114-dorado090_sup_5mCG_5hmCG_v500/HG02356-ONT-hg38-R10-LSK114-dorado090_sup_5mCG_5hmCG_v500_hp2.bed.gz
HG02360	https://1000g-ont.s3.amazonaws.com/PROCESSED_DATA/ALIGNED_TO_HG38/MODKIT/HG02360-ONT-hg38-R9-LSK110-dorado050_sup_with5mC/HG02360-ONT-hg38-R9-LSK110-dorado050_sup_with5mC_hp1.bed.gz	https://1000g-ont.s3.amazonaws.com/PROCESSED_DATA/ALIGNED_TO_HG38/MODKIT/HG02360-ONT-hg38-R9-LSK110-dorado050_sup_with5mC/HG02360-ONT-hg38-R9-LSK110-dorado050_sup_with5mC_hp2.bed.gz
HG02373	https://1000g-ont.s3.amazonaws.com/PROCESSED_DATA/ALIGNED_TO_HG38/MODKIT/HG02373-ONT-hg38-R9-LSK110-guppy-sup-5mC/HG02373-ONT-hg38-R9-LSK110-guppy-sup-5mC_hp1.bed.gz	https://1000g-ont.s3.amazonaws.com/PROCESSED_DATA/ALIGNED_TO_HG38/MODKIT/HG02373-ONT-hg38-R9-LSK110-guppy-sup-5mC/HG02373-ONT-hg38-R9-LSK110-guppy-sup-5mC_hp2.bed.gz
HG02374	https://1000g-ont.s3.amazonaws.com/PROCESSED_DATA/ALIGNED_TO_HG38/MODKIT/HG02374-ONT-hg38-R10-LSK114-dorado090_sup_5mCG_5hmCG_v500/HG02374-ONT-hg38-R10-LSK114-dorado090_sup_5mCG_5hmCG_v500_hp1.bed.gz	https://1000g-ont.s3.amazonaws.com/PROCESSED_DATA/ALIGNED_TO_HG38/MODKIT/HG02374-ONT-hg38-R10-LSK114-dorado090_sup_5mCG_5hmCG_v500/HG02374-ONT-hg38-R10-LSK114-dorado090_sup_5mCG_5hmCG_v500_hp2.bed.gz
HG02379	https://1000g-ont.s3.amazonaws.com/PROCESSED_DATA/ALIGNED_TO_HG38/MODKIT/HG02379-ONT-hg38-R9-LSK110-dorado082_sup_5mCG_v33/HG02379-ONT-hg38-R9-LSK110-dorado082_sup_5mCG_v33_hp1.bed.gz	https://1000g-ont.s3.amazonaws.com/PROCESSED_DATA/ALIGNED_TO_HG38/MODKIT/HG02379-ONT-hg38-R9-LSK110-dorado082_sup_5mCG_v33/HG02379-ONT-hg38-R9-LSK110-dorado082_sup_5mCG_v33_hp2.bed.gz
HG02380	https://1000g-ont.s3.amazonaws.com/PROCESSED_DATA/ALIGNED_TO_HG38/MODKIT/HG02380-ONT-hg38-R10-LSK114-dorado090_sup_5mCG_5hmCG_v500/HG02380-ONT-hg38-R10-LSK114-dorado090_sup_5mCG_5hmCG_v500_hp1.bed.gz	https://1000g-ont.s3.amazonaws.com/PROCESSED_DATA/ALIGNED_TO_HG38/MODKIT/HG02380-ONT-hg38-R10-LSK114-dorado090_sup_5mCG_5hmCG_v500/HG02380-ONT-hg38-R10-LSK114-dorado090_sup_5mCG_5hmCG_v500_hp2.bed.gz
HG02385	https://1000g-ont.s3.amazonaws.com/PROCESSED_DATA/ALIGNED_TO_HG38/MODKIT/HG02385-ONT-hg38-R9-LSK110-dorado082_sup_5mCG_v33/HG02385-ONT-hg38-R9-LSK110-dorado082_sup_5mCG_v33_hp1.bed.gz	https://1000g-ont.s3.amazonaws.com/PROCESSED_DATA/ALIGNED_TO_HG38/MODKIT/HG02385-ONT-hg38-R9-LSK110-dorado082_sup_5mCG_v33/HG02385-ONT-hg38-R9-LSK110-dorado082_sup_5mCG_v33_hp2.bed.gz
HG02389	https://1000g-ont.s3.amazonaws.com/PROCESSED_DATA/ALIGNED_TO_HG38/MODKIT/HG02389-ONT-hg38-R9-LSK110-guppy-sup-5mC/HG02389-ONT-hg38-R9-LSK110-guppy-sup-5mC_hp1.bed.gz	https://1000g-ont.s3.amazonaws.com/PROCESSED_DATA/ALIGNED_TO_HG38/MODKIT/HG02389-ONT-hg38-R9-LSK110-guppy-sup-5mC/HG02389-ONT-hg38-R9-LSK110-guppy-sup-5mC_hp2.bed.gz
HG02394	https://1000g-ont.s3.amazonaws.com/PROCESSED_DATA/ALIGNED_TO_HG38/MODKIT/HG02394-ONT-hg38-R10-LSK114-dorado090_sup_5mCG_5hmCG_v500/HG02394-ONT-hg38-R10-LSK114-dorado090_sup_5mCG_5hmCG_v500_hp1.bed.gz	https://1000g-ont.s3.amazonaws.com/PROCESSED_DATA/ALIGNED_TO_HG38/MODKIT/HG02394-ONT-hg38-R10-LSK114-dorado090_sup_5mCG_5hmCG_v500/HG02394-ONT-hg38-R10-LSK114-dorado090_sup_5mCG_5hmCG_v500_hp2.bed.gz
HG02396	https://1000g-ont.s3.amazonaws.com/PROCESSED_DATA/ALIGNED_TO_HG38/MODKIT/HG02396-ONT-hg38-R9-LSK110-guppy-sup-5mC/HG02396-ONT-hg38-R9-LSK110-guppy-sup-5mC_hp1.bed.gz	https://1000g-ont.s3.amazonaws.com/PROCESSED_DATA/ALIGNED_TO_HG38/MODKIT/HG02396-ONT-hg38-R9-LSK110-guppy-sup-5mC/HG02396-ONT-hg38-R9-LSK110-guppy-sup-5mC_hp2.bed.gz
HG02409	https://1000g-ont.s3.amazonaws.com/PROCESSED_DATA/ALIGNED_TO_HG38/MODKIT/HG02409-ONT-hg38-R9-LSK110-guppy-sup-5mC/HG02409-ONT-hg38-R9-LSK110-guppy-sup-5mC_hp1.bed.gz	https://1000g-ont.s3.amazonaws.com/PROCESSED_DATA/ALIGNED_TO_HG38/MODKIT/HG02409-ONT-hg38-R9-LSK110-guppy-sup-5mC/HG02409-ONT-hg38-R9-LSK110-guppy-sup-5mC_hp2.bed.gz
HG02425	https://1000g-ont.s3.amazonaws.com/PROCESSED_DATA/ALIGNED_TO_HG38/MODKIT/HG02425-ONT-hg38-R9-LSK110_dorado050_sup_5mCG/HG02425-ONT-hg38-R9-LSK110_dorado050_sup_5mCG_hp1.bed.gz	https://1000g-ont.s3.amazonaws.com/PROCESSED_DATA/ALIGNED_TO_HG38/MODKIT/HG02425-ONT-hg38-R9-LSK110_dorado050_sup_5mCG/HG02425-ONT-hg38-R9-LSK110_dorado050_sup_5mCG_hp2.bed.gz
HG02439	https://1000g-ont.s3.amazonaws.com/PROCESSED_DATA/ALIGNED_TO_HG38/MODKIT/HG02439-ONT-hg38-R9-LSK110-dorado034_sup_5mCG_5hmCG_v33/HG02439-ONT-hg38-R9-LSK110-dorado034_sup_5mCG_5hmCG_v33_hp1.bed.gz	https://1000g-ont.s3.amazonaws.com/PROCESSED_DATA/ALIGNED_TO_HG38/MODKIT/HG02439-ONT-hg38-R9-LSK110-dorado034_sup_5mCG_5hmCG_v33/HG02439-ONT-hg38-R9-LSK110-dorado034_sup_5mCG_5hmCG_v33_hp2.bed.gz
HG02461	https://1000g-ont.s3.amazonaws.com/PROCESSED_DATA/ALIGNED_TO_HG38/MODKIT/HG02461-ONT-hg38-R9-LSK110-dorado050_sup_5mCG_v33/HG02461-ONT-hg38-R9-LSK110-dorado050_sup_5mCG_v33_hp1.bed.gz	https://1000g-ont.s3.amazonaws.com/PROCESSED_DATA/ALIGNED_TO_HG38/MODKIT/HG02461-ONT-hg38-R9-LSK110-dorado050_sup_5mCG_v33/HG02461-ONT-hg38-R9-LSK110-dorado050_sup_5mCG_v33_hp2.bed.gz
HG02462	https://1000g-ont.s3.amazonaws.com/PROCESSED_DATA/ALIGNED_TO_HG38/MODKIT/HG02462-ONT-hg38-R9-LSK110-dorado096_sup_5mCG_v01/HG02462-ONT-hg38-R9-LSK110-dorado096_sup_5mCG_v01_hp1.bed.gz	https://1000g-ont.s3.amazonaws.com/PROCESSED_DATA/ALIGNED_TO_HG38/MODKIT/HG02462-ONT-hg38-R9-LSK110-dorado096_sup_5mCG_v01/HG02462-ONT-hg38-R9-LSK110-dorado096_sup_5mCG_v01_hp2.bed.gz
HG02464	https://1000g-ont.s3.amazonaws.com/PROCESSED_DATA/ALIGNED_TO_HG38/MODKIT/HG02464-ONT-hg38-R9-LSK110-dorado096_sup_5mCG_v01/HG02464-ONT-hg38-R9-LSK110-dorado096_sup_5mCG_v01_hp1.bed.gz	https://1000g-ont.s3.amazonaws.com/PROCESSED_DATA/ALIGNED_TO_HG38/MODKIT/HG02464-ONT-hg38-R9-LSK110-dorado096_sup_5mCG_v01/HG02464-ONT-hg38-R9-LSK110-dorado096_sup_5mCG_v01_hp2.bed.gz
HG02465	https://1000g-ont.s3.amazonaws.com/PROCESSED_DATA/ALIGNED_TO_HG38/MODKIT/HG02465-ONT-hg38-R9-LSK110-dorado050_sup_5mCG_v33/HG02465-ONT-hg38-R9-LSK110-dorado050_sup_5mCG_v33_hp1.bed.gz	https://1000g-ont.s3.amazonaws.com/PROCESSED_DATA/ALIGNED_TO_HG38/MODKIT/HG02465-ONT-hg38-R9-LSK110-dorado050_sup_5mCG_v33/HG02465-ONT-hg38-R9-LSK110-dorado050_sup_5mCG_v33_hp2.bed.gz
HG02470	https://1000g-ont.s3.amazonaws.com/PROCESSED_DATA/ALIGNED_TO_HG38/MODKIT/HG02470-ONT-hg38-R10-LSK114-dorado090_sup_5mCG_5hmCG_v500/HG02470-ONT-hg38-R10-LSK114-dorado090_sup_5mCG_5hmCG_v500_hp1.bed.gz	https://1000g-ont.s3.amazonaws.com/PROCESSED_DATA/ALIGNED_TO_HG38/MODKIT/HG02470-ONT-hg38-R10-LSK114-dorado090_sup_5mCG_5hmCG_v500/HG02470-ONT-hg38-R10-LSK114-dorado090_sup_5mCG_5hmCG_v500_hp2.bed.gz
HG02471	https://1000g-ont.s3.amazonaws.com/PROCESSED_DATA/ALIGNED_TO_HG38/MODKIT/HG02471-ONT-hg38-R9-LSK110-dorado034_sup_5mCG_5hmCG_v33/HG02471-ONT-hg38-R9-LSK110-dorado034_sup_5mCG_5hmCG_v33_hp1.bed.gz	https://1000g-ont.s3.amazonaws.com/PROCESSED_DATA/ALIGNED_TO_HG38/MODKIT/HG02471-ONT-hg38-R9-LSK110-dorado034_sup_5mCG_5hmCG_v33/HG02471-ONT-hg38-R9-LSK110-dorado034_sup_5mCG_5hmCG_v33_hp2.bed.gz
HG02479	https://1000g-ont.s3.amazonaws.com/PROCESSED_DATA/ALIGNED_TO_HG38/MODKIT/HG02479-ONT-hg38-R9-LSK110-dorado050_sup_5mCG_v33/HG02479-ONT-hg38-R9-LSK110-dorado050_sup_5mCG_v33_hp1.bed.gz	https://1000g-ont.s3.amazonaws.com/PROCESSED_DATA/ALIGNED_TO_HG38/MODKIT/HG02479-ONT-hg38-R9-LSK110-dorado050_sup_5mCG_v33/HG02479-ONT-hg38-R9-LSK110-dorado050_sup_5mCG_v33_hp2.bed.gz
HG02484	https://1000g-ont.s3.amazonaws.com/PROCESSED_DATA/ALIGNED_TO_HG38/MODKIT/HG02484-ONT-hg38-R10-LSK114-dorado090_sup_5mCG_5hmCG_v500/HG02484-ONT-hg38-R10-LSK114-dorado090_sup_5mCG_5hmCG_v500_hp1.bed.gz	https://1000g-ont.s3.amazonaws.com/PROCESSED_DATA/ALIGNED_TO_HG38/MODKIT/HG02484-ONT-hg38-R10-LSK114-dorado090_sup_5mCG_5hmCG_v500/HG02484-ONT-hg38-R10-LSK114-dorado090_sup_5mCG_5hmCG_v500_hp2.bed.gz
HG02491	https://1000g-ont.s3.amazonaws.com/PROCESSED_DATA/ALIGNED_TO_HG38/MODKIT/HG02491-ONT-hg38-R9-LSK110-guppy657_sup_5mC_5hmC/HG02491-ONT-hg38-R9-LSK110-guppy657_sup_5mC_5hmC_hp1.bed.gz	https://1000g-ont.s3.amazonaws.com/PROCESSED_DATA/ALIGNED_TO_HG38/MODKIT/HG02491-ONT-hg38-R9-LSK110-guppy657_sup_5mC_5hmC/HG02491-ONT-hg38-R9-LSK110-guppy657_sup_5mC_5hmC_hp2.bed.gz
HG02497	https://1000g-ont.s3.amazonaws.com/PROCESSED_DATA/ALIGNED_TO_HG38/MODKIT/HG02497-ONT-hg38-R9-LSK110-dorado050_sup_5mCG_v33/HG02497-ONT-hg38-R9-LSK110-dorado050_sup_5mCG_v33_hp1.bed.gz	https://1000g-ont.s3.amazonaws.com/PROCESSED_DATA/ALIGNED_TO_HG38/MODKIT/HG02497-ONT-hg38-R9-LSK110-dorado050_sup_5mCG_v33/HG02497-ONT-hg38-R9-LSK110-dorado050_sup_5mCG_v33_hp2.bed.gz
HG02501	https://1000g-ont.s3.amazonaws.com/PROCESSED_DATA/ALIGNED_TO_HG38/MODKIT/HG02501-ONT-hg38-R9-LSK110-dorado050_sup_5mCG_v33/HG02501-ONT-hg38-R9-LSK110-dorado050_sup_5mCG_v33_hp1.bed.gz	https://1000g-ont.s3.amazonaws.com/PROCESSED_DATA/ALIGNED_TO_HG38/MODKIT/HG02501-ONT-hg38-R9-LSK110-dorado050_sup_5mCG_v33/HG02501-ONT-hg38-R9-LSK110-dorado050_sup_5mCG_v33_hp2.bed.gz
HG02502	https://1000g-ont.s3.amazonaws.com/PROCESSED_DATA/ALIGNED_TO_HG38/MODKIT/HG02502-ONT-hg38-R9-LSK110-guppy-sup-5mC/HG02502-ONT-hg38-R9-LSK110-guppy-sup-5mC_hp1.bed.gz	https://1000g-ont.s3.amazonaws.com/PROCESSED_DATA/ALIGNED_TO_HG38/MODKIT/HG02502-ONT-hg38-R9-LSK110-guppy-sup-5mC/HG02502-ONT-hg38-R9-LSK110-guppy-sup-5mC_hp2.bed.gz
HG02511	https://1000g-ont.s3.amazonaws.com/PROCESSED_DATA/ALIGNED_TO_HG38/MODKIT/HG02511-ONT-hg38-R9-LSK110-dorado034_sup_5mCG_5hmCG_v33/HG02511-ONT-hg38-R9-LSK110-dorado034_sup_5mCG_5hmCG_v33_hp1.bed.gz	https://1000g-ont.s3.amazonaws.com/PROCESSED_DATA/ALIGNED_TO_HG38/MODKIT/HG02511-ONT-hg38-R9-LSK110-dorado034_sup_5mCG_5hmCG_v33/HG02511-ONT-hg38-R9-LSK110-dorado034_sup_5mCG_5hmCG_v33_hp2.bed.gz
HG02541	https://1000g-ont.s3.amazonaws.com/PROCESSED_DATA/ALIGNED_TO_HG38/MODKIT/HG02541-ONT-hg38-R9-LSK110-dorado050_sup_with5mC/HG02541-ONT-hg38-R9-LSK110-dorado050_sup_with5mC_hp1.bed.gz	https://1000g-ont.s3.amazonaws.com/PROCESSED_DATA/ALIGNED_TO_HG38/MODKIT/HG02541-ONT-hg38-R9-LSK110-dorado050_sup_with5mC/HG02541-ONT-hg38-R9-LSK110-dorado050_sup_with5mC_hp2.bed.gz
HG02549	https://1000g-ont.s3.amazonaws.com/PROCESSED_DATA/ALIGNED_TO_HG38/MODKIT/HG02549-ONT-hg38-R10-LSK114-dorado090_sup_5mCG_5hmCG_v500/HG02549-ONT-hg38-R10-LSK114-dorado090_sup_5mCG_5hmCG_v500_hp1.bed.gz	https://1000g-ont.s3.amazonaws.com/PROCESSED_DATA/ALIGNED_TO_HG38/MODKIT/HG02549-ONT-hg38-R10-LSK114-dorado090_sup_5mCG_5hmCG_v500/HG02549-ONT-hg38-R10-LSK114-dorado090_sup_5mCG_5hmCG_v500_hp2.bed.gz
HG02555	https://1000g-ont.s3.amazonaws.com/PROCESSED_DATA/ALIGNED_TO_HG38/MODKIT/HG02555-ONT-hg38-R10-LSK114-dorado090_sup_5mCG_5hmCG_v500/HG02555-ONT-hg38-R10-LSK114-dorado090_sup_5mCG_5hmCG_v500_hp1.bed.gz	https://1000g-ont.s3.amazonaws.com/PROCESSED_DATA/ALIGNED_TO_HG38/MODKIT/HG02555-ONT-hg38-R10-LSK114-dorado090_sup_5mCG_5hmCG_v500/HG02555-ONT-hg38-R10-LSK114-dorado090_sup_5mCG_5hmCG_v500_hp2.bed.gz
HG02570	https://1000g-ont.s3.amazonaws.com/PROCESSED_DATA/ALIGNED_TO_HG38/MODKIT/HG02570-ONT-hg38-R9-LSK110-dorado096_sup_5mCG_v01/HG02570-ONT-hg38-R9-LSK110-dorado096_sup_5mCG_v01_hp1.bed.gz	https://1000g-ont.s3.amazonaws.com/PROCESSED_DATA/ALIGNED_TO_HG38/MODKIT/HG02570-ONT-hg38-R9-LSK110-dorado096_sup_5mCG_v01/HG02570-ONT-hg38-R9-LSK110-dorado096_sup_5mCG_v01_hp2.bed.gz
HG02571	https://1000g-ont.s3.amazonaws.com/PROCESSED_DATA/ALIGNED_TO_HG38/MODKIT/HG02571-ONT-hg38-R9-LSK110_dorado050_sup_5mCG/HG02571-ONT-hg38-R9-LSK110_dorado050_sup_5mCG_hp1.bed.gz	https://1000g-ont.s3.amazonaws.com/PROCESSED_DATA/ALIGNED_TO_HG38/MODKIT/HG02571-ONT-hg38-R9-LSK110_dorado050_sup_5mCG/HG02571-ONT-hg38-R9-LSK110_dorado050_sup_5mCG_hp2.bed.gz
HG02594	https://1000g-ont.s3.amazonaws.com/PROCESSED_DATA/ALIGNED_TO_HG38/MODKIT/HG02594-ONT-hg38-R10-LSK114-dorado090_sup_5mCG_5hmCG_v500/HG02594-ONT-hg38-R10-LSK114-dorado090_sup_5mCG_5hmCG_v500_hp1.bed.gz	https://1000g-ont.s3.amazonaws.com/PROCESSED_DATA/ALIGNED_TO_HG38/MODKIT/HG02594-ONT-hg38-R10-LSK114-dorado090_sup_5mCG_5hmCG_v500/HG02594-ONT-hg38-R10-LSK114-dorado090_sup_5mCG_5hmCG_v500_hp2.bed.gz
HG02601	https://1000g-ont.s3.amazonaws.com/PROCESSED_DATA/ALIGNED_TO_HG38/MODKIT/HG02601-ONT-hg38-R10-LSK114-dorado090_sup_5mCG_5hmCG_v500/HG02601-ONT-hg38-R10-LSK114-dorado090_sup_5mCG_5hmCG_v500_hp1.bed.gz	https://1000g-ont.s3.amazonaws.com/PROCESSED_DATA/ALIGNED_TO_HG38/MODKIT/HG02601-ONT-hg38-R10-LSK114-dorado090_sup_5mCG_5hmCG_v500/HG02601-ONT-hg38-R10-LSK114-dorado090_sup_5mCG_5hmCG_v500_hp2.bed.gz
HG02613	https://1000g-ont.s3.amazonaws.com/PROCESSED_DATA/ALIGNED_TO_HG38/MODKIT/HG02613-ONT-hg38-R9-LSK110-dorado050_sup_5mCG_v33/HG02613-ONT-hg38-R9-LSK110-dorado050_sup_5mCG_v33_hp1.bed.gz	https://1000g-ont.s3.amazonaws.com/PROCESSED_DATA/ALIGNED_TO_HG38/MODKIT/HG02613-ONT-hg38-R9-LSK110-dorado050_sup_5mCG_v33/HG02613-ONT-hg38-R9-LSK110-dorado050_sup_5mCG_v33_hp2.bed.gz
HG02614	https://1000g-ont.s3.amazonaws.com/PROCESSED_DATA/ALIGNED_TO_HG38/MODKIT/HG02614-ONT-hg38-R9-LSK110-guppy-sup-5hmc_5mc_cg/HG02614-ONT-hg38-R9-LSK110-guppy-sup-5hmc_5mc_cg_hp1.bed.gz	https://1000g-ont.s3.amazonaws.com/PROCESSED_DATA/ALIGNED_TO_HG38/MODKIT/HG02614-ONT-hg38-R9-LSK110-guppy-sup-5hmc_5mc_cg/HG02614-ONT-hg38-R9-LSK110-guppy-sup-5hmc_5mc_cg_hp2.bed.gz
HG02623	https://1000g-ont.s3.amazonaws.com/PROCESSED_DATA/ALIGNED_TO_HG38/MODKIT/HG02623-ONT-hg38-R9-LSK110-orado050_sup_5mCG_v33/HG02623-ONT-hg38-R9-LSK110-orado050_sup_5mCG_v33_hp1.bed.gz	https://1000g-ont.s3.amazonaws.com/PROCESSED_DATA/ALIGNED_TO_HG38/MODKIT/HG02623-ONT-hg38-R9-LSK110-orado050_sup_5mCG_v33/HG02623-ONT-hg38-R9-LSK110-orado050_sup_5mCG_v33_hp2.bed.gz
HG02624	https://1000g-ont.s3.amazonaws.com/PROCESSED_DATA/ALIGNED_TO_HG38/MODKIT/HG02624-ONT-hg38-R9-LSK110-dorado050_sup_5mCG_v33/HG02624-ONT-hg38-R9-LSK110-dorado050_sup_5mCG_v33_hp1.bed.gz	https://1000g-ont.s3.amazonaws.com/PROCESSED_DATA/ALIGNED_TO_HG38/MODKIT/HG02624-ONT-hg38-R9-LSK110-dorado050_sup_5mCG_v33/HG02624-ONT-hg38-R9-LSK110-dorado050_sup_5mCG_v33_hp2.bed.gz
HG02645	https://1000g-ont.s3.amazonaws.com/PROCESSED_DATA/ALIGNED_TO_HG38/MODKIT/HG02645-ONT-hg38-R9-LSK110-dorado050_sup_5mCG_v33/HG02645-ONT-hg38-R9-LSK110-dorado050_sup_5mCG_v33_hp1.bed.gz	https://1000g-ont.s3.amazonaws.com/PROCESSED_DATA/ALIGNED_TO_HG38/MODKIT/HG02645-ONT-hg38-R9-LSK110-dorado050_sup_5mCG_v33/HG02645-ONT-hg38-R9-LSK110-dorado050_sup_5mCG_v33_hp2.bed.gz
HG02646	https://1000g-ont.s3.amazonaws.com/PROCESSED_DATA/ALIGNED_TO_HG38/MODKIT/HG02646-ONT-hg38-R9-LSK110-dorado050_sup_5mCG_v33/HG02646-ONT-hg38-R9-LSK110-dorado050_sup_5mCG_v33_hp1.bed.gz	https://1000g-ont.s3.amazonaws.com/PROCESSED_DATA/ALIGNED_TO_HG38/MODKIT/HG02646-ONT-hg38-R9-LSK110-dorado050_sup_5mCG_v33/HG02646-ONT-hg38-R9-LSK110-dorado050_sup_5mCG_v33_hp2.bed.gz
HG02675	https://1000g-ont.s3.amazonaws.com/PROCESSED_DATA/ALIGNED_TO_HG38/MODKIT/HG02675-ONT-hg38-R9-LSK110-dorado050_sup_5mCG_v33/HG02675-ONT-hg38-R9-LSK110-dorado050_sup_5mCG_v33_hp1.bed.gz	https://1000g-ont.s3.amazonaws.com/PROCESSED_DATA/ALIGNED_TO_HG38/MODKIT/HG02675-ONT-hg38-R9-LSK110-dorado050_sup_5mCG_v33/HG02675-ONT-hg38-R9-LSK110-dorado050_sup_5mCG_v33_hp2.bed.gz
HG02694	https://1000g-ont.s3.amazonaws.com/PROCESSED_DATA/ALIGNED_TO_HG38/MODKIT/HG02694-ONT-hg38-R9-LSK110-guppy-sup-5hmc_5mc_cg/HG02694-ONT-hg38-R9-LSK110-guppy-sup-5hmc_5mc_cg_hp1.bed.gz	https://1000g-ont.s3.amazonaws.com/PROCESSED_DATA/ALIGNED_TO_HG38/MODKIT/HG02694-ONT-hg38-R9-LSK110-guppy-sup-5hmc_5mc_cg/HG02694-ONT-hg38-R9-LSK110-guppy-sup-5hmc_5mc_cg_hp2.bed.gz
HG02731	https://1000g-ont.s3.amazonaws.com/PROCESSED_DATA/ALIGNED_TO_HG38/MODKIT/HG02731-ONT-hg38-R9-LSK110-guppy-sup-5hmc_5mc_cg/HG02731-ONT-hg38-R9-LSK110-guppy-sup-5hmc_5mc_cg_hp1.bed.gz	https://1000g-ont.s3.amazonaws.com/PROCESSED_DATA/ALIGNED_TO_HG38/MODKIT/HG02731-ONT-hg38-R9-LSK110-guppy-sup-5hmc_5mc_cg/HG02731-ONT-hg38-R9-LSK110-guppy-sup-5hmc_5mc_cg_hp2.bed.gz
HG02759	https://1000g-ont.s3.amazonaws.com/PROCESSED_DATA/ALIGNED_TO_HG38/MODKIT/HG02759-ONT-hg38-R9-LSK110-dorado050_sup_5mCG_v33/HG02759-ONT-hg38-R9-LSK110-dorado050_sup_5mCG_v33_hp1.bed.gz	https://1000g-ont.s3.amazonaws.com/PROCESSED_DATA/ALIGNED_TO_HG38/MODKIT/HG02759-ONT-hg38-R9-LSK110-dorado050_sup_5mCG_v33/HG02759-ONT-hg38-R9-LSK110-dorado050_sup_5mCG_v33_hp2.bed.gz
HG02763	https://1000g-ont.s3.amazonaws.com/PROCESSED_DATA/ALIGNED_TO_HG38/MODKIT/HG02763-ONT-hg38-R10-LSK114-dorado082_sup_5mCG_5hmCG/HG02763-ONT-hg38-R10-LSK114-dorado082_sup_5mCG_5hmCG_hp1.bed.gz	https://1000g-ont.s3.amazonaws.com/PROCESSED_DATA/ALIGNED_TO_HG38/MODKIT/HG02763-ONT-hg38-R10-LSK114-dorado082_sup_5mCG_5hmCG/HG02763-ONT-hg38-R10-LSK114-dorado082_sup_5mCG_5hmCG_hp2.bed.gz
HG02772	https://1000g-ont.s3.amazonaws.com/PROCESSED_DATA/ALIGNED_TO_HG38/MODKIT/HG02772-ONT-hg38-R10-LSK114-dorado082_sup_5mCG_5hmCG/HG02772-ONT-hg38-R10-LSK114-dorado082_sup_5mCG_5hmCG_hp1.bed.gz	https://1000g-ont.s3.amazonaws.com/PROCESSED_DATA/ALIGNED_TO_HG38/MODKIT/HG02772-ONT-hg38-R10-LSK114-dorado082_sup_5mCG_5hmCG/HG02772-ONT-hg38-R10-LSK114-dorado082_sup_5mCG_5hmCG_hp2.bed.gz
HG02780	https://1000g-ont.s3.amazonaws.com/PROCESSED_DATA/ALIGNED_TO_HG38/MODKIT/HG02780-ONT-hg38-R10-LSK114-dorado090_sup_5mCG_5hmCG_v500/HG02780-ONT-hg38-R10-LSK114-dorado090_sup_5mCG_5hmCG_v500_hp1.bed.gz	https://1000g-ont.s3.amazonaws.com/PROCESSED_DATA/ALIGNED_TO_HG38/MODKIT/HG02780-ONT-hg38-R10-LSK114-dorado090_sup_5mCG_5hmCG_v500/HG02780-ONT-hg38-R10-LSK114-dorado090_sup_5mCG_5hmCG_v500_hp2.bed.gz
HG02798	https://1000g-ont.s3.amazonaws.com/PROCESSED_DATA/ALIGNED_TO_HG38/MODKIT/HG02798-ONT-hg38-R9-LSK110-dorado082_sup_5mCG_v33/HG02798-ONT-hg38-R9-LSK110-dorado082_sup_5mCG_v33_hp1.bed.gz	https://1000g-ont.s3.amazonaws.com/PROCESSED_DATA/ALIGNED_TO_HG38/MODKIT/HG02798-ONT-hg38-R9-LSK110-dorado082_sup_5mCG_v33/HG02798-ONT-hg38-R9-LSK110-dorado082_sup_5mCG_v33_hp2.bed.gz
HG02808	https://1000g-ont.s3.amazonaws.com/PROCESSED_DATA/ALIGNED_TO_HG38/MODKIT/HG02808-ONT-hg38-R9-LSK110-dorado082_sup_5mCG_v33/HG02808-ONT-hg38-R9-LSK110-dorado082_sup_5mCG_v33_hp1.bed.gz	https://1000g-ont.s3.amazonaws.com/PROCESSED_DATA/ALIGNED_TO_HG38/MODKIT/HG02808-ONT-hg38-R9-LSK110-dorado082_sup_5mCG_v33/HG02808-ONT-hg38-R9-LSK110-dorado082_sup_5mCG_v33_hp2.bed.gz
HG02810	https://1000g-ont.s3.amazonaws.com/PROCESSED_DATA/ALIGNED_TO_HG38/MODKIT/HG02810-ONT-hg38-R10-LSK114-dorado082_sup_5mCG_5hmCG_v500/HG02810-ONT-hg38-R10-LSK114-dorado082_sup_5mCG_5hmCG_v500_hp1.bed.gz	https://1000g-ont.s3.amazonaws.com/PROCESSED_DATA/ALIGNED_TO_HG38/MODKIT/HG02810-ONT-hg38-R10-LSK114-dorado082_sup_5mCG_5hmCG_v500/HG02810-ONT-hg38-R10-LSK114-dorado082_sup_5mCG_5hmCG_v500_hp2.bed.gz
HG02811	https://1000g-ont.s3.amazonaws.com/PROCESSED_DATA/ALIGNED_TO_HG38/MODKIT/HG02811-ONT-hg38-R9-LSK110-dorado050_sup_5mCG_v33/HG02811-ONT-hg38-R9-LSK110-dorado050_sup_5mCG_v33_hp1.bed.gz	https://1000g-ont.s3.amazonaws.com/PROCESSED_DATA/ALIGNED_TO_HG38/MODKIT/HG02811-ONT-hg38-R9-LSK110-dorado050_sup_5mCG_v33/HG02811-ONT-hg38-R9-LSK110-dorado050_sup_5mCG_v33_hp2.bed.gz
HG02816	https://1000g-ont.s3.amazonaws.com/PROCESSED_DATA/ALIGNED_TO_HG38/MODKIT/HG02816-ONT-hg38-R9-LSK110-dorado082_sup_5mCG_v33/HG02816-ONT-hg38-R9-LSK110-dorado082_sup_5mCG_v33_hp1.bed.gz	https://1000g-ont.s3.amazonaws.com/PROCESSED_DATA/ALIGNED_TO_HG38/MODKIT/HG02816-ONT-hg38-R9-LSK110-dorado082_sup_5mCG_v33/HG02816-ONT-hg38-R9-LSK110-dorado082_sup_5mCG_v33_hp2.bed.gz
HG02817	https://1000g-ont.s3.amazonaws.com/PROCESSED_DATA/ALIGNED_TO_HG38/MODKIT/HG02817-ONT-hg38-R9-LSK110-guppy-sup-5mC/HG02817-ONT-hg38-R9-LSK110-guppy-sup-5mC_hp1.bed.gz	https://1000g-ont.s3.amazonaws.com/PROCESSED_DATA/ALIGNED_TO_HG38/MODKIT/HG02817-ONT-hg38-R9-LSK110-guppy-sup-5mC/HG02817-ONT-hg38-R9-LSK110-guppy-sup-5mC_hp2.bed.gz
HG02819	https://1000g-ont.s3.amazonaws.com/PROCESSED_DATA/ALIGNED_TO_HG38/MODKIT/HG02819-ONT-hg38-R10-LSK114-dorado090_sup_5mCG_5hmCG_v500/HG02819-ONT-hg38-R10-LSK114-dorado090_sup_5mCG_5hmCG_v500_hp1.bed.gz	https://1000g-ont.s3.amazonaws.com/PROCESSED_DATA/ALIGNED_TO_HG38/MODKIT/HG02819-ONT-hg38-R10-LSK114-dorado090_sup_5mCG_5hmCG_v500/HG02819-ONT-hg38-R10-LSK114-dorado090_sup_5mCG_5hmCG_v500_hp2.bed.gz
HG02820	https://1000g-ont.s3.amazonaws.com/PROCESSED_DATA/ALIGNED_TO_HG38/MODKIT/HG02820-ONT-hg38-R9-LSK110_dorado050_sup_5mCG/HG02820-ONT-hg38-R9-LSK110_dorado050_sup_5mCG_hp1.bed.gz	https://1000g-ont.s3.amazonaws.com/PROCESSED_DATA/ALIGNED_TO_HG38/MODKIT/HG02820-ONT-hg38-R9-LSK110_dorado050_sup_5mCG/HG02820-ONT-hg38-R9-LSK110_dorado050_sup_5mCG_hp2.bed.gz
HG02837	https://1000g-ont.s3.amazonaws.com/PROCESSED_DATA/ALIGNED_TO_HG38/MODKIT/HG02837-ONT-hg38-R10-LSK114-dorado081_sup_5mCG_5hmCG/HG02837-ONT-hg38-R10-LSK114-dorado081_sup_5mCG_5hmCG_hp1.bed.gz	https://1000g-ont.s3.amazonaws.com/PROCESSED_DATA/ALIGNED_TO_HG38/MODKIT/HG02837-ONT-hg38-R10-LSK114-dorado081_sup_5mCG_5hmCG/HG02837-ONT-hg38-R10-LSK114-dorado081_sup_5mCG_5hmCG_hp2.bed.gz
HG02840	https://1000g-ont.s3.amazonaws.com/PROCESSED_DATA/ALIGNED_TO_HG38/MODKIT/HG02840-ONT-hg38-R10-LSK114-dorado090_sup_5mCG_5hmCG_v500/HG02840-ONT-hg38-R10-LSK114-dorado090_sup_5mCG_5hmCG_v500_hp1.bed.gz	https://1000g-ont.s3.amazonaws.com/PROCESSED_DATA/ALIGNED_TO_HG38/MODKIT/HG02840-ONT-hg38-R10-LSK114-dorado090_sup_5mCG_5hmCG_v500/HG02840-ONT-hg38-R10-LSK114-dorado090_sup_5mCG_5hmCG_v500_hp2.bed.gz
HG02852	https://1000g-ont.s3.amazonaws.com/PROCESSED_DATA/ALIGNED_TO_HG38/MODKIT/HG02852-ONT-hg38-R10-LSK114-dorado082_sup_5mCG_5hmCG_v500/HG02852-ONT-hg38-R10-LSK114-dorado082_sup_5mCG_5hmCG_v500_hp1.bed.gz	https://1000g-ont.s3.amazonaws.com/PROCESSED_DATA/ALIGNED_TO_HG38/MODKIT/HG02852-ONT-hg38-R10-LSK114-dorado082_sup_5mCG_5hmCG_v500/HG02852-ONT-hg38-R10-LSK114-dorado082_sup_5mCG_5hmCG_v500_hp2.bed.gz
HG02854	https://1000g-ont.s3.amazonaws.com/PROCESSED_DATA/ALIGNED_TO_HG38/MODKIT/HG02854-ONT-hg38-R10-LSK114-dorado081_sup_5mCG_5hmCG/HG02854-ONT-hg38-R10-LSK114-dorado081_sup_5mCG_5hmCG_hp1.bed.gz	https://1000g-ont.s3.amazonaws.com/PROCESSED_DATA/ALIGNED_TO_HG38/MODKIT/HG02854-ONT-hg38-R10-LSK114-dorado081_sup_5mCG_5hmCG/HG02854-ONT-hg38-R10-LSK114-dorado081_sup_5mCG_5hmCG_hp2.bed.gz
HG02860	https://1000g-ont.s3.amazonaws.com/PROCESSED_DATA/ALIGNED_TO_HG38/MODKIT/HG02860-ONT-hg38-R10-LSK114-dorado090_sup_5mCG_5hmCG_v500/HG02860-ONT-hg38-R10-LSK114-dorado090_sup_5mCG_5hmCG_v500_hp1.bed.gz	https://1000g-ont.s3.amazonaws.com/PROCESSED_DATA/ALIGNED_TO_HG38/MODKIT/HG02860-ONT-hg38-R10-LSK114-dorado090_sup_5mCG_5hmCG_v500/HG02860-ONT-hg38-R10-LSK114-dorado090_sup_5mCG_5hmCG_v500_hp2.bed.gz
HG02861	https://1000g-ont.s3.amazonaws.com/PROCESSED_DATA/ALIGNED_TO_HG38/MODKIT/HG02861-ONT-hg38-R10-LSK114-dorado082_sup_5mCG_5hmCG/HG02861-ONT-hg38-R10-LSK114-dorado082_sup_5mCG_5hmCG_hp1.bed.gz	https://1000g-ont.s3.amazonaws.com/PROCESSED_DATA/ALIGNED_TO_HG38/MODKIT/HG02861-ONT-hg38-R10-LSK114-dorado082_sup_5mCG_5hmCG/HG02861-ONT-hg38-R10-LSK114-dorado082_sup_5mCG_5hmCG_hp2.bed.gz
HG02884	https://1000g-ont.s3.amazonaws.com/PROCESSED_DATA/ALIGNED_TO_HG38/MODKIT/HG02884-ONT-hg38-R10-LSK114-dorado082_sup_5mCG_5hmCG/HG02884-ONT-hg38-R10-LSK114-dorado082_sup_5mCG_5hmCG_hp1.bed.gz	https://1000g-ont.s3.amazonaws.com/PROCESSED_DATA/ALIGNED_TO_HG38/MODKIT/HG02884-ONT-hg38-R10-LSK114-dorado082_sup_5mCG_5hmCG/HG02884-ONT-hg38-R10-LSK114-dorado082_sup_5mCG_5hmCG_hp2.bed.gz
HG02885	https://1000g-ont.s3.amazonaws.com/PROCESSED_DATA/ALIGNED_TO_HG38/MODKIT/HG02885-ONT-hg38-R10-LSK114-dorado082_sup_5mCG_5hmCG/HG02885-ONT-hg38-R10-LSK114-dorado082_sup_5mCG_5hmCG_hp1.bed.gz	https://1000g-ont.s3.amazonaws.com/PROCESSED_DATA/ALIGNED_TO_HG38/MODKIT/HG02885-ONT-hg38-R10-LSK114-dorado082_sup_5mCG_5hmCG/HG02885-ONT-hg38-R10-LSK114-dorado082_sup_5mCG_5hmCG_hp2.bed.gz
HG02887	https://1000g-ont.s3.amazonaws.com/PROCESSED_DATA/ALIGNED_TO_HG38/MODKIT/HG02887-ONT-hg38-R10-LSK114-dorado082_sup_5mCG_5hmCG/HG02887-ONT-hg38-R10-LSK114-dorado082_sup_5mCG_5hmCG_hp1.bed.gz	https://1000g-ont.s3.amazonaws.com/PROCESSED_DATA/ALIGNED_TO_HG38/MODKIT/HG02887-ONT-hg38-R10-LSK114-dorado082_sup_5mCG_5hmCG/HG02887-ONT-hg38-R10-LSK114-dorado082_sup_5mCG_5hmCG_hp2.bed.gz
HG02891	https://1000g-ont.s3.amazonaws.com/PROCESSED_DATA/ALIGNED_TO_HG38/MODKIT/HG02891-ONT-hg38-R10-LSK114-dorado082_sup_5mCG_5hmCG/HG02891-ONT-hg38-R10-LSK114-dorado082_sup_5mCG_5hmCG_hp1.bed.gz	https://1000g-ont.s3.amazonaws.com/PROCESSED_DATA/ALIGNED_TO_HG38/MODKIT/HG02891-ONT-hg38-R10-LSK114-dorado082_sup_5mCG_5hmCG/HG02891-ONT-hg38-R10-LSK114-dorado082_sup_5mCG_5hmCG_hp2.bed.gz
HG02923	https://1000g-ont.s3.amazonaws.com/PROCESSED_DATA/ALIGNED_TO_HG38/MODKIT/HG02923-ONT-hg38-R9-LSK110-dorado082_sup_5mCG_v33/HG02923-ONT-hg38-R9-LSK110-dorado082_sup_5mCG_v33_hp1.bed.gz	https://1000g-ont.s3.amazonaws.com/PROCESSED_DATA/ALIGNED_TO_HG38/MODKIT/HG02923-ONT-hg38-R9-LSK110-dorado082_sup_5mCG_v33/HG02923-ONT-hg38-R9-LSK110-dorado082_sup_5mCG_v33_hp2.bed.gz
HG02952	https://1000g-ont.s3.amazonaws.com/PROCESSED_DATA/ALIGNED_TO_HG38/MODKIT/HG02952-ONT-hg38-R10-LSK114-dorado082_sup_5mCG_5hmCG/HG02952-ONT-hg38-R10-LSK114-dorado082_sup_5mCG_5hmCG_hp1.bed.gz	https://1000g-ont.s3.amazonaws.com/PROCESSED_DATA/ALIGNED_TO_HG38/MODKIT/HG02952-ONT-hg38-R10-LSK114-dorado082_sup_5mCG_5hmCG/HG02952-ONT-hg38-R10-LSK114-dorado082_sup_5mCG_5hmCG_hp2.bed.gz
HG02968	https://1000g-ont.s3.amazonaws.com/PROCESSED_DATA/ALIGNED_TO_HG38/MODKIT/HG02968-ONT-hg38-R10-LSK114-dorado082_sup_5mCG_5hmCG/HG02968-ONT-hg38-R10-LSK114-dorado082_sup_5mCG_5hmCG_hp1.bed.gz	https://1000g-ont.s3.amazonaws.com/PROCESSED_DATA/ALIGNED_TO_HG38/MODKIT/HG02968-ONT-hg38-R10-LSK114-dorado082_sup_5mCG_5hmCG/HG02968-ONT-hg38-R10-LSK114-dorado082_sup_5mCG_5hmCG_hp2.bed.gz
HG02973	https://1000g-ont.s3.amazonaws.com/PROCESSED_DATA/ALIGNED_TO_HG38/MODKIT/HG02973-ONT-hg38-R9-LSK110-dorado082_sup_5mCG_v33/HG02973-ONT-hg38-R9-LSK110-dorado082_sup_5mCG_v33_hp1.bed.gz	https://1000g-ont.s3.amazonaws.com/PROCESSED_DATA/ALIGNED_TO_HG38/MODKIT/HG02973-ONT-hg38-R9-LSK110-dorado082_sup_5mCG_v33/HG02973-ONT-hg38-R9-LSK110-dorado082_sup_5mCG_v33_hp2.bed.gz
HG02974	https://1000g-ont.s3.amazonaws.com/PROCESSED_DATA/ALIGNED_TO_HG38/MODKIT/HG02974-ONT-hg38-R9-LSK110-guppy-sup-5hmc_5mc_cg/HG02974-ONT-hg38-R9-LSK110-guppy-sup-5hmc_5mc_cg_hp1.bed.gz	https://1000g-ont.s3.amazonaws.com/PROCESSED_DATA/ALIGNED_TO_HG38/MODKIT/HG02974-ONT-hg38-R9-LSK110-guppy-sup-5hmc_5mc_cg/HG02974-ONT-hg38-R9-LSK110-guppy-sup-5hmc_5mc_cg_hp2.bed.gz
HG02977	https://1000g-ont.s3.amazonaws.com/PROCESSED_DATA/ALIGNED_TO_HG38/MODKIT/HG02977-ONT-hg38-R10-LSK114-dorado082_sup_5mCG_5hmCG/HG02977-ONT-hg38-R10-LSK114-dorado082_sup_5mCG_5hmCG_hp1.bed.gz	https://1000g-ont.s3.amazonaws.com/PROCESSED_DATA/ALIGNED_TO_HG38/MODKIT/HG02977-ONT-hg38-R10-LSK114-dorado082_sup_5mCG_5hmCG/HG02977-ONT-hg38-R10-LSK114-dorado082_sup_5mCG_5hmCG_hp2.bed.gz
HG02979	https://1000g-ont.s3.amazonaws.com/PROCESSED_DATA/ALIGNED_TO_HG38/MODKIT/HG02979-ONT-hg38-R9-LSK110-guppy-sup-5hmc_5mc_cg/HG02979-ONT-hg38-R9-LSK110-guppy-sup-5hmc_5mc_cg_hp1.bed.gz	https://1000g-ont.s3.amazonaws.com/PROCESSED_DATA/ALIGNED_TO_HG38/MODKIT/HG02979-ONT-hg38-R9-LSK110-guppy-sup-5hmc_5mc_cg/HG02979-ONT-hg38-R9-LSK110-guppy-sup-5hmc_5mc_cg_hp2.bed.gz
HG02981	https://1000g-ont.s3.amazonaws.com/PROCESSED_DATA/ALIGNED_TO_HG38/MODKIT/HG02981-ONT-hg38-R9-LSK110-dorado034_sup_5mCG_5hmCG_v33/HG02981-ONT-hg38-R9-LSK110-dorado034_sup_5mCG_5hmCG_v33_hp1.bed.gz	https://1000g-ont.s3.amazonaws.com/PROCESSED_DATA/ALIGNED_TO_HG38/MODKIT/HG02981-ONT-hg38-R9-LSK110-dorado034_sup_5mCG_5hmCG_v33/HG02981-ONT-hg38-R9-LSK110-dorado034_sup_5mCG_5hmCG_v33_hp2.bed.gz
HG03009	https://1000g-ont.s3.amazonaws.com/PROCESSED_DATA/ALIGNED_TO_HG38/MODKIT/HG03009-ONT-hg38-R10-LSK114-dorado081_sup_5mCG_5hmCG_v500/HG03009-ONT-hg38-R10-LSK114-dorado081_sup_5mCG_5hmCG_v500_hp1.bed.gz	https://1000g-ont.s3.amazonaws.com/PROCESSED_DATA/ALIGNED_TO_HG38/MODKIT/HG03009-ONT-hg38-R10-LSK114-dorado081_sup_5mCG_5hmCG_v500/HG03009-ONT-hg38-R10-LSK114-dorado081_sup_5mCG_5hmCG_v500_hp2.bed.gz
HG03018	https://1000g-ont.s3.amazonaws.com/PROCESSED_DATA/ALIGNED_TO_HG38/MODKIT/HG03018-ONT-hg38-LSK114-R10-dorado081_sup_5mCG_5hmCG_v500/HG03018-ONT-hg38-LSK114-R10-dorado081_sup_5mCG_5hmCG_v500_hp1.bed.gz	https://1000g-ont.s3.amazonaws.com/PROCESSED_DATA/ALIGNED_TO_HG38/MODKIT/HG03018-ONT-hg38-LSK114-R10-dorado081_sup_5mCG_5hmCG_v500/HG03018-ONT-hg38-LSK114-R10-dorado081_sup_5mCG_5hmCG_v500_hp2.bed.gz
HG03022	https://1000g-ont.s3.amazonaws.com/PROCESSED_DATA/ALIGNED_TO_HG38/MODKIT/HG03022-ONT-hg38-R9-LSK110-guppy-sup-5mC/HG03022-ONT-hg38-R9-LSK110-guppy-sup-5mC_hp1.bed.gz	https://1000g-ont.s3.amazonaws.com/PROCESSED_DATA/ALIGNED_TO_HG38/MODKIT/HG03022-ONT-hg38-R9-LSK110-guppy-sup-5mC/HG03022-ONT-hg38-R9-LSK110-guppy-sup-5mC_hp2.bed.gz
HG03027	https://1000g-ont.s3.amazonaws.com/PROCESSED_DATA/ALIGNED_TO_HG38/MODKIT/HG03027-ONT-hg38-R10-LSK114-dorado090_sup_5mCG_5hmCG_v500/HG03027-ONT-hg38-R10-LSK114-dorado090_sup_5mCG_5hmCG_v500_hp1.bed.gz	https://1000g-ont.s3.amazonaws.com/PROCESSED_DATA/ALIGNED_TO_HG38/MODKIT/HG03027-ONT-hg38-R10-LSK114-dorado090_sup_5mCG_5hmCG_v500/HG03027-ONT-hg38-R10-LSK114-dorado090_sup_5mCG_5hmCG_v500_hp2.bed.gz
HG03045	https://1000g-ont.s3.amazonaws.com/PROCESSED_DATA/ALIGNED_TO_HG38/MODKIT/HG03045-ONT-hg38-R10-LSK114-dorado090_sup_5mCG_5hmCG_v500/HG03045-ONT-hg38-R10-LSK114-dorado090_sup_5mCG_5hmCG_v500_hp1.bed.gz	https://1000g-ont.s3.amazonaws.com/PROCESSED_DATA/ALIGNED_TO_HG38/MODKIT/HG03045-ONT-hg38-R10-LSK114-dorado090_sup_5mCG_5hmCG_v500/HG03045-ONT-hg38-R10-LSK114-dorado090_sup_5mCG_5hmCG_v500_hp2.bed.gz
HG03055	https://1000g-ont.s3.amazonaws.com/PROCESSED_DATA/ALIGNED_TO_HG38/MODKIT/HG03055-ONT-hg38-R10-LSK114-dorado090_sup_5mCG_5hmCG_v500/HG03055-ONT-hg38-R10-LSK114-dorado090_sup_5mCG_5hmCG_v500_hp1.bed.gz	https://1000g-ont.s3.amazonaws.com/PROCESSED_DATA/ALIGNED_TO_HG38/MODKIT/HG03055-ONT-hg38-R10-LSK114-dorado090_sup_5mCG_5hmCG_v500/HG03055-ONT-hg38-R10-LSK114-dorado090_sup_5mCG_5hmCG_v500_hp2.bed.gz
HG03057	https://1000g-ont.s3.amazonaws.com/PROCESSED_DATA/ALIGNED_TO_HG38/MODKIT/HG03057-ONT-hg38-R9-LSK110-dorado050_sup_with5mC/HG03057-ONT-hg38-R9-LSK110-dorado050_sup_with5mC_hp1.bed.gz	https://1000g-ont.s3.amazonaws.com/PROCESSED_DATA/ALIGNED_TO_HG38/MODKIT/HG03057-ONT-hg38-R9-LSK110-dorado050_sup_with5mC/HG03057-ONT-hg38-R9-LSK110-dorado050_sup_with5mC_hp2.bed.gz
HG03064	https://1000g-ont.s3.amazonaws.com/PROCESSED_DATA/ALIGNED_TO_HG38/MODKIT/HG03064-ONT-hg38-R9-LSK110-guppy637_sup_5mC_5hmC/HG03064-ONT-hg38-R9-LSK110-guppy637_sup_5mC_5hmC_hp1.bed.gz	https://1000g-ont.s3.amazonaws.com/PROCESSED_DATA/ALIGNED_TO_HG38/MODKIT/HG03064-ONT-hg38-R9-LSK110-guppy637_sup_5mC_5hmC/HG03064-ONT-hg38-R9-LSK110-guppy637_sup_5mC_5hmC_hp2.bed.gz
HG03066	https://1000g-ont.s3.amazonaws.com/PROCESSED_DATA/ALIGNED_TO_HG38/MODKIT/HG03066-ONT-hg38-R10-LSK114-dorado090_sup_5mCG_5hmCG_v500/HG03066-ONT-hg38-R10-LSK114-dorado090_sup_5mCG_5hmCG_v500_hp1.bed.gz	https://1000g-ont.s3.amazonaws.com/PROCESSED_DATA/ALIGNED_TO_HG38/MODKIT/HG03066-ONT-hg38-R10-LSK114-dorado090_sup_5mCG_5hmCG_v500/HG03066-ONT-hg38-R10-LSK114-dorado090_sup_5mCG_5hmCG_v500_hp2.bed.gz
HG03069	https://1000g-ont.s3.amazonaws.com/PROCESSED_DATA/ALIGNED_TO_HG38/MODKIT/HG03069-ONT-hg38-R9-LSK110-guppy-sup-5mC/HG03069-ONT-hg38-R9-LSK110-guppy-sup-5mC_hp1.bed.gz	https://1000g-ont.s3.amazonaws.com/PROCESSED_DATA/ALIGNED_TO_HG38/MODKIT/HG03069-ONT-hg38-R9-LSK110-guppy-sup-5mC/HG03069-ONT-hg38-R9-LSK110-guppy-sup-5mC_hp2.bed.gz
HG03072	https://1000g-ont.s3.amazonaws.com/PROCESSED_DATA/ALIGNED_TO_HG38/MODKIT/HG03072-ONT-hg38-R9-LSK110-dorado082_sup_5mCG_v33/HG03072-ONT-hg38-R9-LSK110-dorado082_sup_5mCG_v33_hp1.bed.gz	https://1000g-ont.s3.amazonaws.com/PROCESSED_DATA/ALIGNED_TO_HG38/MODKIT/HG03072-ONT-hg38-R9-LSK110-dorado082_sup_5mCG_v33/HG03072-ONT-hg38-R9-LSK110-dorado082_sup_5mCG_v33_hp2.bed.gz
HG03079	https://1000g-ont.s3.amazonaws.com/PROCESSED_DATA/ALIGNED_TO_HG38/MODKIT/HG03079-ONT-hg38-R10-LSK114-dorado090_sup_5mCG_5hmCG_v500/HG03079-ONT-hg38-R10-LSK114-dorado090_sup_5mCG_5hmCG_v500_hp1.bed.gz	https://1000g-ont.s3.amazonaws.com/PROCESSED_DATA/ALIGNED_TO_HG38/MODKIT/HG03079-ONT-hg38-R10-LSK114-dorado090_sup_5mCG_5hmCG_v500/HG03079-ONT-hg38-R10-LSK114-dorado090_sup_5mCG_5hmCG_v500_hp2.bed.gz
HG03084	https://1000g-ont.s3.amazonaws.com/PROCESSED_DATA/ALIGNED_TO_HG38/MODKIT/HG03084-ONT-hg38-R9-LSK110_dorado050_sup_5mCG/HG03084-ONT-hg38-R9-LSK110_dorado050_sup_5mCG_hp1.bed.gz	https://1000g-ont.s3.amazonaws.com/PROCESSED_DATA/ALIGNED_TO_HG38/MODKIT/HG03084-ONT-hg38-R9-LSK110_dorado050_sup_5mCG/HG03084-ONT-hg38-R9-LSK110_dorado050_sup_5mCG_hp2.bed.gz
HG03086	https://1000g-ont.s3.amazonaws.com/PROCESSED_DATA/ALIGNED_TO_HG38/MODKIT/HG03086-ONT-hg38-R9-LSK110-dorado050_sup_5mCG_v33/HG03086-ONT-hg38-R9-LSK110-dorado050_sup_5mCG_v33_hp1.bed.gz	https://1000g-ont.s3.amazonaws.com/PROCESSED_DATA/ALIGNED_TO_HG38/MODKIT/HG03086-ONT-hg38-R9-LSK110-dorado050_sup_5mCG_v33/HG03086-ONT-hg38-R9-LSK110-dorado050_sup_5mCG_v33_hp2.bed.gz
HG03099	https://1000g-ont.s3.amazonaws.com/PROCESSED_DATA/ALIGNED_TO_HG38/MODKIT/HG03099-ONT-hg38-R10-LSK114-dorado090_sup_5mCG_5hmCG_v500/HG03099-ONT-hg38-R10-LSK114-dorado090_sup_5mCG_5hmCG_v500_hp1.bed.gz	https://1000g-ont.s3.amazonaws.com/PROCESSED_DATA/ALIGNED_TO_HG38/MODKIT/HG03099-ONT-hg38-R10-LSK114-dorado090_sup_5mCG_5hmCG_v500/HG03099-ONT-hg38-R10-LSK114-dorado090_sup_5mCG_5hmCG_v500_hp2.bed.gz
HG03118	https://1000g-ont.s3.amazonaws.com/PROCESSED_DATA/ALIGNED_TO_HG38/MODKIT/HG03118-ONT-hg38-R10-LSK114_dorado081_sup_5mCG_5hmCG_v500/HG03118-ONT-hg38-R10-LSK114_dorado081_sup_5mCG_5hmCG_v500_hp1.bed.gz	https://1000g-ont.s3.amazonaws.com/PROCESSED_DATA/ALIGNED_TO_HG38/MODKIT/HG03118-ONT-hg38-R10-LSK114_dorado081_sup_5mCG_5hmCG_v500/HG03118-ONT-hg38-R10-LSK114_dorado081_sup_5mCG_5hmCG_v500_hp2.bed.gz
HG03120	https://1000g-ont.s3.amazonaws.com/PROCESSED_DATA/ALIGNED_TO_HG38/MODKIT/HG03120-ONT-hg38-R9-LSK110-guppy-sup-5hmc_5mc_cg/HG03120-ONT-hg38-R9-LSK110-guppy-sup-5hmc_5mc_cg_hp1.bed.gz	https://1000g-ont.s3.amazonaws.com/PROCESSED_DATA/ALIGNED_TO_HG38/MODKIT/HG03120-ONT-hg38-R9-LSK110-guppy-sup-5hmc_5mc_cg/HG03120-ONT-hg38-R9-LSK110-guppy-sup-5hmc_5mc_cg_hp2.bed.gz
HG03121	https://1000g-ont.s3.amazonaws.com/PROCESSED_DATA/ALIGNED_TO_HG38/MODKIT/HG03121-ONT-hg38-R9-LSK110-guppy-sup-5hmc_5mc_cg/HG03121-ONT-hg38-R9-LSK110-guppy-sup-5hmc_5mc_cg_hp1.bed.gz	https://1000g-ont.s3.amazonaws.com/PROCESSED_DATA/ALIGNED_TO_HG38/MODKIT/HG03121-ONT-hg38-R9-LSK110-guppy-sup-5hmc_5mc_cg/HG03121-ONT-hg38-R9-LSK110-guppy-sup-5hmc_5mc_cg_hp2.bed.gz
HG03123	https://1000g-ont.s3.amazonaws.com/PROCESSED_DATA/ALIGNED_TO_HG38/MODKIT/HG03123-ONT-hg38-R10-LSK114-dorado090_sup_5mCG_5hmCG_v500/HG03123-ONT-hg38-R10-LSK114-dorado090_sup_5mCG_5hmCG_v500_hp1.bed.gz	https://1000g-ont.s3.amazonaws.com/PROCESSED_DATA/ALIGNED_TO_HG38/MODKIT/HG03123-ONT-hg38-R10-LSK114-dorado090_sup_5mCG_5hmCG_v500/HG03123-ONT-hg38-R10-LSK114-dorado090_sup_5mCG_5hmCG_v500_hp2.bed.gz
HG03129	https://1000g-ont.s3.amazonaws.com/PROCESSED_DATA/ALIGNED_TO_HG38/MODKIT/HG03129-ONT-hg38-R10-LSK114-dorado090_sup_5mCG_5hmCG_v500/HG03129-ONT-hg38-R10-LSK114-dorado090_sup_5mCG_5hmCG_v500_hp1.bed.gz	https://1000g-ont.s3.amazonaws.com/PROCESSED_DATA/ALIGNED_TO_HG38/MODKIT/HG03129-ONT-hg38-R10-LSK114-dorado090_sup_5mCG_5hmCG_v500/HG03129-ONT-hg38-R10-LSK114-dorado090_sup_5mCG_5hmCG_v500_hp2.bed.gz
HG03157	https://1000g-ont.s3.amazonaws.com/PROCESSED_DATA/ALIGNED_TO_HG38/MODKIT/HG03157-ONT-hg38-R10-LSK114-dorado081_sup_5mCG_5hmCG_v500/HG03157-ONT-hg38-R10-LSK114-dorado081_sup_5mCG_5hmCG_v500_hp1.bed.gz	https://1000g-ont.s3.amazonaws.com/PROCESSED_DATA/ALIGNED_TO_HG38/MODKIT/HG03157-ONT-hg38-R10-LSK114-dorado081_sup_5mCG_5hmCG_v500/HG03157-ONT-hg38-R10-LSK114-dorado081_sup_5mCG_5hmCG_v500_hp2.bed.gz
HG03160	https://1000g-ont.s3.amazonaws.com/PROCESSED_DATA/ALIGNED_TO_HG38/MODKIT/HG03160-ONT-hg38-R10-LSK114-dorado082_sup_5mCG_5hmCG/HG03160-ONT-hg38-R10-LSK114-dorado082_sup_5mCG_5hmCG_hp1.bed.gz	https://1000g-ont.s3.amazonaws.com/PROCESSED_DATA/ALIGNED_TO_HG38/MODKIT/HG03160-ONT-hg38-R10-LSK114-dorado082_sup_5mCG_5hmCG/HG03160-ONT-hg38-R10-LSK114-dorado082_sup_5mCG_5hmCG_hp2.bed.gz
HG03166	https://1000g-ont.s3.amazonaws.com/PROCESSED_DATA/ALIGNED_TO_HG38/MODKIT/HG03166-ONT-hg38-R10-LSK114-dorado082_sup_5mCG_5hmCG/HG03166-ONT-hg38-R10-LSK114-dorado082_sup_5mCG_5hmCG_hp1.bed.gz	https://1000g-ont.s3.amazonaws.com/PROCESSED_DATA/ALIGNED_TO_HG38/MODKIT/HG03166-ONT-hg38-R10-LSK114-dorado082_sup_5mCG_5hmCG/HG03166-ONT-hg38-R10-LSK114-dorado082_sup_5mCG_5hmCG_hp2.bed.gz
HG03168	https://1000g-ont.s3.amazonaws.com/PROCESSED_DATA/ALIGNED_TO_HG38/MODKIT/HG03168-ONT-hg38-R9-LSK110-guppy-sup-5hmc_5mc_cg/HG03168-ONT-hg38-R9-LSK110-guppy-sup-5hmc_5mc_cg_hp1.bed.gz	https://1000g-ont.s3.amazonaws.com/PROCESSED_DATA/ALIGNED_TO_HG38/MODKIT/HG03168-ONT-hg38-R9-LSK110-guppy-sup-5hmc_5mc_cg/HG03168-ONT-hg38-R9-LSK110-guppy-sup-5hmc_5mc_cg_hp2.bed.gz
HG03169	https://1000g-ont.s3.amazonaws.com/PROCESSED_DATA/ALIGNED_TO_HG38/MODKIT/HG03169-ONT-hg38-R9-LSK110-dorado096_sup_5mCG_v01/HG03169-ONT-hg38-R9-LSK110-dorado096_sup_5mCG_v01_hp1.bed.gz	https://1000g-ont.s3.amazonaws.com/PROCESSED_DATA/ALIGNED_TO_HG38/MODKIT/HG03169-ONT-hg38-R9-LSK110-dorado096_sup_5mCG_v01/HG03169-ONT-hg38-R9-LSK110-dorado096_sup_5mCG_v01_hp2.bed.gz
HG03196	https://1000g-ont.s3.amazonaws.com/PROCESSED_DATA/ALIGNED_TO_HG38/MODKIT/HG03196-ONT-hg38-R9-LSK110-dorado050_sup_5mCG_v33/HG03196-ONT-hg38-R9-LSK110-dorado050_sup_5mCG_v33_hp1.bed.gz	https://1000g-ont.s3.amazonaws.com/PROCESSED_DATA/ALIGNED_TO_HG38/MODKIT/HG03196-ONT-hg38-R9-LSK110-dorado050_sup_5mCG_v33/HG03196-ONT-hg38-R9-LSK110-dorado050_sup_5mCG_v33_hp2.bed.gz
HG03212	https://1000g-ont.s3.amazonaws.com/PROCESSED_DATA/ALIGNED_TO_HG38/MODKIT/HG03212-ONT-hg38-R9-LSK110-guppy657_sup_with5mC_5hmC/HG03212-ONT-hg38-R9-LSK110-guppy657_sup_with5mC_5hmC_hp1.bed.gz	https://1000g-ont.s3.amazonaws.com/PROCESSED_DATA/ALIGNED_TO_HG38/MODKIT/HG03212-ONT-hg38-R9-LSK110-guppy657_sup_with5mC_5hmC/HG03212-ONT-hg38-R9-LSK110-guppy657_sup_with5mC_5hmC_hp2.bed.gz
HG03224	https://1000g-ont.s3.amazonaws.com/PROCESSED_DATA/ALIGNED_TO_HG38/MODKIT/HG03224-ONT-hg38-R10-LSK114-dorado081_sup_5mCG_5hmCG_v500/HG03224-ONT-hg38-R10-LSK114-dorado081_sup_5mCG_5hmCG_v500_hp1.bed.gz	https://1000g-ont.s3.amazonaws.com/PROCESSED_DATA/ALIGNED_TO_HG38/MODKIT/HG03224-ONT-hg38-R10-LSK114-dorado081_sup_5mCG_5hmCG_v500/HG03224-ONT-hg38-R10-LSK114-dorado081_sup_5mCG_5hmCG_v500_hp2.bed.gz
HG03279	https://1000g-ont.s3.amazonaws.com/PROCESSED_DATA/ALIGNED_TO_HG38/MODKIT/HG03279-ONT-hg38-R9-LSK110-guppy-sup-5mC/HG03279-ONT-hg38-R9-LSK110-guppy-sup-5mC_hp1.bed.gz	https://1000g-ont.s3.amazonaws.com/PROCESSED_DATA/ALIGNED_TO_HG38/MODKIT/HG03279-ONT-hg38-R9-LSK110-guppy-sup-5mC/HG03279-ONT-hg38-R9-LSK110-guppy-sup-5mC_hp2.bed.gz
HG03280	https://1000g-ont.s3.amazonaws.com/PROCESSED_DATA/ALIGNED_TO_HG38/MODKIT/HG03280-ONT-hg38-R9-LSK110-dorado050_sup_5mCG_v33/HG03280-ONT-hg38-R9-LSK110-dorado050_sup_5mCG_v33_hp1.bed.gz	https://1000g-ont.s3.amazonaws.com/PROCESSED_DATA/ALIGNED_TO_HG38/MODKIT/HG03280-ONT-hg38-R9-LSK110-dorado050_sup_5mCG_v33/HG03280-ONT-hg38-R9-LSK110-dorado050_sup_5mCG_v33_hp2.bed.gz
HG03297	https://1000g-ont.s3.amazonaws.com/PROCESSED_DATA/ALIGNED_TO_HG38/MODKIT/HG03297-ONT-hg38-R9-LSK110-dorado082_sup_5mCG/HG03297-ONT-hg38-R9-LSK110-dorado082_sup_5mCG_hp1.bed.gz	https://1000g-ont.s3.amazonaws.com/PROCESSED_DATA/ALIGNED_TO_HG38/MODKIT/HG03297-ONT-hg38-R9-LSK110-dorado082_sup_5mCG/HG03297-ONT-hg38-R9-LSK110-dorado082_sup_5mCG_hp2.bed.gz
HG03298	https://1000g-ont.s3.amazonaws.com/PROCESSED_DATA/ALIGNED_TO_HG38/MODKIT/HG03298-ONT-hg38-R9-LSK110-dorado050_sup_5mCG_v33/HG03298-ONT-hg38-R9-LSK110-dorado050_sup_5mCG_v33_hp1.bed.gz	https://1000g-ont.s3.amazonaws.com/PROCESSED_DATA/ALIGNED_TO_HG38/MODKIT/HG03298-ONT-hg38-R9-LSK110-dorado050_sup_5mCG_v33/HG03298-ONT-hg38-R9-LSK110-dorado050_sup_5mCG_v33_hp2.bed.gz
HG03351	https://1000g-ont.s3.amazonaws.com/PROCESSED_DATA/ALIGNED_TO_HG38/MODKIT/HG03351-ONT-hg38-R9-LSK110-dorado082_sup_5mCG/HG03351-ONT-hg38-R9-LSK110-dorado082_sup_5mCG_hp1.bed.gz	https://1000g-ont.s3.amazonaws.com/PROCESSED_DATA/ALIGNED_TO_HG38/MODKIT/HG03351-ONT-hg38-R9-LSK110-dorado082_sup_5mCG/HG03351-ONT-hg38-R9-LSK110-dorado082_sup_5mCG_hp2.bed.gz
HG03352	https://1000g-ont.s3.amazonaws.com/PROCESSED_DATA/ALIGNED_TO_HG38/MODKIT/HG03352-ONT-hg38-R10-LSK114-dorado082_sup_5mCG_5hmCG/HG03352-ONT-hg38-R10-LSK114-dorado082_sup_5mCG_5hmCG_hp1.bed.gz	https://1000g-ont.s3.amazonaws.com/PROCESSED_DATA/ALIGNED_TO_HG38/MODKIT/HG03352-ONT-hg38-R10-LSK114-dorado082_sup_5mCG_5hmCG/HG03352-ONT-hg38-R10-LSK114-dorado082_sup_5mCG_5hmCG_hp2.bed.gz
HG03354	https://1000g-ont.s3.amazonaws.com/PROCESSED_DATA/ALIGNED_TO_HG38/MODKIT/HG03354-ONT-hg38-R9-LSK110-guppy637_sup_5mC_5hmC/HG03354-ONT-hg38-R9-LSK110-guppy637_sup_5mC_5hmC_hp1.bed.gz	https://1000g-ont.s3.amazonaws.com/PROCESSED_DATA/ALIGNED_TO_HG38/MODKIT/HG03354-ONT-hg38-R9-LSK110-guppy637_sup_5mC_5hmC/HG03354-ONT-hg38-R9-LSK110-guppy637_sup_5mC_5hmC_hp2.bed.gz
HG03366	https://1000g-ont.s3.amazonaws.com/PROCESSED_DATA/ALIGNED_TO_HG38/MODKIT/HG03366-ONT-hg38-R9-LSK110-dorado034_sup_5mCG_5hmCG_v33/HG03366-ONT-hg38-R9-LSK110-dorado034_sup_5mCG_5hmCG_v33_hp1.bed.gz	https://1000g-ont.s3.amazonaws.com/PROCESSED_DATA/ALIGNED_TO_HG38/MODKIT/HG03366-ONT-hg38-R9-LSK110-dorado034_sup_5mCG_5hmCG_v33/HG03366-ONT-hg38-R9-LSK110-dorado034_sup_5mCG_5hmCG_v33_hp2.bed.gz
HG03367	https://1000g-ont.s3.amazonaws.com/PROCESSED_DATA/ALIGNED_TO_HG38/MODKIT/HG03367-ONT-hg38-R10-LSK114-dorado082_sup_5mCG_5hmCG/HG03367-ONT-hg38-R10-LSK114-dorado082_sup_5mCG_5hmCG_hp1.bed.gz	https://1000g-ont.s3.amazonaws.com/PROCESSED_DATA/ALIGNED_TO_HG38/MODKIT/HG03367-ONT-hg38-R10-LSK114-dorado082_sup_5mCG_5hmCG/HG03367-ONT-hg38-R10-LSK114-dorado082_sup_5mCG_5hmCG_hp2.bed.gz
HG03369	https://1000g-ont.s3.amazonaws.com/PROCESSED_DATA/ALIGNED_TO_HG38/MODKIT/HG03369-ONT-hg38-R9-LSK110-guppy657_sup_5mC_5hmC/HG03369-ONT-hg38-R9-LSK110-guppy657_sup_5mC_5hmC_hp1.bed.gz	https://1000g-ont.s3.amazonaws.com/PROCESSED_DATA/ALIGNED_TO_HG38/MODKIT/HG03369-ONT-hg38-R9-LSK110-guppy657_sup_5mC_5hmC/HG03369-ONT-hg38-R9-LSK110-guppy657_sup_5mC_5hmC_hp2.bed.gz
HG03370	https://1000g-ont.s3.amazonaws.com/PROCESSED_DATA/ALIGNED_TO_HG38/MODKIT/HG03370-ONT-hg38-R9-LSK110-guppy657_sup_5mC_5hmC/HG03370-ONT-hg38-R9-LSK110-guppy657_sup_5mC_5hmC_hp1.bed.gz	https://1000g-ont.s3.amazonaws.com/PROCESSED_DATA/ALIGNED_TO_HG38/MODKIT/HG03370-ONT-hg38-R9-LSK110-guppy657_sup_5mC_5hmC/HG03370-ONT-hg38-R9-LSK110-guppy657_sup_5mC_5hmC_hp2.bed.gz
HG03376	https://1000g-ont.s3.amazonaws.com/PROCESSED_DATA/ALIGNED_TO_HG38/MODKIT/HG03376-ONT-hg38-R9-LSK110-dorado082_sup_5mCG_v33/HG03376-ONT-hg38-R9-LSK110-dorado082_sup_5mCG_v33_hp1.bed.gz	https://1000g-ont.s3.amazonaws.com/PROCESSED_DATA/ALIGNED_TO_HG38/MODKIT/HG03376-ONT-hg38-R9-LSK110-dorado082_sup_5mCG_v33/HG03376-ONT-hg38-R9-LSK110-dorado082_sup_5mCG_v33_hp2.bed.gz
HG03378	https://1000g-ont.s3.amazonaws.com/PROCESSED_DATA/ALIGNED_TO_HG38/MODKIT/HG03378-ONT-hg38-R9-LSK110-dorado082_sup_5mCG_v33/HG03378-ONT-hg38-R9-LSK110-dorado082_sup_5mCG_v33_hp1.bed.gz	https://1000g-ont.s3.amazonaws.com/PROCESSED_DATA/ALIGNED_TO_HG38/MODKIT/HG03378-ONT-hg38-R9-LSK110-dorado082_sup_5mCG_v33/HG03378-ONT-hg38-R9-LSK110-dorado082_sup_5mCG_v33_hp2.bed.gz
HG03382	https://1000g-ont.s3.amazonaws.com/PROCESSED_DATA/ALIGNED_TO_HG38/MODKIT/HG03382-ONT-hg38-R10-LSK114-dorado081_sup_5mCG_5hmCG_v500/HG03382-ONT-hg38-R10-LSK114-dorado081_sup_5mCG_5hmCG_v500_hp1.bed.gz	https://1000g-ont.s3.amazonaws.com/PROCESSED_DATA/ALIGNED_TO_HG38/MODKIT/HG03382-ONT-hg38-R10-LSK114-dorado081_sup_5mCG_5hmCG_v500/HG03382-ONT-hg38-R10-LSK114-dorado081_sup_5mCG_5hmCG_v500_hp2.bed.gz
HG03385	https://1000g-ont.s3.amazonaws.com/PROCESSED_DATA/ALIGNED_TO_HG38/MODKIT/HG03385-ONT-hg38-R10-LSK114-dorado090_sup_5mCG_5hmCG_v500/HG03385-ONT-hg38-R10-LSK114-dorado090_sup_5mCG_5hmCG_v500_hp1.bed.gz	https://1000g-ont.s3.amazonaws.com/PROCESSED_DATA/ALIGNED_TO_HG38/MODKIT/HG03385-ONT-hg38-R10-LSK114-dorado090_sup_5mCG_5hmCG_v500/HG03385-ONT-hg38-R10-LSK114-dorado090_sup_5mCG_5hmCG_v500_hp2.bed.gz
HG03391	https://1000g-ont.s3.amazonaws.com/PROCESSED_DATA/ALIGNED_TO_HG38/MODKIT/HG03391-ONT-hg38-R9-LSK110-guppy657_sup_5mC_5hmC/HG03391-ONT-hg38-R9-LSK110-guppy657_sup_5mC_5hmC_hp1.bed.gz	https://1000g-ont.s3.amazonaws.com/PROCESSED_DATA/ALIGNED_TO_HG38/MODKIT/HG03391-ONT-hg38-R9-LSK110-guppy657_sup_5mC_5hmC/HG03391-ONT-hg38-R9-LSK110-guppy657_sup_5mC_5hmC_hp2.bed.gz
HG03401	https://1000g-ont.s3.amazonaws.com/PROCESSED_DATA/ALIGNED_TO_HG38/MODKIT/HG03401-ONT-hg38-R9-LSK110-dorado034_sup_5mCG_5hmCG_v33/HG03401-ONT-hg38-R9-LSK110-dorado034_sup_5mCG_5hmCG_v33_hp1.bed.gz	https://1000g-ont.s3.amazonaws.com/PROCESSED_DATA/ALIGNED_TO_HG38/MODKIT/HG03401-ONT-hg38-R9-LSK110-dorado034_sup_5mCG_5hmCG_v33/HG03401-ONT-hg38-R9-LSK110-dorado034_sup_5mCG_5hmCG_v33_hp2.bed.gz
HG03433	https://1000g-ont.s3.amazonaws.com/PROCESSED_DATA/ALIGNED_TO_HG38/MODKIT/HG03433-ONT-hg38-R10-LSK114-dorado082_sup_5mCG_5hmCG_v500/HG03433-ONT-hg38-R10-LSK114-dorado082_sup_5mCG_5hmCG_v500_hp1.bed.gz	https://1000g-ont.s3.amazonaws.com/PROCESSED_DATA/ALIGNED_TO_HG38/MODKIT/HG03433-ONT-hg38-R10-LSK114-dorado082_sup_5mCG_5hmCG_v500/HG03433-ONT-hg38-R10-LSK114-dorado082_sup_5mCG_5hmCG_v500_hp2.bed.gz
HG03436	https://1000g-ont.s3.amazonaws.com/PROCESSED_DATA/ALIGNED_TO_HG38/MODKIT/HG03436-ONT-hg38-R10-LSK114-dorado082_sup_5mCG_5hmCG/HG03436-ONT-hg38-R10-LSK114-dorado082_sup_5mCG_5hmCG_hp1.bed.gz	https://1000g-ont.s3.amazonaws.com/PROCESSED_DATA/ALIGNED_TO_HG38/MODKIT/HG03436-ONT-hg38-R10-LSK114-dorado082_sup_5mCG_5hmCG/HG03436-ONT-hg38-R10-LSK114-dorado082_sup_5mCG_5hmCG_hp2.bed.gz
HG03437	https://1000g-ont.s3.amazonaws.com/PROCESSED_DATA/ALIGNED_TO_HG38/MODKIT/HG03437-ONT-hg38-R9-LSK110-guppy657_sup_with5mC_5hmC/HG03437-ONT-hg38-R9-LSK110-guppy657_sup_with5mC_5hmC_hp1.bed.gz	https://1000g-ont.s3.amazonaws.com/PROCESSED_DATA/ALIGNED_TO_HG38/MODKIT/HG03437-ONT-hg38-R9-LSK110-guppy657_sup_with5mC_5hmC/HG03437-ONT-hg38-R9-LSK110-guppy657_sup_with5mC_5hmC_hp2.bed.gz
HG03445	https://1000g-ont.s3.amazonaws.com/PROCESSED_DATA/ALIGNED_TO_HG38/MODKIT/HG03445-ONT-hg38-R9-LSK110-guppy657_sup_with5mC_5hmC/HG03445-ONT-hg38-R9-LSK110-guppy657_sup_with5mC_5hmC_hp1.bed.gz	https://1000g-ont.s3.amazonaws.com/PROCESSED_DATA/ALIGNED_TO_HG38/MODKIT/HG03445-ONT-hg38-R9-LSK110-guppy657_sup_with5mC_5hmC/HG03445-ONT-hg38-R9-LSK110-guppy657_sup_with5mC_5hmC_hp2.bed.gz
HG03460	https://1000g-ont.s3.amazonaws.com/PROCESSED_DATA/ALIGNED_TO_HG38/MODKIT/HG03460-ONT-hg38-R9-LSK110-dorado050_sup_with5mC/HG03460-ONT-hg38-R9-LSK110-dorado050_sup_with5mC_hp1.bed.gz	https://1000g-ont.s3.amazonaws.com/PROCESSED_DATA/ALIGNED_TO_HG38/MODKIT/HG03460-ONT-hg38-R9-LSK110-dorado050_sup_with5mC/HG03460-ONT-hg38-R9-LSK110-dorado050_sup_with5mC_hp2.bed.gz
HG03464	https://1000g-ont.s3.amazonaws.com/PROCESSED_DATA/ALIGNED_TO_HG38/MODKIT/HG03464-ONT-hg38-R10-LSK114-dorado090_sup_5mCG_5hmCG_v500/HG03464-ONT-hg38-R10-LSK114-dorado090_sup_5mCG_5hmCG_v500_hp1.bed.gz	https://1000g-ont.s3.amazonaws.com/PROCESSED_DATA/ALIGNED_TO_HG38/MODKIT/HG03464-ONT-hg38-R10-LSK114-dorado090_sup_5mCG_5hmCG_v500/HG03464-ONT-hg38-R10-LSK114-dorado090_sup_5mCG_5hmCG_v500_hp2.bed.gz
HG03472	https://1000g-ont.s3.amazonaws.com/PROCESSED_DATA/ALIGNED_TO_HG38/MODKIT/HG03472-ONT-hg38-R10-LSK114-dorado090_sup_5mCG_5hmCG_v500/HG03472-ONT-hg38-R10-LSK114-dorado090_sup_5mCG_5hmCG_v500_hp1.bed.gz	https://1000g-ont.s3.amazonaws.com/PROCESSED_DATA/ALIGNED_TO_HG38/MODKIT/HG03472-ONT-hg38-R10-LSK114-dorado090_sup_5mCG_5hmCG_v500/HG03472-ONT-hg38-R10-LSK114-dorado090_sup_5mCG_5hmCG_v500_hp2.bed.gz
HG03478	https://1000g-ont.s3.amazonaws.com/PROCESSED_DATA/ALIGNED_TO_HG38/MODKIT/HG03478-ONT-hg38-R10-LSK114_dorado081_sup_5mCG_5hmCG_v500/HG03478-ONT-hg38-R10-LSK114_dorado081_sup_5mCG_5hmCG_v500_hp1.bed.gz	https://1000g-ont.s3.amazonaws.com/PROCESSED_DATA/ALIGNED_TO_HG38/MODKIT/HG03478-ONT-hg38-R10-LSK114_dorado081_sup_5mCG_5hmCG_v500/HG03478-ONT-hg38-R10-LSK114_dorado081_sup_5mCG_5hmCG_v500_hp2.bed.gz
HG03479	https://1000g-ont.s3.amazonaws.com/PROCESSED_DATA/ALIGNED_TO_HG38/MODKIT/HG03479-ONT-hg38-R9-LSK110-dorado034_sup_5mCG_5hmCG_v33/HG03479-ONT-hg38-R9-LSK110-dorado034_sup_5mCG_5hmCG_v33_hp1.bed.gz	https://1000g-ont.s3.amazonaws.com/PROCESSED_DATA/ALIGNED_TO_HG38/MODKIT/HG03479-ONT-hg38-R9-LSK110-dorado034_sup_5mCG_5hmCG_v33/HG03479-ONT-hg38-R9-LSK110-dorado034_sup_5mCG_5hmCG_v33_hp2.bed.gz
HG03499	https://1000g-ont.s3.amazonaws.com/PROCESSED_DATA/ALIGNED_TO_HG38/MODKIT/HG03499-ONT-hg38-R9-LSK110-guppy-sup-5hmc_5mc_cg/HG03499-ONT-hg38-R9-LSK110-guppy-sup-5hmc_5mc_cg_hp1.bed.gz	https://1000g-ont.s3.amazonaws.com/PROCESSED_DATA/ALIGNED_TO_HG38/MODKIT/HG03499-ONT-hg38-R9-LSK110-guppy-sup-5hmc_5mc_cg/HG03499-ONT-hg38-R9-LSK110-guppy-sup-5hmc_5mc_cg_hp2.bed.gz
HG03514	https://1000g-ont.s3.amazonaws.com/PROCESSED_DATA/ALIGNED_TO_HG38/MODKIT/HG03514-ONT-hg38-R10-LSK114-dorado090_sup_5mCG_5hmCG_v500/HG03514-ONT-hg38-R10-LSK114-dorado090_sup_5mCG_5hmCG_v500_hp1.bed.gz	https://1000g-ont.s3.amazonaws.com/PROCESSED_DATA/ALIGNED_TO_HG38/MODKIT/HG03514-ONT-hg38-R10-LSK114-dorado090_sup_5mCG_5hmCG_v500/HG03514-ONT-hg38-R10-LSK114-dorado090_sup_5mCG_5hmCG_v500_hp2.bed.gz
HG03538	https://1000g-ont.s3.amazonaws.com/PROCESSED_DATA/ALIGNED_TO_HG38/MODKIT/HG03538-ONT-hg38-R10-LSK114-dorado090_sup_5mCG_5hmCG_v500/HG03538-ONT-hg38-R10-LSK114-dorado090_sup_5mCG_5hmCG_v500_hp1.bed.gz	https://1000g-ont.s3.amazonaws.com/PROCESSED_DATA/ALIGNED_TO_HG38/MODKIT/HG03538-ONT-hg38-R10-LSK114-dorado090_sup_5mCG_5hmCG_v500/HG03538-ONT-hg38-R10-LSK114-dorado090_sup_5mCG_5hmCG_v500_hp2.bed.gz
HG03548	https://1000g-ont.s3.amazonaws.com/PROCESSED_DATA/ALIGNED_TO_HG38/MODKIT/HG03548-ONT-hg38-R9-LSK110-guppy-sup-5mC/HG03548-ONT-hg38-R9-LSK110-guppy-sup-5mC_hp1.bed.gz	https://1000g-ont.s3.amazonaws.com/PROCESSED_DATA/ALIGNED_TO_HG38/MODKIT/HG03548-ONT-hg38-R9-LSK110-guppy-sup-5mC/HG03548-ONT-hg38-R9-LSK110-guppy-sup-5mC_hp2.bed.gz
HG03557	https://1000g-ont.s3.amazonaws.com/PROCESSED_DATA/ALIGNED_TO_HG38/MODKIT/HG03557-ONT-hg38-R9-LSK110-dorado082_sup_5mCG_v33/HG03557-ONT-hg38-R9-LSK110-dorado082_sup_5mCG_v33_hp1.bed.gz	https://1000g-ont.s3.amazonaws.com/PROCESSED_DATA/ALIGNED_TO_HG38/MODKIT/HG03557-ONT-hg38-R9-LSK110-dorado082_sup_5mCG_v33/HG03557-ONT-hg38-R9-LSK110-dorado082_sup_5mCG_v33_hp2.bed.gz
HG03563	https://1000g-ont.s3.amazonaws.com/PROCESSED_DATA/ALIGNED_TO_HG38/MODKIT/HG03563-ONT-hg38-R9-LSK110-guppy-sup-5mC/HG03563-ONT-hg38-R9-LSK110-guppy-sup-5mC_hp1.bed.gz	https://1000g-ont.s3.amazonaws.com/PROCESSED_DATA/ALIGNED_TO_HG38/MODKIT/HG03563-ONT-hg38-R9-LSK110-guppy-sup-5mC/HG03563-ONT-hg38-R9-LSK110-guppy-sup-5mC_hp2.bed.gz
HG03571	https://1000g-ont.s3.amazonaws.com/PROCESSED_DATA/ALIGNED_TO_HG38/MODKIT/HG03571-ONT-hg38-R9-LSK110-guppy-sup-5mC/HG03571-ONT-hg38-R9-LSK110-guppy-sup-5mC_hp1.bed.gz	https://1000g-ont.s3.amazonaws.com/PROCESSED_DATA/ALIGNED_TO_HG38/MODKIT/HG03571-ONT-hg38-R9-LSK110-guppy-sup-5mC/HG03571-ONT-hg38-R9-LSK110-guppy-sup-5mC_hp2.bed.gz
HG03572	https://1000g-ont.s3.amazonaws.com/PROCESSED_DATA/ALIGNED_TO_HG38/MODKIT/HG03572-ONT-hg38-R9-LSK110-guppy657_sup_with5mC_5hmC/HG03572-ONT-hg38-R9-LSK110-guppy657_sup_with5mC_5hmC_hp1.bed.gz	https://1000g-ont.s3.amazonaws.com/PROCESSED_DATA/ALIGNED_TO_HG38/MODKIT/HG03572-ONT-hg38-R9-LSK110-guppy657_sup_with5mC_5hmC/HG03572-ONT-hg38-R9-LSK110-guppy657_sup_with5mC_5hmC_hp2.bed.gz
HG03575	https://1000g-ont.s3.amazonaws.com/PROCESSED_DATA/ALIGNED_TO_HG38/MODKIT/HG03575-ONT-hg38-R10-LSK114-dorado082_sup_5mCG_5hmCG/HG03575-ONT-hg38-R10-LSK114-dorado082_sup_5mCG_5hmCG_hp1.bed.gz	https://1000g-ont.s3.amazonaws.com/PROCESSED_DATA/ALIGNED_TO_HG38/MODKIT/HG03575-ONT-hg38-R10-LSK114-dorado082_sup_5mCG_5hmCG/HG03575-ONT-hg38-R10-LSK114-dorado082_sup_5mCG_5hmCG_hp2.bed.gz
HG03583	https://1000g-ont.s3.amazonaws.com/PROCESSED_DATA/ALIGNED_TO_HG38/MODKIT/HG03583-ONT-hg38-R10-LSK114-dorado082_sup_5mCG_5hmCG/HG03583-ONT-hg38-R10-LSK114-dorado082_sup_5mCG_5hmCG_hp1.bed.gz	https://1000g-ont.s3.amazonaws.com/PROCESSED_DATA/ALIGNED_TO_HG38/MODKIT/HG03583-ONT-hg38-R10-LSK114-dorado082_sup_5mCG_5hmCG/HG03583-ONT-hg38-R10-LSK114-dorado082_sup_5mCG_5hmCG_hp2.bed.gz
HG03603	https://1000g-ont.s3.amazonaws.com/PROCESSED_DATA/ALIGNED_TO_HG38/MODKIT/HG03603-ONT-hg38-R10-LSK114-dorado090_sup_5mCG_5hmCG_v500/HG03603-ONT-hg38-R10-LSK114-dorado090_sup_5mCG_5hmCG_v500_hp1.bed.gz	https://1000g-ont.s3.amazonaws.com/PROCESSED_DATA/ALIGNED_TO_HG38/MODKIT/HG03603-ONT-hg38-R10-LSK114-dorado090_sup_5mCG_5hmCG_v500/HG03603-ONT-hg38-R10-LSK114-dorado090_sup_5mCG_5hmCG_v500_hp2.bed.gz
HG03611	https://1000g-ont.s3.amazonaws.com/PROCESSED_DATA/ALIGNED_TO_HG38/MODKIT/HG03611-ONT-hg38-R9-LSK110-dorado050_sup_5mCG_v33/HG03611-ONT-hg38-R9-LSK110-dorado050_sup_5mCG_v33_hp1.bed.gz	https://1000g-ont.s3.amazonaws.com/PROCESSED_DATA/ALIGNED_TO_HG38/MODKIT/HG03611-ONT-hg38-R9-LSK110-dorado050_sup_5mCG_v33/HG03611-ONT-hg38-R9-LSK110-dorado050_sup_5mCG_v33_hp2.bed.gz
HG03616	https://1000g-ont.s3.amazonaws.com/PROCESSED_DATA/ALIGNED_TO_HG38/MODKIT/HG03616-ONT-hg38-R9-LSK110-dorado050_sup_5mCG_v33/HG03616-ONT-hg38-R9-LSK110-dorado050_sup_5mCG_v33_hp1.bed.gz	https://1000g-ont.s3.amazonaws.com/PROCESSED_DATA/ALIGNED_TO_HG38/MODKIT/HG03616-ONT-hg38-R9-LSK110-dorado050_sup_5mCG_v33/HG03616-ONT-hg38-R9-LSK110-dorado050_sup_5mCG_v33_hp2.bed.gz
HG03629	https://1000g-ont.s3.amazonaws.com/PROCESSED_DATA/ALIGNED_TO_HG38/MODKIT/HG03629-ONT-hg38-R10-LSK114-dorado082_sup_5mCG_5hmCG/HG03629-ONT-hg38-R10-LSK114-dorado082_sup_5mCG_5hmCG_hp1.bed.gz	https://1000g-ont.s3.amazonaws.com/PROCESSED_DATA/ALIGNED_TO_HG38/MODKIT/HG03629-ONT-hg38-R10-LSK114-dorado082_sup_5mCG_5hmCG/HG03629-ONT-hg38-R10-LSK114-dorado082_sup_5mCG_5hmCG_hp2.bed.gz
HG03631	https://1000g-ont.s3.amazonaws.com/PROCESSED_DATA/ALIGNED_TO_HG38/MODKIT/HG03631-ONT-hg38-R9-LSK110-guppy-sup-5hmc_5mc_cg/HG03631-ONT-hg38-R9-LSK110-guppy-sup-5hmc_5mc_cg_hp1.bed.gz	https://1000g-ont.s3.amazonaws.com/PROCESSED_DATA/ALIGNED_TO_HG38/MODKIT/HG03631-ONT-hg38-R9-LSK110-guppy-sup-5hmc_5mc_cg/HG03631-ONT-hg38-R9-LSK110-guppy-sup-5hmc_5mc_cg_hp2.bed.gz
HG03643	https://1000g-ont.s3.amazonaws.com/PROCESSED_DATA/ALIGNED_TO_HG38/MODKIT/HG03643-ONT-hg38-R9-LSK110-guppy-sup-5mC/HG03643-ONT-hg38-R9-LSK110-guppy-sup-5mC_hp1.bed.gz	https://1000g-ont.s3.amazonaws.com/PROCESSED_DATA/ALIGNED_TO_HG38/MODKIT/HG03643-ONT-hg38-R9-LSK110-guppy-sup-5mC/HG03643-ONT-hg38-R9-LSK110-guppy-sup-5mC_hp2.bed.gz
HG03646	https://1000g-ont.s3.amazonaws.com/PROCESSED_DATA/ALIGNED_TO_HG38/MODKIT/HG03646-ONT-hg38-R9-LSK110-guppy-sup-5mC/HG03646-ONT-hg38-R9-LSK110-guppy-sup-5mC_hp1.bed.gz	https://1000g-ont.s3.amazonaws.com/PROCESSED_DATA/ALIGNED_TO_HG38/MODKIT/HG03646-ONT-hg38-R9-LSK110-guppy-sup-5mC/HG03646-ONT-hg38-R9-LSK110-guppy-sup-5mC_hp2.bed.gz
HG03663	https://1000g-ont.s3.amazonaws.com/PROCESSED_DATA/ALIGNED_TO_HG38/MODKIT/HG03663-ONT-hg38-R10-LSK114-dorado082_sup_5mCG_5hmCG_v500/HG03663-ONT-hg38-R10-LSK114-dorado082_sup_5mCG_5hmCG_v500_hp1.bed.gz	https://1000g-ont.s3.amazonaws.com/PROCESSED_DATA/ALIGNED_TO_HG38/MODKIT/HG03663-ONT-hg38-R10-LSK114-dorado082_sup_5mCG_5hmCG_v500/HG03663-ONT-hg38-R10-LSK114-dorado082_sup_5mCG_5hmCG_v500_hp2.bed.gz
HG03667	https://1000g-ont.s3.amazonaws.com/PROCESSED_DATA/ALIGNED_TO_HG38/MODKIT/HG03667-ONT-hg38-R10-LSK114-dorado090_sup_5mCG_5hmCG_v500/HG03667-ONT-hg38-R10-LSK114-dorado090_sup_5mCG_5hmCG_v500_hp1.bed.gz	https://1000g-ont.s3.amazonaws.com/PROCESSED_DATA/ALIGNED_TO_HG38/MODKIT/HG03667-ONT-hg38-R10-LSK114-dorado090_sup_5mCG_5hmCG_v500/HG03667-ONT-hg38-R10-LSK114-dorado090_sup_5mCG_5hmCG_v500_hp2.bed.gz
HG03668	https://1000g-ont.s3.amazonaws.com/PROCESSED_DATA/ALIGNED_TO_HG38/MODKIT/HG03668-ONT-hg38-R9-LSK110-guppy-sup-5mC/HG03668-ONT-hg38-R9-LSK110-guppy-sup-5mC_hp1.bed.gz	https://1000g-ont.s3.amazonaws.com/PROCESSED_DATA/ALIGNED_TO_HG38/MODKIT/HG03668-ONT-hg38-R9-LSK110-guppy-sup-5mC/HG03668-ONT-hg38-R9-LSK110-guppy-sup-5mC_hp2.bed.gz
HG03680	https://1000g-ont.s3.amazonaws.com/PROCESSED_DATA/ALIGNED_TO_HG38/MODKIT/HG03680-ONT-hg38-R10-LSK114-dorado090_sup_5mCG_5hmCG_v500/HG03680-ONT-hg38-R10-LSK114-dorado090_sup_5mCG_5hmCG_v500_hp1.bed.gz	https://1000g-ont.s3.amazonaws.com/PROCESSED_DATA/ALIGNED_TO_HG38/MODKIT/HG03680-ONT-hg38-R10-LSK114-dorado090_sup_5mCG_5hmCG_v500/HG03680-ONT-hg38-R10-LSK114-dorado090_sup_5mCG_5hmCG_v500_hp2.bed.gz
HG03685	https://1000g-ont.s3.amazonaws.com/PROCESSED_DATA/ALIGNED_TO_HG38/MODKIT/HG03685-ONT-hg38-R10-LSK114-dorado090_sup_5mCG_5hmCG_v500/HG03685-ONT-hg38-R10-LSK114-dorado090_sup_5mCG_5hmCG_v500_hp1.bed.gz	https://1000g-ont.s3.amazonaws.com/PROCESSED_DATA/ALIGNED_TO_HG38/MODKIT/HG03685-ONT-hg38-R10-LSK114-dorado090_sup_5mCG_5hmCG_v500/HG03685-ONT-hg38-R10-LSK114-dorado090_sup_5mCG_5hmCG_v500_hp2.bed.gz
HG03692	https://1000g-ont.s3.amazonaws.com/PROCESSED_DATA/ALIGNED_TO_HG38/MODKIT/HG03692-ONT-hg38-R9-LSK110-dorado034_sup_5mCG_5hmCG_v33/HG03692-ONT-hg38-R9-LSK110-dorado034_sup_5mCG_5hmCG_v33_hp1.bed.gz	https://1000g-ont.s3.amazonaws.com/PROCESSED_DATA/ALIGNED_TO_HG38/MODKIT/HG03692-ONT-hg38-R9-LSK110-dorado034_sup_5mCG_5hmCG_v33/HG03692-ONT-hg38-R9-LSK110-dorado034_sup_5mCG_5hmCG_v33_hp2.bed.gz
HG03693	https://1000g-ont.s3.amazonaws.com/PROCESSED_DATA/ALIGNED_TO_HG38/MODKIT/HG03693-ONT-hg38-R10-LSK114-dorado090_sup_5mCG_5hmCG_v500/HG03693-ONT-hg38-R10-LSK114-dorado090_sup_5mCG_5hmCG_v500_hp1.bed.gz	https://1000g-ont.s3.amazonaws.com/PROCESSED_DATA/ALIGNED_TO_HG38/MODKIT/HG03693-ONT-hg38-R10-LSK114-dorado090_sup_5mCG_5hmCG_v500/HG03693-ONT-hg38-R10-LSK114-dorado090_sup_5mCG_5hmCG_v500_hp2.bed.gz
HG03694	https://1000g-ont.s3.amazonaws.com/PROCESSED_DATA/ALIGNED_TO_HG38/MODKIT/HG03694-ONT-hg38-R10-LSK114-dorado082_sup_5mCG_5hmCG/HG03694-ONT-hg38-R10-LSK114-dorado082_sup_5mCG_5hmCG_hp1.bed.gz	https://1000g-ont.s3.amazonaws.com/PROCESSED_DATA/ALIGNED_TO_HG38/MODKIT/HG03694-ONT-hg38-R10-LSK114-dorado082_sup_5mCG_5hmCG/HG03694-ONT-hg38-R10-LSK114-dorado082_sup_5mCG_5hmCG_hp2.bed.gz
HG03698	https://1000g-ont.s3.amazonaws.com/PROCESSED_DATA/ALIGNED_TO_HG38/MODKIT/HG03698-ONT-hg38-R10-LSK114-dorado096_sup_5mCG_5hmCG_v500/HG03698-ONT-hg38-R10-LSK114-dorado096_sup_5mCG_5hmCG_v500_hp1.bed.gz	https://1000g-ont.s3.amazonaws.com/PROCESSED_DATA/ALIGNED_TO_HG38/MODKIT/HG03698-ONT-hg38-R10-LSK114-dorado096_sup_5mCG_5hmCG_v500/HG03698-ONT-hg38-R10-LSK114-dorado096_sup_5mCG_5hmCG_v500_hp2.bed.gz
HG03717	https://1000g-ont.s3.amazonaws.com/PROCESSED_DATA/ALIGNED_TO_HG38/MODKIT/HG03717-ONT-hg38-R9-LSK110-guppy-sup-5mC/HG03717-ONT-hg38-R9-LSK110-guppy-sup-5mC_hp1.bed.gz	https://1000g-ont.s3.amazonaws.com/PROCESSED_DATA/ALIGNED_TO_HG38/MODKIT/HG03717-ONT-hg38-R9-LSK110-guppy-sup-5mC/HG03717-ONT-hg38-R9-LSK110-guppy-sup-5mC_hp2.bed.gz
HG03720	https://1000g-ont.s3.amazonaws.com/PROCESSED_DATA/ALIGNED_TO_HG38/MODKIT/HG03720-ONT-hg38-R10-LSK114-dorado090_sup_5mCG_5hmCG_v500/HG03720-ONT-hg38-R10-LSK114-dorado090_sup_5mCG_5hmCG_v500_hp1.bed.gz	https://1000g-ont.s3.amazonaws.com/PROCESSED_DATA/ALIGNED_TO_HG38/MODKIT/HG03720-ONT-hg38-R10-LSK114-dorado090_sup_5mCG_5hmCG_v500/HG03720-ONT-hg38-R10-LSK114-dorado090_sup_5mCG_5hmCG_v500_hp2.bed.gz
HG03731	https://1000g-ont.s3.amazonaws.com/PROCESSED_DATA/ALIGNED_TO_HG38/MODKIT/HG03731-ONT-hg38-R9-LSK110-guppy-sup-5mC/HG03731-ONT-hg38-R9-LSK110-guppy-sup-5mC_hp1.bed.gz	https://1000g-ont.s3.amazonaws.com/PROCESSED_DATA/ALIGNED_TO_HG38/MODKIT/HG03731-ONT-hg38-R9-LSK110-guppy-sup-5mC/HG03731-ONT-hg38-R9-LSK110-guppy-sup-5mC_hp2.bed.gz
HG03733	https://1000g-ont.s3.amazonaws.com/PROCESSED_DATA/ALIGNED_TO_HG38/MODKIT/HG03733-ONT-hg38-R10-LSK114-dorado082_sup_5mCG_5hmCG_v500/HG03733-ONT-hg38-R10-LSK114-dorado082_sup_5mCG_5hmCG_v500_hp1.bed.gz	https://1000g-ont.s3.amazonaws.com/PROCESSED_DATA/ALIGNED_TO_HG38/MODKIT/HG03733-ONT-hg38-R10-LSK114-dorado082_sup_5mCG_5hmCG_v500/HG03733-ONT-hg38-R10-LSK114-dorado082_sup_5mCG_5hmCG_v500_hp2.bed.gz
HG03736	https://1000g-ont.s3.amazonaws.com/PROCESSED_DATA/ALIGNED_TO_HG38/MODKIT/HG03736-ONT-hg38-R9-LSK110-dorado034_sup_5mCG_5hmCG_v33/HG03736-ONT-hg38-R9-LSK110-dorado034_sup_5mCG_5hmCG_v33_hp1.bed.gz	https://1000g-ont.s3.amazonaws.com/PROCESSED_DATA/ALIGNED_TO_HG38/MODKIT/HG03736-ONT-hg38-R9-LSK110-dorado034_sup_5mCG_5hmCG_v33/HG03736-ONT-hg38-R9-LSK110-dorado034_sup_5mCG_5hmCG_v33_hp2.bed.gz
HG03743	https://1000g-ont.s3.amazonaws.com/PROCESSED_DATA/ALIGNED_TO_HG38/MODKIT/HG03743-ONT-hg38-R10-LSK114-dorado081_sup_5mCG_5hmCG/HG03743-ONT-hg38-R10-LSK114-dorado081_sup_5mCG_5hmCG_hp1.bed.gz	https://1000g-ont.s3.amazonaws.com/PROCESSED_DATA/ALIGNED_TO_HG38/MODKIT/HG03743-ONT-hg38-R10-LSK114-dorado081_sup_5mCG_5hmCG/HG03743-ONT-hg38-R10-LSK114-dorado081_sup_5mCG_5hmCG_hp2.bed.gz
HG03744	https://1000g-ont.s3.amazonaws.com/PROCESSED_DATA/ALIGNED_TO_HG38/MODKIT/HG03744-ONT-hg38-R9-LSK110-guppy-sup-5mC/HG03744-ONT-hg38-R9-LSK110-guppy-sup-5mC_hp1.bed.gz	https://1000g-ont.s3.amazonaws.com/PROCESSED_DATA/ALIGNED_TO_HG38/MODKIT/HG03744-ONT-hg38-R9-LSK110-guppy-sup-5mC/HG03744-ONT-hg38-R9-LSK110-guppy-sup-5mC_hp2.bed.gz
HG03745	https://1000g-ont.s3.amazonaws.com/PROCESSED_DATA/ALIGNED_TO_HG38/MODKIT/HG03745-ONT-hg38-R10-LSK114-dorado082_sup_5mCG_5hmCG/HG03745-ONT-hg38-R10-LSK114-dorado082_sup_5mCG_5hmCG_hp1.bed.gz	https://1000g-ont.s3.amazonaws.com/PROCESSED_DATA/ALIGNED_TO_HG38/MODKIT/HG03745-ONT-hg38-R10-LSK114-dorado082_sup_5mCG_5hmCG/HG03745-ONT-hg38-R10-LSK114-dorado082_sup_5mCG_5hmCG_hp2.bed.gz
HG03752	https://1000g-ont.s3.amazonaws.com/PROCESSED_DATA/ALIGNED_TO_HG38/MODKIT/HG03752-ONT-hg38-R10-LSK114-dorado082_sup_5mCG_5hmCG/HG03752-ONT-hg38-R10-LSK114-dorado082_sup_5mCG_5hmCG_hp1.bed.gz	https://1000g-ont.s3.amazonaws.com/PROCESSED_DATA/ALIGNED_TO_HG38/MODKIT/HG03752-ONT-hg38-R10-LSK114-dorado082_sup_5mCG_5hmCG/HG03752-ONT-hg38-R10-LSK114-dorado082_sup_5mCG_5hmCG_hp2.bed.gz
HG03755	https://1000g-ont.s3.amazonaws.com/PROCESSED_DATA/ALIGNED_TO_HG38/MODKIT/HG03755-ONT-hg38-R10-LSK114-dorado082_sup_5mCG_5hmCG/HG03755-ONT-hg38-R10-LSK114-dorado082_sup_5mCG_5hmCG_hp1.bed.gz	https://1000g-ont.s3.amazonaws.com/PROCESSED_DATA/ALIGNED_TO_HG38/MODKIT/HG03755-ONT-hg38-R10-LSK114-dorado082_sup_5mCG_5hmCG/HG03755-ONT-hg38-R10-LSK114-dorado082_sup_5mCG_5hmCG_hp2.bed.gz
HG03757	https://1000g-ont.s3.amazonaws.com/PROCESSED_DATA/ALIGNED_TO_HG38/MODKIT/HG03757-ONT-hg38-R10-LSK114-dorado090_sup_5mCG_5hmCG_v500/HG03757-ONT-hg38-R10-LSK114-dorado090_sup_5mCG_5hmCG_v500_hp1.bed.gz	https://1000g-ont.s3.amazonaws.com/PROCESSED_DATA/ALIGNED_TO_HG38/MODKIT/HG03757-ONT-hg38-R10-LSK114-dorado090_sup_5mCG_5hmCG_v500/HG03757-ONT-hg38-R10-LSK114-dorado090_sup_5mCG_5hmCG_v500_hp2.bed.gz
HG03770	https://1000g-ont.s3.amazonaws.com/PROCESSED_DATA/ALIGNED_TO_HG38/MODKIT/HG03770-ONT-hg38-R9-LSK110-guppy-sup-5mC/HG03770-ONT-hg38-R9-LSK110-guppy-sup-5mC_hp1.bed.gz	https://1000g-ont.s3.amazonaws.com/PROCESSED_DATA/ALIGNED_TO_HG38/MODKIT/HG03770-ONT-hg38-R9-LSK110-guppy-sup-5mC/HG03770-ONT-hg38-R9-LSK110-guppy-sup-5mC_hp2.bed.gz
HG03772	https://1000g-ont.s3.amazonaws.com/PROCESSED_DATA/ALIGNED_TO_HG38/MODKIT/HG03772-ONT-hg38-R10-LSK114-dorado082_sup_5mCG_5hmCG/HG03772-ONT-hg38-R10-LSK114-dorado082_sup_5mCG_5hmCG_hp1.bed.gz	https://1000g-ont.s3.amazonaws.com/PROCESSED_DATA/ALIGNED_TO_HG38/MODKIT/HG03772-ONT-hg38-R10-LSK114-dorado082_sup_5mCG_5hmCG/HG03772-ONT-hg38-R10-LSK114-dorado082_sup_5mCG_5hmCG_hp2.bed.gz
HG03774	https://1000g-ont.s3.amazonaws.com/PROCESSED_DATA/ALIGNED_TO_HG38/MODKIT/HG03774-ONT-hg38-R9-LSK110-guppy-sup-5mC/HG03774-ONT-hg38-R9-LSK110-guppy-sup-5mC_hp1.bed.gz	https://1000g-ont.s3.amazonaws.com/PROCESSED_DATA/ALIGNED_TO_HG38/MODKIT/HG03774-ONT-hg38-R9-LSK110-guppy-sup-5mC/HG03774-ONT-hg38-R9-LSK110-guppy-sup-5mC_hp2.bed.gz
HG03779	https://1000g-ont.s3.amazonaws.com/PROCESSED_DATA/ALIGNED_TO_HG38/MODKIT/HG03779-ONT-hg38-R10-LSK114-dorado082_sup_5mCG_5hmCG_v500/HG03779-ONT-hg38-R10-LSK114-dorado082_sup_5mCG_5hmCG_v500_hp1.bed.gz	https://1000g-ont.s3.amazonaws.com/PROCESSED_DATA/ALIGNED_TO_HG38/MODKIT/HG03779-ONT-hg38-R10-LSK114-dorado082_sup_5mCG_5hmCG_v500/HG03779-ONT-hg38-R10-LSK114-dorado082_sup_5mCG_5hmCG_v500_hp2.bed.gz
HG03787	https://1000g-ont.s3.amazonaws.com/PROCESSED_DATA/ALIGNED_TO_HG38/MODKIT/HG03787-ONT-hg38-R10-LSK114-dorado081_sup_5mCG_5hmCG/HG03787-ONT-hg38-R10-LSK114-dorado081_sup_5mCG_5hmCG_hp1.bed.gz	https://1000g-ont.s3.amazonaws.com/PROCESSED_DATA/ALIGNED_TO_HG38/MODKIT/HG03787-ONT-hg38-R10-LSK114-dorado081_sup_5mCG_5hmCG/HG03787-ONT-hg38-R10-LSK114-dorado081_sup_5mCG_5hmCG_hp2.bed.gz
HG03788	https://1000g-ont.s3.amazonaws.com/PROCESSED_DATA/ALIGNED_TO_HG38/MODKIT/HG03788-ONT-hg38-R10-LSK114-dorado081_sup_5mCG_5hmCG_v500/HG03788-ONT-hg38-R10-LSK114-dorado081_sup_5mCG_5hmCG_v500_hp1.bed.gz	https://1000g-ont.s3.amazonaws.com/PROCESSED_DATA/ALIGNED_TO_HG38/MODKIT/HG03788-ONT-hg38-R10-LSK114-dorado081_sup_5mCG_5hmCG_v500/HG03788-ONT-hg38-R10-LSK114-dorado081_sup_5mCG_5hmCG_v500_hp2.bed.gz
HG03808	https://1000g-ont.s3.amazonaws.com/PROCESSED_DATA/ALIGNED_TO_HG38/MODKIT/HG03808-ONT-hg38-R10-LSK114-dorado090_sup_5mCG_5hmCG_v500/HG03808-ONT-hg38-R10-LSK114-dorado090_sup_5mCG_5hmCG_v500_hp1.bed.gz	https://1000g-ont.s3.amazonaws.com/PROCESSED_DATA/ALIGNED_TO_HG38/MODKIT/HG03808-ONT-hg38-R10-LSK114-dorado090_sup_5mCG_5hmCG_v500/HG03808-ONT-hg38-R10-LSK114-dorado090_sup_5mCG_5hmCG_v500_hp2.bed.gz
HG03814	https://1000g-ont.s3.amazonaws.com/PROCESSED_DATA/ALIGNED_TO_HG38/MODKIT/HG03814-ONT-hg38-R9-LSK110-guppy-sup-5mC/HG03814-ONT-hg38-R9-LSK110-guppy-sup-5mC_hp1.bed.gz	https://1000g-ont.s3.amazonaws.com/PROCESSED_DATA/ALIGNED_TO_HG38/MODKIT/HG03814-ONT-hg38-R9-LSK110-guppy-sup-5mC/HG03814-ONT-hg38-R9-LSK110-guppy-sup-5mC_hp2.bed.gz
HG03815	https://1000g-ont.s3.amazonaws.com/PROCESSED_DATA/ALIGNED_TO_HG38/MODKIT/HG03815-ONT-hg38-R10-LSK114-dorado081_sup_5mCG_5hmCG_v500/HG03815-ONT-hg38-R10-LSK114-dorado081_sup_5mCG_5hmCG_v500_hp1.bed.gz	https://1000g-ont.s3.amazonaws.com/PROCESSED_DATA/ALIGNED_TO_HG38/MODKIT/HG03815-ONT-hg38-R10-LSK114-dorado081_sup_5mCG_5hmCG_v500/HG03815-ONT-hg38-R10-LSK114-dorado081_sup_5mCG_5hmCG_v500_hp2.bed.gz
HG03826	https://1000g-ont.s3.amazonaws.com/PROCESSED_DATA/ALIGNED_TO_HG38/MODKIT/HG03826-ONT-hg38-R9-LSK110-dorado034_sup_5mCG_5hmCG_v33/HG03826-ONT-hg38-R9-LSK110-dorado034_sup_5mCG_5hmCG_v33_hp1.bed.gz	https://1000g-ont.s3.amazonaws.com/PROCESSED_DATA/ALIGNED_TO_HG38/MODKIT/HG03826-ONT-hg38-R9-LSK110-dorado034_sup_5mCG_5hmCG_v33/HG03826-ONT-hg38-R9-LSK110-dorado034_sup_5mCG_5hmCG_v33_hp2.bed.gz
HG03849	https://1000g-ont.s3.amazonaws.com/PROCESSED_DATA/ALIGNED_TO_HG38/MODKIT/HG03849-ONT-hg38-R10-LSK114-dorado081_sup_5mCG_5hmCG_v500/HG03849-ONT-hg38-R10-LSK114-dorado081_sup_5mCG_5hmCG_v500_hp1.bed.gz	https://1000g-ont.s3.amazonaws.com/PROCESSED_DATA/ALIGNED_TO_HG38/MODKIT/HG03849-ONT-hg38-R10-LSK114-dorado081_sup_5mCG_5hmCG_v500/HG03849-ONT-hg38-R10-LSK114-dorado081_sup_5mCG_5hmCG_v500_hp2.bed.gz
HG03851	https://1000g-ont.s3.amazonaws.com/PROCESSED_DATA/ALIGNED_TO_HG38/MODKIT/HG03851-ONT-hg38-R10-LSK114-dorado090_sup_5mCG_5hmCG_v500/HG03851-ONT-hg38-R10-LSK114-dorado090_sup_5mCG_5hmCG_v500_hp1.bed.gz	https://1000g-ont.s3.amazonaws.com/PROCESSED_DATA/ALIGNED_TO_HG38/MODKIT/HG03851-ONT-hg38-R10-LSK114-dorado090_sup_5mCG_5hmCG_v500/HG03851-ONT-hg38-R10-LSK114-dorado090_sup_5mCG_5hmCG_v500_hp2.bed.gz
HG03857	https://1000g-ont.s3.amazonaws.com/PROCESSED_DATA/ALIGNED_TO_HG38/MODKIT/HG03857-ONT-hg38-R9-LSK110-dorado034_sup_5mCG_5hmCG_v33/HG03857-ONT-hg38-R9-LSK110-dorado034_sup_5mCG_5hmCG_v33_hp1.bed.gz	https://1000g-ont.s3.amazonaws.com/PROCESSED_DATA/ALIGNED_TO_HG38/MODKIT/HG03857-ONT-hg38-R9-LSK110-dorado034_sup_5mCG_5hmCG_v33/HG03857-ONT-hg38-R9-LSK110-dorado034_sup_5mCG_5hmCG_v33_hp2.bed.gz
HG03858	https://1000g-ont.s3.amazonaws.com/PROCESSED_DATA/ALIGNED_TO_HG38/MODKIT/HG03858-ONT-hg38-R9-LSK110-guppy657_sup_with5mC_5hmC/HG03858-ONT-hg38-R9-LSK110-guppy657_sup_with5mC_5hmC_hp1.bed.gz	https://1000g-ont.s3.amazonaws.com/PROCESSED_DATA/ALIGNED_TO_HG38/MODKIT/HG03858-ONT-hg38-R9-LSK110-guppy657_sup_with5mC_5hmC/HG03858-ONT-hg38-R9-LSK110-guppy657_sup_with5mC_5hmC_hp2.bed.gz
HG03861	https://1000g-ont.s3.amazonaws.com/PROCESSED_DATA/ALIGNED_TO_HG38/MODKIT/HG03861-ONT-hg38-R9-LSK110-guppy-sup-5hmc_5mc_cg/HG03861-ONT-hg38-R9-LSK110-guppy-sup-5hmc_5mc_cg_hp1.bed.gz	https://1000g-ont.s3.amazonaws.com/PROCESSED_DATA/ALIGNED_TO_HG38/MODKIT/HG03861-ONT-hg38-R9-LSK110-guppy-sup-5hmc_5mc_cg/HG03861-ONT-hg38-R9-LSK110-guppy-sup-5hmc_5mc_cg_hp2.bed.gz
HG03864	https://1000g-ont.s3.amazonaws.com/PROCESSED_DATA/ALIGNED_TO_HG38/MODKIT/HG03864-ONT-hg38-R9-LSK110-guppy-sup-5mC/HG03864-ONT-hg38-R9-LSK110-guppy-sup-5mC_hp1.bed.gz	https://1000g-ont.s3.amazonaws.com/PROCESSED_DATA/ALIGNED_TO_HG38/MODKIT/HG03864-ONT-hg38-R9-LSK110-guppy-sup-5mC/HG03864-ONT-hg38-R9-LSK110-guppy-sup-5mC_hp2.bed.gz
HG03866	https://1000g-ont.s3.amazonaws.com/PROCESSED_DATA/ALIGNED_TO_HG38/MODKIT/HG03866-ONT-hg38-R10-LSK114-dorado090_sup_5mCG_5hmCG_v500/HG03866-ONT-hg38-R10-LSK114-dorado090_sup_5mCG_5hmCG_v500_hp1.bed.gz	https://1000g-ont.s3.amazonaws.com/PROCESSED_DATA/ALIGNED_TO_HG38/MODKIT/HG03866-ONT-hg38-R10-LSK114-dorado090_sup_5mCG_5hmCG_v500/HG03866-ONT-hg38-R10-LSK114-dorado090_sup_5mCG_5hmCG_v500_hp2.bed.gz
HG03868	https://1000g-ont.s3.amazonaws.com/PROCESSED_DATA/ALIGNED_TO_HG38/MODKIT/HG03868-ONT-hg38-R9-LSK110-guppy-sup-5mC/HG03868-ONT-hg38-R9-LSK110-guppy-sup-5mC_hp1.bed.gz	https://1000g-ont.s3.amazonaws.com/PROCESSED_DATA/ALIGNED_TO_HG38/MODKIT/HG03868-ONT-hg38-R9-LSK110-guppy-sup-5mC/HG03868-ONT-hg38-R9-LSK110-guppy-sup-5mC_hp2.bed.gz
HG03875	https://1000g-ont.s3.amazonaws.com/PROCESSED_DATA/ALIGNED_TO_HG38/MODKIT/HG03875-ONT-hg38-R10-LSK114-dorado082_sup_5mCG_5hmCG_v500/HG03875-ONT-hg38-R10-LSK114-dorado082_sup_5mCG_5hmCG_v500_hp1.bed.gz	https://1000g-ont.s3.amazonaws.com/PROCESSED_DATA/ALIGNED_TO_HG38/MODKIT/HG03875-ONT-hg38-R10-LSK114-dorado082_sup_5mCG_5hmCG_v500/HG03875-ONT-hg38-R10-LSK114-dorado082_sup_5mCG_5hmCG_v500_hp2.bed.gz
HG03884	https://1000g-ont.s3.amazonaws.com/PROCESSED_DATA/ALIGNED_TO_HG38/MODKIT/HG03884-ONT-hg38-R10-LSK114-dorado081_sup_5mCG_5hmCG_v500/HG03884-ONT-hg38-R10-LSK114-dorado081_sup_5mCG_5hmCG_v500_hp1.bed.gz	https://1000g-ont.s3.amazonaws.com/PROCESSED_DATA/ALIGNED_TO_HG38/MODKIT/HG03884-ONT-hg38-R10-LSK114-dorado081_sup_5mCG_5hmCG_v500/HG03884-ONT-hg38-R10-LSK114-dorado081_sup_5mCG_5hmCG_v500_hp2.bed.gz
HG03887	https://1000g-ont.s3.amazonaws.com/PROCESSED_DATA/ALIGNED_TO_HG38/MODKIT/HG03887-ONT-hg38-R10-LSK114-dorado081_sup_5mCG_5hmCG_v500/HG03887-ONT-hg38-R10-LSK114-dorado081_sup_5mCG_5hmCG_v500_hp1.bed.gz	https://1000g-ont.s3.amazonaws.com/PROCESSED_DATA/ALIGNED_TO_HG38/MODKIT/HG03887-ONT-hg38-R10-LSK114-dorado081_sup_5mCG_5hmCG_v500/HG03887-ONT-hg38-R10-LSK114-dorado081_sup_5mCG_5hmCG_v500_hp2.bed.gz
HG03897	https://1000g-ont.s3.amazonaws.com/PROCESSED_DATA/ALIGNED_TO_HG38/MODKIT/HG03897-ONT-hg38-R9-LSK110-dorado050_sup_5mCG_v33/HG03897-ONT-hg38-R9-LSK110-dorado050_sup_5mCG_v33_hp1.bed.gz	https://1000g-ont.s3.amazonaws.com/PROCESSED_DATA/ALIGNED_TO_HG38/MODKIT/HG03897-ONT-hg38-R9-LSK110-dorado050_sup_5mCG_v33/HG03897-ONT-hg38-R9-LSK110-dorado050_sup_5mCG_v33_hp2.bed.gz
HG03898	https://1000g-ont.s3.amazonaws.com/PROCESSED_DATA/ALIGNED_TO_HG38/MODKIT/HG03898-ONT-hg38-R9-LSK110-guppy-sup-5hmc_5mc_cg/HG03898-ONT-hg38-R9-LSK110-guppy-sup-5hmc_5mc_cg_hp1.bed.gz	https://1000g-ont.s3.amazonaws.com/PROCESSED_DATA/ALIGNED_TO_HG38/MODKIT/HG03898-ONT-hg38-R9-LSK110-guppy-sup-5hmc_5mc_cg/HG03898-ONT-hg38-R9-LSK110-guppy-sup-5hmc_5mc_cg_hp2.bed.gz
HG03902	https://1000g-ont.s3.amazonaws.com/PROCESSED_DATA/ALIGNED_TO_HG38/MODKIT/HG03902-ONT-hg38-R10-LSK114-dorado081_sup_5mCG_5hmCG_v500/HG03902-ONT-hg38-R10-LSK114-dorado081_sup_5mCG_5hmCG_v500_hp1.bed.gz	https://1000g-ont.s3.amazonaws.com/PROCESSED_DATA/ALIGNED_TO_HG38/MODKIT/HG03902-ONT-hg38-R10-LSK114-dorado081_sup_5mCG_5hmCG_v500/HG03902-ONT-hg38-R10-LSK114-dorado081_sup_5mCG_5hmCG_v500_hp2.bed.gz
HG03910	https://1000g-ont.s3.amazonaws.com/PROCESSED_DATA/ALIGNED_TO_HG38/MODKIT/HG03910-ONT-hg38-R9-LSK110-guppy637_sup_5mC_5hmC/HG03910-ONT-hg38-R9-LSK110-guppy637_sup_5mC_5hmC_hp1.bed.gz	https://1000g-ont.s3.amazonaws.com/PROCESSED_DATA/ALIGNED_TO_HG38/MODKIT/HG03910-ONT-hg38-R9-LSK110-guppy637_sup_5mC_5hmC/HG03910-ONT-hg38-R9-LSK110-guppy637_sup_5mC_5hmC_hp2.bed.gz
HG03911	https://1000g-ont.s3.amazonaws.com/PROCESSED_DATA/ALIGNED_TO_HG38/MODKIT/HG03911-ONT-hg38-R10-LSK114-dorado081_sup_5mCG_5hmCG_v500/HG03911-ONT-hg38-R10-LSK114-dorado081_sup_5mCG_5hmCG_v500_hp1.bed.gz	https://1000g-ont.s3.amazonaws.com/PROCESSED_DATA/ALIGNED_TO_HG38/MODKIT/HG03911-ONT-hg38-R10-LSK114-dorado081_sup_5mCG_5hmCG_v500/HG03911-ONT-hg38-R10-LSK114-dorado081_sup_5mCG_5hmCG_v500_hp2.bed.gz
HG03919	https://1000g-ont.s3.amazonaws.com/PROCESSED_DATA/ALIGNED_TO_HG38/MODKIT/HG03919-ONT-hg38-R9-LSK110-guppy-sup-5mC/HG03919-ONT-hg38-R9-LSK110-guppy-sup-5mC_hp1.bed.gz	https://1000g-ont.s3.amazonaws.com/PROCESSED_DATA/ALIGNED_TO_HG38/MODKIT/HG03919-ONT-hg38-R9-LSK110-guppy-sup-5mC/HG03919-ONT-hg38-R9-LSK110-guppy-sup-5mC_hp2.bed.gz
HG03920	https://1000g-ont.s3.amazonaws.com/PROCESSED_DATA/ALIGNED_TO_HG38/MODKIT/HG03920-ONT-hg38-R10-LSK114-dorado081_sup_5mCG_5hmCG_v500/HG03920-ONT-hg38-R10-LSK114-dorado081_sup_5mCG_5hmCG_v500_hp1.bed.gz	https://1000g-ont.s3.amazonaws.com/PROCESSED_DATA/ALIGNED_TO_HG38/MODKIT/HG03920-ONT-hg38-R10-LSK114-dorado081_sup_5mCG_5hmCG_v500/HG03920-ONT-hg38-R10-LSK114-dorado081_sup_5mCG_5hmCG_v500_hp2.bed.gz
HG03934	https://1000g-ont.s3.amazonaws.com/PROCESSED_DATA/ALIGNED_TO_HG38/MODKIT/HG03934-ONT-hg38-R9-LSK110-dorado050_sup_5mCG_v33/HG03934-ONT-hg38-R9-LSK110-dorado050_sup_5mCG_v33_hp1.bed.gz	https://1000g-ont.s3.amazonaws.com/PROCESSED_DATA/ALIGNED_TO_HG38/MODKIT/HG03934-ONT-hg38-R9-LSK110-dorado050_sup_5mCG_v33/HG03934-ONT-hg38-R9-LSK110-dorado050_sup_5mCG_v33_hp2.bed.gz
HG03945	https://1000g-ont.s3.amazonaws.com/PROCESSED_DATA/ALIGNED_TO_HG38/MODKIT/HG03945-ONT-hg38-R10-LSK114-dorado090_sup_5mCG_5hmCG_v500/HG03945-ONT-hg38-R10-LSK114-dorado090_sup_5mCG_5hmCG_v500_hp1.bed.gz	https://1000g-ont.s3.amazonaws.com/PROCESSED_DATA/ALIGNED_TO_HG38/MODKIT/HG03945-ONT-hg38-R10-LSK114-dorado090_sup_5mCG_5hmCG_v500/HG03945-ONT-hg38-R10-LSK114-dorado090_sup_5mCG_5hmCG_v500_hp2.bed.gz
HG03953	https://1000g-ont.s3.amazonaws.com/PROCESSED_DATA/ALIGNED_TO_HG38/MODKIT/HG03953-ONT-hg38-R10-LSK114-dorado090_sup_5mCG_5hmCG_v500/HG03953-ONT-hg38-R10-LSK114-dorado090_sup_5mCG_5hmCG_v500_hp1.bed.gz	https://1000g-ont.s3.amazonaws.com/PROCESSED_DATA/ALIGNED_TO_HG38/MODKIT/HG03953-ONT-hg38-R10-LSK114-dorado090_sup_5mCG_5hmCG_v500/HG03953-ONT-hg38-R10-LSK114-dorado090_sup_5mCG_5hmCG_v500_hp2.bed.gz
HG03960	https://1000g-ont.s3.amazonaws.com/PROCESSED_DATA/ALIGNED_TO_HG38/MODKIT/HG03960-ONT-hg38-R10-LSK114-dorado090_sup_5mCG_5hmCG_v500/HG03960-ONT-hg38-R10-LSK114-dorado090_sup_5mCG_5hmCG_v500_hp1.bed.gz	https://1000g-ont.s3.amazonaws.com/PROCESSED_DATA/ALIGNED_TO_HG38/MODKIT/HG03960-ONT-hg38-R10-LSK114-dorado090_sup_5mCG_5hmCG_v500/HG03960-ONT-hg38-R10-LSK114-dorado090_sup_5mCG_5hmCG_v500_hp2.bed.gz
HG03971	https://1000g-ont.s3.amazonaws.com/PROCESSED_DATA/ALIGNED_TO_HG38/MODKIT/HG03971-ONT-hg38-R9-LSK110-guppy-sup-5mC/HG03971-ONT-hg38-R9-LSK110-guppy-sup-5mC_hp1.bed.gz	https://1000g-ont.s3.amazonaws.com/PROCESSED_DATA/ALIGNED_TO_HG38/MODKIT/HG03971-ONT-hg38-R9-LSK110-guppy-sup-5mC/HG03971-ONT-hg38-R9-LSK110-guppy-sup-5mC_hp2.bed.gz
HG03989	https://1000g-ont.s3.amazonaws.com/PROCESSED_DATA/ALIGNED_TO_HG38/MODKIT/HG03989-ONT-hg38-R9-LSK110-dorado050_sup_5mCG_v33/HG03989-ONT-hg38-R9-LSK110-dorado050_sup_5mCG_v33_hp1.bed.gz	https://1000g-ont.s3.amazonaws.com/PROCESSED_DATA/ALIGNED_TO_HG38/MODKIT/HG03989-ONT-hg38-R9-LSK110-dorado050_sup_5mCG_v33/HG03989-ONT-hg38-R9-LSK110-dorado050_sup_5mCG_v33_hp2.bed.gz
HG03991	https://1000g-ont.s3.amazonaws.com/PROCESSED_DATA/ALIGNED_TO_HG38/MODKIT/HG03991-ONT-hg38-R10-LSK114-dorado081_sup_5mCG_5hmCG_v500/HG03991-ONT-hg38-R10-LSK114-dorado081_sup_5mCG_5hmCG_v500_hp1.bed.gz	https://1000g-ont.s3.amazonaws.com/PROCESSED_DATA/ALIGNED_TO_HG38/MODKIT/HG03991-ONT-hg38-R10-LSK114-dorado081_sup_5mCG_5hmCG_v500/HG03991-ONT-hg38-R10-LSK114-dorado081_sup_5mCG_5hmCG_v500_hp2.bed.gz
HG03995	https://1000g-ont.s3.amazonaws.com/PROCESSED_DATA/ALIGNED_TO_HG38/MODKIT/HG03995-ONT-hg38-R9-LSK110-dorado050_sup_5mCG_v33/HG03995-ONT-hg38-R9-LSK110-dorado050_sup_5mCG_v33_hp1.bed.gz	https://1000g-ont.s3.amazonaws.com/PROCESSED_DATA/ALIGNED_TO_HG38/MODKIT/HG03995-ONT-hg38-R9-LSK110-dorado050_sup_5mCG_v33/HG03995-ONT-hg38-R9-LSK110-dorado050_sup_5mCG_v33_hp2.bed.gz
HG03998	https://1000g-ont.s3.amazonaws.com/PROCESSED_DATA/ALIGNED_TO_HG38/MODKIT/HG03998-ONT-hg38-R10-LSK114-dorado082_sup_5mCG_5hmCG_v500/HG03998-ONT-hg38-R10-LSK114-dorado082_sup_5mCG_5hmCG_v500_hp1.bed.gz	https://1000g-ont.s3.amazonaws.com/PROCESSED_DATA/ALIGNED_TO_HG38/MODKIT/HG03998-ONT-hg38-R10-LSK114-dorado082_sup_5mCG_5hmCG_v500/HG03998-ONT-hg38-R10-LSK114-dorado082_sup_5mCG_5hmCG_v500_hp2.bed.gz
HG04001	https://1000g-ont.s3.amazonaws.com/PROCESSED_DATA/ALIGNED_TO_HG38/MODKIT/HG04001-ONT-hg38-R10-LSK114-dorado081_sup_5mCG_5hmCG_v500/HG04001-ONT-hg38-R10-LSK114-dorado081_sup_5mCG_5hmCG_v500_hp1.bed.gz	https://1000g-ont.s3.amazonaws.com/PROCESSED_DATA/ALIGNED_TO_HG38/MODKIT/HG04001-ONT-hg38-R10-LSK114-dorado081_sup_5mCG_5hmCG_v500/HG04001-ONT-hg38-R10-LSK114-dorado081_sup_5mCG_5hmCG_v500_hp2.bed.gz
HG04002	https://1000g-ont.s3.amazonaws.com/PROCESSED_DATA/ALIGNED_TO_HG38/MODKIT/HG04002-ONT-hg38-R10-LSK114-dorado090_sup_5mCG_5hmCG_v500/HG04002-ONT-hg38-R10-LSK114-dorado090_sup_5mCG_5hmCG_v500_hp1.bed.gz	https://1000g-ont.s3.amazonaws.com/PROCESSED_DATA/ALIGNED_TO_HG38/MODKIT/HG04002-ONT-hg38-R10-LSK114-dorado090_sup_5mCG_5hmCG_v500/HG04002-ONT-hg38-R10-LSK114-dorado090_sup_5mCG_5hmCG_v500_hp2.bed.gz
HG04019	https://1000g-ont.s3.amazonaws.com/PROCESSED_DATA/ALIGNED_TO_HG38/MODKIT/HG04019-ONT-hg38-R10-LSK114-dorado081_sup_5mCG_5hmCG_v500/HG04019-ONT-hg38-R10-LSK114-dorado081_sup_5mCG_5hmCG_v500_hp1.bed.gz	https://1000g-ont.s3.amazonaws.com/PROCESSED_DATA/ALIGNED_TO_HG38/MODKIT/HG04019-ONT-hg38-R10-LSK114-dorado081_sup_5mCG_5hmCG_v500/HG04019-ONT-hg38-R10-LSK114-dorado081_sup_5mCG_5hmCG_v500_hp2.bed.gz
HG04026	https://1000g-ont.s3.amazonaws.com/PROCESSED_DATA/ALIGNED_TO_HG38/MODKIT/HG04026-ONT-hg38-R10-LSK114-dorado081_sup_5mCG_5hmCG_v500/HG04026-ONT-hg38-R10-LSK114-dorado081_sup_5mCG_5hmCG_v500_hp1.bed.gz	https://1000g-ont.s3.amazonaws.com/PROCESSED_DATA/ALIGNED_TO_HG38/MODKIT/HG04026-ONT-hg38-R10-LSK114-dorado081_sup_5mCG_5hmCG_v500/HG04026-ONT-hg38-R10-LSK114-dorado081_sup_5mCG_5hmCG_v500_hp2.bed.gz
HG04033	https://1000g-ont.s3.amazonaws.com/PROCESSED_DATA/ALIGNED_TO_HG38/MODKIT/HG04033-ONT-hg38-R10-LSK114-dorado082_sup_5mCG_5hmCG_v500/HG04033-ONT-hg38-R10-LSK114-dorado082_sup_5mCG_5hmCG_v500_hp1.bed.gz	https://1000g-ont.s3.amazonaws.com/PROCESSED_DATA/ALIGNED_TO_HG38/MODKIT/HG04033-ONT-hg38-R10-LSK114-dorado082_sup_5mCG_5hmCG_v500/HG04033-ONT-hg38-R10-LSK114-dorado082_sup_5mCG_5hmCG_v500_hp2.bed.gz
HG04038	https://1000g-ont.s3.amazonaws.com/PROCESSED_DATA/ALIGNED_TO_HG38/MODKIT/HG04038-ONT-hg38-R10-LSK114-dorado090_sup_5mCG_5hmCG_v500/HG04038-ONT-hg38-R10-LSK114-dorado090_sup_5mCG_5hmCG_v500_hp1.bed.gz	https://1000g-ont.s3.amazonaws.com/PROCESSED_DATA/ALIGNED_TO_HG38/MODKIT/HG04038-ONT-hg38-R10-LSK114-dorado090_sup_5mCG_5hmCG_v500/HG04038-ONT-hg38-R10-LSK114-dorado090_sup_5mCG_5hmCG_v500_hp2.bed.gz
HG04047	https://1000g-ont.s3.amazonaws.com/PROCESSED_DATA/ALIGNED_TO_HG38/MODKIT/HG04047-ONT-hg38-R10-LSK114-dorado081_sup_5mCG_5hmCG/HG04047-ONT-hg38-R10-LSK114-dorado081_sup_5mCG_5hmCG_hp1.bed.gz	https://1000g-ont.s3.amazonaws.com/PROCESSED_DATA/ALIGNED_TO_HG38/MODKIT/HG04047-ONT-hg38-R10-LSK114-dorado081_sup_5mCG_5hmCG/HG04047-ONT-hg38-R10-LSK114-dorado081_sup_5mCG_5hmCG_hp2.bed.gz
HG04054	https://1000g-ont.s3.amazonaws.com/PROCESSED_DATA/ALIGNED_TO_HG38/MODKIT/HG04054-ONT-hg38-R9-LSK110-guppy-sup-5hmc_5mc_cg/HG04054-ONT-hg38-R9-LSK110-guppy-sup-5hmc_5mc_cg_hp1.bed.gz	https://1000g-ont.s3.amazonaws.com/PROCESSED_DATA/ALIGNED_TO_HG38/MODKIT/HG04054-ONT-hg38-R9-LSK110-guppy-sup-5hmc_5mc_cg/HG04054-ONT-hg38-R9-LSK110-guppy-sup-5hmc_5mc_cg_hp2.bed.gz
HG04056	https://1000g-ont.s3.amazonaws.com/PROCESSED_DATA/ALIGNED_TO_HG38/MODKIT/HG04056-ONT-hg38-R10-LSK114-dorado082_sup_5mCG_5hmCG_v500/HG04056-ONT-hg38-R10-LSK114-dorado082_sup_5mCG_5hmCG_v500_hp1.bed.gz	https://1000g-ont.s3.amazonaws.com/PROCESSED_DATA/ALIGNED_TO_HG38/MODKIT/HG04056-ONT-hg38-R10-LSK114-dorado082_sup_5mCG_5hmCG_v500/HG04056-ONT-hg38-R10-LSK114-dorado082_sup_5mCG_5hmCG_v500_hp2.bed.gz
HG04061	https://1000g-ont.s3.amazonaws.com/PROCESSED_DATA/ALIGNED_TO_HG38/MODKIT/HG04061-ONT-hg38-R10-LSK114-dorado081_sup_5mCG_5hmCG/HG04061-ONT-hg38-R10-LSK114-dorado081_sup_5mCG_5hmCG_hp1.bed.gz	https://1000g-ont.s3.amazonaws.com/PROCESSED_DATA/ALIGNED_TO_HG38/MODKIT/HG04061-ONT-hg38-R10-LSK114-dorado081_sup_5mCG_5hmCG/HG04061-ONT-hg38-R10-LSK114-dorado081_sup_5mCG_5hmCG_hp2.bed.gz
HG04063	https://1000g-ont.s3.amazonaws.com/PROCESSED_DATA/ALIGNED_TO_HG38/MODKIT/HG04063-ONT-hg38-R9-LSK110-guppy-sup-5mC/HG04063-ONT-hg38-R9-LSK110-guppy-sup-5mC_hp1.bed.gz	https://1000g-ont.s3.amazonaws.com/PROCESSED_DATA/ALIGNED_TO_HG38/MODKIT/HG04063-ONT-hg38-R9-LSK110-guppy-sup-5mC/HG04063-ONT-hg38-R9-LSK110-guppy-sup-5mC_hp2.bed.gz
HG04076	https://1000g-ont.s3.amazonaws.com/PROCESSED_DATA/ALIGNED_TO_HG38/MODKIT/HG04076-ONT-hg38-R10-LSK114-dorado081_sup_5mCG_5hmCG/HG04076-ONT-hg38-R10-LSK114-dorado081_sup_5mCG_5hmCG_hp1.bed.gz	https://1000g-ont.s3.amazonaws.com/PROCESSED_DATA/ALIGNED_TO_HG38/MODKIT/HG04076-ONT-hg38-R10-LSK114-dorado081_sup_5mCG_5hmCG/HG04076-ONT-hg38-R10-LSK114-dorado081_sup_5mCG_5hmCG_hp2.bed.gz
HG04094	https://1000g-ont.s3.amazonaws.com/PROCESSED_DATA/ALIGNED_TO_HG38/MODKIT/HG04094-ONT-hg38-R10-LSK114-dorado082_sup_5mCG_5hmCG_v500/HG04094-ONT-hg38-R10-LSK114-dorado082_sup_5mCG_5hmCG_v500_hp1.bed.gz	https://1000g-ont.s3.amazonaws.com/PROCESSED_DATA/ALIGNED_TO_HG38/MODKIT/HG04094-ONT-hg38-R10-LSK114-dorado082_sup_5mCG_5hmCG_v500/HG04094-ONT-hg38-R10-LSK114-dorado082_sup_5mCG_5hmCG_v500_hp2.bed.gz
HG04107	https://1000g-ont.s3.amazonaws.com/PROCESSED_DATA/ALIGNED_TO_HG38/MODKIT/HG04107-ONT-hg38-R10-LSK114-dorado081_sup_5mCG_5hmCG_v500/HG04107-ONT-hg38-R10-LSK114-dorado081_sup_5mCG_5hmCG_v500_hp1.bed.gz	https://1000g-ont.s3.amazonaws.com/PROCESSED_DATA/ALIGNED_TO_HG38/MODKIT/HG04107-ONT-hg38-R10-LSK114-dorado081_sup_5mCG_5hmCG_v500/HG04107-ONT-hg38-R10-LSK114-dorado081_sup_5mCG_5hmCG_v500_hp2.bed.gz
HG04153	https://1000g-ont.s3.amazonaws.com/PROCESSED_DATA/ALIGNED_TO_HG38/MODKIT/HG04153-ONT-hg38-R9-LSK110-dorado050_sup_5mCG_v33/HG04153-ONT-hg38-R9-LSK110-dorado050_sup_5mCG_v33_hp1.bed.gz	https://1000g-ont.s3.amazonaws.com/PROCESSED_DATA/ALIGNED_TO_HG38/MODKIT/HG04153-ONT-hg38-R9-LSK110-dorado050_sup_5mCG_v33/HG04153-ONT-hg38-R9-LSK110-dorado050_sup_5mCG_v33_hp2.bed.gz
HG04161	https://1000g-ont.s3.amazonaws.com/PROCESSED_DATA/ALIGNED_TO_HG38/MODKIT/HG04161-ONT-hg38-R10-LSK114-dorado090_sup_5mCG_5hmCG_v500/HG04161-ONT-hg38-R10-LSK114-dorado090_sup_5mCG_5hmCG_v500_hp1.bed.gz	https://1000g-ont.s3.amazonaws.com/PROCESSED_DATA/ALIGNED_TO_HG38/MODKIT/HG04161-ONT-hg38-R10-LSK114-dorado090_sup_5mCG_5hmCG_v500/HG04161-ONT-hg38-R10-LSK114-dorado090_sup_5mCG_5hmCG_v500_hp2.bed.gz
HG04164	https://1000g-ont.s3.amazonaws.com/PROCESSED_DATA/ALIGNED_TO_HG38/MODKIT/HG04164-ONT-hg38-R10-LSK114-dorado090_sup_5mCG_5hmCG_v500/HG04164-ONT-hg38-R10-LSK114-dorado090_sup_5mCG_5hmCG_v500_hp1.bed.gz	https://1000g-ont.s3.amazonaws.com/PROCESSED_DATA/ALIGNED_TO_HG38/MODKIT/HG04164-ONT-hg38-R10-LSK114-dorado090_sup_5mCG_5hmCG_v500/HG04164-ONT-hg38-R10-LSK114-dorado090_sup_5mCG_5hmCG_v500_hp2.bed.gz
HG04171	https://1000g-ont.s3.amazonaws.com/PROCESSED_DATA/ALIGNED_TO_HG38/MODKIT/HG04171-ONT-hg38-R9-LSK110-dorado050_sup_with5mC/HG04171-ONT-hg38-R9-LSK110-dorado050_sup_with5mC_hp1.bed.gz	https://1000g-ont.s3.amazonaws.com/PROCESSED_DATA/ALIGNED_TO_HG38/MODKIT/HG04171-ONT-hg38-R9-LSK110-dorado050_sup_with5mC/HG04171-ONT-hg38-R9-LSK110-dorado050_sup_with5mC_hp2.bed.gz
HG04176	https://1000g-ont.s3.amazonaws.com/PROCESSED_DATA/ALIGNED_TO_HG38/MODKIT/HG04176-ONT-hg38-R10-LSK114-dorado082_sup_5mCG_5hmCG_v500/HG04176-ONT-hg38-R10-LSK114-dorado082_sup_5mCG_5hmCG_v500_hp1.bed.gz	https://1000g-ont.s3.amazonaws.com/PROCESSED_DATA/ALIGNED_TO_HG38/MODKIT/HG04176-ONT-hg38-R10-LSK114-dorado082_sup_5mCG_5hmCG_v500/HG04176-ONT-hg38-R10-LSK114-dorado082_sup_5mCG_5hmCG_v500_hp2.bed.gz
HG04189	https://1000g-ont.s3.amazonaws.com/PROCESSED_DATA/ALIGNED_TO_HG38/MODKIT/HG04189-ONT-hg38-R9-LSK110-dorado034_sup_5mCG_5hmCG_v33/HG04189-ONT-hg38-R9-LSK110-dorado034_sup_5mCG_5hmCG_v33_hp1.bed.gz	https://1000g-ont.s3.amazonaws.com/PROCESSED_DATA/ALIGNED_TO_HG38/MODKIT/HG04189-ONT-hg38-R9-LSK110-dorado034_sup_5mCG_5hmCG_v33/HG04189-ONT-hg38-R9-LSK110-dorado034_sup_5mCG_5hmCG_v33_hp2.bed.gz
HG04202	https://1000g-ont.s3.amazonaws.com/PROCESSED_DATA/ALIGNED_TO_HG38/MODKIT/HG04202-ONT-hg38-R10-LSK114-dorado090_sup_5mCG_5hmCG_v500/HG04202-ONT-hg38-R10-LSK114-dorado090_sup_5mCG_5hmCG_v500_hp1.bed.gz	https://1000g-ont.s3.amazonaws.com/PROCESSED_DATA/ALIGNED_TO_HG38/MODKIT/HG04202-ONT-hg38-R10-LSK114-dorado090_sup_5mCG_5hmCG_v500/HG04202-ONT-hg38-R10-LSK114-dorado090_sup_5mCG_5hmCG_v500_hp2.bed.gz
HG04209	https://1000g-ont.s3.amazonaws.com/PROCESSED_DATA/ALIGNED_TO_HG38/MODKIT/HG04209-ONT-hg38-R10-LSK114-dorado090_sup_5mCG_5hmCG_v500/HG04209-ONT-hg38-R10-LSK114-dorado090_sup_5mCG_5hmCG_v500_hp1.bed.gz	https://1000g-ont.s3.amazonaws.com/PROCESSED_DATA/ALIGNED_TO_HG38/MODKIT/HG04209-ONT-hg38-R10-LSK114-dorado090_sup_5mCG_5hmCG_v500/HG04209-ONT-hg38-R10-LSK114-dorado090_sup_5mCG_5hmCG_v500_hp2.bed.gz
HG04211	https://1000g-ont.s3.amazonaws.com/PROCESSED_DATA/ALIGNED_TO_HG38/MODKIT/HG04211-ONT-hg38-R10-LSK114-dorado090_sup_5mCG_5hmCG_v500/HG04211-ONT-hg38-R10-LSK114-dorado090_sup_5mCG_5hmCG_v500_hp1.bed.gz	https://1000g-ont.s3.amazonaws.com/PROCESSED_DATA/ALIGNED_TO_HG38/MODKIT/HG04211-ONT-hg38-R10-LSK114-dorado090_sup_5mCG_5hmCG_v500/HG04211-ONT-hg38-R10-LSK114-dorado090_sup_5mCG_5hmCG_v500_hp2.bed.gz
HG04212	https://1000g-ont.s3.amazonaws.com/PROCESSED_DATA/ALIGNED_TO_HG38/MODKIT/HG04212-ONT-hg38-R10-LSK114-dorado090_sup_5mCG_5hmCG_v500/HG04212-ONT-hg38-R10-LSK114-dorado090_sup_5mCG_5hmCG_v500_hp1.bed.gz	https://1000g-ont.s3.amazonaws.com/PROCESSED_DATA/ALIGNED_TO_HG38/MODKIT/HG04212-ONT-hg38-R10-LSK114-dorado090_sup_5mCG_5hmCG_v500/HG04212-ONT-hg38-R10-LSK114-dorado090_sup_5mCG_5hmCG_v500_hp2.bed.gz
HG04214	https://1000g-ont.s3.amazonaws.com/PROCESSED_DATA/ALIGNED_TO_HG38/MODKIT/HG04214-ONT-hg38-R10-LSK114-dorado090_sup_5mCG_5hmCG_v500/HG04214-ONT-hg38-R10-LSK114-dorado090_sup_5mCG_5hmCG_v500_hp1.bed.gz	https://1000g-ont.s3.amazonaws.com/PROCESSED_DATA/ALIGNED_TO_HG38/MODKIT/HG04214-ONT-hg38-R10-LSK114-dorado090_sup_5mCG_5hmCG_v500/HG04214-ONT-hg38-R10-LSK114-dorado090_sup_5mCG_5hmCG_v500_hp2.bed.gz
HG04216	https://1000g-ont.s3.amazonaws.com/PROCESSED_DATA/ALIGNED_TO_HG38/MODKIT/HG04216-ONT-hg38-R9-LSK110-guppy-sup-5mC/HG04216-ONT-hg38-R9-LSK110-guppy-sup-5mC_hp1.bed.gz	https://1000g-ont.s3.amazonaws.com/PROCESSED_DATA/ALIGNED_TO_HG38/MODKIT/HG04216-ONT-hg38-R9-LSK110-guppy-sup-5mC/HG04216-ONT-hg38-R9-LSK110-guppy-sup-5mC_hp2.bed.gz
HG04235	https://1000g-ont.s3.amazonaws.com/PROCESSED_DATA/ALIGNED_TO_HG38/MODKIT/HG04235-ONT-hg38-R10-LSK114-dorado090_sup_5mCG_5hmCG_v500/HG04235-ONT-hg38-R10-LSK114-dorado090_sup_5mCG_5hmCG_v500_hp1.bed.gz	https://1000g-ont.s3.amazonaws.com/PROCESSED_DATA/ALIGNED_TO_HG38/MODKIT/HG04235-ONT-hg38-R10-LSK114-dorado090_sup_5mCG_5hmCG_v500/HG04235-ONT-hg38-R10-LSK114-dorado090_sup_5mCG_5hmCG_v500_hp2.bed.gz
HG04239	https://1000g-ont.s3.amazonaws.com/PROCESSED_DATA/ALIGNED_TO_HG38/MODKIT/HG04239-ONT-hg38-R10-LSK114-dorado090_sup_5mCG_5hmCG_v500/HG04239-ONT-hg38-R10-LSK114-dorado090_sup_5mCG_5hmCG_v500_hp1.bed.gz	https://1000g-ont.s3.amazonaws.com/PROCESSED_DATA/ALIGNED_TO_HG38/MODKIT/HG04239-ONT-hg38-R10-LSK114-dorado090_sup_5mCG_5hmCG_v500/HG04239-ONT-hg38-R10-LSK114-dorado090_sup_5mCG_5hmCG_v500_hp2.bed.gz
